manifest_id,doc_id,source_domain,event_published_at,event_ts_hour,title,generated_on
1,ZZM_CN_56b4b7147b01,zzmetro.cn,2025-12-19 14:01:00,2025-12-19 14:00:00,融入发展新蓝图 铺就美好出行路 ——访郑州交通发展投资集团有限公司党委书记、董事长徐汉甫 “市委十二届九次全会全面总结了郑州‘十四五’时期的发展成就，擘画了‘十五五’发展蓝图，特别是关于‘交通强市’的战略部署，为郑州公共交通一体化发展指明了方向。”... “市委十二届九次全会全面总结了郑州‘十四五’时期的发展成就，擘画了‘十五五’发展蓝图，特别是关于‘交通强市’的战略部署，为郑州公共交通一体化发展,2025-12-24
2,ZZM_CN_500813d551fd,zzmetro.cn,2025-12-18 17:48:00,2025-12-18 17:00:00,郑州地铁2号线“晶小北”、E芯创新工作室文化品牌喜获殊荣 近日，由中国交通报社主办的“交通强国   品牌力量”第七届交通运输优秀文化品牌推选宣传活动结束，本届活动共有648个品牌报名参与，创历届报名数量新高，涵盖铁路、公路、民航、水运、邮政等交通运输各领域。活动经材料初审、初评、终评、公示等环节，郑州地铁2号线 “晶小北”荣获“优秀文化品牌”，E芯创新工作室荣获“传播力文化品牌”。... 近日，由,2025-12-24
3,ZZM_CN_f9e7ff7e55a8,zzmetro.cn,2025-12-15 17:05:00,2025-12-15 17:00:00,地铁出行改变生活 ——郑州地铁商业焕新体验 主要介绍今年以来公司地铁商业经营情况，让地铁出行改变生活，持续打造地铁都市生活圈，商业网络持续拓展，早餐服务全面升级，多元品牌构建起郑州市民地铁出行的生活新生态，为广大乘客提供更丰富、更优质、更贴心的出行生活消费体验。... 主要介绍今年以来公司地铁商业经营情况，让地铁出行改变生活，持续打造地铁都市生活圈，商业网络持续拓展，早餐服务全面升级，多元品牌构建,2025-12-24
4,ZZM_CN_c0dc1ade6915,zzmetro.cn,2025-10-09 10:12:00,2025-10-09 10:00:00,喜报！会展中心站青年集体荣获2025年河南省青年五四奖 以青春之名筑梦，用实干之姿建功。近日，河南省总工会、共青团河南省委等多部门联合下发《关于表彰2025年河南省群团工作领域先进典型的决定》，郑州地铁会展中心站青年集体荣获2025年河南省青年五四奖。... 以青春之名筑梦，用实干之姿建功。近日，河南省总工会、共青团河南省委等多部门联合下发《关于表彰2025年河南省群团工作领域先进典型的决定》，郑,2025-12-24
5,ZZM_CN_0143de7bfa88,zzmetro.cn,2025-09-05 17:16:00,2025-09-05 17:00:00,从地铁车站到天安门广场：退役士兵春孝勇的预备役风采——郑州地铁站务员以预备役身份参加抗战胜利80周年阅兵纪实 9月3日上午，纪念中国人民抗日战争暨世界反法西斯战争胜利80周年大会在北京天安门广场隆重举行。春孝勇，从空降兵某部退役后成为郑州地铁站务员，这次以军人姿态再次踏上阅兵场。这是他第三次参加阅兵活动，也是第一次以预备役部队方队队员身份接受检阅。... 9月3日上午，纪念中国人民抗日战争暨世界反,2025-12-24
6,ZZM_CN_4ab3aa8cdeb9,zzmetro.cn,2025-06-21 20:30:00,2025-06-21 20:00:00,七一前夕 郑州国资国企举行“行走的思政课”劳模宣讲会 七一前夕，郑州国资国企举行“行走的思政课”劳模宣讲会 。... 七一前夕，郑州国资国企举行“行走的思政课”劳模宣讲会 。,2025-12-24
7,ZZM_CN_f07d895515e4,zzmetro.cn,2025-06-10 16:38:00,2025-06-10 16:00:00,奋笔逐光，青春启航！ 郑州地铁爱心助考、“晶”心为您，与梦想一同出发！ 为期三天的高考圆满落下帷幕，广大考生顺利完成了这场人生的重要答卷。6月7日～9日高考期间，郑州地铁“爱心助考·‘晶’心为您”主题活动温暖相伴，全力守护广大考生逐梦之路。... 为期三天的高考圆满落下帷幕，广大考生顺利完成了这场人生的重要答卷。6月7日～9日高考期间，郑州地铁“爱心助考·‘晶’心为您”主题活动温暖相伴，全力守护广,2025-12-24
8,ZZM_CN_5c820bb30a19,zzmetro.cn,2025-05-27 16:06:00,2025-05-27 16:00:00,双网融合绘就绿色出行新图景—交发集团、公交集团联合推进基层党建“书记项目” 双网融合绘就绿色出行新图景—郑州交发集团党委、公交集团党委联合推进基层党建“书记项目”。... 双网融合绘就绿色出行新图景—郑州交发集团党委、公交集团党委联合推进基层党建“书记项目”。,2025-12-24
9,ZZM_CN_f5d3b55fbca5,zzmetro.cn,2025-03-24 13:44:00,2025-03-24 13:00:00,春风有信 花开有期 乘地铁赴一场春日之约 春风有信 花开有期 乘地铁赴一场春日之约... 春风有信 花开有期 乘地铁赴一场春日之约,2025-12-24
10,ZZM_CN_c8230643b8f5,zzmetro.cn,2025-03-14 13:39:00,2025-03-14 13:00:00,交通安全“救”在身边   “红十字应急救护一体机”捐赠仪式在郑州地铁举行 3月12日上午，中国红十字基金会“滴滴应急救援”项目捐赠仪式于郑州地铁高铁公园站举行。... 3月12日上午，中国红十字基金会“滴滴应急救援”项目捐赠仪式于郑州地铁高铁公园站举行。,2025-12-24
11,ZZM_CN_515a842b946f,zzmetro.cn,2025-01-21 15:18:00,2025-01-21 15:00:00,豫港合作 蝶变“豫盒”地铁商铺全新亮相 1月21日上午9时，地铁2号线关虎屯站、东风路站全新的地铁商铺热闹开业。郑州交通发展投资集团有限公司（以下简称郑州交发集团）引入香港铁路有限公司（以下简称港铁公司）运营地铁车站商业的理念和成功经验，合资成立郑州郑港商业发展有限公司，倾力打造的地铁商铺以“豫盒”形象同市民见面。... 1月21日上午9时，地铁2号线关虎屯站、东风路站全新的地铁商铺热闹开业。郑州,2025-12-24
12,ZZM_CN_4a097e5b8987,zzmetro.cn,2025-01-20 17:02:00,2025-01-20 17:00:00,郑州地铁举办年度晶晶服务社会责任报告发布会 1月20日，郑州地铁在紫荆山站举办以“地铁所至，臻情相随”为主题的2024年度晶晶服务社会责任报告发布会。... 1月20日，郑州地铁在紫荆山站举办以“地铁所至，臻情相随”为主题的2024年度晶晶服务社会责任报告发布会。,2025-12-24
13,ZZM_CN_6bb9b0ea70e4,zzmetro.cn,2025-01-20 10:28:00,2025-01-20 10:00:00,地铁乘客开票升级切换至数电发票 为响应“金税四期”数电发票推广要求，郑州交通发展投资集团有限公司（以下简称郑州交发集团）作为重要试点单位启动数电发票系统建设，并于近日顺利完成上线切换，实现从税控发票到数电发票的平稳过渡、快速升级。... 为响应“金税四期”数电发票推广要求，郑州交通发展投资集团有限公司（以下简称郑州交发集团）作为重要试点单位启动数电发票系统建设，并于近日顺利完成上线切换，实现从税控,2025-12-24
14,ZZM_CN_ebe49d9686f7,zzmetro.cn,2025-01-01 10:00:00,2025-01-01 10:00:00,427.95万人次！2025年郑州地铁第一张成绩单来啦！ 2024年12月31日，郑州地铁线网日客运量达427.95万人次，再创单日客运量历史新高！交出2025年第一张成绩单！... 2024年12月31日，郑州地铁线网日客运量达427.95万人次，再创单日客运量历史新高！交出2025年第一张成绩单！,2025-12-24
15,ZZM_CN_cf9bee9ac7a7,zzmetro.cn,2024-12-31 15:10:00,2024-12-31 15:00:00,郑州上海地铁乘车码实现互联互通 日前，郑州地铁“商易行”APP与上海地铁轨道交通出行二维码正式实现跨区域互联互通，使用商易行APP的郑州市民可以在上海地铁直接扫码进出。... 日前，郑州地铁“商易行”APP与上海地铁轨道交通出行二维码正式实现跨区域互联互通，使用商易行APP的郑州市民可以在上海地铁直接扫码进出。,2025-12-24
16,ZZM_CN_24b6f9328e07,zzmetro.cn,2024-12-30 16:21:00,2024-12-30 16:00:00,郑州市轨道交通6、7、8号线正式开通 12月29日上午，郑州市轨道交通6号线一期东北段、7号线一期、8号线一期正式开通，标志着我市轨道交通运营里程跻身全国城市前10位、迈入世界级地铁城市行列。省委常委、常务副省长孙守刚宣布3条线路开通运营，省委常委、市委书记安伟致辞。... 12月29日上午，郑州市轨道交通6号线一期东北段、7号线一期、8号线一期正式开通，标志着我市轨道交通运营里程跻身全国城市前1,2025-12-24
17,ZZM_CN_243836a79357,zzmetro.cn,2024-12-29 13:32:00,2024-12-29 13:00:00,郑州交通发展投资集团有限公司揭牌成立 12月29日，郑州交通发展投资集团有限公司揭牌仪式举行，市长何雄出席并为企业揭牌。... 12月29日，郑州交通发展投资集团有限公司揭牌仪式举行，市长何雄出席并为企业揭牌。,2025-12-24
18,ZZM_CN_9bc6427bda69,zzmetro.cn,2024-12-28 12:28:00,2024-12-28 12:00:00,郑州市轨道交通7号线一期、8号线一期明日正式开通 12月29日10点16分，郑州市轨道交通7号线一期、8号线一期正式开通。... 12月29日10点16分，郑州市轨道交通7号线一期、8号线一期正式开通。,2025-12-24
19,ZZM_CN_281c692893b5,zzmetro.cn,2024-12-23 17:04:00,2024-12-23 17:00:00,河南首个“郑州地铁每日客流量数据”在郑州数据交易中心登记挂牌 近日，郑州地铁集团有限公司（以下简称郑州地铁）首款数据产品——“郑州地铁每日客流量数据”在郑州数据交易中心登记挂牌。据悉，这是河南省首款城市轨道交通数据产品登记凭证。... 近日，郑州地铁集团有限公司（以下简称郑州地铁）首款数据产品——“郑州地铁每日客流量数据”在郑州数据交易中心登记挂牌。据悉，这是河南省首款城市轨道交通数据产品登记凭证,2025-12-24
20,ZZM_CN_0af7c48fb6eb,zzmetro.cn,2024-11-29 15:00:00,2024-11-29 15:00:00,“6”光溢彩 魅力绽放 郑州地铁6号线一期东北段初期运营 11月30日10点06分，郑州地铁6号线一期东北段初期运营，6号线一期全线贯通实现初期运营。... 11月30日10点06分，郑州地铁6号线一期东北段初期运营，6号线一期全线贯通实现初期运营。,2025-12-24
21,ZZM_CN_574ae8114586,zzmetro.cn,2024-11-11 16:33:00,2024-11-11 16:00:00,公司党委召开省委巡视上下联动国资国企问题专项巡察整改专题民主生活会 按照巡察整改工作要求，11月11日，公司党委召开省委巡视上下联动国资国企问题专项巡察整改专题民主生活会，深入学习贯彻习近平总书记关于巡视工作的重要论述精神，对照市委第二巡察组巡察郑州地铁集团党委反馈意见，系统查摆问题，深刻剖析根源，严肃开展批评和自我批评，进一步压实巡察整改主体责任，以高标准巡察整改推动轨道交通事业高质量发展。公司,2025-12-24
22,ZZM_CN_c7d6f08ab9db,zzmetro.cn,2024-10-25 18:38:00,2024-10-25 18:00:00,中共郑州地铁集团有限公司委员会召开巡察整改专题民主生活会 根据十二届市委第六轮巡察整改工作部署，10月25日，公司党委召开巡察整改专题民主生活会，深入学习贯彻习近平总书记关于巡视工作重要论述精神，全面对照市委巡察反馈意见，深刻查摆剖析，严肃开展批评和自我批评，进一步压实巡察整改主体责任，以高标准巡察整改推动轨道交通事业高质量发展。公司党委书记、董事长徐汉甫主持会议并作总结。市纪委监委、市委组织部、,2025-12-24
23,ZZM_CN_9f81ba50bf44,zzmetro.cn,2024-09-12 16:48:00,2024-09-12 16:00:00,郑州市轨道交通7号线一期工程顺利通过项目工程验收 2024年9月12日，郑州地铁集团有限公司组织召开了郑州市轨道交通7号线一期工程项目工程验收会议，工程顺利通过验收，即将进入全线空载试运行阶段。... 2024年9月12日，郑州地铁集团有限公司组织召开了郑州市轨道交通7号线一期工程项目工程验收会议，工程顺利通过验收，即将进入全线空载试运行阶段。,2025-12-24
24,ZZM_CN_c3475c753d0a,zzmetro.cn,2024-09-05 00:00:00,2024-09-05 00:00:00,郑州市轨道交通7号线一期工程顺利完成热滑试验 9月5日，7号线一期工程顺利完成全线接触网热滑试验，即将进入动车调试阶段，为后续联调联试及空载试运行奠定了坚实基础。... 9月5日，7号线一期工程顺利完成全线接触网热滑试验，即将进入动车调试阶段，为后续联调联试及空载试运行奠定了坚实基础。,2025-12-24
25,ZZM_CN_975dfb297227,zzmetro.cn,2024-08-26 10:35:00,2024-08-26 10:00:00,2024-08-26 管理员 6493 公司党委党建品牌案例成功入选“2024年度全国企业党建创新优秀案例” 近日，2024全国企业党建（案例）研讨会暨第四届企业党建创新优秀案例发布仪式在北京成功举办。郑州地铁集团有限公司党委党建品牌案例《党建引领育能工巧匠 精检细修耀绿城星火》成功入选“2024年度全国企业党建创新优秀案例”，党建品牌“绿城星火”在全国企业党建工作中再获殊荣。... 近日，202,2025-12-24
26,ZZM_CN_edf7408fd3b0,zzmetro.cn,2024-08-13 11:52:00,2024-08-13 11:00:00,郑州市轨道交通8号线一期今日起空载试运行 8月13日，随着造型沉稳、独具特色的橙色列车从梧桐街停车场出发，向鲁庙站方向驶去，标志着郑州市轨道交通8号线一期工程正式进入空载试运行阶段。,2025-12-24
27,ZZM_CN_bcb611a9d05f,zzmetro.cn,2024-07-31 17:41:00,2024-07-31 17:00:00,郑州地铁6号线一期工程东北段、7号线一期工程荣获5项河南省优质结构工程奖 7月底，郑州地铁6号线一期工程东北段、郑州地铁7号线一期工程共5个标段荣获河南省优质结构工程奖。... 7月底，郑州地铁6号线一期工程东北段、郑州地铁7号线一期工程共5个标段荣获河南省优质结构工程奖。,2025-12-24
28,ZZM_CN_1c67e004d972,zzmetro.cn,2024-07-02 10:10:00,2024-07-02 10:00:00,这个暑期，大学生都能免费乘坐郑州地铁啦！ 为了更好满足大学生暑期出行需要，郑州市委人才办联合郑州地铁集团再次推出惠才举措。郑州地铁全线网（含3号线、郑许线）将继续开展暑期大学生免费乘坐地铁活动。... 为了更好满足大学生暑期出行需要，郑州市委人才办联合郑州地铁集团再次推出惠才举措。郑州地铁全线网（含3号线、郑许线）将继续开展暑期大学生免费乘坐地铁活动。,2025-12-24
29,ZZM_CN_8ca963884b20,zzmetro.cn,2024-06-05 17:17:00,2024-06-05 17:00:00,爱心助考  “晶”心为您  郑州地铁邀您一起为考生加油 郑州地铁6月7日~24日将开展“爱心助考•‘晶’心为您”主题活动，再一次吹响为高考、中考考生护航的爱心助考集结号。... 郑州地铁6月7日~24日将开展“爱心助考•‘晶’心为您”主题活动，再一次吹响为高考、中考考生护航的爱心助考集结号。,2025-12-24
30,ZZM_CN_7d54520be688,zzmetro.cn,2024-06-01 17:30:00,2024-06-01 17:00:00,全国一等奖 郑州地铁拿到了 5月26日至29日，由全国总工会宣传教育部、全总文工团主办的“中国梦•劳动美——凝心铸魂跟党走 团结奋斗新征程”全国职工健身舞（操）展演在浙江横店影视城举行。这不仅是对全国职工精神风貌的一次集中展示，更是对新时代劳动精神的深情礼赞。... 5月26日至29日，由全国总工会宣传教育部、全总文工团主办的“中国梦•劳动美——凝心铸魂跟党走 团结奋斗新征程”全国职工健身舞（操）,2025-12-24
31,ZZM_CN_1486e0cbde14,zzmetro.cn,2024-05-21 10:53:00,2024-05-21 10:00:00,《城市轨道交通企业财务全寿命周期与可持续发展》课题华北地区城轨交通企业研讨会顺利召开 5月17日，《城市轨道交通企业财务全寿命周期与可持续发展》（以下简称《城轨财务可持续》）课题华北地区城轨交通企业研讨会在郑州召开。... 5月17日，《城市轨道交通企业财务全寿命周期与可持续发展》（以下简称《城轨财务可持续》）课题华北地区城轨交通企业研讨会在郑州召开。,2025-12-24
32,ZZM_CN_e081df22dd92,zzmetro.cn,2024-05-16 16:35:00,2024-05-16 16:00:00,郑州市轨道交通8号线一期工程全线“电通” 5月15日23点35分，随着鲁庙站变电所35kV开关柜合闸完成，标志着8号线一期工程顺利实现全线交流“电通”。... 5月15日23点35分，随着鲁庙站变电所35kV开关柜合闸完成，标志着8号线一期工程顺利实现全线交流“电通”。,2025-12-24
33,ZZM_CN_d5802999245d,zzmetro.cn,2024-05-09 16:52:00,2024-05-09 16:00:00,6号线一期工程东北段全线接触网热滑试验顺利完成 2024年5月8日，经过28个小时的艰苦鏖战，电客车成功驶入热滑试验终点冯湾站，标志着6号线一期工程东北段全线接触网热滑试验顺利完成。... 2024年5月8日，经过28个小时的艰苦鏖战，电客车成功驶入热滑试验终点冯湾站，标志着6号线一期工程东北段全线接触网热滑试验顺利完成。,2025-12-24
34,ZZM_CN_0c0b023c9346,zzmetro.cn,2024-04-19 18:19:00,2024-04-19 18:00:00,郑州市轨道交通 6号线一期工程东北段全线“电通” 近日，随着清华附中站变电所35kV开关柜合闸完成，标志着6号线一期工程东北段供电系统35kV交流“电通”。... 近日，随着清华附中站变电所35kV开关柜合闸完成，标志着6号线一期工程东北段供电系统35kV交流“电通”。,2025-12-24
35,ZZM_CN_83fea30b6411,zzmetro.cn,2024-04-15 17:00:00,2024-04-15 17:00:00,郑州市轨道交通6号线一期工程东北段实现全线“轨通” 2024年4月15日，随着大学中路站最后一组25米轨排平稳地铺设在道床上，标志着郑州市轨道交通6号线一期东北段全线“轨通”，为后续施工及空载试运行奠定了坚实基础。... 2024年4月15日，随着大学中路站最后一组25米轨排平稳地铺设在道床上，标志着郑州市轨道交通6号线一期东北段全线“轨通”，为后续施工及空载试运行奠定了坚实基础。,2025-12-24
36,ZZM_CN_14fa267b909b,zzmetro.cn,2024-04-11 11:15:00,2024-04-11 11:00:00,6号线一期东北段风水电及装修工程举行 “勇担使命保工期，秉承匠心筑精品” 劳动竞赛启动仪式 为全面贯彻公司党委关于基层党建“书记项目”相关工作要求，实现郑州市轨道交通6号线一期工程东北段年底前初期运营目标，4月8日，“勇担使命保工期，秉承匠心筑精品”劳动竞赛启动仪式在中铁七局风水电及装修01标项目部举行。... 为全面贯彻公司党委关于基层党建“书记项目”相关工作要求，实现郑州市轨道交通6号线一期工,2025-12-24
37,ZZM_CN_c1c0afaefcfe,zzmetro.cn,2024-03-23 19:05:00,2024-03-23 19:00:00,郑州市轨道交通6号线一期工程东北段全线车站主体结构顺利封顶 3月23日，郑州市轨道交通6号线一期工程东北段大学中路站最后一块顶板开始浇筑，待浇筑完成后，6号线一期工程东北段全线所有车站主体结构全部封顶。... 3月23日，郑州市轨道交通6号线一期工程东北段大学中路站最后一块顶板开始浇筑，待浇筑完成后，6号线一期工程东北段全线所有车站主体结构全部封顶。,2025-12-24
38,ZZM_CN_eaf70b8f1298,zzmetro.cn,2024-03-14 16:57:00,2024-03-14 16:00:00,郑州市轨道交通8号线一期工程全线洞通 近日，随着郑州东站—圃田西站区间巨大的盾构刀盘破壁而出，标志着郑州市轨道交通8号线一期工程全线洞通，线路建设取得阶段性成果。... 近日，随着郑州东站—圃田西站区间巨大的盾构刀盘破壁而出，标志着郑州市轨道交通8号线一期工程全线洞通，线路建设取得阶段性成果。,2025-12-24
39,ZZM_CN_79832cbea201,zzmetro.cn,2024-03-07 09:35:00,2024-03-07 09:00:00,7037.83万人次！郑州地铁春运“成绩单”来了！ 3月5日，2024年春运正式落下帷幕。今年春运，郑州地铁提前制定专项运输保障方案，充分挖掘运输潜力，提升客运服务举措，强化设施设备保障，加强线网客流、列车运行和设备运行状态监控，全力做好雨雪恶劣天气运营保障工作。春运期间，郑州地铁线网平安运送乘客达7037.83万人次，日均客运量175.95万人次，较2023年春运同期增长76.9%，最高日客运量,2025-12-24
40,ZZM_CN_e1e8d60d73e1,zzmetro.cn,2024-03-04 17:30:00,2024-03-04 17:00:00,文明交通绿色出行  传承弘扬雷锋精神——郑州地铁1号线农业南路站学习雷锋精神系列活动 为传承弘扬雷锋精神，更好培育时代新风貌， 3月4日，在学雷锋日即将到来之际，郑州地铁1号线农业南路站联合河南省交通事业发展中心、河南省运输事业发展中心、郑州图书馆、河南省第一强制隔离戒毒所、聚源路小学开展“文明交通 绿色出行”学雷锋志愿活动。... 为传承弘扬雷锋精神，更好培育时代新风貌， 3月4日，在学雷锋日即,2025-12-24
41,ZZM_CN_f099ffdf44c2,zzmetro.cn,2024-01-31 10:00:00,2024-01-31 10:00:00,公司荣获首批“郑州市版权示范单位（软件正版化）”称号 近日，在公司党委的领导和全体员工的共同努力下，公司荣获中共郑州市委宣传部、郑州市新闻出版局授予的郑州市首批“郑州市版权示范单位（软件正版化）”称号，这是对公司软件正版化工作的高度认可和肯定。... 近日，在公司党委的领导和全体员工的共同努力下，公司荣获中共郑州市委宣传部、郑州市新闻出版局授予的郑州市首批“郑州市版权示范单位（软件正版化）”称号，,2025-12-24
42,ZZM_CN_8097da784398,zzmetro.cn,2024-01-01 12:45:00,2024-01-01 12:00:00,昨夜今晨：无论多晚，郑州地铁都送您回家！ “尊敬的各位乘客，无论多晚，郑州地铁人都在这里，陪您跨年，送您回家！” ——郑州地铁车站播放的广播。昨夜今晨，郑州地铁延长运营服务时间，细化车站现场客流举措，加强设备运行维护，地铁党员干部冲锋在前，各设备专业员工、志愿者坚守岗位、通宵值守，用心用情守护每一位回家的乘客。... “尊敬的各位乘客，无论多晚，郑州地铁人都在这里，陪您跨年，送您回家！” ——郑州,2025-12-24
43,ZZM_CN_a19c299bb2e9,zzmetro.cn,2024-01-01 10:55:00,2024-01-01 10:00:00,357.81万人次！郑州地铁线网日客运量连续三天，刷新记录！ 12月31日，郑州地铁线网日客运量达357.81万人次，又创单日客运量历史新高！这也是继29、30日之后，第三次刷新历史记录，见证了市民乘客享受生活的幸福表情和城市活力的持续提升！... 12月31日，郑州地铁线网日客运量达357.81万人次，又创单日客运量历史新高！这也是继29、30日之后，第三次刷新历史记录，见证了市民乘客享受生活的,2025-12-24
44,ZZM_CN_27eea154edce,zzmetro.cn,2023-12-30 10:15:00,2023-12-30 10:00:00,266.66万人次！郑州地铁线网日客运量创历史新高！ 12月29日，郑州地铁线网日客运量达266.66万人次，创单日客运量历史新高！... 12月29日，郑州地铁线网日客运量达266.66万人次，创单日客运量历史新高！,2025-12-24
45,ZZM_CN_8dd07ca4307b,zzmetro.cn,2023-12-29 18:05:00,2023-12-29 18:00:00,郑州市轨道交通4号线工程荣获国家“优质工程奖” 12月24日，2022至2023年度国家优质工程奖总结表彰大会在北京召开，郑州市轨道交通4号线工程荣获“国家优质工程奖”。... 12月24日，2022至2023年度国家优质工程奖总结表彰大会在北京召开，郑州市轨道交通4号线工程荣获“国家优质工程奖”。,2025-12-24
46,ZZM_CN_f3074d2f23ac,zzmetro.cn,2023-12-27 20:30:00,2023-12-27 20:00:00,商魏情 郑许梦 郑州机场至许昌市域铁路正式初期运营 12月28日11点58分，郑州机场至许昌市域铁路初期运营。... 12月28日11点58分，郑州机场至许昌市域铁路初期运营。,2025-12-24
47,ZZM_CN_629c0a305a59,zzmetro.cn,2023-12-20 14:30:00,2023-12-20 14:00:00,科创赋能 智此青绿 循梦而行 向阳而生——致社会各界和广大市民的感谢信 尊敬的广大市民和社会各界朋友们：,2025-12-24
48,ZZM_CN_630868bffd90,zzmetro.cn,2023-12-19 23:38:00,2023-12-19 23:00:00,智汇绿都  慧塑活力  郑州市轨道交通12号线一期正式初期运营 郑州市轨道交通12号线一期定于12月20日11点58分初期运营。,2025-12-24
49,ZZM_CN_8737de37220c,zzmetro.cn,2023-12-05 15:50:00,2023-12-05 15:00:00,解锁全民阅读新方式——地铁图书漂流屋正式启动运行 12月4日上午，“郑好读书•一本书图书漂流屋”项目在第38个国际志愿者日主题实践活动上正式亮相，郑州市首个地铁“图书漂流屋”在地铁1号线紫荆山站F口正式投入运行。... 12月4日上午，“郑好读书•一本书图书漂流屋”项目在第38个国际志愿者日主题实践活动上正式亮相，郑州市首个地铁“图书漂流屋”在地铁1号线紫荆山站F口正式投入运行。,2025-12-24
50,ZZM_CN_c5e35784163b,zzmetro.cn,2023-11-20 16:50:00,2023-11-20 16:00:00,喜报！郑州地铁集团有限公司获评2023年度郑州市清廉建设优秀示范点 近日，公司喜获郑州市清廉建设优秀示范点，也是郑州市国资系统唯一一家被市纪委命名为2023年度郑州市清廉建设优秀示范点的市管国有企业。... 近日，公司喜获郑州市清廉建设优秀示范点，也是郑州市国资系统唯一一家被市纪委命名为2023年度郑州市清廉建设优秀示范点的市管国有企业。,2025-12-24
51,ZZM_CN_d0c0850e023f,zzmetro.cn,2023-10-23 19:45:00,2023-10-23 19:00:00,地铁站里遇见阅读之美，重阳节郑州老年乘客畅享文化康养之旅 10月23日上午，“桑榆正当年，悦读更有力”重阳读书会在郑州会展中心地铁站举行，通过开展阅读交流、书法创作，科普中医药文化，分享地铁安全出行知识等活动，为老年人们送上节日祝福，弘扬尊老、敬老、爱老、助老的中华传统美德。... 10月23日上午，“桑榆正当年，悦读更有力”重阳读书会在郑州会展中心地铁站举行，通过开展阅读交流、书法创作，科普中医,2025-12-24
52,ZZM_CN_effddb23464a,zzmetro.cn,2023-09-29 07:05:00,2023-09-29 07:00:00,259.17万人次！郑州地铁线网日客运量创历史新高！ 9月28日，郑州地铁线网日客运量达259.17万人次，创单日客运量历史新高！其中，1号线客运量69.71万人次，2号线客运量56.38万人次，3号线客运量24.43万人次，4号线客运量15.93万人次，5号线客运量58.93万人次，6号线客运量3.53万人次，城郊线客运量19.02万人次，10号线客运量7.51万人次，14号线客运量3.73万人,2025-12-24
53,ZZM_CN_1fd98913fc85,zzmetro.cn,2023-09-28 17:10:00,2023-09-28 17:00:00,智慧橙线　开启新程　行稳致远　向美而行——致社会各界和广大市民的感谢信 尊敬的广大市民和社会各界朋友们：,2025-12-24
54,ZZM_CN_395cfbc9a046,zzmetro.cn,2023-09-28 10:45:00,2023-09-28 10:00:00,智慧橙线　载梦驰行　郑州市轨道交通10号线一期开通运营 郑州市轨道交通10号线一期于今日11点58分开通运营。... 郑州市轨道交通10号线一期于今日11点58分开通运营。,2025-12-24
55,ZZM_CN_03beed17e6b5,zzmetro.cn,2023-09-25 21:10:00,2023-09-25 21:00:00,智慧橙线　载梦驰行——10号线一期媒体探访活动圆满举行 9月25日下午，河南电视台、河南商报、大河报、郑州日报、郑州新闻广播等20多家媒体单位和粉丝代表应邀参加了10号线一期初期运营前探访活动。... 9月25日下午，河南电视台、河南商报、大河报、郑州日报、郑州新闻广播等20多家媒体单位和粉丝代表应邀参加了10号线一期初期运营前探访活动。,2025-12-24
56,ZZM_CN_733dc7747865,zzmetro.cn,2023-09-21 19:35:00,2023-09-21 19:00:00,定了！城郊铁路小乔站、华南城东站 9月22日正式开门迎客 为方便大家乘车，郑州地铁城郊铁路小乔站、华南城东站将于9月22日正式开启运营服务。... 为方便大家乘车，郑州地铁城郊铁路小乔站、华南城东站将于9月22日正式开启运营服务。,2025-12-24
57,ZZM_CN_bbaade3948cd,zzmetro.cn,2023-09-19 16:30:00,2023-09-19 16:00:00,郑青春读书会火热来袭　见证青年与城市的“双向奔赴” 为彰显青春郑州、活力郑州的无限魅力，引导激发广大在郑青年扬青春之志、展青春之姿、建青春之功，9月19日，“激扬青春梦想 悦读活力郑州”郑青春读书会在紫荆山地铁站内举行。郑州市委宣传部副部长杨洁、郑州市委网信办副主任韩锋全、郑州地铁集团党委委员、副总经理李亚军、河南省新华书店中原图书大厦副经理孙淑红，省高校相关负责人、学生代表等共计40余人参加此次,2025-12-24
58,ZZM_CN_8b0857ab4df7,zzmetro.cn,2023-09-13 09:21:00,2023-09-13 09:00:00,郑州地铁集团有限公司关于印发郑州市第九届职业技能竞赛轨道交通运输服务行业大赛实施方案和技术方案的通知 根据郑州市职业技能竞赛领导小组办公室《关于组织开展郑州市第九届职业技能竞赛活动的通知》安排，郑州市第九届职业技能竞赛轨道交通运输服务行业大赛计划于2023年9月20日~21日开赛，大赛包含变配电运行值班员和轨道交通行车调度员两个赛项，现将大赛实施方案和技术方案予以印发，请各参赛单位做好赛前准备工作,2025-12-24
59,ZZM_CN_490a25d55ec0,zzmetro.cn,2023-09-07 17:00:00,2023-09-07 17:00:00,应急救护进交通——红十字首个交通领域“应急救护学习e站”在郑州地铁揭牌 9月7日上午，在第24个“世界急救日”来临之际，郑州地铁1号线紫荆山站内举行了“红十字应急救护学习e站”暨医疗共建合作点揭牌仪式。中国红十字基金会应急救护项目中心主任张延超，河南省红十字会党组成员、秘书长刘瑞勇，郑州市红十字会党组书记、常务副会长丁振勇，郑州地铁集团有限公司党委副书记、总经理杨勇及多家医疗合作单位代表60余人参,2025-12-24
60,ZZM_CN_e9b84f0b71ed,zzmetro.cn,2023-09-07 16:05:00,2023-09-07 16:00:00,工程亮点诠释匠心品质 3号线二期工程位于郑州市经开区，全长6.316公里，由一期工程向南延伸。线路北起于一期工程终点营岗站，沿经开第十七大街、经开第十五大街走行，南止于经南十五路路口，设有潮河站、滨河新城站、司赵站、滨河新城南站4座车站。自2020年3月15日正式开工建设，3年多以来，广大市民和乘客朋友悉心呵护、鼎力支持，共同见证了3号线二期工程的茁壮成长。... 3号线二期工程位于郑州市经开区，,2025-12-24
61,ZZM_CN_2ed60ccdcd09,zzmetro.cn,2023-09-06 17:35:00,2023-09-06 17:00:00,定了！9月8日，郑州市轨道交通3号线二期正式开通运营 经郑州市人民政府批准，郑州市轨道交通3号线二期定于2023年9月8日9时58分开通运营。... 经郑州市人民政府批准，郑州市轨道交通3号线二期定于2023年9月8日9时58分开通运营。,2025-12-24
62,ZZM_CN_7d0e1ff7edb9,zzmetro.cn,2023-09-03 10:49:00,2023-09-03 10:00:00,加快建设“轨道上的都市”     为城市发展提速加力 “智慧工地集成管理”获河南省智慧工地示范项目最高等级评价、多次荣获“国家优质工程奖”“詹天佑奖”等国家级荣誉……“近年来，郑州地铁集团站位郑州‘当好国家队、提升国际化、引领现代化河南建设’总目标，以加快建设‘轨道上的都市’为己任，稳中求进、难中求成，交出了靓丽的发展答卷。”郑州地铁集团有限公司党委书记、董事长许振告诉记者。... “智慧工地集成,2025-12-24
63,ZZM_CN_2af3443a187a,zzmetro.cn,2023-08-30 17:50:00,2023-08-30 17:00:00,郑州市轨道交通3号线二期工程顺利通过初期运营前安全评估 8月27日至30日，为期四天的郑州市轨道交通3号线二期工程初期运营前安全评估会顺利举行。通过对工程全面细致的评估检查后，专家组高度评价了3号线二期工程建设质量，一致认定3号线二期工程安全评估工作准备充分，各项资料齐全，具备初期运营条件。... 8月27日至30日，为期四天的郑州市轨道交通3号线二期工程初期运营前安全评估会顺利举行。通过对工程全,2025-12-24
64,ZZM_CN_304e546d1278,zzmetro.cn,2023-08-01 14:30:00,2023-08-01 14:00:00,郑州地铁集团党委“绿城星火”党建品牌被授予“2023年度全国企业党建优秀品牌”荣誉称号 近日，郑州地铁集团党委“绿城星火”党建品牌被《中国企业报集团》、中企党建研究院等联合授予“2023年度全国企业党建优秀品牌”荣誉称号。... 近日，郑州地铁集团党委“绿城星火”党建品牌被《中国企业报集团》、中企党建研究院等联合授予“2023年度全国企业党建优秀品牌”荣誉称号。,2025-12-24
65,ZZM_CN_4d1adfa2d6f1,zzmetro.cn,2023-07-31 21:00:00,2023-07-31 21:00:00,8月1日起，退役军人及其他优抚对象乘坐郑州地铁，免费！ 根据《郑州市人民政府办公厅关于印发郑州市退役军人和其他优抚对象享受公共交通和文化旅游优待政策实施方案的通知》要求，自2023年8月1日起，退役军人及其他优抚对象凭优待证可以免费乘坐郑州地铁。... 根据《郑州市人民政府办公厅关于印发郑州市退役军人和其他优抚对象享受公共交通和文化旅游优待政策实施方案的通知》要求，自2023年8月1日起，退役军人,2025-12-24
66,ZZM_CN_175d7713fee0,zzmetro.cn,2023-07-28 20:45:00,2023-07-28 20:00:00,郑州地铁全力应对台风“杜苏芮”，确保运营线路安全平稳度汛 为做好台风“杜苏芮”防范应对工作，郑州地铁提前部署、统筹谋划，密切关注气象预警信息，强化应急会商研判，严格落实值班值守制度，进一步压实管理责任，全力做好各项防范应对准备工作，确保运营线路安全平稳度汛。... 为做好台风“杜苏芮”防范应对工作，郑州地铁提前部署、统筹谋划，密切关注气象预警信息，强化应急会商研判，严格落实值班值守制度，进一步压实,2025-12-24
67,ZZM_CN_2eab25dac155,zzmetro.cn,2023-06-30 17:10:00,2023-06-30 17:00:00,流动的红色课堂！郑州地铁党建主题车站上线！ 为充分发挥地铁宣传载体作用，将地铁车站打造成为创新型、学习型的移动宣传阵地，深入持久开展党的创新理论学习宣传，郑州地铁在5号线齐礼阎站打造“星火成炬二十大 踔厉奋进新征程”党建主题车站。... 为充分发挥地铁宣传载体作用，将地铁车站打造成为创新型、学习型的移动宣传阵地，深入持久开展党的创新理论学习宣传，郑州地铁在5号线齐礼阎站打造“星火成炬二十大 踔厉奋,2025-12-24
68,ZZM_CN_5b7961782900,zzmetro.cn,2023-06-22 21:00:00,2023-06-22 21:00:00,郑州地铁端午节发福利！“豫见美好 爱上一座城——坐地铁 享福利”活动上线啦！ 6月22日至7月22日，郑州地铁联动沿线30余家品牌商家举办的“豫见美好 爱上一座城——坐地铁 享福利”大型活动浪漫启幕。1号线、2号线、5号线全线站点派发10万份飞行棋福利地图，上线抽奖小程序“晶晶享礼”，发放2000册集章护照本，盖章打卡12个特色地铁站，活动内容丰富有趣，欢迎乘客朋友们“棋”行郑州，乐玩地铁。...,2025-12-24
69,ZZM_CN_b86c8e7d2b21,zzmetro.cn,2023-06-15 09:30:00,2023-06-15 09:00:00,文明之光点亮市民幸福生活！——2023郑州地铁文明随手拍活动正式启动！ 郑州地铁作为郑州市民出行的重要交通工具，不仅是城市文明传播的重要载体，更是郑州这座城市的文明缩影，6月15日，由郑州市文明办、郑州地铁集团有限公司主办，凤凰网河南频道承办的“文明之光点亮市民幸福生活！——2023郑州地铁文明随手拍活动”正式启动。... 郑州地铁作为郑州市民出行的重要交通工具，不仅是城市文明传播的重要载体，更是,2025-12-24
70,ZZM_CN_f2db22297c31,zzmetro.cn,2023-06-06 12:30:00,2023-06-06 12:00:00,高考在即，为梦想而战！请收好这份郑州地铁“晶”心助考指南，加油！ 为彰显“真诚一路 情润万家”服务理念，为考生营造良好的考试环境，高考期间，郑州地铁开展“爱心助考·‘晶’心为您”爱心护考活动，助力广大考生圆梦之路。,2025-12-24
71,ZZM_CN_f234b998fe41,zzmetro.cn,2023-06-01 14:17:00,2023-06-01 14:00:00,1分钱乘地铁，畅游郑州不停歇 为助力郑州夜经济发展，自2023年6月1日起，每日20时（含20时）后使用商易行APP、支付宝小程序、微信小程序、银联云闪付、龙支付中任意渠道扫码/刷脸乘车享1分钱乘地铁优惠。... 为助力郑州夜经济发展，自2023年6月1日起，每日20时（含20时）后使用商易行APP、支付宝小程序、微信小程序、银联云闪付、龙支付中任意渠道扫码/刷脸乘车享1分钱乘地铁优惠。,2025-12-24
72,ZZM_CN_39ef36fed15d,zzmetro.cn,2023-05-31 15:48:00,2023-05-31 15:00:00,童心置换 甜蜜护航——郑州地铁联名能量包上线啦 “六一”儿童节临近，为助力儿童友好城市创建，全方位提升服务品质，5月31日，郑州地铁联合郑州广播电视台地铁电视、河南肯德基、必胜客在关虎屯站开展“童心置换 甜蜜护航”联名能量包上线活动，同时开启置换计划，为地铁出行注入暖心能量，切实提升市民乘客出行的舒适度和幸福感。... “六一”儿童节临近，为助力儿童友好城市创建，全方位提升服务品质，5月31日，郑,2025-12-24
73,ZZM_CN_a35bf90d09f2,zzmetro.cn,2023-05-26 21:00:00,2023-05-26 21:00:00,郑州地铁“法治号”专列启用仪式在1号线郑东车辆段举行 5月26日上午，由中共河南省委全面依法治省委员会守法普法小组、河南省司法厅联合打造的“法治号”地铁专列，在郑州地铁1号线郑东车辆段举行启用仪式，省委宣传部、省司法厅、省交通运输厅、市委宣传部、郑州地铁集团等单位有关领导出席了启用仪式。,2025-12-24
74,ZZM_CN_77046380a452,zzmetro.cn,2023-05-12 16:43:00,2023-05-12 16:00:00,真操实练，以练为战！郑州市轨道交通在建工程开展防汛综合应急演练 5月12日，由郑州市城乡建设局主办，郑州市建设安全监督站、郑州地铁集团有限公司协办，上海隧道工程有限公司、上海城建市政（集团）有限公司、郑州一建集团有限公司承办的郑州市轨道交通在建工程防汛综合应急演练在8号线一期工程02标08工区文创站组织开展。... 5月12日，由郑州市城乡建设局主办，郑州市建设安全监督站、郑州地铁集团有限公司协办,2025-12-24
75,ZZM_CN_7d2cc887b171,zzmetro.cn,2023-05-06 09:57:00,2023-05-06 09:00:00,青年主题车站正式上线 为牢固树立青年优先发展理念，积极推进青年发展型城市建设。近日，共青团郑州市委联合郑州地铁集团有限公司运营分公司团委精心打造的青年主题车站在郑州地铁4号线会展中心站正式上线，站内鲜明的主题、绚丽的色彩、友好的举措、有趣的创意、浓厚的氛围，吸引了大批青年乘客驻足体验、打卡。... 为牢固树立青年优先发展理念，积极推进青年发展型城市建设。近日，共青团郑州市委联合郑州地铁集团有限公司,2025-12-24
76,ZZM_CN_af769af6a70f,zzmetro.cn,2023-05-04 19:02:00,2023-05-04 19:00:00,聚力青年发展  激扬青春有为 为大力弘扬“爱国、进步、民主、科学”的“五四”精神，激励广大青年团员踔厉奋发、笃行不怠，5月4日下午，共青团郑州市委联合郑州地铁在4号线会展中心青年主题车站举办“聚力青年发展  激扬青年有为”主题团日活动。... 为大力弘扬“爱国、进步、民主、科学”的“五四”精神，激励广大青年团员踔厉奋发、笃行不怠，5月4日下午，共青团郑州市委联合郑州地铁在4号线会展中心青年主题车站,2025-12-24
77,ZZM_CN_d91842658285,zzmetro.cn,2023-04-20 08:55:00,2023-04-20 08:00:00,全国城市轨道交通企业工会联委会 第十八届年会胜利召开 2023年4月19日，全国城市轨道交通企业工会联委会第十八届（2023年）年会在郑州胜利召开。本次年会由全国城市轨道交通企业工会联委会主办，郑州地铁集团有限公司工会承办。中国海员建设工会、河南省总工会、郑州市总工会相关领导出席了此次会议，来自全国32座城市的110余名城市轨道同仁共同参加了本次年会。... 2023年4月19日，全国城市轨道交通,2025-12-24
78,ZZM_CN_564809feeba5,zzmetro.cn,2023-04-02 10:25:00,2023-04-02 10:00:00,223.51万人次，郑州地铁单日客流再创今年新高！ 4月1日，郑州地铁线网日客运量达223.51万人次，再次刷新今年单日客运量记录！,2025-12-24
79,ZZM_CN_f06825727e42,zzmetro.cn,2023-03-30 14:32:00,2023-03-30 14:00:00,感知郑州，热爱郑州！郑州地铁“在校大学生免费乘车”活动来咯 郑州地铁助力青年人才 奋进向前 畅游郑州 开展“在校大学生免费乘车”活动  一起发现郑州之美 感知郑州 热爱郑州... 郑州地铁助力青年人才 奋进向前 畅游郑州 开展“在校大学生免费乘车”活动  一起发现郑州之美 感知郑州 热爱郑州,2025-12-24
80,ZZM_CN_657560c620d2,zzmetro.cn,2023-03-05 09:05:00,2023-03-05 09:00:00,弘扬雷锋精神 倡树时代新风——郑州地铁组织开展“学雷锋 我行动”志愿服务月系列活动 无论时代如何变迁，雷锋精神永不过时。今年是纪念毛泽东等老一辈革命家为雷锋同志题词60周年，为贯彻落实习近平总书记关于弘扬雷锋精神的重要指示精神，深入学习贯彻党的二十大精神，践行和培育社会主义核心价值观，大力弘扬“奉献、友爱、互助、进步”的志愿精神，郑州地铁集团有限公司充分发挥城市窗口的优势，组织开展 “学雷锋 我行,2025-12-24
81,ZZM_CN_e2dfb3b11e3e,zzmetro.cn,2023-02-27 10:30:00,2023-02-27 10:00:00,郑州地铁诚邀全国城市轨道交通领域同仁参加“2023中国城市轨道交通高质量发展大会暨绿色、智慧城轨大会” 郑州地铁集团有限公司受中国城市轨道交通节能技术大会组委会邀约主办，洛阳市轨道交通集团有限责任公司、中铁七局集团有限公司等单位协办，定于2023年5月在郑州市召开“2023中国城市轨道交通高质量发展大会暨绿色、智慧城轨大会”。大会同期举办“第十届中国城市轨道交通节能技术大会”、“第十届中国城市轨道,2025-12-24
82,ZZM_CN_9f7355361c4c,zzmetro.cn,2023-02-16 18:25:00,2023-02-16 18:00:00,公司党委班子召开2022年度民主生活会 按照市国资委党委部署要求，2月16日，公司党委班子召开2022年度民主生活会，以全面贯彻习近平新时代中国特色社会主义思想，深刻领悟“两个确立”的决定性意义，增强“四个意识”、坚定“四个自信”、做到“两个维护”，团结带领党员干部以奋发有为的精神状态贯彻落实党的二十大作出的重大决策部署为主题，紧密结合公司工作实际，查摆突出问题，开展党性分析，进行批评和自我批评，,2025-12-24
83,ZZM_CN_b12c02d5430d,zzmetro.cn,2023-02-11 12:30:00,2023-02-11 12:00:00,地铁单日客流突破150万！流动的郑州绽放蓬勃经济活力 随着春节假期结束，郑州地铁线网日客运量持续保持攀升势头，迎来“开门红”。节后第一个工作周，郑州地铁线网累计运送乘客838.45万人次，线网日均客运量为119.78万人次。2月10日，郑州地铁单日客流更是突破150万，达到153.63万人次！... 随着春节假期结束，郑州地铁线网日客运量持续保持攀升势头，迎来“开门红”。节后第一个工作周，郑州地铁,2025-12-24
84,ZZM_CN_ea380f98f1ce,zzmetro.cn,2023-02-05 09:00:00,2023-02-05 09:00:00,郑州地铁客流持续攀升 随着春节假期结束，郑州地铁线网日客运量持续保持攀升势头，迎来“开门红”。节后第一周，郑州地铁线网累计运送乘客838.4万人次。1月29日线网日客运量回归“百万级”，达到113.75万人次，2月3日线网日客运量攀升至139.99万人次。郑州地铁多措并举服务市民出行，有力推动了文旅商圈消费强劲复苏，发出了郑州经济与活力恢复的强劲信号，熟悉的城市烟火气又回来了。... 随着春节假期,2025-12-24
85,ZZM_CN_b9220552b236,zzmetro.cn,2023-02-01 14:29:00,2023-02-01 14:00:00,郑州地铁河南援疆“哈密号”专列发车仪式在紫荆山站举行 1月31日，郑州地铁河南援疆“哈密号”专列发车仪式在1号线紫荆山站举行。哈密市委书记孙涛，郑州市委副书记、市长何雄出席仪式并致辞，河南省发改委副主任夏志胜，哈密市领导李科琼、徐相锋、马文郁、付剑伟、孙永民、李建勇，郑州市领导史占勇、翟政、范建勋等参加仪式。... 1月31日，郑州地铁河南援疆“哈密号”专列发车仪式在1号线紫荆山站举行。哈密市委书,2025-12-24
86,ZZM_CN_5def4e34eaca,zzmetro.cn,2023-01-07 15:00:00,2023-01-07 15:00:00,情暖春运！郑州地铁开启春运服务模式 2023年春运从1月7日开始，2月15日结束，共40天。郑州地铁结合近期线网客流特点，加强春运客流分析研判，制定专项春运保障方案，统筹线网运营服务，强化设施设备保障和安全管理，全力护航阖家团圆路，温暖每一颗回家过年的心。... 2023年春运从1月7日开始，2月15日结束，共40天。郑州地铁结合近期线网客流特点，加强春运客流分析研判，制定专项春运保障方案，统筹线,2025-12-24
87,ZZM_CN_beaf029fec31,zzmetro.cn,2023-01-05 10:20:00,2023-01-05 10:00:00,郑州地铁全力以“复” 城市活力逐步重现 随着疫情防控措施的进一步优化，全市复工复产持续推进，郑州地铁自解除流动性管控措施以来，线网客流量持续稳步增长。城市破疫复苏后，郑州地铁已增加运力投放，缩短行车间隔，服务市民出行。... 随着疫情防控措施的进一步优化，全市复工复产持续推进，郑州地铁自解除流动性管控措施以来，线网客流量持续稳步增长。城市破疫复苏后，郑州地铁已增加运力投放，缩短行车间隔，服务市民出,2025-12-24
88,ZZM_CN_b67815e4f2cb,zzmetro.cn,2023-01-03 11:01:00,2023-01-03 11:00:00,新年慰问聚人心  岁寒情深暖意浓 ...,2025-12-24
89,ZZM_CN_1b4961351d40,zzmetro.cn,2023-01-01 17:00:00,2023-01-01 17:00:00,"瑞兔呈祥！郑州地铁『兔年文创计次纪念票』发售！ 金虎辞旧岁 玉兔迎新春!为喜迎农历兔年,进一步传承生肖文化与民族文化，郑州地铁推出《瑞兔呈祥》2023兔年水墨形式的生肖纪念册。愿大家在新的一年，瑞兔呈祥，八方来财！",2025-12-24
90,ZZM_CN_acde08fa2e7d,zzmetro.cn,2022-12-27 16:48:00,2022-12-27 16:00:00,弘扬工匠精神 培养技能人才 ...,2025-12-24
91,ZZM_CN_bbd33ea3d80b,zzmetro.cn,2022-12-14 09:25:00,2022-12-14 09:00:00,公司荣获2022年度网络主题宣传活动特殊贡献奖 12月13日，在郑州市委网信办2022年度郑州市网络主题活动评选中，公司获得特殊贡献奖。... 12月13日，在郑州市委网信办2022年度郑州市网络主题活动评选中，公司获得特殊贡献奖。,2025-12-24
92,ZZM_CN_8a11b7329e0a,zzmetro.cn,2022-12-09 19:08:00,2022-12-09 19:00:00,晶晶服务品牌荣获“优秀文化品牌”荣誉称号 11月28日，由中国交通报社、中国交通报刊协会主办的“交通强国 品牌力量”第四届交通运输优秀文化品牌推选活动落下了帷幕。活动自5月启动以来，共有298个文化品牌入围，经过资料初审、场外评审、专家评审三个环节的激烈角逐，郑州地铁“晶晶服务”品牌脱颖而出，荣获了第四届交通运输优秀文化品牌推选活动“优秀文化品牌”荣誉称号。... 11月28日，由中国交通报社、中,2025-12-24
93,ZZM_CN_721b60deff3e,zzmetro.cn,2022-11-02 15:20:00,2022-11-02 15:00:00,公司领导实地察看在建线路疫情防控及施工围挡优化瘦身情况 11月1日下午，为深入贯彻落实市委主要领导重要指示精神，公司党委书记、董事长许振带领建设分公司相关负责人实地察看在建线路疫情防控、复工复产及施工围挡情况，安排部署占压市政道路施工围挡优化及还路工作。... 11月1日下午，为深入贯彻落实市委主要领导重要指示精神，公司党委书记、董事长许振带领建设分公司相关负责人实地察看在建线路疫情防控、复工复产,2025-12-24
94,ZZM_CN_b55589a6e21f,zzmetro.cn,2022-10-29 20:00:00,2022-10-29 20:00:00,公司召开联席办公会　深入学习宣传贯彻党的二十大精神 10月29日，公司召开联席办公会，严格落实“第一议题”制度，深入学习宣传贯彻党的二十大精神。公司党委书记、董事长许振主持会议并讲话，公司领导班子成员参加会议。... 10月29日，公司召开联席办公会，严格落实“第一议题”制度，深入学习宣传贯彻党的二十大精神。公司党委书记、董事长许振主持会议并讲话，公司领导班子成员参加会议。,2025-12-24
95,ZZM_CN_4acfc3c1623f,zzmetro.cn,2022-10-24 15:35:00,2022-10-24 15:00:00,未来五年，我们这样干！ 党的二十大报告解读——未来五年，我们这样干！... 党的二十大报告解读——未来五年，我们这样干！,2025-12-24
96,ZZM_CN_4a0d1b96dd37,zzmetro.cn,2022-10-20 15:00:00,2022-10-20 15:00:00,9个字细读党的二十大报告 9个字细读党的二十大报告... 9个字细读党的二十大报告,2025-12-24
97,ZZM_CN_e1de8e214b80,zzmetro.cn,2022-10-16 13:10:00,2022-10-16 13:00:00,中共郑州地铁集团有限公司委员会认真组织收听收看党的二十大开幕会 2022年10月16日，中国共产党第二十次全国代表大会在北京隆重开幕，习近平代表第十九届中央委员会向党的二十大作报告。为庆祝党和国家的这一盛事，深入学习领会党的二十大精神，公司领导班子成员、机关党委各支部书记、置业公司领导班子成员、运营分公司领导班子成员和各单位部门负责人等在调度中心25楼会议室和郑东车辆段培训楼多功能厅同步集中收看了,2025-12-24
98,ZZM_CN_8b3e5da1db92,zzmetro.cn,2022-10-15 13:26:00,2022-10-15 13:00:00,绘就“人城共进”出彩气象 “喜迎二十大 · 奋进在郑州”网络主题活动圆满收官 历时50余天，由河南省委网信办、郑州市委宣传部指导，郑州市委网信办、郑州市国资委、郑州地铁集团有限公司主办，凤凰网河南频道承办的“喜迎二十大 奋进在郑州”网络主题宣传活动顺利收官，圆满画上句号。... 历时50余天，由河南省委网信办、郑州市委宣传部指导，郑州市委网信办、郑州市国资委、郑州地铁集团有限公司主办，凤凰网河南频,2025-12-24
99,ZZM_CN_8330a89c6bc0,zzmetro.cn,2022-10-13 17:00:00,2022-10-13 17:00:00,公司召开领导干部会议 10月13日，公司召开领导干部会议，宣布市委决定：许振同志任郑州地铁集团有限公司党委书记、董事长。... 10月13日，公司召开领导干部会议，宣布市委决定：许振同志任郑州地铁集团有限公司党委书记、董事长。,2025-12-24
100,ZZM_CN_0a548b6c79f1,zzmetro.cn,2022-09-30 08:00:00,2022-09-30 08:00:00,“6”光溢彩 活力无限 郑州地铁6号线一期首通段开通运营 郑州地铁6号线一期首通段于今日11点26分开通运营，为郑州西南片区市民提供更加便捷的公共交通出行方式。... 郑州地铁6号线一期首通段于今日11点26分开通运营，为郑州西南片区市民提供更加便捷的公共交通出行方式。,2025-12-24
101,ZZM_CN_ae903fdc42f4,zzmetro.cn,2022-09-19 15:49:00,2022-09-19 15:00:00,【喜迎二十大•奋进在郑州】城市“上新”向美而行 绿城郑州尽是出彩新模样 从千年古都到现代新城，从小小郑县到省会郑州，从内陆城市到开放高地，从地铁空白到由线成网……郑州，这座欣欣向荣的国际之城，以蓬勃发展的姿态屹立于中原腹地。... 从千年古都到现代新城，从小小郑县到省会郑州，从内陆城市到开放高地，从地铁空白到由线成网……郑州，这座欣欣向荣的国际之城，以蓬勃发展的姿态屹立于中原腹地。,2025-12-24
102,ZZM_CN_8af169a4b037,zzmetro.cn,2022-09-11 12:00:00,2022-09-11 12:00:00,【喜迎二十大•奋进在郑州】风华“郑”茂  夜经济点燃城市烟火 地铁作为串联郑州各区域的“血管”，加快了郑州的运转，加速郑州人前进的脚步。在城市轨道交通加持下，郑州的夜逐渐恢复生机。当夜经济成为当下的潮流，城市烟火气渐浓，城市更加美好，散发无限潜力。... 地铁作为串联郑州各区域的“血管”，加快了郑州的运转，加速郑州人前进的脚步。在城市轨道交通加持下，郑州的夜逐渐恢复生机。当夜经济成为当下的潮流，城,2025-12-24
103,ZZM_CN_4b011a28ba2d,zzmetro.cn,2022-09-08 12:00:00,2022-09-08 12:00:00,郑州市轨道交通郑州机场至许昌市域铁路工程今日起空载试运行 10时16分，随着列车从港区北车辆段鸣笛出发，向许昌东站方向驶去，标志着郑州机场至许昌市域铁路工程联调联试工作结束，开始空载试运行。... 10时16分，随着列车从港区北车辆段鸣笛出发，向许昌东站方向驶去，标志着郑州机场至许昌市域铁路工程联调联试工作结束，开始空载试运行。,2025-12-24
104,ZZM_CN_d16ba3084968,zzmetro.cn,2022-09-05 15:10:00,2022-09-05 15:00:00,【喜迎二十大•奋进在郑州】内通外联，“枢纽+”助推国家中心城市现代化建设——枢纽经济先行区 郑州，这座昔日被火车唤醒的古都，凭借强大的交通枢纽优势，成为衔接全国和世界各地经济交流的中枢之地和开放之城。... 郑州，这座昔日被火车唤醒的古都，凭借强大的交通枢纽优势，成为衔接全国和世界各地经济交流的中枢之地和开放之城。,2025-12-24
105,ZZM_CN_46dd222b00cb,zzmetro.cn,2022-08-22 09:00:00,2022-08-22 09:00:00,“喜迎二十大 奋进在郑州”网络主题宣传活动启动 8月22日，由河南省委网信办、郑州市委宣传部指导，郑州市委网信办、郑州市国资委、郑州地铁集团有限公司主办，凤凰网河南频道承办的“喜迎二十大 奋进在郑州”网络主题宣传活动启动，以“人、地铁、城市”为主脉络，通过主题系列视频，多角度、多层次、全方位讲述郑州在“当好国家队、提升国际化、引领现代化河南建设”中的奋进故事，为城市“添彩”，为郑州“立言”，献礼党,2025-12-24
106,ZZM_CN_fef148e32738,zzmetro.cn,2022-07-29 17:27:00,2022-07-29 17:00:00,市委第七巡察组专项巡察郑州地铁集团党委“7•20”特大暴雨灾害问题整改情况反馈会召开 7月27日，郑州市委第七巡察组专项巡察公司“ 7·20 ”特大暴雨灾害问题整改情况反馈会召开。市委第七巡察组副组长杨庆利代表巡察组反馈意见，市委第七巡察组组长韩定乾出席会议并讲话，公司党委副书记、总经理杨勇主持会议并作表态发言。... 7月27日，郑州市委第七巡察组专项巡察公司“ 7·20 ”特大暴雨灾害问题整改,2025-12-24
107,ZZM_CN_a3fb2ea56608,zzmetro.cn,2022-07-13 11:00:00,2022-07-13 11:00:00,商都印记 情满绿城  “郑好回忆”主题展览开启 地铁是城市的文化窗口，为进一步传承展示城市文化、中原文化的艺术魅力，让郑州城市生活更具魅力。7月13日上午，郑州地铁集团联合河南报业集团举办的“郑好回忆”主题展览开幕式在地铁1号线绿城广场站C口浓情开启。... 地铁是城市的文化窗口，为进一步传承展示城市文化、中原文化的艺术魅力，让郑州城市生活更具魅力。7月13日上午，郑州地铁集团联合河南报业集团举办,2025-12-24
108,ZZM_CN_bace27c9df77,zzmetro.cn,2022-07-05 15:27:00,2022-07-05 15:00:00,“郑州轨道交通BIM全生命周期管理示范工程”启动会暨开题会顺利召开 近日，在中国城市轨道交通协会的指导下，郑州地铁集团有限公司组织召开“郑州轨道交通BIM全生命周期管理示范工程”启动会暨开题会，推动示范工程的顺利实施，落实相关部署要求。... 近日，在中国城市轨道交通协会的指导下，郑州地铁集团有限公司组织召开“郑州轨道交通BIM全生命周期管理示范工程”启动会暨开题会，推动示范工程的顺利实施，落实相,2025-12-24
109,ZZM_CN_2fa46f545aad,zzmetro.cn,2022-07-01 17:19:00,2022-07-01 17:00:00,向阳而生  沐光而行  初心恒志  履践致远——郑州地铁集团党委大型党建情景剧《向着光的方向》正式汇演 历史川流不息，精神代代相传。在党的101周岁之际，郑州地铁集团党委组织策划、精心排演了大型党建情景剧《向着光的方向》，用心用情讲好文化故事，入脑入心传播党的精神。情景剧由运营一线员工自编自演，7月1日分三个场次在郑东车辆段培训学院进行汇演。公司领导班子成员、各级管理人员以及200余名员工代表观看,2025-12-24
110,ZZM_CN_6c627cf4a6c9,zzmetro.cn,2022-06-26 11:08:00,2022-06-26 11:00:00,声明 今日，郑州地铁收到乘客反映有人员通过自媒体发布“因受降雨影响，郑州地铁5号线将于6月26日临时停运，27号首班车起恢复运营”虚假信息。郑州地铁郑重声明：郑州地铁运营正常，未发布过线路停运信息。对上述制造、散布虚假运营信息，扰乱运营秩序、损害郑州地铁声誉的已向公安机关报警，并保留对制造传播谣言采取进一步法律措施。,2025-12-24
111,ZZM_CN_af2a7f46dd25,zzmetro.cn,2022-06-19 21:25:00,2022-06-19 21:00:00,城郊铁路6月20日起延伸至郑州航空港站 郑州市轨道交通城郊铁路二期工程（以下简称城郊铁路二期工程）近日成功通过初期运营前安全评估，定于6月20日6点整初期运营，城郊铁路延伸至郑州航空港站。... 郑州市轨道交通城郊铁路二期工程（以下简称城郊铁路二期工程）近日成功通过初期运营前安全评估，定于6月20日6点整初期运营，城郊铁路延伸至郑州航空港站。,2025-12-24
112,ZZM_CN_776883150c90,zzmetro.cn,2022-06-06 19:01:00,2022-06-06 19:00:00,市委第七巡察组专项巡察郑州地铁集团党委“7•20”特大暴雨灾害问题整改情况动员会召开 根据市委统一部署，6月6日下午，市委第七巡察组专项巡察郑州地铁集团党委“7•20”特大暴雨灾害问题整改情况动员会召开。市委第七巡察组组长韩定乾作动员讲话，地铁集团党委副书记、总经理杨勇主持会议并作表态发言。... 根据市委统一部署，6月6日下午，市委第七巡察组专项巡察郑州地铁集团党委“7•20”特大暴雨灾害问题整,2025-12-24
113,ZZM_CN_445cef09a996,zzmetro.cn,2022-03-10 13:27:00,2022-03-10 13:00:00,护航乘客安全出行   首批276台“应急救护一体机”已入驻郑州地铁 为提高公共场所现场施救的应急效率和救护能力，打造安全交通枢纽运营模式，3月10日上午，中国红十字基金会“滴滴应急救援项目”郑州地铁应急救护一体机暨数字化应急救护体系启用仪式在1号线紫荆山站举行。中国红十字基金会携手滴滴公益基金会，联合河南省红十字会为郑州地铁分期分批捐赠安装“应急救护一体机”，护航乘客安全出行。... 为提高公共场,2025-12-24
114,ZZM_CN_ac63d74284b5,zzmetro.cn,2022-01-11 10:19:00,2022-01-11 10:00:00,公司召开“能力作风建设年”活动动员部署会 1月7日下午，公司党委召开“能力作风建设年”活动动员部署会，动员公司上下传承伟大建党精神、弘扬郑州地铁“六种精神”、躬身入局抓落实、铆足干劲求突破，巩固提升公司勇于担当、奋勇争先、克难攻坚、改革创新、高效执行的干事创业氛围，为郑州轨道交通事业持续高质量发展提供坚强保证。... 1月7日下午，公司党委召开“能力作风建设年”活动动员部署会，动员公司上下传承伟大,2025-12-24
115,ZZM_CN_b660580d13af,zzmetro.cn,2021-10-28 10:08:00,2021-10-28 10:00:00,郑州市轨道交通6号线一期工程西段今日起空载试运行 10：06，随着郑州轨道交通6号线一期工程西段空载试运行指令的发出，0605号列车从贾峪停车场驶出，标志着郑州市轨道交通6号线一期工程西段启动空载试运行。... 10：06，随着郑州轨道交通6号线一期工程西段空载试运行指令的发出，0605号列车从贾峪停车场驶出，标志着郑州市轨道交通6号线一期工程西段启动空载试运行。,2025-12-24
116,ZZM_CN_c0d3a93e5cd2,zzmetro.cn,2021-10-20 16:05:00,2021-10-20 16:00:00,郑州地铁实现与西安地铁扫码过闸互联互通 “郑州地铁·商易行”APP与“西安地铁”APP轨道交通出行二维码正式实现跨区域互联互通，即日起使用郑州地铁·商易行APP的市民朋友可以在西安地铁直接扫码进出，西安来郑乘客也可使用西安地铁官方APP在郑州地铁扫码乘车。... “郑州地铁·商易行”APP与“西安地铁”APP轨道交通出行二维码正式实现跨区域互联互通，即日起使用郑州地铁·商易行APP的市民朋友可以在,2025-12-24
117,ZZM_CN_d665965840e3,zzmetro.cn,2021-10-15 15:55:00,2021-10-15 15:00:00,郑州市南四环至郑州南站城郊铁路一期工程喜获詹天佑奖 2021年9月27日，从在长沙召开的第十八届中国土木工程詹天佑奖颁奖大会上传来喜讯，郑州市南四环至郑州南站的城郊铁路一期工程荣获詹天佑奖。... 2021年9月27日，从在长沙召开的第十八届中国土木工程詹天佑奖颁奖大会上传来喜讯，郑州市南四环至郑州南站的城郊铁路一期工程荣获詹天佑奖。,2025-12-24
118,ZZM_CN_9f00be159687,zzmetro.cn,2021-09-18 08:00:00,2021-09-18 08:00:00,郑州地铁调整运能全力保障乘客节日出行 为应对郑州地铁恢复运营后首个节假日大客流高峰，满足乘客的出行需求，郑州地铁运营单位制定了线网中秋专项运输服务方案，将根据客流情况及时组织备用列车上线运行，适时调整运能，全力保障市民乘客便捷出行。... 为应对郑州地铁恢复运营后首个节假日大客流高峰，满足乘客的出行需求，郑州地铁运营单位制定了线网中秋专项运输服务方案，将根据客流情况及时组织备用列车上线运行，适时调,2025-12-24
119,ZZM_CN_609552efac4f,zzmetro.cn,2021-09-15 06:03:00,2021-09-15 06:00:00,郑州地铁恢复线网载客运营 今日6时，郑州地铁2号线二期（贾河站至刘庄站）、3号线、4号线、5号线恢复载客运营。... 今日6时，郑州地铁2号线二期（贾河站至刘庄站）、3号线、4号线、5号线恢复载客运营。,2025-12-24
120,ZZM_CN_dff807eeb55e,zzmetro.cn,2021-09-14 19:28:00,2021-09-14 19:00:00,郑州第二批地铁线路定于15日恢复载客运营 9月15日6时起，由郑州地铁运营分公司运营的2号线二期（贾河站至刘庄站）、4号线、5号线将恢复载客运营，郑州中建深铁公司运营的3号线同日恢复载客运营。... 9月15日6时起，由郑州地铁运营分公司运营的2号线二期（贾河站至刘庄站）、4号线、5号线将恢复载客运营，郑州中建深铁公司运营的3号线同日恢复载客运营。,2025-12-24
121,ZZM_CN_9dab48cf0182,zzmetro.cn,2021-09-13 15:16:00,2021-09-13 15:00:00,郑州地铁恢复载客运营秩序良好 9月12日，郑州地铁3条线路顺利实现载客运营。恢复运营首日，1号线、2号线一期（刘庄站至南四环站）、城郊线3条线路开行列车670列次，客运图兑现率和列车正点率均为100%，运送乘客31.08万人次，运营秩序良好。... 9月12日，郑州地铁3条线路顺利实现载客运营。恢复运营首日，1号线、2号线一期（刘庄站至南四环站）、城郊线3条线路开行列车670列次，客运图兑现率和列,2025-12-24
122,ZZM_CN_3b85db1aba0b,zzmetro.cn,2021-09-12 08:16:00,2021-09-12 08:00:00,郑州地铁首批3条线路恢复载客运营 9月12日6时，郑州地铁1号线、2号线一期（刘庄站至南四环站）、城郊线准点载客始发，标志郑州地铁首批恢复运营3条线路顺利实现载客运营。... 9月12日6时，郑州地铁1号线、2号线一期（刘庄站至南四环站）、城郊线准点载客始发，标志郑州地铁首批恢复运营3条线路顺利实现载客运营。,2025-12-24
123,ZZM_CN_2c84c12b91b1,zzmetro.cn,2021-09-08 08:57:00,2021-09-08 08:00:00,郑州地铁定于9月12日起陆续恢复载客运营 因“7•20”特大暴雨灾害全线网停运的郑州地铁，定于9月12日6时起陆续恢复载客运营。,2025-12-24
124,ZZM_CN_a3dcee745f2b,zzmetro.cn,2021-08-27 21:55:00,2021-08-27 21:00:00,郑州地铁5条运营线路有望月底前陆续恢复运营 8月27日，郑州地铁1号线、2号线一期和城郊铁路3条线路顺利完成了由郑州市政府交通主管部门委托的安全运营评估单位组织的恢复运营专项安全评估。... 8月27日，郑州地铁1号线、2号线一期和城郊铁路3条线路顺利完成了由郑州市政府交通主管部门委托的安全运营评估单位组织的恢复运营专项安全评估。,2025-12-24
125,ZZM_CN_33c556cccca0,zzmetro.cn,2021-08-19 11:38:00,2021-08-19 11:00:00,郑州地铁5条线路实现或恢复空载运行 郑州地铁运营的1号线、2号线及城郊铁路一期、4号线、 5号线实现或恢复空载运行。... 郑州地铁运营的1号线、2号线及城郊铁路一期、4号线、 5号线实现或恢复空载运行。,2025-12-24
126,ZZM_CN_ee100f820f13,zzmetro.cn,2021-08-04 17:55:00,2021-08-04 17:00:00,因疫情防控需要 郑州地铁1号线暂停空载运行 根据当前郑州市新冠肺炎疫情防控需要，为落实好封控区人员“只进不出、严禁聚集”的疫情防控要求，自8月4日6:00起，郑州地铁1号线暂停空载运行。... 根据当前郑州市新冠肺炎疫情防控需要，为落实好封控区人员“只进不出、严禁聚集”的疫情防控要求，自8月4日6:00起，郑州地铁1号线暂停空载运行。,2025-12-24
127,ZZM_CN_ce65b9545af1,zzmetro.cn,2021-08-04 10:13:00,2021-08-04 10:00:00,因疫情防控需要 郑州地铁2号线一期暂停空载运行 根据郑州市新冠肺炎疫情防控领导小组办公室发布的《关于调整封控区的通告（2021年11号）》规定，嵩山路以东、紫荆山路以西、陇海路以南、环翠路以北区域调整为封控区。由于地铁2号线陇海东路、二里岗、南五里堡、花寨、南三环、站马屯6个车站处于上述封控区范围内，为落实好封控区人员“只进不出、严禁聚集”的疫情防控要求，自8月3日16:00起，2号线一期暂停空载,2025-12-24
128,ZZM_CN_4776b7ae33af,zzmetro.cn,2021-08-01 14:53:00,2021-08-01 14:00:00,郑州轨道交通2号线一期及城郊线实现贯通空载运行 8月1日6：00开始，郑州轨道交通2号线一期及城郊线实现贯通空载运行。... 8月1日6：00开始，郑州轨道交通2号线一期及城郊线实现贯通空载运行。,2025-12-24
129,ZZM_CN_3d4745a0861f,zzmetro.cn,2021-08-01 09:28:00,2021-08-01 09:00:00,郑州轨道交通1号线首日恢复空载运行状态良好 郑州轨道交通1号线在7•20特大暴雨灾害后经过10天全力排险抢修，于7月31日实现空载运行。空载运行首日执行Z01113时刻表，空载运行期间开行列车439 列次，高峰上线列车42列、行车间隔2分50秒，平峰上线列车22列、行车间隔6分55秒。空载运行期间，列车正点率100%，行车图兑现率100%，未发生影响运行安全、准点率的故障。... 郑州轨道交通1号,2025-12-24
130,ZZM_CN_d45c6d92c060,zzmetro.cn,2021-07-31 10:01:00,2021-07-31 10:00:00,郑州地铁全线停运10天后  1号线今日实现空载运行 7月31日，郑州地铁1号线开始空载运行。... 7月31日，郑州地铁1号线开始空载运行。,2025-12-24
131,ZZM_CN_f2102c21deff,zzmetro.cn,2021-07-30 10:55:00,2021-07-30 10:00:00,沉痛哀悼“7·20”特大暴雨被困电客车罹难乘客 7月30日上午，公司领导班子成员、中层管理人员、员工代表和现场群众，怀着极其沉痛的心情在沙口路站B1出入口静默肃立，在深深三鞠躬后敬献上手中鲜花，沉痛哀悼“7·20”特大暴雨灾害被困电客车罹难乘客。... 7月30日上午，公司领导班子成员、中层管理人员、员工代表和现场群众，怀着极其沉痛的心情在沙口路站B1出入口静默肃立，在深深三鞠躬后敬献上手中鲜花，,2025-12-24
132,ZZM_CN_e11296e7f71c,zzmetro.cn,2021-07-28 20:11:00,2021-07-28 20:00:00,众志成城 全国多家兄弟单位驰援郑州地铁 近日，郑州市遭遇罕见特大暴雨，导致郑州地铁全网停运，运营设施设备损坏严重。从7月22日开始，广州、上海、深圳等多家地铁兄弟单位陆续驰援郑州。... 近日，郑州市遭遇罕见特大暴雨，导致郑州地铁全网停运，运营设施设备损坏严重。从7月22日开始，广州、上海、深圳等多家地铁兄弟单位陆续驰援郑州。,2025-12-24
133,ZZM_CN_ce88ed60d7a7,zzmetro.cn,2021-07-27 21:03:00,2021-07-27 21:00:00,7.20特大暴雨灾害致14名地铁乘客遇难 郑州市7.20特大暴雨灾害致郑州地铁5号线14名乘客不幸遇难。... 郑州市7.20特大暴雨灾害致郑州地铁5号线14名乘客不幸遇难。,2025-12-24
134,ZZM_CN_e9e9a154622f,zzmetro.cn,2021-07-21 18:25:00,2021-07-21 18:00:00,5号线一列车因特大暴雨被困区间，500余名乘客获救，12人不幸罹难 7月20日，郑州市突降罕见特大暴雨，造成郑州地铁5号线五龙口停车场及其周边区域发生严重积水现象，18时许，积水冲垮出入场线挡水墙进入正线区间，造成郑州地铁5号线一列车在沙口路站—海滩寺站区间内迫停，500余名乘客被困。在地铁员工、应急救援队、公安干警、解放军指战员、义务救援队及热心乘客的共同努力下，共解救乘客500余名，12名乘客,2025-12-24
135,ZZM_CN_b051516c1997,zzmetro.cn,2021-07-20 18:19:00,2021-07-20 18:00:00,郑州地铁在建12号线龙子湖西站发生涌水险情 无人员伤亡 受持续强降雨影响，7月20日，郑东新区平安大道与龙子湖西路附近在建地铁12号线龙子湖地铁站周边发生道路坍塌，道路坍塌造成市政自来水、雨水管道断裂，道路积水及自来水涌入施工基坑，施工单位人员全部安全撤离，无人员伤亡。... 受持续强降雨影响，7月20日，郑东新区平安大道与龙子湖西路附近在建地铁12号线龙子湖地铁站周边发生道路坍塌，道路坍塌造成市,2025-12-24
136,ZZM_CN_6c234f58b687,zzmetro.cn,2021-06-30 09:05:00,2021-06-30 09:00:00,百炼成钢 百年辉煌 ——郑州地铁推出庆祝中国共产党建党100周年珍藏纪念票 为回顾中国共产党成立100周年以来走过的光辉历程，根据中共郑州地铁集团有限公司委员会“学党史教育 庆百年华诞”庆祝建党100周年活动部署，郑州地铁特别设计制作了郑州地铁“庆祝建党100周年计次纪念票”，以中国共产党的伟大精神为坐标，再现百年大党的光辉历程和伟大成就。... 为回顾中国共产党成立100周年以来走过的光辉历程，,2025-12-24
137,ZZM_CN_6fbfe67c39dc,zzmetro.cn,2021-06-25 13:11:00,2021-06-25 13:00:00,献礼百年华诞 为每一个了不起的你点赞 郑州地铁集团党委情景党课正式开演 舞蹈、音乐、情景剧、舞台剧……这不是一场普通的文艺演出，而是一场别出心裁的党课。近日，郑州地铁集团党委“庆祝中国共产党建党100周年 每个人都了不起” 情景音乐党课正式开演。这是中共郑州地铁集团有限公司委员会“学党史教育 庆百年华诞”庆祝建党100周年十大活动的重要内容之一。... 舞蹈、音乐、情景剧、舞台剧……这不是一场普通,2025-12-24
138,ZZM_CN_0c386d44106f,zzmetro.cn,2021-05-27 16:13:00,2021-05-27 16:00:00,公司工会第一届第四次会员代表大会暨 公司第一届第三次职代会圆满召开 5月24日上午，公司工会第一届第四次会员代表大会暨公司第一届第三次职代会在集团公司调度中心25楼会议室召开，公司领导班子成员及公司职工（会员）代表130余人参加了此次会议。会议由公司工会主席王世伟主持。... 5月24日上午，公司工会第一届第四次会员代表大会暨公司第一届第三次职代会在集团公司调度中心25楼会议室召开，公司领导班子成,2025-12-24
139,ZZM_CN_f7dc12ed5539,zzmetro.cn,2021-05-20 10:21:00,2021-05-20 10:00:00,第三届中国城市轨道交通科技创新创业大赛全国启动 5月13日，第三届中国城市轨道交通科技创新创业大赛面向全国正式启动报名，本届大赛以“创新融合，绿色发展”为主题，聚焦轨道交通投资、建设、运营全生命周期过程中的关键技术，面向全国范围内城市轨道交通及相关行业内的高校、企业征集优质创新项目。本届大赛共设北部、东部、南部和西部四大赛区，在未来半年时间内，大赛将进行项目征集及初筛、分赛区复赛、全国总决赛等系列,2025-12-24
140,ZZM_CN_ebfd5712e8ef,zzmetro.cn,2021-05-10 15:35:00,2021-05-10 15:00:00,守正创新  担当作为  奋力书写宣传工作优秀答卷 公司召开第二季度意识形态分析研判会 暨2020年“十佳通讯员”表彰、2021年通讯员专题培训会 5月8日下午2时，公司在调度中心25楼会议室组织召开了第二季度意识形态分析研判会暨2020年“十佳通讯员”表彰、2021年通讯员专题培训会。公司党委副书记张军出席会议并讲话。会议由党群工作部部长管淑娟主持，党群工作部和运营分公司相关部门负责人，以及各单位,2025-12-24
141,ZZM_CN_bba1b946124a,zzmetro.cn,2021-04-30 23:05:00,2021-04-30 23:00:00,市委党史学习教育领导小组办公室常务副主任徐西平一行调研郑州地铁集团党史学习教育 工作开展情况 4月29日下午，市委党史学习教育领导小组办公室常务副主任徐西平、市委宣传部理论处处长赵冰、市国资委党史学习教育领导小组副组长、办公室主任牛长现一行到郑州地铁集团实地调研党史学习教育工作开展情况。公司党委副书记张军陪同。... 4月29日下午，市委党史学习教育领导小组办公室常务副主任徐西平、市委宣传部理论处,2025-12-24
142,ZZM_CN_dcce0c285fd0,zzmetro.cn,2021-04-23 17:10:00,2021-04-23 17:00:00,2021年“书香地铁 阅享中原”公益倡读系列活动正式启动 为庆祝中国共产党建党一百周年，深入开展党史学习教育，在第26个世界读书日来临之际，由郑州地铁集团、河南省新闻出版局、河南日报报业集团、中原出版传媒集团联合主办的2021“书香地铁 阅享中原”公益倡读系列活动正式启动，通过一系列创新设计为乘客送上一路“书香”。... 为庆祝中国共产党建党一百周年，深入开展党史学习教育，在第26个世界读书日来临,2025-12-24
143,ZZM_CN_b1e75441fb4e,zzmetro.cn,2021-04-08 16:18:00,2021-04-08 16:00:00,“学党史 庆百年——坐着地铁看郑州” 网络主题系列活动启动仪式在紫荆山地铁站举行 丈量郑州地铁，感受城市脉动。4月8日，由河南省委网信办、郑州市宣传部指导，郑州市委网信办、郑州市国资委、郑州地铁集团有限公司主办的“学党史 庆百年——坐着地铁看郑州”网络主题系列活动在紫荆山地铁站启动。本次活动旨在全面展示郑州近年来的经济、文化、生态环境等各方面的飞速发展，用昂扬姿态奋力书写“轨道上的都市”的华美篇章,2025-12-24
144,ZZM_CN_9f62368bf1c8,zzmetro.cn,2021-03-23 09:58:00,2021-03-23 09:00:00,《郑州轨道交通BIM全生命周期管理示范工程可行性报告》顺利通过专家评审 3月18日下午，由中国城市轨道交通协会主办的《郑州轨道交通BIM全生命周期管理示范工程可行性报告》评审会在公司召开。... 3月18日下午，由中国城市轨道交通协会主办的《郑州轨道交通BIM全生命周期管理示范工程可行性报告》评审会在公司召开。,2025-12-24
145,ZZM_CN_5c51dd75edd3,zzmetro.cn,2021-02-25 18:00:00,2021-02-25 18:00:00,郑州地铁牛年生肖纪念票发行 金牛贺岁，五福祥瑞。在新春佳节到来之际，郑州地铁牛年《牛气冲天》水墨生肖纪念票面向社会公开发行。丑年为大，大哉开元，本次牛年生肖纪念票采取传统中国水墨画风格，画中吉祥牛儿带着瑞气、携着财气给大家送福。每套纪念册内含两张票卡，每张票卡全线网可乘车10次，使用有效期至2022年6月30日，售价136元/套。乘客可通过郑州地铁淘宝文化纪念品官方店、微信地铁文创荟商城购买。..,2025-12-24
146,ZZM_CN_5cc52371cfbd,zzmetro.cn,2021-02-25 17:28:00,2021-02-25 17:00:00,公司领导实地察看3号线一期剩余工程 推进情况 2月19日，公司党委领导带领项目管理部、技术管理部、征迁工作部相关负责人实地察看3号线一期凤凰台站、东大街站、人民公园站、南阳新村站等7个站点剩余附属结构、还路于民和绿化工作推进情况。... 2月19日，公司党委领导带领项目管理部、技术管理部、征迁工作部相关负责人实地察看3号线一期凤凰台站、东大街站、人民公园站、南阳新村站等7个站点剩余附属结构、还路于,2025-12-24
147,ZZM_CN_af648fa3403c,zzmetro.cn,2021-02-25 17:17:00,2021-02-25 17:00:00,公司举行2021年春节升旗仪式暨 郑州市平安建设基层创建示范单位揭牌仪式 2月18日，公司在调度中心办公楼前举行升旗仪式暨2019—2021年度郑州市平安建设基层创建示范单位揭牌仪式。... 2月18日，公司在调度中心办公楼前举行升旗仪式暨2019—2021年度郑州市平安建设基层创建示范单位揭牌仪式。,2025-12-24
148,ZZM_CN_a491cde6be3e,zzmetro.cn,2021-02-07 09:17:00,2021-02-07 09:00:00,公司与宜家合作发行计次纪念票 ...,2025-12-24
149,ZZM_CN_0953d1fa6b10,zzmetro.cn,2021-01-14 17:18:00,2021-01-14 17:00:00,郑州地铁与郑州大学合作协议签署暨 省级、市级轨道交通大数据与人工智能工程技术研究中心揭牌 1月13日，郑州地铁与郑州大学合作协议签署暨省级、市级轨道交通大数据与人工智能工程技术研究中心（以下简称“研究中心”）揭牌仪式在郑州地铁集团有限公司举行。省科技厅、郑州大学、市科技局、市大数据局、郑东新区经发局、河南省大数据研究院等多家单位领导及郑州地铁战略合作企业代表参加仪式。... 1月13日，郑州地铁与,2025-12-24
150,ZZM_CN_15fa2ea09641,zzmetro.cn,2021-01-04 17:05:00,2021-01-04 17:00:00,厚德载道 匠心铸造智慧线 行稳致远 不负韶华再出发 ——致社会各界和广大市民的感谢信 尊敬的社会各界和广大市民朋友：,2025-12-24
151,ZZM_CN_1bcb6ef33930,zzmetro.cn,2020-12-29 18:12:00,2020-12-29 18:00:00,郑州地铁4号线正式开门载客！文化地铁“闪”耀商都！ 2020年12月26日，郑州地铁4号线正式开门载客！在这条倒“L”线路上，郑州地铁打造郑州地铁博物站，通过公共文化平台的搭建，让郑州“文化地铁”品牌成为城市文化的名片，在公共空间传承文化经典，为更加美好的城市出行注入新的活力。... 2020年12月26日，郑州地铁4号线正式开门载客！在这条倒“L”线路上，郑州地铁打造郑州地铁博物站，通过公共文化,2025-12-24
152,ZZM_CN_c75aea5d0813,zzmetro.cn,2020-12-28 17:24:00,2020-12-28 17:00:00,“蓝”“桔”共放    双线齐发  郑州市轨道交通3号线一期、4号线开门迎客 时值隆冬，寒笼大地，郑州市轨道交通3号线一期和4号线换乘站省体育中心站站厅层内，却是一派热闹祥和的景象。 “我宣布：郑州市轨道交通3号线一期和4号线初期运营——开始”，随着市委副书记侯红下达初期运营命令，广大郑州市民期盼已久的“盛世桔”（3号线一期）和“科技蓝”（4号线）正式加入郑州轨道交通的大家庭。... 时值隆冬，寒,2025-12-24
153,ZZM_CN_076655d5e202,zzmetro.cn,2020-12-28 17:21:00,2020-12-28 17:00:00,“豫见民法典 典亮新生活” ——郑州地铁“民法典号”专列上线 12月25日上午10点，郑州地铁集团有限公司在1号线车辆段召开“民法典号”专列启动仪式。公司党委书记、董事长、总经理张洲，党委委员、纪委书记郑爱民，党委委员、总经理助理李亚军，员工代表以及新闻界媒体人士约100人参加了启动仪式。市委常委、政法委书记于东辉，省司法厅党委委员、副厅长鲁建学以及省市有关单位领导同志出席了启动仪式。... 12,2025-12-24
154,ZZM_CN_6da6451acfdc,zzmetro.cn,2020-12-26 17:15:00,2020-12-26 17:00:00,搭载文化引擎 地铁别样精彩 12月26日上午，郑州地铁4号线七里河站地铁站人头攒动，来自郑州地铁集团有限公司的33名文艺轻骑兵，在此开展了郑州地铁出入口文化节的首演活动。曲风悠扬的中华传统民乐合奏、激情满满的现代摇滚歌曲、昂扬向上的时尚动感舞、博采众长的西洋乐合奏等，管弦交替、中西合璧、主题鲜明、格调高雅，伴随着乘客们的掌声、欢呼声、赞叹声，今天的郑州地铁更加凸显了“文艺范儿”。,2025-12-24
155,ZZM_CN_71bfba29eb4e,zzmetro.cn,2020-12-23 18:17:00,2020-12-23 18:00:00,徐立毅调研轨道交通建设工作 强调加快建设“轨道上的都市”引领城市结构优化发展提质 12月12日，省委常委、市委书记徐立毅围绕“十四五”轨道交通建设工作进行专题调研，强调要深入贯彻落实党的十九届五中全会精神，坚持新发展理念，围绕建设国家中心城市目标，大力推进轨道交通建设，加快打造“轨道上的都市”，以现代化交通体系支撑城市现代化发展，实现城市结构优化、发展方式转变和质量提升。... 12月12日，省委,2025-12-24
156,ZZM_CN_662a5a361bc3,zzmetro.cn,2020-12-23 18:16:00,2020-12-23 18:00:00,市人大常委会主任胡荃一行调研 市重点民生实事落实情况 12月16日上午，市人大常委会主任胡荃带领市人大常委会组成人员和部分市人大代表一行30人，在副市长吴福民等相关领导的陪同下，前往4号线实地察看市重点民生实事落实情况。... 12月16日上午，市人大常委会主任胡荃带领市人大常委会组成人员和部分市人大代表一行30人，在副市长吴福民等相关领导的陪同下，前往4号线实地察看市重点民生实事落实情况。,2025-12-24
157,ZZM_CN_2a92d44dc4de,zzmetro.cn,2020-12-23 18:13:00,2020-12-23 18:00:00,郑州市政协党组书记、主席张延明一行 视察郑州地铁 12月18日上午，郑州市政协党组书记、主席张延明带领部分住郑全国、省、市三级政协委员代表一行37人视察地铁建设工作。公司领导张洲、张军、李亚军陪同调研。... 12月18日上午，郑州市政协党组书记、主席张延明带领部分住郑全国、省、市三级政协委员代表一行37人视察地铁建设工作。公司领导张洲、张军、李亚军陪同调研。,2025-12-24
158,ZZM_CN_bc0b0b87d12b,zzmetro.cn,2020-12-19 15:33:00,2020-12-19 15:00:00,心启科技，蓝耀四方！郑州市轨道交通4号线邀您试乘！ 在广大市民朋友的热切期盼下，郑州市轨道交通4号线以最高标准通过初期运营前安全评估，完成了线路开通前最重要的检验，现诚邀市民朋友试乘，与最美科技蓝线美好相遇。,2025-12-24
159,ZZM_CN_8a913141949e,zzmetro.cn,2020-12-02 12:31:00,2020-12-02 12:00:00,争做奋斗者 建功新征程 —郑州市第十七届职工技术运动会城市轨道交通技能竞赛顺利开幕 ...,2025-12-24
160,ZZM_CN_36e61f45c1a3,zzmetro.cn,2020-12-01 16:55:00,2020-12-01 16:00:00,公司领导实地察看3号线一期工程建设情况 11月16日，公司领导及工程项目管理部、征迁工作部等部门相关负责人实地察看3号线一期工程营岗站、西周站、东大街站、二七广场站等7座车站建设、还路、绿化工作推进情况。 ... 11月16日，公司领导及工程项目管理部、征迁工作部等部门相关负责人实地察看3号线一期工程营岗站、西周站、东大街站、二七广场站等7座车站建设、还路、绿化工作推进情况。,2025-12-24
161,ZZM_CN_d8f3bdf029af,zzmetro.cn,2020-11-10 09:28:00,2020-11-10 09:00:00,北京理工大学国企党建工作调研组 来公司调研党建创新工作 11月5日，北京理工大学马克思主义学院党委书记、院长刘存福、副院长刘新刚等一行三人，来公司调研党建创新工作。市国资委党委书记、主任李秀山，党委副书记黄名坤，公司党委书记、董事长、总经理张洲一同调研。... 11月5日，北京理工大学马克思主义学院党委书记、院长刘存福、副院长刘新刚等一行三人，来公司调研党建创新工作。市国资委党委书记、主任李秀山，,2025-12-24
162,ZZM_CN_44e8ce6d21dd,zzmetro.cn,2020-11-06 10:26:00,2020-11-06 10:00:00,公司工会参加第十六届全国城市轨道交通企业工会联委会年会 ...,2025-12-24
163,ZZM_CN_0ea730786f9d,zzmetro.cn,2020-10-21 11:32:00,2020-10-21 11:00:00,坝道工程医院郑州地铁分院揭牌成立 坝道工程医院郑州地铁分院揭牌成立... 坝道工程医院郑州地铁分院揭牌成立,2025-12-24
164,ZZM_CN_88c25e5c1d1a,zzmetro.cn,2020-10-10 16:05:00,2020-10-10 16:00:00,庆国庆共致爱国情 勇奋斗熔铸地铁梦 ——公司举行2020年国庆升旗仪式 在新中国成立71周年之际，为弘扬爱国主义精神，进一步激发公司员工爱国爱党爱企情怀。10月9日上午，公司在调度中心办公楼前举行庄严神圣的升旗仪式。... 在新中国成立71周年之际，为弘扬爱国主义精神，进一步激发公司员工爱国爱党爱企情怀。10月9日上午，公司在调度中心办公楼前举行庄严神圣的升旗仪式。,2025-12-24
165,ZZM_CN_c0073a331a1d,zzmetro.cn,2020-09-27 13:15:00,2020-09-27 13:00:00,郑州地铁推出“龙卡郑州地铁商易行IC信用卡” 郑州地铁集团携手中国建设银行河南省分行，联合推出“龙卡郑州地铁商易行IC信用卡”... 郑州地铁集团携手中国建设银行河南省分行，联合推出“龙卡郑州地铁商易行IC信用卡”,2025-12-24
166,ZZM_CN_8468a7e52176,zzmetro.cn,2020-09-25 11:18:00,2020-09-25 11:00:00,郑州地铁发行鼠年中秋纪念票 郑州地铁鼠年中秋纪念票对外发行。本次纪念票采取“新国风”风格，以“月满中秋  花好月圆”为主题，融入明月、山河剪影等元素，古韵悠长，典雅庄重。... 郑州地铁鼠年中秋纪念票对外发行。本次纪念票采取“新国风”风格，以“月满中秋  花好月圆”为主题，融入明月、山河剪影等元素，古韵悠长，典雅庄重。,2025-12-24
167,ZZM_CN_4f2512ab2f58,zzmetro.cn,2020-09-09 15:59:00,2020-09-09 15:00:00,郑州市轨道交通4号线工程今起空载试运行 今天（2020年9月9日）上午，随着试运行指令的发出，郑州市轨道交通4号线工程（以下简称4号线）迎来关键节点——空载试运行，为实现2020年底高质量初期运营奠定了坚实基础。... 今天（2020年9月9日）上午，随着试运行指令的发出，郑州市轨道交通4号线工程（以下简称4号线）迎来关键节点——空载试运行，为实现2020年底高质量初期运营奠定了坚实基础。,2025-12-24
168,ZZM_CN_65f38c453e50,zzmetro.cn,2020-08-28 14:26:00,2020-08-28 14:00:00,新款纪念品点亮地铁文创之旅 近日，资源经营管理部推出《无远弗届》——文创办公雅品系列和《宁静致远》——文创乐享生活系列文化纪念品，创新性开启了郑州地铁文创产业纪念品新类别。... 近日，资源经营管理部推出《无远弗届》——文创办公雅品系列和《宁静致远》——文创乐享生活系列文化纪念品，创新性开启了郑州地铁文创产业纪念品新类别。,2025-12-24
169,ZZM_CN_222789e4170d,zzmetro.cn,2020-08-28 14:17:00,2020-08-28 14:00:00,2020年（第七届）中国城市轨道交通节能技术大会在郑州圆满召开 2020年（第七届）中国城市轨道交通节能技术大会于8月13日~14日在郑州隆重举行，来自城市轨道交通行业业主单位、设计院、科研院校、集成商以及设备厂商的600余名嘉宾齐聚一堂，共同探讨城市轨道交通节能现状、技术应用及发展。... 2020年（第七届）中国城市轨道交通节能技术大会于8月13日~14日在郑州隆重举行，来自城市轨道交通行业业,2025-12-24
170,ZZM_CN_a8aaffad845c,zzmetro.cn,2020-08-21 12:33:00,2020-08-21 12:00:00,第二届“学习强国”河南省千万学员万场答题挑战赛郑州市国资系统初赛成功举办 为充分发挥“学习强国”平台的学习载体作用，进一步提高广大党员干部群众学习积极性，8月14日下午，由公司党委承办的第二届“学习强国”河南省千万学员万场答题挑战赛郑州市国资系统初赛在公司调度中心25楼会议室举行。... 为充分发挥“学习强国”平台的学习载体作用，进一步提高广大党员干部群众学习积极性，8月14日下午，由公司党委承办,2025-12-24
171,ZZM_CN_eb75605be7a5,zzmetro.cn,2020-08-04 17:33:00,2020-08-04 17:00:00,公司领导实地察看3号线一期工程建设进展及还路工作推进情况 8月4日，公司领导带领工程建设项目管理部、技术管理部、质量安全监察部和征迁工作部等相关部门负责人实地察看郑州市轨道交通3号线一期工程建设进展及还路工作推进情况。... 8月4日，公司领导带领工程建设项目管理部、技术管理部、质量安全监察部和征迁工作部等相关部门负责人实地察看郑州市轨道交通3号线一期工程建设进展及还路工作推进情况。,2025-12-24
172,ZZM_CN_26eac1f7adec,zzmetro.cn,2020-08-04 17:32:00,2020-08-04 17:00:00,郑州地铁•商易行APP接入城轨易行平台 实现跨区域互联互通 8月4日，郑州地铁•商易行APP正式接入城轨易行平台，郑州地铁与福州、南昌、苏州、无锡、常州5座城市的轨道交通出行二维码相连接，实现跨区域互联互通。这是郑州市承载国家中心城市建设、黄河流域生态保护和高质量发展机遇，与长江经济带深度对接又一项新举措。... 8月4日，郑州地铁•商易行APP正式接入城轨易行平台，郑州地铁与福州、南昌、苏州、无,2025-12-24
173,ZZM_CN_a4798fa54b5e,zzmetro.cn,2020-07-31 15:11:00,2020-07-31 15:00:00,发现郑州地铁里的文化流光——1号线篇 地铁站各具特色的文化墙成为了一个城市的文化名片，就像流动的博物馆。每条线路每座车站的文化墙都有着不同的特色。1号线作为郑州第一条开通运营的线路车站设计各具特色，特别是10个含有文化墙的车站成为了乘客的“网红站”。... 地铁站各具特色的文化墙成为了一个城市的文化名片，就像流动的博物馆。每条线路每座车站的文化墙都有着不同的特色。1号线作为郑州第一条开通运营的线路,2025-12-24
174,ZZM_CN_3d37c0a647f4,zzmetro.cn,2020-07-24 12:28:00,2020-07-24 12:00:00,公司举办省级文明单位揭牌仪式 7月21日上午，公司在调度中心举办省级文明单位揭牌仪式，公司领导班子成员，集团公司各部门负责人参加。... 7月21日上午，公司在调度中心举办省级文明单位揭牌仪式，公司领导班子成员，集团公司各部门负责人参加。,2025-12-24
175,ZZM_CN_4b22f0a3afa1,zzmetro.cn,2020-07-20 15:14:00,2020-07-20 15:00:00,全民防骗 幸福康宁 地铁防骗宣传周启动仪式在康宁街站举行 7月15日，由郑州市公安局主办、地铁集团承办的“全民防骗 幸福康宁”地铁防骗宣传周启动仪式在地铁5号线康宁街站举行，市打击治理电信网络新型违法犯罪联席会议办公室主任、市公安局党委委员、副局长马会强，公司党委副书记、工会主席张军，市公安局犯罪侦查局党委委员、副局长周玉新，市国资委信访处处长夏建新出席启动仪式，市公安局及郑州地铁志愿者代表50余,2025-12-24
176,ZZM_CN_bc6730deaae4,zzmetro.cn,2020-07-09 17:28:00,2020-07-09 17:00:00,地铁集团配合郑东新区新时代文明实践中心 创新形式 打造地铁站为城市文明新窗口 7月9日上午，郑东新区新时代文明实践中心在郑州东站地铁站举办“郑东新区新时代文明实践宣讲窗”揭幕仪式，“宣讲窗”在郑东新区各地铁站正式投放。郑东新区创卫办副主任聂京现，地铁集团党群工作部、运营分公司相关工作人员参加。... 7月9日上午，郑东新区新时代文明实践中心在郑州东站地铁站举办“郑东新区新时代文明实践宣讲窗”揭幕仪,2025-12-24
177,ZZM_CN_faadb37e8208,zzmetro.cn,2020-06-15 16:30:00,2020-06-15 16:00:00,市2020年第二批重大项目集中 开工仪式在轨道交通6号线一期工程 小营站隆重举行 6月5日，郑州市2020年第二批重大项目集中开工仪式在轨道交通6号线一期工程小营站举行。省委常委、市委书记徐立毅宣布开工，副省长、市长王新伟作重要讲话。公司党委班子成员参加仪式活动。... 6月5日，郑州市2020年第二批重大项目集中开工仪式在轨道交通6号线一期工程小营站举行。省委常委、市委书记徐立毅宣布开工，副省长,2025-12-24
178,ZZM_CN_f31c2a91671d,zzmetro.cn,2020-06-05 16:42:00,2020-06-05 16:00:00,一环同心   绿城有5 5月20日，郑州地铁在5号线市第二人民医院站举办了“一环同心   绿城有5”主题活动。... 5月20日，郑州地铁在5号线市第二人民医院站举办了“一环同心   绿城有5”主题活动。,2025-12-24
179,ZZM_CN_2f388366e95b,zzmetro.cn,2020-05-28 10:27:00,2020-05-28 10:00:00,"李克强到政协与科学家谈到什么,坦言自己""感到不安"" ...",2025-12-24
180,ZZM_CN_b195bfca73a5,zzmetro.cn,2020-05-28 10:23:00,2020-05-28 10:00:00,全国政协十三届三次会议闭幕 ...,2025-12-24
181,ZZM_CN_a941a5998e9d,zzmetro.cn,2020-05-28 10:18:00,2020-05-28 10:00:00,李克强“报告”到这里，接连3次被掌声打断 ...,2025-12-24
182,ZZM_CN_0a7fdc06a68a,zzmetro.cn,2020-05-26 15:13:00,2020-05-26 15:00:00,守住底线 稳中求进——从全国两会看“六稳”“六保”如何发力 ...,2025-12-24
183,ZZM_CN_563e6dc17fbe,zzmetro.cn,2020-05-25 10:20:00,2020-05-25 10:00:00,习近平在参加湖北代表团审议时强调 整体谋划系统重塑全面提升 织牢织密公共卫生防护网 ...,2025-12-24
184,ZZM_CN_af75d5a7e3fe,zzmetro.cn,2020-05-24 21:59:00,2020-05-24 21:00:00,凝心聚力砥砺奋进  迎难而上共克时艰——代表委员审议讨论政府工作报告 ...,2025-12-24
185,ZZM_CN_f19901c50fdc,zzmetro.cn,2020-05-23 23:07:00,2020-05-23 23:00:00,李克强：这笔资金中央一点不留，省里也只做“过路财神” 李克强总理5月23日上午参加十三届全国人大三次会议广西代表团审议时指出，当前有效应对疫情对经济社会发展的冲击，必须更大力度坚持改革开放。总理说，今年政府工作报告中提出，“六保”是“六稳”工作的着力点。守住“六保”底线，就能稳住经济基本盘。而要实现“六保”，就必须扩大改革开放，充分调动市场主体的积极性和创造性，更大激发市场活力。... 李克强总理,2025-12-24
186,ZZM_CN_1d9345528065,zzmetro.cn,2020-05-11 15:18:00,2020-05-11 15:00:00,郑州地铁集团有限公司党委召开学习《习近平给郑州圆方集团全体职工的回信》专题会 5月7日，郑州地铁集团有限公司举行学习贯彻习近平总书记给郑州圆方集团全体职工重要回信精神专题会。会议由公司党委书记、董事长、总经理张洲主持，公司党委副书记、工会主席张军传达学习了《习近平给郑州圆方集团全体职工的回信》及省委市委关于学习贯彻习近平总书记给郑州圆方集团全体职工的重要回信精神，基层党组织主要负责同志分别结合本职,2025-12-24
187,ZZM_CN_9008667fc6d4,zzmetro.cn,2020-04-29 17:38:00,2020-04-29 17:00:00,公司召开2020年精神文明建设暨宣传思想工作会 4月28日上午，公司2020年精神文明建设暨宣传思想工作会在调度中心25楼会议室召开。公司党委副书记张军，精神文明建设相关责任部门负责同志，机关党委各支部宣传委员、运营分公司生产中心党委副书记参加。... 4月28日上午，公司2020年精神文明建设暨宣传思想工作会在调度中心25楼会议室召开。公司党委副书记张军，精神文明建设相关责任部门负责同志，机关党,2025-12-24
188,ZZM_CN_9b0309bd8c69,zzmetro.cn,2020-04-27 16:52:00,2020-04-27 16:00:00,公司员工获评郑州市“文明市民” “文明市民”是郑州市为培育和践行社会主义核心价值观，进一步推动道德建设，提升市民文明素养而开展的月度评选活动，张聪辉是公司第一个被评选为郑州市“文明市民”的员工。,2025-12-24
189,ZZM_CN_bd9e3dab3de7,zzmetro.cn,2020-04-16 11:42:00,2020-04-16 11:00:00,郑州地铁抗疫文创纪念票发售  每套可不限里程免费乘车20次 郑州地铁推出抗疫文创纪念票，向救死扶伤、不辱使命的“逆行者”致以最崇高的敬意。... 郑州地铁推出抗疫文创纪念票，向救死扶伤、不辱使命的“逆行者”致以最崇高的敬意。,2025-12-24
190,ZZM_CN_cee011d16c25,zzmetro.cn,2020-02-24 16:33:00,2020-02-24 16:00:00,公司领导一行检查指导在建线路复工及疫情防控情况 为进一步压实轨道交通在建工程复工和疫情防控工作，2月23日上午，公司领导及相关部门负责人，深入在建工程段（场）、站点，检查指导复工组织及疫情防控措施落实情况。... 为进一步压实轨道交通在建工程复工和疫情防控工作，2月23日上午，公司领导及相关部门负责人，深入在建工程段（场）、站点，检查指导复工组织及疫情防控措施落实情况。,2025-12-24
191,ZZM_CN_ae1cfc48eea7,zzmetro.cn,2020-02-24 09:47:00,2020-02-24 09:00:00,郑州地铁集团有限公司领导至运营分公司段场检查指导疫情防控工作 随着郑州市复工复产有序推进，地铁作为疫情防控重要前沿阵地，更要从严从细全面做好各项防控工作。2月23日，郑州地铁集团领导到运营分公司进行实地检查指导疫情防控工作，强调当前疫情防控形势仍然严峻、复杂，要继续狠抓防控措施，严查防控隐患，夯实防控责任，在地铁运营和管理各个环节织密疫情防控网络，为防控疫情传播和服务市民出行提供坚强后勤保障。..,2025-12-24
192,ZZM_CN_5c1eb182cb8f,zzmetro.cn,2020-02-22 11:04:00,2020-02-22 11:00:00,复工战“疫”两手抓！机许市域铁路（郑州段）首个标段实现复工 2月19日，由郑州地铁集团负责建设的机许市域铁路(郑州段)土建04标顺利通过航空港区相关部门首批复工工地验收，成为郑州市轨道交通第一个实现复工的标段。目前该标段的翱迎区间左线盾构已开始掘进，施工平稳。... 2月19日，由郑州地铁集团负责建设的机许市域铁路(郑州段)土建04标顺利通过航空港区相关部门首批复工工地验收，成为郑州市轨道交通第一,2025-12-24
193,ZZM_CN_22400b45f560,zzmetro.cn,2020-02-18 12:20:00,2020-02-18 12:00:00,郑州地铁暂停发售单程票 APP无接触式乘车更安全 自2月21日起，郑州地铁将关闭车站自动售票机，暂停发售单程票，最大程度降低人群接触式交叉感染，全力保障市民的生命安全和身体健康。乘客在此期间可使用郑州地铁•商易行APP无接触式手机扫码进站乘车，绿城通、老年卡、学生卡、计次卡等已发售卡票可继续使用。自动售票机使用恢复时间将视疫情发展情况，具体时间另行通知。... 自2月21日起，郑州地铁将关闭车站自,2025-12-24
194,ZZM_CN_b00240119a4b,zzmetro.cn,2020-02-17 13:15:00,2020-02-17 13:00:00,战“疫”中的担当  ——郑州地铁党员在防控一线践行初心使命 新冠肺炎疫情防控工作开展以来，郑州地铁集团广大党员不忘初心、牢记使命，把疫情防控作为当前最重要、最紧迫的政治任务，团结带领广大员工坚决贯彻落实党中央和省、市党委决策部署，以战时状态迅速响应，有力有序开展工作，充分发挥党的政治优势、组织优势和密切联系群众的优势，为广大市民和乘客生命安全筑起一道坚实的防线。... 新冠肺炎疫情防控工作开展以来,2025-12-24
195,ZZM_CN_e46b873acf3e,zzmetro.cn,2020-02-14 23:20:00,2020-02-14 23:00:00,进站无需驻足！郑州地铁部分车站启用热成像技术保障乘客出行安全 为实现更快捷、安全地对进站乘客进行体温检测，避免大客流车站因人员聚集引发交叉感染，郑州地铁针对疫情，增配固定式热成像体温检测设备，提高了工作效率，同时防止因筛查而出现人员扎堆。... 为实现更快捷、安全地对进站乘客进行体温检测，避免大客流车站因人员聚集引发交叉感染，郑州地铁针对疫情，增配固定式热成像体温检测设备，提高了工作效率，同时防止,2025-12-24
196,ZZM_CN_0088fda60f46,zzmetro.cn,2020-02-10 15:56:00,2020-02-10 15:00:00,公司领导深入运营分公司检查督导疫情防控工作 员工返郑复工后防控措施是否到位、员工工作生活是否方便？ 2月10日上午，公司领导深入运营分公司郑东车辆段实地检查督导疫情防控工作。... 员工返郑复工后防控措施是否到位、员工工作生活是否方便？ 2月10日上午，公司领导深入运营分公司郑东车辆段实地检查督导疫情防控工作。,2025-12-24
197,ZZM_CN_8116848bd5c3,zzmetro.cn,2020-02-01 20:59:00,2020-02-01 20:00:00,公司领导深入运营一线检查督导疫情防控工作 为深入学习贯彻习近平总书记关于疫情防控工作的重要指示，坚决贯彻落实中央、省、市关于新型冠状病毒感染的肺炎预防控制工作的部署，在春运返程高峰到来之际，切实做好新型冠状病毒感染的肺炎防控工作，有效遏制新型冠状病毒感染的肺炎传播，2月1日上午，公司领导一行先后来到郑州地铁新郑机场站和孟庄车辆段进行检查督导。... 为深入学习贯彻习近平总书记关于疫情防控工作的重要,2025-12-24
198,ZZM_CN_f0f19d3cb501,zzmetro.cn,2020-01-31 23:14:00,2020-01-31 23:00:00,郑州地铁集团领导一行到运营一线检查督导疫情防控工作 为切实做好新型冠状病毒感染的肺炎防控工作，1月31日，郑州地铁集团领导一行到地铁车站检查督导车站落实疫情防控措施，慰问一线工作人员。检查督导人员强调，在人员流动高峰到来之际，运营服务人员要高度重视，提高防控标准，确保防控措施全覆盖、无死角，保障广大乘客的生命安全和身体健康。... 为切实做好新型冠状病毒感染的肺炎防控工作，1月31日，郑州地铁集团,2025-12-24
199,ZZM_CN_945edee766a6,zzmetro.cn,2020-01-27 16:56:00,2020-01-27 16:00:00,全力打赢疫情防控阻击战 切实保护好人民群众生命安全和身体健康 1月26日，全市新型冠状病毒肺炎疫情防控工作电视电话会议召开，学习贯彻习近平总书记重要讲话精神和中央政治局常委会会议精神，落实省委书记王国生在郑检查疫情防控工作时的讲话要求和全省电视电话会议精神，对疫情防控工作再研究、再部署、再动员。省委常委、市委书记徐立毅强调，要坚持块抓条保、压实责任、分包到人，尽快摸清底数，全力做好病员救治和人员隔,2025-12-24
200,ZZM_CN_edd4fd480b0f,zzmetro.cn,2020-01-27 16:55:00,2020-01-27 16:00:00,郑州发布疫情防控1、2号通告：进出郑州班线 旅游客运全部暂停 昨日，郑州市新型冠状病毒感染的肺炎疫情防控领导小组办公室发布1、2号通告，通告要求：所有进出郑州市的班线、旅游客运全部暂停经营；公共场所须佩戴口罩；由外地返郑人员须居家观察两周。 ... 昨日，郑州市新型冠状病毒感染的肺炎疫情防控领导小组办公室发布1、2号通告，通告要求：所有进出郑州市的班线、旅游客运全部暂停经营；公共场所须佩戴口罩；由,2025-12-24
201,ZZM_CN_2d33a6d1fa3a,zzmetro.cn,2020-01-27 16:42:00,2020-01-27 16:00:00,强化行动 强化落实 织密防控网 阻断传染源 1月26日下午，省委常委、市委书记徐立毅在航空港实验区调研疫情防控工作时强调，要深入贯彻习近平总书记重要讲话和中央政治局常委会会议精神，按照省委、省政府部署，块抓条保、压实责任，强化行动、强化落实，织密防控网、阻断传染源，坚决遏制疫情蔓延扩散。,2025-12-24
202,ZZM_CN_2930b1978683,zzmetro.cn,2020-01-26 15:17:00,2020-01-26 15:00:00,防控疫情我们在一起！ 根据河南省重大突发公共卫生事件一级响应要求，为进一步加强疫情防控工作，自1月26日起，市民乘客进站乘车时必须佩戴口罩，否则车站工作人员将予阻止劝离。郑州地铁与您一起，万众一心、众志成城，认真做好防护防控，打赢疫情防控战！防控疫情，需要您的理解和配合，我们一起加油！... 根据河南省重大突发公共卫生事件一级响应要求，为进一步加强疫情防控工作，自1月26日起，市民乘客进站乘车时必,2025-12-24
203,ZZM_CN_1cdb54114087,zzmetro.cn,2020-01-25 20:43:00,2020-01-25 20:00:00,取消聚会，平安过年 ...,2025-12-24
204,ZZM_CN_bd9cfb6ffb0f,zzmetro.cn,2020-01-24 18:00:00,2020-01-24 18:00:00,郑州地铁疫情防控措施升级   自1月24日起对进站乘客进行体温测量 针对近期国内多地发现新型冠状病毒感染的肺炎疫情，郑州地铁集团认真贯彻落实国家和省市政府以及市交通局工作要求，配合卫健委制定并启动专项应急预案，采取切实有效措施，加大防控力度，全力以赴做好春节期间疫情防控工作，确保乘客安全。 ... 针对近期国内多地发现新型冠状病毒感染的肺炎疫情，郑州地铁集团认真贯彻落实国家和省市政府以及市交通局工,2025-12-24
205,ZZM_CN_d623c160dfd3,zzmetro.cn,2020-01-23 12:29:00,2020-01-23 12:00:00,郑州地铁开展“让爱回家”春运志愿服务活动 1月16日，郑州地铁启动了“让爱回家”春运志愿服务活动。运营分公司I-bang志愿者团、晶晶志愿服务队、暖心志愿服务队、臻心志愿服务以及社会招募志愿者代表30余人参加活动。... 1月16日，郑州地铁启动了“让爱回家”春运志愿服务活动。运营分公司I-bang志愿者团、晶晶志愿服务队、暖心志愿服务队、臻心志愿服务以及社会招募志愿者代表30余人参加活动。,2025-12-24
206,ZZM_CN_ff617ff2fb4d,zzmetro.cn,2020-01-23 11:38:00,2020-01-23 11:00:00,“郑州地铁•商易行”APP注册量突破1000万 1月18日，“郑州地铁•商易行”APP注册用户量突破1000万人，用户累计使用量达1.18亿人次，单日使用量近66万人次，每天有超过50%的乘客通过手机扫码或刷脸进站方式乘坐郑州地铁。... 1月18日，“郑州地铁•商易行”APP注册用户量突破1000万人，用户累计使用量达1.18亿人次，单日使用量近66万人次，每天有超过50%的乘客通过手机扫码或刷,2025-12-24
207,ZZM_CN_9c141dab644f,zzmetro.cn,2020-01-13 16:52:00,2020-01-13 16:00:00,于东辉一行到郑州地铁调研、指导工作 1月9日，郑州市委常委、政法委书记于东辉一行到郑州地铁调研、指导工作，重点查看平安建设宣传及正线安保措施落实情况，公司相关领导陪同。... 1月9日，郑州市委常委、政法委书记于东辉一行到郑州地铁调研、指导工作，重点查看平安建设宣传及正线安保措施落实情况，公司相关领导陪同。,2025-12-24
208,ZZM_CN_67aad10f0af4,zzmetro.cn,2019-12-28 10:46:00,2019-12-28 10:00:00,郑州市轨道交通2号线二期于12月28日初期运营 在市委市政府的正确领导和社会各界朋友的关心支持下，历时3年的工程建设，郑州市轨道交通2号线二期工程以高标准通过初期运营前安全评估，于2019年12月28日11时16分开通载客。... 在市委市政府的正确领导和社会各界朋友的关心支持下，历时3年的工程建设，郑州市轨道交通2号线二期工程以高标准通过初期运营前安全评估，于2019年12月28日11时16分开,2025-12-24
209,ZZM_CN_917044fcdb77,zzmetro.cn,2019-12-27 10:46:00,2019-12-27 10:00:00,郑州地铁全线网实现刷脸过闸 12月3日，继今年9月27日郑州地铁1号线及14号线一期开通刷脸乘车后，2号线一期、5号线及城郊铁路一期也开通刷脸乘车，这意味着郑州地铁所有运营线路已经全部支持刷脸乘车，为广大市民地铁出行提供了更加智能化的乘车体验。... 12月3日，继今年9月27日郑州地铁1号线及14号线一期开通刷脸乘车后，2号线一期、5号线及城郊铁路一期也开通刷脸乘车，这意味着郑州地铁所有运营线路,2025-12-24
210,ZZM_CN_14c4f2feb95d,zzmetro.cn,2019-12-27 10:12:00,2019-12-27 10:00:00,郑州地铁集团开展“不忘初心、牢记使命” 主题教育知识竞赛 为深入推进“不忘初心、牢记使命”主题教育，引导公司全体党员干部把读原著、学原文、悟原理贯穿学习始终，切实加强思想理论武装，11月29号下午，郑州地铁集团有限公司在郑东车辆段综合楼五楼多功能厅举办了“不忘初心、牢记使命”主题教育知识竞赛。... 为深入推进“不忘初心、牢记使命”主题教育，引导公司全体党员干部把读原著、学原文、悟原理贯穿学习始终,2025-12-24
211,ZZM_CN_b5952a62ec38,zzmetro.cn,2019-12-27 10:05:00,2019-12-27 10:00:00,郑州地铁在第十一届全国交通运输行业“捷安杯”城市轨道交通服务员职业技能大赛中载誉而归 郑州地铁在第十一届全国交通运输行业“捷安杯”城市轨道交通服务员职业技能大赛中载誉而归,2025-12-24
212,ZZM_CN_2c2e8cdd0557,zzmetro.cn,2019-11-24 21:49:00,2019-11-24 21:00:00,郑州地铁多个项目获得中国城市轨道交通科技创新创业大赛奖项 11月10日，由中国土木工程学会指导，北京城建集团、北京交通大学、同济大学、西南交通大学、清华大学联合主办的第二届中国城市轨道交通科技创新创业大赛全国总决赛在北京举行。本次大赛，郑州地铁有多个创新项目和课题参赛，其中机电中心的《城市轨道交通设备健康管理（EHM）关键技术研究》项目从北方赛区的初赛、复赛中脱颖而出，获得全国总决赛优秀项目奖，《,2025-12-24
213,ZZM_CN_e8a8ca2548a3,zzmetro.cn,2019-11-24 21:38:00,2019-11-24 21:00:00,学习党史国史、牢记初心使命——河南省委党校康来云教授到郑州地铁集团开展主题教育专题讲座 为深入贯彻落实习近平新时代中国特色社会主义思想，推动“不忘初心、牢记使命”主题教育往深里走、实里走、心里走，11月8日上午，河南省委党校康来云教授在郑州地铁集团运营分公司培训中心为公司广大党员领导干部做了《学习党史国史、牢记初心使命》主题教育专题讲座。... 为深入贯彻落实习近平新时代中国特色社会主义思想，推动,2025-12-24
214,ZZM_CN_3dfe9b97bd2c,zzmetro.cn,2019-11-24 21:31:00,2019-11-24 21:00:00,公司开展“不忘初心、牢记使命”主题教育 第三期集中学习 11月7日—8日，公司“不忘初心、牢记使命”主题教育第三期集中学习在郑东车辆段培训学院举行，公司党委成员，公司机关党委各党支部书记、按照中层正职岗位管理的人员，运营分公司党委成员、三级党委书记和副书记、各基层党组织书记共115人参加学习。... 11月7日—8日，公司“不忘初心、牢记使命”主题教育第三期集中学习在郑东车辆段培训学院举行，公司党,2025-12-24
215,ZZM_CN_98a2dd8022d8,zzmetro.cn,2019-11-24 21:07:00,2019-11-24 21:00:00,公司召开“不忘初心、牢记使命”主题教育 对照党章党规找差距专题会议 11月4日上午，公司党委在17楼会议室召开 “不忘初心、牢记使命”主题教育对照党章党规找差距专题会议，公司党委书记、董事长、总经理张洲主持会议，公司党委成员、市委“不忘初心、牢记使命”主题教育第十五巡回指导组成员参加此次会议。... 11月4日上午，公司党委在17楼会议室召开 “不忘初心、牢记使命”主题教育对照党章党规找差距专题会,2025-12-24
216,ZZM_CN_c475e08d6544,zzmetro.cn,2019-11-24 20:53:00,2019-11-24 20:00:00,公司召开专项以案促改活动推进会 为全面贯彻落实全市国资系统专项以案促改动员暨警示教育会和全市国资系统以案促改推进会会议精神，推进公司“不忘初心、牢记使命”主题教育工作扎实开展，11月4日上午，公司召开专项以案促改活动推进会，公司领导班子成员，机关党委各支部书记、纪检委员，运营分公司党委书记、纪委书记，各部门主要负责人参加会议。... 为全面贯彻落实全市国资系统专项以案促改动员暨警示教育会和全市国资,2025-12-24
217,ZZM_CN_b59ca8803059,zzmetro.cn,2019-11-24 20:35:00,2019-11-24 20:00:00,公司党委召开“不忘初心、牢记使命”主题教育领导小组专题会议 11月4日上午，公司党委在调度中心17楼会议室召开“不忘初心、牢记使命”主题教育领导小组专题会议，就公司主题教育活动开展以来的工作进行总结，对11月份工作进行部署。公司“不忘初心、牢记使命”主题教育领导小组成员参加会议。... 11月4日上午，公司党委在调度中心17楼会议室召开“不忘初心、牢记使命”主题教育领导小组专题会议，就公司主题教育,2025-12-24
218,ZZM_CN_210e464e425d,zzmetro.cn,2019-11-22 16:27:00,2019-11-22 16:00:00,务实重干解民忧 担当作为纾民困——郑州市轨道交通1号线二期工程河南大学新区站正式启用 11月21日上午10点整，郑州市轨道交通1号线二期工程河南大学新区站D、F出入口正式启用，郑州市轨道交通1号线30个车站实现全部投用。... 11月21日上午10点整，郑州市轨道交通1号线二期工程河南大学新区站D、F出入口正式启用，郑州市轨道交通1号线30个车站实现全部投用。,2025-12-24
219,ZZM_CN_c5f90a8b3502,zzmetro.cn,2019-11-20 11:10:00,2019-11-20 11:00:00,市国资委党委书记、主任李秀山调研郑州地铁集团基层党建工作 11月18日，郑州市国资委党委书记、主任李秀山一行7人先后到郑州地铁5号线居易主所、运营分公司孟庄车辆段调研基层党建工作。郑州地铁集团有限公司党委副书记、工会主席张军，分公司党委书记、总经理刘宏泰等陪同调研。... 11月18日，郑州市国资委党委书记、主任李秀山一行7人先后到郑州地铁5号线居易主所、运营分公司孟庄车辆段调研基层党建工作。郑州,2025-12-24
220,ZZM_CN_31b42723ec71,zzmetro.cn,2019-10-31 16:56:00,2019-10-31 16:00:00,公司举行“传承红色基因、牢记初心使命” 专题学习研讨暨调研成果交流会 10月28日下午，公司党委“传承红色基因、牢记初心使命”专题学习研讨暨调研成果交流会在调度中心17楼会议室举行，市委第十五巡回指导组成员史平周、王跃广出席会议。... 10月28日下午，公司党委“传承红色基因、牢记初心使命”专题学习研讨暨调研成果交流会在调度中心17楼会议室举行，市委第十五巡回指导组成员史平周、王跃广出席会议。,2025-12-24
221,ZZM_CN_a7ca2fa50671,zzmetro.cn,2019-10-30 13:47:00,2019-10-30 13:00:00,不忘初心担使命  为民服务解难题——集团公司党委书记、董事长、总经理张洲来运营分公司进行“不忘初心、牢记使命”主题教育调研座谈 为深入做好“不忘初心、牢记使命”主题教育“深入基层调研，为民服务解难题”工作，切实解决员工的操心事、烦心事、揪心事，10月23日上午，集团公司党委书记、董事长、总经理张洲一行来到运营分公司，在郑东车辆段第一会议室主持召开“不忘初心、牢记使命”主题教育调研座谈会。分公司部分,2025-12-24
222,ZZM_CN_0905cc8c03e7,zzmetro.cn,2019-10-30 13:42:00,2019-10-30 13:00:00,公司召开“不忘初心、牢记使命”主题教育第二期集中学习研讨会 10月24日，郑州地铁集团有限公司组织召开第二期“不忘初心、牢记使命”主题教育集中学习研讨会，会议由公司党委副书记、工会主席张军主持，公司67名党员干部参加。... 10月24日，郑州地铁集团有限公司组织召开第二期“不忘初心、牢记使命”主题教育集中学习研讨会，会议由公司党委副书记、工会主席张军主持，公司67名党员干部参加。,2025-12-24
223,ZZM_CN_0175c6a6954b,zzmetro.cn,2019-10-28 13:58:00,2019-10-28 13:00:00,公司党委表彰十万公里司机 扎实推进“不忘初心、牢记使命”主题教育 公司党委表彰十万公里司机扎实推进“不忘初心、牢记使命”主题教育,2025-12-24
224,ZZM_CN_46e62b7430e7,zzmetro.cn,2019-10-28 13:54:00,2019-10-28 13:00:00,公司开展《愚公移山 宝贵的精神财富》专题讲座 为深入开展“不忘初心、牢记使命”主题教育，挖掘愚公移山精神的时代内涵，郑州地铁集团党委组织党员干部开展第二期集中学习。第二期学习研讨的主题是，学习愚公移山精神、大别山精神、红旗渠精神、焦裕禄精神在当前情况下的历史意义，以及如何指导郑州地铁高质量发展。10月23日下午，党员干部集体聆听了河南省委党校副教授周海涛讲授的《愚公移山 宝贵的精神财富》专题讲座，,2025-12-24
225,ZZM_CN_cef069acd73f,zzmetro.cn,2019-10-28 09:46:00,2019-10-28 09:00:00,铭党史 守初心 担使命——“不忘初心、牢记使命”张富清同志先进事迹情景报告会暨《信仰的传承》情景党课在郑州地铁公演 “不忘初心、牢记使命”张富清同志先进事迹情景报告会暨《信仰的传承》情景党课在郑州地铁公演... “不忘初心、牢记使命”张富清同志先进事迹情景报告会暨《信仰的传承》情景党课在郑州地铁公演,2025-12-24
226,ZZM_CN_418beb344e7b,zzmetro.cn,2019-10-28 09:40:00,2019-10-28 09:00:00,公司举行“不忘初心、牢记使命” 主题教育集体谈话会 10月21日上午，公司在调度中心17楼举行“不忘初心、牢记使命”主题教育集体谈话会，市委“不忘初心、牢记使命”主题教育第十五巡回指导组成员、公司党委“不忘初心、牢记使命”主题教育领导小组副组长及15名公司党员员工中的党代表参加了座谈。 ... 10月21日上午，公司在调度中心17楼举行“不忘初心、牢记使命”主题教育集体谈话会，市委“不忘初心、牢记,2025-12-24
227,ZZM_CN_b64e71647100,zzmetro.cn,2019-10-28 09:27:00,2019-10-28 09:00:00,公司开展“能力建设年”专项培训活动 郑州地铁集团紧密结合“不忘初心，牢记使命”主题教育活动，有序组织开展公司“能力建设年”专项培训，进一步完善郑州地铁人才培训培养体系和人才梯队分层培养机制，实现员工综合素养和职业技能大提升，以能力提升助推轨道交通事业高质量发展。... 郑州地铁集团紧密结合“不忘初心，牢记使命”主题教育活动，有序组织开展公司“能力建设年”专项培训，进一步完善郑州地铁人才培训培养体系,2025-12-24
228,ZZM_CN_1935fc2f6d51,zzmetro.cn,2019-10-24 13:21:00,2019-10-24 13:00:00,2019年度机关单位保密自查自评调研组到郑州地铁调研 10月17日上午，按照郑州市国家保密局、郑州市国资委的部署和安排，郑州市国家保密局局长王得华、调研组组长郑州市国家保密局副局长李春鑫率调研组成员一行到郑州地铁集团有限公司调研保密自查自评工作。... 10月17日上午，按照郑州市国家保密局、郑州市国资委的部署和安排，郑州市国家保密局局长王得华、调研组组长郑州市国家保密局副局长李春鑫率调研组成员一,2025-12-24
229,ZZM_CN_268cadf7806c,zzmetro.cn,2019-10-16 15:26:00,2019-10-16 15:00:00,我是晶晶——郑州地铁吉祥物释义 我是晶晶——郑州地铁吉祥物释义... 我是晶晶——郑州地铁吉祥物释义,2025-12-24
230,ZZM_CN_3ec71b204f46,zzmetro.cn,2019-10-16 15:21:00,2019-10-16 15:00:00,“学习强国——我和我的祖国”地铁专列起程 “学习强国——我和我的祖国”地铁专列起程... “学习强国——我和我的祖国”地铁专列起程,2025-12-24
231,ZZM_CN_6d7e20633a2d,zzmetro.cn,2019-10-16 15:05:00,2019-10-16 15:00:00,河南郑州“生态文明号”地铁专列开通运行 近日，郑州市首趟“生态文明号”地铁专列，在郑州地铁1号线开通运行，各种环保主题画更是引人眼球。... 近日，郑州市首趟“生态文明号”地铁专列，在郑州地铁1号线开通运行，各种环保主题画更是引人眼球。,2025-12-24
232,ZZM_CN_b7d905c9bada,zzmetro.cn,2019-10-12 14:28:00,2019-10-12 14:00:00,国庆假期郑州地铁线网总客运量突破1005.82万人次 国庆假期郑州地铁线网总客运量达1005.82万人次（其中1号线客运量409.51万人次，2号线客运量266.74万人次，城郊线客运量 88.63万人次，5号线233.88万人次，14号线一期客运量 7.06万人次），较2018年同期线网客运量增加了45.46%。节日期间列车兑现率达100%，准点率达99.95%，均优于国家标准。... 国庆假期,2025-12-24
233,ZZM_CN_9c3eb62b7598,zzmetro.cn,2019-10-12 14:20:00,2019-10-12 14:00:00,"立足岗位  接续奋斗  祝福伟大祖国繁荣富强——公司组织集中收看庆祝新中国成立70周年纪念大会 10月1日上午9:00，公司党委组织党员员工400人，在郑东车辆段参加升国旗活动，并集中收看庆祝新中国成立70周年纪念大会直播,进一步激发广大党员员工爱党爱国热情，推动“不忘初心、牢记使命”主题教育活动取得实效。市委主题教育第十五巡回指导组副组长史平周，公司党委成员，室副主任以上管理人员及党员员工代表参",2025-12-24
234,ZZM_CN_d17c9f4f39c5,zzmetro.cn,2019-10-12 14:06:00,2019-10-12 14:00:00,忠诚信仰 坚定信念  做员工身边的模范 9月29日晚，在郑州国资系统庆新中国成立70周年华诞举行的五个“十佳”颁奖典礼上，由郑州地铁集团推选的运营分公司机电中心第七党支部、王贺敏、项管四部工程部党员突击队、徐欣、武浩分别获得“十佳先锋党支部”“十佳先锋共产党员”“十佳先锋突击队”“十佳先锋服务标兵”“十佳绿城志愿者”荣誉称号，为公司万名员工树立了榜样，成为“不忘初心、牢记使命”主题教育新的典范。.,2025-12-24
235,ZZM_CN_a9fcbea4db5a,zzmetro.cn,2019-10-12 14:01:00,2019-10-12 14:00:00,走进“时光隧道” 聆听发展声音  公司组织参观河南省经济社会发展成就展 为深入开展“不忘初心、牢记使命”主题教育活动，推进主题教育往深里走、往心里走、往实里走。9月29日上午，在公司党委书记、董事长、总经理张洲带领下，公司一行50余人来到郑州会展中心，集体参观新中国成立70周年河南省经济社会发展成就展。... 为深入开展“不忘初心、牢记使命”主题教育活动，推进主题教育往深里走、往心里走、往实里走。,2025-12-24
236,ZZM_CN_5bb5a5996f09,zzmetro.cn,2019-10-12 13:54:00,2019-10-12 13:00:00,公司组织参观河南省廉政文化教育馆 为进一步加强党风廉政建设，提高公司各级管理人员廉洁自律意识和拒腐防变能力，推动“不忘初心、牢记使命”主题教育活动深入扎实开展，9月29日上午，在公司党委书记、董事长、总经理张洲的带领下，公司党委委员、中层正职以上50人前往河南省廉政文化教育馆，接受节前廉政警示教育。... 为进一步加强党风廉政建设，提高公司各级管理人员廉洁自律意识和拒腐防变能力，推动“不忘初心、牢,2025-12-24
237,ZZM_CN_04242fa7b616,zzmetro.cn,2019-09-29 14:37:00,2019-09-29 14:00:00,公司党委书记带头讲“不忘初心、牢记使命”主题教育专题党课 为深入开展“不忘初心、牢记使命”主题教育，坚持用习近平新时代中国特色社会主义思想指导实践，根据公司党委统一部署，9月26日，公司党委书记、董事长、总经理张洲带头讲主题教育专题党课，市委第十五巡回指导组组长刘健及其他成员出席。... 为深入开展“不忘初心、牢记使命”主题教育，坚持用习近平新时代中国特色社会主义思想指导实践，根据公司党委统一部署,2025-12-24
238,ZZM_CN_a6d9e402d847,zzmetro.cn,2019-09-29 14:32:00,2019-09-29 14:00:00,公司党委召开党委成员“不忘初心、牢记使命”主题教育集中学习研讨会 9月26日上午，公司党委组织召开的党委成员“不忘初心、牢记使命”主题教育集中学习研讨会在调度中心 1720会议室举行。市委第十五巡回指导组成员参与研讨，并对公司主题教育开展情况进行督导。研讨会由公司党委书记、董事长、总经理张洲主持。... 9月26日上午，公司党委组织召开的党委成员“不忘初心、牢记使命”主题教育集中学习研讨会在调度中,2025-12-24
239,ZZM_CN_0ec751c70f57,zzmetro.cn,2019-09-27 14:42:00,2019-09-27 14:00:00,喜迎新中国成立70周年  郑州地铁中国红闪耀绿城 在新中国成立70周年之际，郑州地铁全线网打造主题车站、主题列车，清新简约的主题设计，热烈的中国红元素将五一公园站及2号线部分列车装饰一新、闪耀绿城。... 在新中国成立70周年之际，郑州地铁全线网打造主题车站、主题列车，清新简约的主题设计，热烈的中国红元素将五一公园站及2号线部分列车装饰一新、闪耀绿城。,2025-12-24
240,ZZM_CN_49c01edff005,zzmetro.cn,2019-09-27 11:34:00,2019-09-27 11:00:00,郑州地铁1号线和14号线一期实现刷脸乘车支付 9月27日上午，“AI地铁启航——刷脸时代 智慧出行” 郑州地铁刷脸乘车支付系统上线发布仪式在郑州地铁紫荆山站举行。即日起，郑州市民“刷脸坐地铁”的期望成为现实。... 9月27日上午，“AI地铁启航——刷脸时代 智慧出行” 郑州地铁刷脸乘车支付系统上线发布仪式在郑州地铁紫荆山站举行。即日起，郑州市民“刷脸坐地铁”的期望成为现实。,2025-12-24
241,ZZM_CN_79debf759787,zzmetro.cn,2019-09-26 16:39:00,2019-09-26 16:00:00,郑州地铁首次推出地铁吉祥物“晶晶”计次卡 吉祥物“晶晶”计次卡，结合民族运动元素，增加乘车功能，每张票卡在全线网均可不限里程乘坐10次。本次计次卡设计为五款，包装分五款全套动作精装版和单卡简装版，限量推出，具有很高的收藏价值和使用价值，目前已在紫荆山站等14个地铁车站及公司淘宝官方网店同时销售。... 吉祥物“晶晶”计次卡，结合民族运动元素，增加乘车功能，每张票卡在全线网均可不限里程乘坐10次。本,2025-12-24
242,ZZM_CN_0d0e73126912,zzmetro.cn,2019-09-26 16:24:00,2019-09-26 16:00:00,郑州地铁合唱团参加民运会开幕式 9月8日，全国第十一届少数民族传统体育运动会开幕式在郑州奥林匹克体育中心举行。郑州地铁合唱团的100名队员参加了开幕式，在1500人的合唱方阵里演唱了《我和我的祖国》。... 9月8日，全国第十一届少数民族传统体育运动会开幕式在郑州奥林匹克体育中心举行。郑州地铁合唱团的100名队员参加了开幕式，在1500人的合唱方阵里演唱了《我和我的祖国》。,2025-12-24
243,ZZM_CN_3a74826b1612,zzmetro.cn,2019-09-23 09:25:00,2019-09-23 09:00:00,公司召开学习宣传贯彻习近平总书记视察河南重要讲话精神专题会议 9月20日下午，公司党委在郑东车辆段培训学院多功能厅召开了学习宣传贯彻习近平总书记视察河南重要讲话精神专题会议，公司党委书记、董事长、总经理张洲主持会议，公司党委班子成员，二级部（室）主任及以上管理人员，运营分公司室副主任以上管理人员共计410余人参加了此次会议。... 9月20日下午，公司党委在郑东车辆段培训学院多功能厅召开了学习宣传,2025-12-24
244,ZZM_CN_a960a1b3b0ca,zzmetro.cn,2019-09-19 10:15:00,2019-09-19 10:00:00,初心勾画绿城梦  匠心施彩民生线——14号线一期工程于9月19日实现初期运营 金秋送爽，丹桂飘香。在这个美丽的初秋时节，郑州市轨道交通14号线一期工程初期运营条件顺利通过专家评审，于9月19日11点56分正式开通载客。... 金秋送爽，丹桂飘香。在这个美丽的初秋时节，郑州市轨道交通14号线一期工程初期运营条件顺利通过专家评审，于9月19日11点56分正式开通载客。,2025-12-24
245,ZZM_CN_dc24f863af9f,zzmetro.cn,2019-09-15 12:54:00,2019-09-15 12:00:00,公司党委召开“不忘初心、牢记使命” 主题教育动员大会 9月12日下午，公司党委在调度中心25楼会议室组织召开“不忘初心、牢记使命”主题教育动员大会，对公司开展“不忘初心、牢记使命”主题教育进行动员部署。公司领导及市委第十五巡回指导组成员王跃广出席会议。公司机关各支部书记、委员，运营分公司党委班子成员，各三级党委书记、委员，各党支部书记，公司其他中层正职岗位管理人员共219人参加大会。... 9月1,2025-12-24
246,ZZM_CN_98534757b4a4,zzmetro.cn,2019-09-02 16:39:00,2019-09-02 16:00:00,郑州地铁500名志愿者助力第十一届全国民族运动会 在第十一届全国少数民族传统体育运动会即将开幕之际，郑州地铁500名志愿者走进各地铁站，从9月1日至16日全天候进行志愿服务，以实际行动弘扬“绿城使者”精神，为文明绿城助力。... 在第十一届全国少数民族传统体育运动会即将开幕之际，郑州地铁500名志愿者走进各地铁站，从9月1日至16日全天候进行志愿服务，以实际行动弘扬“绿城使者”精神，为文明绿城助力,2025-12-24
247,ZZM_CN_bd3cb87cf4dd,zzmetro.cn,2019-08-27 11:09:00,2019-08-27 11:00:00,公司组织召开传达学习市委十一届十次全会精神专题会 8月22日上午，郑州地铁集团有限公司在调度中心25楼会议室组织召开传达学习市委十一届十次全会精神专题会，公司领导班子成员、公司二级部（室）主任及以上管理人员参加了本次会议。 ... 8月22日上午，郑州地铁集团有限公司在调度中心25楼会议室组织召开传达学习市委十一届十次全会精神专题会，公司领导班子成员、公司二级部（室）主任及以上管理人员参加了本次会,2025-12-24
248,ZZM_CN_24bb206eacfa,zzmetro.cn,2019-08-22 14:42:00,2019-08-22 14:00:00,清死角 提素养 郑州地铁综合整治再提升 备战第十一届全国民族运动会！郑州近日举行开幕式安保全要素演练。为打造“整洁、有序、舒适、愉悦”的地铁运营环境，郑州地铁持续开展“迎民族盛会 庆七十华诞”主题运营环境治理提升工作。... 备战第十一届全国民族运动会！郑州近日举行开幕式安保全要素演练。为打造“整洁、有序、舒适、愉悦”的地铁运营环境，郑州地铁持续开展“迎民族盛会 庆七十华诞”主题运营环境治理提升工,2025-12-24
249,ZZM_CN_dfac5263b19a,zzmetro.cn,2019-08-16 15:13:00,2019-08-16 15:00:00,省委常委、郑州市市委书记徐立毅到地铁集团调研 8月14日上午，省委常委、郑州市市委书记徐立毅到地铁集团有限公司调研，听取公司党委书记、董事长、总经理张洲关于地铁线网规划、建设、运营等情况汇报，并乘坐1号线体验地铁出行。市委常委、秘书长牛卫国一同调研。... 8月14日上午，省委常委、郑州市市委书记徐立毅到地铁集团有限公司调研，听取公司党委书记、董事长、总经理张洲关于地铁线网规划、建设、运营等情况汇,2025-12-24
250,ZZM_CN_ff728f4b7af5,zzmetro.cn,2019-08-12 15:36:00,2019-08-12 15:00:00,凝心治环境  聚力提品质  郑州地铁颜值再升级！ 郑州地铁为打造“整洁、有序、舒适、愉悦”的地铁运营环境，开展了“迎民族盛会 庆七十华诞”主题运营环境治理提升工作。... 郑州地铁为打造“整洁、有序、舒适、愉悦”的地铁运营环境，开展了“迎民族盛会 庆七十华诞”主题运营环境治理提升工作。,2025-12-24
251,ZZM_CN_bdb256731aa3,zzmetro.cn,2019-08-09 10:41:00,2019-08-09 10:00:00,郑州市国资系统地铁合唱团获得郑州市“迎民族盛会 庆七十华诞”合唱比赛一等奖 8月8日，我市“迎民族盛会 庆七十华诞”合唱比赛决赛在郑州市地铁集团有限公司运营分公司举行。经过层层选拔，来自郑州市各县（市）区、各市直单位的29支代表队进入总决赛。... 8月8日，我市“迎民族盛会 庆七十华诞”合唱比赛决赛在郑州市地铁集团有限公司运营分公司举行。经过层层选拔，来自郑州市各县（市）区、各市直单位的29支代,2025-12-24
252,ZZM_CN_e3156623da03,zzmetro.cn,2019-08-07 14:48:00,2019-08-07 14:00:00,迎盛会 展风采——闪电出击 扮靓郑州地铁新妆容 在第十一届全国少数民族传统体育运动会和祖国七十华诞即将到来之际，为进一步优化乘客出行体验，助力郑州城市综合整治提升工作，郑州地铁从站容站貌环境改善、人员综合素养提升、服务品牌形象升华三方面着手，以精致、美丽、统一、温馨为目标，内外兼修，致力打造环境更加优美，服务更加贴心的车站。... 在第十一届全国少数民族传统体育运动会和祖国七十华诞即将到来之际，为,2025-12-24
253,ZZM_CN_c7b33e2f561c,zzmetro.cn,2019-08-05 11:15:00,2019-08-05 11:00:00,"奋楫扬帆戮力行 匠心逐梦谱新篇——郑州地铁“均衡修”技术深度报道 郑州地铁已正式开通运营近六年之久，随着行车间隔不断缩减、运营里程逐步增加，电客车的使用需求急速加剧。如何在确保电客车上3万余个零部位逐个检修到位，为正线运营提供质量可靠、品质优异的电客车的前提下,有效降低电客车的检修停时，保证可用列车的数量充足，成了这个青年地铁单位的一大难题。... 郑州地铁已正式开通运营近六年之久，随着行车间隔不",2025-12-24
254,ZZM_CN_a2841ee398d9,zzmetro.cn,2019-07-30 10:50:00,2019-07-30 10:00:00,公司开展暑期“送清凉”慰问活动 为进一步做好夏季高温期间的劳动保护和防暑降温工作，认真贯彻落实“以员工为中心”的管理理念，7月17日，由工会牵头，公司组织开展了暑期“送清凉”慰问活动。... 为进一步做好夏季高温期间的劳动保护和防暑降温工作，认真贯彻落实“以员工为中心”的管理理念，7月17日，由工会牵头，公司组织开展了暑期“送清凉”慰问活动。,2025-12-24
255,ZZM_CN_98a1d196f80c,zzmetro.cn,2019-07-30 09:50:00,2019-07-30 09:00:00,郑州市国资系统“迎民族盛会•庆七十华诞”合唱比赛圆满举行 郑州市国资系统“迎民族盛会•庆七十华诞”合唱比赛于7月24日下午，在郑东车辆段培训楼拉开帷幕。... 郑州市国资系统“迎民族盛会•庆七十华诞”合唱比赛于7月24日下午，在郑东车辆段培训楼拉开帷幕。,2025-12-24
256,ZZM_CN_1f15b102a8f3,zzmetro.cn,2019-07-29 10:51:00,2019-07-29 10:00:00,“迎民族盛会 庆七十华诞”郑州地铁举办“绿城使者”志愿服务活动誓师大会 7月23日上午，共青团郑州市委联合郑州地铁在地铁郑州东站举办“迎民族盛会 庆七十华诞”“绿城使者”志愿服务活动誓师大会，郑州地铁青年志愿者300余人参加活动。... 7月23日上午，共青团郑州市委联合郑州地铁在地铁郑州东站举办“迎民族盛会 庆七十华诞”“绿城使者”志愿服务活动誓师大会，郑州地铁青年志愿者300余人参加活动。,2025-12-24
257,ZZM_CN_a39565d898eb,zzmetro.cn,2019-07-16 09:29:00,2019-07-16 09:00:00,公司召开城市环境综合整治提升活动动员大会 为深入贯彻落实省会“迎民族盛会 庆七十华诞”城市环境综合整治提升工作电视电话会会议精神，全面做好第十一届全国少数民族传统体育运动会及庆七十华诞期间郑州市轨道交通城市环境综合整治提升工作，公司于7月6日上午，在郑东车辆段培训学院二楼多功能厅举行城市环境综合整治提升动员大会。... 为深入贯彻落实省会“迎民族盛会 庆七十华诞”城市环境综合整治提升工作电视电话会,2025-12-24
258,ZZM_CN_e04630be5fb9,zzmetro.cn,2019-07-05 19:40:00,2019-07-05 19:00:00,郑州地铁集团“铭党史 守初心 担使命” 情景党课舞台剧首次公演圆满落幕 为庆祝中国共产党建党98周年、新中国成立70周年，郑州地铁集团“铭党史，守初心，担使命”情景党课舞台剧《信仰的传承》作为献礼剧目，于7月1日在地铁培训学院多功能厅公演。河南日报报业集团党委副书记、总经理张光辉，郑州市国资委主任李秀山，有关市领导，郑州地铁集团有限公司领导干部群众等400余人一起观看演出。... 为庆祝中国共产党,2025-12-24
259,ZZM_CN_e98d37484967,zzmetro.cn,2019-07-05 18:01:00,2019-07-05 13:00:00,2019年7月5日13点48分，郑州地铁线网累计总客运量达10亿人次！ 2019年7月5日13:48:22，郑州地铁线网累计总客运量达10亿人次，自2013年12月28日1号线一期工程开通至今，用了近六年时间。... 2019年7月5日13:48:22，郑州地铁线网累计总客运量达10亿人次，自2013年12月28日1号线一期工程开通至今，用了近六年时间。,2025-12-24
260,ZZM_CN_c97f3841206a,zzmetro.cn,2019-07-02 18:06:00,2019-07-02 18:00:00,公司庆祝建党98周年暨“七一”表彰大会圆满召开 6月28日，公司庆祝建党98周年暨“七一”表彰大会在郑东车辆段隆重举行。会上，宣读了《中共郑州地铁集团有限公司委员会关于表彰公司先锋党支部、先进基层党组织、党员先锋队、党员先锋示范岗、先锋共产党员、优秀共产党员、优秀党务工作者的决定》；先锋党支部代表、党员先锋队代表、先锋共产党员代表分别上台做了发言；公司党委向全体党员致以节日的问候，向受到表彰的先进,2025-12-24
261,ZZM_CN_1ebe8fdc3399,zzmetro.cn,2019-06-28 14:44:00,2019-06-28 14:00:00,公司开展“不忘初心  牢记使命”主题党日活动 6月19日，公司党委班子成员，机关党委各支部书记，运营分公司党委班子成员及各级党组织书记100余人先后赴新乡县刘庄村、卫辉市唐庄镇开展“不忘初心、牢记使命”主题党日活动。... 6月19日，公司党委班子成员，机关党委各支部书记，运营分公司党委班子成员及各级党组织书记100余人先后赴新乡县刘庄村、卫辉市唐庄镇开展“不忘初心、牢记使命”主题党日活动。,2025-12-24
262,ZZM_CN_8bf9df5700b0,zzmetro.cn,2019-06-27 17:03:00,2019-06-27 17:00:00,郑州地铁集团有限公司开展我身边的优秀青年推选暨“十佳青年员工”评选活动 近年来，郑州地铁集团有限公司广大青年员工立足建设“轨道上的郑州”发展战略，弘扬工匠精神，勇担使命、履职尽责、真抓实干，在全面开启轨道交通高质量发展新征程中涌现出一大批先进典型。6月27日下午，中共郑州地铁集团有限公司党委组织开展我身边的优秀青年推选暨“十佳青年员工”评选活动。... 近年来，郑州地铁集团有限公司广大青年员工立足,2025-12-24
263,ZZM_CN_db97f5404f3a,zzmetro.cn,2019-06-19 18:20:00,2019-06-19 18:00:00,郑州地铁安全运营2000天  累计运送乘客9.8亿人次 2013年12月28日~2019年6月18日，郑州地铁安全运营2000天，累计运送乘客9.8亿人次，日均客运量119.01万人次，安全开行列次1085117列，列车正点率99.90%，兑现率99.98%，均优于国家标准。... 2013年12月28日~2019年6月18日，郑州地铁安全运营2000天，累计运送乘客9.8亿人次，日均客运量119,2025-12-24
264,ZZM_CN_03760cac1ecb,zzmetro.cn,2019-06-18 15:46:00,2019-06-18 15:00:00,公司乘务中心乘务一室客车四队被授予全国“青年文明号”称号 近日，郑州地铁集团有限公司运营分公司乘务中心乘务一室客车四队被授予全国“青年文明号”称号，此项荣誉是由团中央联合交通运输部等21家全国青年文明号活动组委会成员单位共同命名。... 近日，郑州地铁集团有限公司运营分公司乘务中心乘务一室客车四队被授予全国“青年文明号”称号，此项荣誉是由团中央联合交通运输部等21家全国青年文明号活动组委会成员单位,2025-12-24
265,ZZM_CN_23b09d1b11fb,zzmetro.cn,2019-06-17 17:08:00,2019-06-17 17:00:00,郑州市妇联“送奖到基层”活动走进郑州地铁 6月13日上午，郑州市妇联“送奖到基层”活动走进郑州地铁。市妇联党组书记、主席马斐颖，党组成员、副主席周宇红，办公室主任李彩玲一行来到郑州地铁，向荣获“全国三八红旗手”称号的公司副总工程师、工程建设项目管理六部常务副经理、轨道交通设计研究院董事长王贺敏，和荣获“全国巾帼文明岗”称号的运营分公司“瑞丽创新工作室”颁奖，并看望妇女职工，将温暖送到基层。...,2025-12-24
266,ZZM_CN_91db0e460c15,zzmetro.cn,2019-06-17 14:20:00,2019-06-17 14:00:00,守初心、担使命，甘作为人民服务“孺子牛”——机关党委第三党支部开展“不忘初心、牢记使命”主题党日活动 “他撑起来是一把伞，为群众遮风挡雨；他俯下身是一头牛，为百姓鞠躬尽瘁”。这是人民群众对河南省新乡市新乡县七里营镇刘庄村原党委书记史来贺平凡而又伟大一生的最中肯评价，也是机关党委第三党支部6月15日上午开展“不忘初心，牢记使命”主题党日活动后，印刻在全体党员、预备党员心底最深处的一句话。... “他,2025-12-24
267,ZZM_CN_6c67df5df95b,zzmetro.cn,2019-06-13 15:11:00,2019-06-13 15:00:00,歌声为纽带 携手抓党建——公司机关党委第一党支部与河南广播电视台民生频道党支部开展党建联建活动 在中国共产党建党98周年之际，公司机关党委第一党支部与河南广播电视台民生频道党支部共同开展党建联建活动，该活动是以支部联建为载体，充分发挥各联建党支部的优势互补作用，为集团党建工作及郑州市轨道交通事业进一步增添力量。... 在中国共产党建党98周年之际，公司机关党委第一党支部与河南广播电视台民生频道党支,2025-12-24
268,ZZM_CN_2adec2397133,zzmetro.cn,2019-06-10 17:01:00,2019-06-10 17:00:00,公司开展2019年安全生产月专题宣传活动 今年6月是全国第18个“安全生产月”，活动主题为“防风险、除隐患、遏事故”。6月6日，公司组织开展了2019年“安全生产月”专题宣传活动，各部门、分（子）公司共计150余名员工代表一起观看了警示教育片《生命红线》《警钟Ⅱ》，深入学习党中央、国务院安全生产决策部署，明确2019年安全生产工作重点。... 今年6月是全国第18个“安全生产月”，活动主题为“防风,2025-12-24
269,ZZM_CN_5506de6d3030,zzmetro.cn,2019-06-03 10:06:00,2019-06-03 10:00:00,郑州地铁集团“六一”儿童节书法比赛活动成功举办 6月1日上午，郑州地铁集团有限公司“六一”儿童节书法比赛活动在地铁5号线郑州东站成功举办！... 6月1日上午，郑州地铁集团有限公司“六一”儿童节书法比赛活动在地铁5号线郑州东站成功举办！,2025-12-24
270,ZZM_CN_a8051beaffc4,zzmetro.cn,2019-06-03 09:53:00,2019-06-03 09:00:00,唱响《我和我的祖国》 献礼新中国70华诞——公司机关党委第一党支部开展党性教育活动 为庆祝中华人民共和国成立70周年，大力弘扬以爱国主义为核心的伟大民族精神，5月24日下午，郑州地铁集团有限公司机关党委第一党支部全体党员乘车来到黄河风景名胜区毛主席视察黄河处开展党性教育活动。... 为庆祝中华人民共和国成立70周年，大力弘扬以爱国主义为核心的伟大民族精神，5月24日下午，郑州地铁集团有限公司机关党,2025-12-24
271,ZZM_CN_e0498ec422a4,zzmetro.cn,2019-05-30 16:53:00,2019-05-30 16:00:00,郑州地铁集团有限公司“地铁好声音”大赛隆重举行 为进一步丰富员工业余文化生活，5月30日上午，郑州地铁集团有限公司“地铁好声音”大赛在1号线郑东车辆段实训楼多功能厅举行。公司500余名员工参加了此次活动。经过激烈角逐，最终产生“地铁好声音”大赛冠军1名，季军2名，亚军3名，十佳歌手4名。... 为进一步丰富员工业余文化生活，5月30日上午，郑州地铁集团有限公司“地铁好声音”大赛在1号线郑东车辆段实,2025-12-24
272,ZZM_CN_cfde300f9b6d,zzmetro.cn,2019-05-21 15:11:00,2019-05-21 15:00:00,郑州市轨道交通5号线迎来初期运营 5月20日上午9时许，郑州市轨道交通5号线初期运营活动在5号线郑州东站站厅层举行。省委常委、市委书记马懿出席活动并下达郑州市轨道交通5号线开始初期运营命令，5号线于10:16正式对外初期运营。仪式由市委副书记、市长王新伟主持。仪式上，副市长吴福民介绍了郑州市轨道交通5号线工程概况，并对5号线各项建设成果给予了充分肯定。仪式结束后，省市领导和现场代表试乘体验电客车，,2025-12-24
273,ZZM_CN_866a6d9df8e0,zzmetro.cn,2019-05-15 10:33:00,2019-05-15 10:00:00,郑州市轨道交通5号线开通纪念票发行 为庆祝5号线初期运营，郑州地铁于开通当日正式对外发行郑州市轨道交通5号线开通纪念票。纪念票卡册内含三张单程纪念票，收藏证书一张，将在5号线中原福塔站、郑州东站、康宁街站、中央商务区站、黄河路站、南五里堡站、五一公园站客服中心进行销售。销售截止期为2019年6月15日。... 为庆祝5号线初期运营，郑州地铁于开通当日正式对外发行郑州市轨道交通5号线开通纪念票。纪念,2025-12-24
274,ZZM_CN_50d072a91bc2,zzmetro.cn,2019-05-05 14:06:00,2019-05-05 14:00:00,纪念五四运动100周年纪念票发行 为纪念五四运动100周年，郑州地铁于5月4日正式对外发行纪念五四运动100周年纪念票。... 为纪念五四运动100周年，郑州地铁于5月4日正式对外发行纪念五四运动100周年纪念票。,2025-12-24
275,ZZM_CN_fcf13ca392c2,zzmetro.cn,2019-04-16 10:49:00,2019-04-16 10:00:00,郑州地铁手机流量卡项目日前启动 4月11日，郑州地铁手机流量卡项目正式启动，在1号线二七广场站、紫荆山站等站点开展试推广。... 4月11日，郑州地铁手机流量卡项目正式启动，在1号线二七广场站、紫荆山站等站点开展试推广。,2025-12-24
276,ZZM_CN_928462ff6fb9,zzmetro.cn,2019-04-16 10:19:00,2019-04-16 10:00:00,市委考核组到地铁集团开展年度考核测评工作 4月12日下午，郑州市委第二考核组罗廷一行6人对地铁集团党政领导班子进行年度考核测评。公司领导班子成员，全体中层管理岗位人员参加会议。... 4月12日下午，郑州市委第二考核组罗廷一行6人对地铁集团党政领导班子进行年度考核测评。公司领导班子成员，全体中层管理岗位人员参加会议。,2025-12-24
277,ZZM_CN_14715bd19a41,zzmetro.cn,2019-04-12 16:20:00,2019-04-12 16:00:00,公司党委领导到6号线1标项目部调研指导精细化管理工作 4月10日下午，郑州地铁集团有限公司党委副书记到中铁四局城轨分公司郑州市轨道交通6号线市政配套工程1标项目部调研精细化管理工作，相关部门负责人陪同参加调研。... 4月10日下午，郑州地铁集团有限公司党委副书记到中铁四局城轨分公司郑州市轨道交通6号线市政配套工程1标项目部调研精细化管理工作，相关部门负责人陪同参加调研。,2025-12-24
278,ZZM_CN_ab3928ed67b0,zzmetro.cn,2019-04-12 16:15:00,2019-04-12 16:00:00,河南省首列消防主题地铁专列正式开通 为普及消防安全常识，增强全民消防安全意识，4月12日，公司联合郑州消防支队共同打造的河南省首列消防常识地铁专列正式开通。... 为普及消防安全常识，增强全民消防安全意识，4月12日，公司联合郑州消防支队共同打造的河南省首列消防常识地铁专列正式开通。,2025-12-24
279,ZZM_CN_d42ac53e438f,zzmetro.cn,2019-04-09 15:32:00,2019-04-09 15:00:00,125.22万！清明节期间郑州地铁单日客运量再创新高 清明节期间（4月4日～4月7日），郑州地铁线网客运量达443.93万人次（其中1号线客运量253.17万人次，2号线客运量141.15万人次，城郊线客运量49.61万人次），较2018年同期线网客运量增加23.33%。节日期间列车兑现率100%，准点率99.87%，均优于国家标准。其中4月4日单日客运量达125.22万人次，再创历史新高。...,2025-12-24
280,ZZM_CN_dcffdbc04060,zzmetro.cn,2019-04-07 11:01:00,2019-04-07 11:00:00,郑州轨道交通4号线长兴路地铁站周边三个小区提前供水 4月7日9时，经地铁公司组织管线单位应急抢险，因地面塌陷受损自来水管网经过临时加固措施实现降压供水，周边新希望奥园小区、裕华广场小区和第九城市小区已恢复供水，恒大家属院因管网受损压力不足尚未恢复供水。市自来水公司和地铁公司已组织供水车对停水区域应急临时供水，地铁公司30多名党员志愿者为停水区域老弱病残孕等居民送水。... 4月7日9时，经地铁公司,2025-12-24
281,ZZM_CN_848647847dd9,zzmetro.cn,2019-04-07 00:07:00,2019-04-07 00:00:00,郑州轨道交通4号线长兴路站东端头塌方得到控制 周边供水预计9日恢复 4月5日郑州市轨道交通4号线长兴路站东盾构接收端发生涌沙涌水险情得到控制。郑州地铁集团有限公司积极组织应急抢险，对塌陷区域采取注浆封堵措施，涌水基本控制，塌方区域土体稳定，周边路面和盾构区间未出现灾害扩大情况。... 4月5日郑州市轨道交通4号线长兴路站东盾构接收端发生涌沙涌水险情得到控制。郑州地铁集团有限公司积极组织应急抢险，对,2025-12-24
282,ZZM_CN_2f093d09f236,zzmetro.cn,2019-04-05 22:08:00,2019-04-05 22:00:00,郑州市轨道交通4号线长兴路站发生涌沙涌水险情 险情已初步控制 无人员伤亡 郑州市轨道交通4号线长兴路站东盾构接收端于今日（4月5日）发生涌沙涌水险情，造成三全路与长兴路交叉口以东路面局部塌陷，致周边道路破损约500平方米，无人员伤亡。... 郑州市轨道交通4号线长兴路站东盾构接收端于今日（4月5日）发生涌沙涌水险情，造成三全路与长兴路交叉口以东路面局部塌陷，致周边道路破损约500平方米，无人员伤亡,2025-12-24
283,ZZM_CN_5fb24850f3cc,zzmetro.cn,2019-03-26 15:35:00,2019-03-26 15:00:00,集团公司召开2019年度工程建设动员会 3月21日上午，集团公司举行建设工程动员大会。公司主要领导，相关部门以及各监理单位、施工单位项目负责人参加会议。... 3月21日上午，集团公司举行建设工程动员大会。公司主要领导，相关部门以及各监理单位、施工单位项目负责人参加会议。,2025-12-24
284,ZZM_CN_d3dd4bb398fc,zzmetro.cn,2019-03-12 16:29:00,2019-03-12 16:00:00,公司喜获全市城市环境卫生精细化管理 二月份第三周评比第一名 3月8日，郑州市召开环境卫生精细化管理工作推进会，郑州市副市长黄卿、市政府副秘书长王春晓、市城管局局长李雪生、各相关责任单位负责人以及办事处路长参加会议。会议由市政府副秘书长王春晓主持。会上通报了全市城市环境卫生精细化管理二月份第三周考核成绩，本次评比郑州地铁集团有限公司位列相关责任单位第一名。... 3月8日，郑州市召开环境卫生精细化管,2025-12-24
285,ZZM_CN_687e78f46be0,zzmetro.cn,2019-03-07 13:51:00,2019-03-07 13:00:00,同心逐梦  聚力前行  为郑州城市生活更加美好贡献地铁力量——公司召开2018年工作总结表彰暨2019年工作安排部署大会 3月6日上午，公司在调度中心25楼会议室召开2018年工作总结表彰暨2019年工作安排部署大会。公司领导班子成员、公司二级部（室）主任及以上管理人员、分（子）公司二级室主任代表及以上管理人员，先进集体、先进工作者代表参加了本次大会。... 3月6日上午，公司在调度中心25楼会议,2025-12-24
286,ZZM_CN_91c31a244c37,zzmetro.cn,2019-03-07 13:27:00,2019-03-07 13:00:00,公司机关党委召开第一次代表大会 3月6日下午，公司机关党委在公司25楼会议室召开第一次代表大会，公司机关党委第一次代表大会党员代表参加了此次会议。... 3月6日下午，公司机关党委在公司25楼会议室召开第一次代表大会，公司机关党委第一次代表大会党员代表参加了此次会议。,2025-12-24
287,ZZM_CN_1b9cb603858e,zzmetro.cn,2019-03-04 16:50:00,2019-03-04 16:00:00,郑州地铁集团有限公司工会第一届会员代表大会第一次全体会议圆满召开 2月28日上午，郑州地铁集团有限公司工会第一次会员代表大会第一次全体会议在公司25楼会议室隆重召开，这标志着公司正式成立了工会组织，公司在完善架构和治理结构征程中又迈出了坚实的一大步。... 2月28日上午，郑州地铁集团有限公司工会第一次会员代表大会第一次全体会议在公司25楼会议室隆重召开，这标志着公司正式成立了工会组织，公司在完善,2025-12-24
288,ZZM_CN_ac09056814c0,zzmetro.cn,2019-03-01 15:57:00,2019-03-01 15:00:00,郑州市环境污染防治督导组到公司检查大气污染防治工作 2月27日下午，郑州市环境污染防治督导组督导一处处长樊顺民一行，到公司检查大气污染防治工作开展情况。... 2月27日下午，郑州市环境污染防治督导组督导一处处长樊顺民一行，到公司检查大气污染防治工作开展情况。,2025-12-24
289,ZZM_CN_499a5a3efb7d,zzmetro.cn,2019-03-01 13:24:00,2019-03-01 13:00:00,吴福民调研5号线工程道路恢复施工进展情况 2月25日下午，吴福民副市长携市城建局主要领导调研轨道交通5号线市中心医院站，查看道路恢复施工进展情况。... 2月25日下午，吴福民副市长携市城建局主要领导调研轨道交通5号线市中心医院站，查看道路恢复施工进展情况。,2025-12-24
290,ZZM_CN_e7a2c6679b75,zzmetro.cn,2019-02-22 14:46:00,2019-02-22 14:00:00,郑州地铁集团有限公司2019年党风廉政建设大会顺利召开 2月20日上午，公司2019年党风廉政建设大会顺利召开。公司党委班子成员、公司机关室主任以上领导人员、运营分公司副主任以上管理人员和各级党组织纪检委员300余人参加了会议。... 2月20日上午，公司2019年党风廉政建设大会顺利召开。公司党委班子成员、公司机关室主任以上领导人员、运营分公司副主任以上管理人员和各级党组织纪检委员300余人参加,2025-12-24
291,ZZM_CN_d2dcfc35406b,zzmetro.cn,2019-02-22 14:41:00,2019-02-22 14:00:00,郑州地铁集团召开党委巡察整改工作动员会 2月20日上午，中共郑州地铁集团有限公司委员会召开巡察整改工作动员会。公司党委班子成员、公司机关室主任以上领导人员、运营分公司副主任以上管理人员和各级党组织纪检委员300余人参加了会议。... 2月20日上午，中共郑州地铁集团有限公司委员会召开巡察整改工作动员会。公司党委班子成员、公司机关室主任以上领导人员、运营分公司副主任以上管理人员和各级党组织纪检委员3,2025-12-24
292,ZZM_CN_74fc7a84a31b,zzmetro.cn,2019-02-14 16:13:00,2019-02-14 16:00:00,“智慧出行 郑在发生” 郑州地铁•商易行APP扫码过闸上线仪式在紫荆山站举行 2月14日上午，“智慧出行 郑在发生”郑州地铁•商易行APP扫码过闸上线仪式在紫荆山站举行，地铁集团主要领导及员工代表、市民代表参加。... 2月14日上午，“智慧出行 郑在发生”郑州地铁•商易行APP扫码过闸上线仪式在紫荆山站举行，地铁集团主要领导及员工代表、市民代表参加。,2025-12-24
293,ZZM_CN_288a80a634aa,zzmetro.cn,2019-02-13 15:54:00,2019-02-13 15:00:00,点亮逐梦征程  凝聚奋斗力量——郑州地铁集团举行2019年新春升旗仪式 2月11日，郑州地铁集团有限公司在调度中心办公楼前举行庄严神圣的升旗仪式。... 2月11日，郑州地铁集团有限公司在调度中心办公楼前举行庄严神圣的升旗仪式。,2025-12-24
294,ZZM_CN_0daf3cf387ca,zzmetro.cn,2019-02-12 16:35:00,2019-02-12 16:00:00,郑州地铁•商易行APP即将正式上线 覆盖全线网的郑州地铁•商易行APP于2月14日正式上线，届时郑州将成为全国首批、首创、全网、首个一步到位实现“自发码、全通道、双兼容”开通手机二维码扫码过闸乘车的城市。... 覆盖全线网的郑州地铁•商易行APP于2月14日正式上线，届时郑州将成为全国首批、首创、全网、首个一步到位实现“自发码、全通道、双兼容”开通手机二维码扫码过闸乘车的城市。,2025-12-24
295,ZZM_CN_48ec70daff13,zzmetro.cn,2019-02-01 16:17:00,2019-02-01 16:00:00,"迎新春 送春联 欢欢喜喜过新年 贴春联是中国人过年的传统习俗，它是几千年来的传统，寓意着红红火火、喜喜庆庆的过新年，充满着吉祥与祝福。为迎接2019年新春佳节的到来，让广大青年员工切身感受到中国传统文化的气息，1月21日至25日期间，郑州地铁集团有限公司团委组织基层团组织开展了“迎新春 送春联 欢欢喜喜过新年”活动,为公司青年员工写送春联，送去新春祝福。... 贴春联是中国人过年的传统习俗，它是几",2025-12-24
296,ZZM_CN_b6b510eb853d,zzmetro.cn,2019-02-01 16:14:00,2019-02-01 16:00:00,“闪”亮中国心！郑州地铁上演5分钟快闪 1月29日，正值2019年新春佳节前夕，今年是新中国成立70周年，为了让人们带着归家的喜悦迎接建国70周年的新春，由河南日报报业集团、大河网络传媒集团公司、郑州地铁集团有限公司、今日消费周刊社联合主办的“我和我的祖国”主题快闪活动在郑州地铁紫荆山站激情上演。... 1月29日，正值2019年新春佳节前夕，今年是新中国成立70周年，为了让人们带着归家的喜悦迎接,2025-12-24
297,ZZM_CN_f96da1a3e4f8,zzmetro.cn,2019-01-31 17:00:00,2019-01-31 17:00:00,市委第五巡察组巡察郑州地铁集团有限公司党委工作反馈会召开 根据市委统一部署和市委巡视工作统一安排，2018年10月31日至2018年12月14日，市委第五巡察组对郑州地铁集团开展了为期一个半月的巡察，2019年1月29日，市委第五巡察组巡察郑州地铁集团有限公司党委工作反馈会召开。市委第五巡察组组长高永振代表市委第五巡察组反馈巡察情况，市政府党组成员、副市长吴福民对巡察整改工作提出了要求。郑州地铁集,2025-12-24
298,ZZM_CN_22a15e4c38b5,zzmetro.cn,2019-01-31 14:41:00,2019-01-31 14:00:00,集团公司召开招标代理、造价咨询单位法人代表巡视会暨2019年节前廉洁从业谈话会 为加强对招标代理、造价咨询单位的管理，强化轨道交通招标、造价工作领域廉洁从业工作，1月23日下午，公司召开招标代理、造价咨询单位法人代表巡视会暨2019年节前廉洁从业谈话会。北京中昌工程咨询有限公司、国信招标集团股份有限公司等10家招标代理、造价咨询单位负责人参加了会议。... 为加强对招标代理、造价咨询单位的管理，强,2025-12-24
299,ZZM_CN_6c8eba0aa2fa,zzmetro.cn,2019-01-31 14:39:00,2019-01-31 14:00:00,集团公司举行“风险管理及内部控制”专题培训会 1月25日上午，郑州地铁集团邀请德勤中国业务发展华东区副主管谈亮做“风险管理及内部控制”专题培训。... 1月25日上午，郑州地铁集团邀请德勤中国业务发展华东区副主管谈亮做“风险管理及内部控制”专题培训。,2025-12-24
300,ZZM_CN_19019b35efb3,zzmetro.cn,2019-01-31 14:35:00,2019-01-31 14:00:00,郑州地铁集团 载歌载舞大联欢 和谐共庆中国年 1月25日下午，郑州地铁2019年新春联欢会在郑东车辆段隆重举行。... 1月25日下午，郑州地铁2019年新春联欢会在郑东车辆段隆重举行。,2025-12-24
301,ZZM_CN_30c78138cc35,zzmetro.cn,2019-01-27 16:44:00,2019-01-27 16:00:00,郑州地铁集团发行己亥猪年新春纪念票 金猪送福，恭贺新春！为庆祝农历春节的到来，集团公司于1月18日正式对外发行己亥猪年新春纪念票。纪念票卡册内含2张单程纪念票，在1号线二七广场站、西流湖站客服中心进行销售。销售截止日期为2019年2月28日。咨询电话：0371-55166998。... 金猪送福，恭贺新春！为庆祝农历春节的到来，集团公司于1月18日正式对外发行己亥猪年新春纪念票。纪念票卡册内含2张,2025-12-24
302,ZZM_CN_e6ec7e52d8c0,zzmetro.cn,2019-01-27 16:42:00,2019-01-27 16:00:00,集团公司召开以案促改活动动员暨2019年节前廉洁从业谈话会 为深入学习十九届中央纪委三次全会精神，贯彻落实市国资系统以案促改警示教育大会和市2019年双节廉政谈话会议精神，切实增强广大干部员工廉洁从业意识，确保廉洁过节，1月17日上午，公司组织召开以案促改活动动员暨2019年节前廉洁从业谈话会。... 为深入学习十九届中央纪委三次全会精神，贯彻落实市国资系统以案促改警示教育大会和市2019年双节廉,2025-12-24
303,ZZM_CN_fbb5a1454352,zzmetro.cn,2019-01-27 16:40:00,2019-01-27 16:00:00,提高政治站位 强化责任担当——集团公司特邀省公安厅反恐总队防范支队支队长开展反恐怖防范安全讲座 为积极响应河南省《中华人民共和国反恐怖主义法》三周年宣传月活动号召，贯彻落实公安机关关于地铁反恐怖防范工作要求，切实提升地铁员工反恐怖防范安全责任意识，1月18日上午，公司特邀省公安厅反恐总队防范支队支队长蔡亚辉在调度中心25楼开展反恐怖防范安全讲座。... 为积极响应河南省《中华人民共和国反恐怖主义法,2025-12-24
304,ZZM_CN_3e3f1830a219,zzmetro.cn,2019-01-11 18:03:00,2019-01-11 18:00:00,中国共产党郑州地铁集团有限公司 第一次代表大会圆满召开 2018年12月28日，中国共产党郑州地铁集团有限公司第一次代表大会在调度中心25楼会议室隆重开幕。大会号召，各级党组织、广大党员和全体员工要高举习近平新时代中国特色社会主义思想伟大旗帜，全面贯彻落实党的十九大精神，不忘初心，牢记使命，为早日实现“国际领先、国内一流的轨道交通建设者和运营商”战略目标矢志奋斗，在郑州全面建设国家中心城市新征程中,2025-12-24
305,ZZM_CN_b4db137cf98b,zzmetro.cn,2018-12-25 17:22:00,2018-12-25 17:00:00,中国城市轨道交通协会副秘书长黄建伟一行到公司调研 12月20日下午，中国城市轨道交通协会副秘书长黄建伟一行到公司调研工作。黄建伟阐明了此行的主要目的，旨在推动轨道交通行业自主创新技术工作以及调研全自动运行系统（FAO）的应用情况。... 12月20日下午，中国城市轨道交通协会副秘书长黄建伟一行到公司调研工作。黄建伟阐明了此行的主要目的，旨在推动轨道交通行业自主创新技术工作以及调研全自动运行系统（F,2025-12-24
306,ZZM_CN_411b07097c7b,zzmetro.cn,2018-12-25 17:21:00,2018-12-25 17:00:00,微电影《郑州地铁故事之雨夜》荣获交通运输部全国交通运输行业微视频大赛三等奖 近日，集团公司出品的微电影《郑州地铁故事之雨夜》荣获交通运输部主办的“中国交通▪辉煌40年——交通联合杯”全国交通运输行业微视频大赛三等奖。大赛评选结果在交通运输部政府网站、中国交通新闻网进行公示。... 近日，集团公司出品的微电影《郑州地铁故事之雨夜》荣获交通运输部主办的“中国交通▪辉煌40年——交通联合杯”全国交通运输,2025-12-24
307,ZZM_CN_eb06677e8fbf,zzmetro.cn,2018-12-21 14:06:00,2018-12-21 14:00:00,集团公司党委组织集中收看庆祝改革开放40周年大会 伟大革命推动伟大飞跃。12月18日上午10时，庆祝改革开放40周年大会在人民大会堂隆重举行。公司党委组织公司机关总部各支部、各部门负责人及党员代表200余人在25楼会议室收看大会盛况，集中学习习近平总书记发表的重要讲话。公司党委班子成员参加了此次收看活动。... 伟大革命推动伟大飞跃。12月18日上午10时，庆祝改革开放40周年大会在人民大会堂隆重,2025-12-24
308,ZZM_CN_d74a18aced24,zzmetro.cn,2018-12-21 08:30:00,2018-12-21 08:00:00,郑州地铁集团有限公司美元债券联交所上市公告 诚如日期为二零一八年十二月十三日之发售通函所述，本公司已向香港联合交易所有限公司申請批准本债券以仅向专业投资者（定义见香港联合交易所有限公司证券上市规则第37章及香港证券及期货条例（第571章））发行债务之方式上市及买卖。预期批准本债券买卖将于二零一八年十二月二十一日生效。... 诚如日期为二零一八年十二月十三日之发售通函所述，本公司已向香港联合交易所有,2025-12-24
309,ZZM_CN_a22421bb7137,zzmetro.cn,2018-12-15 23:14:00,2018-12-15 23:00:00,郑州地铁集团副总工程师王贺敏作中国妇女 十二大精神宣讲报告 中国妇女第十二次全国代表大会是在习近平新时代中国特色社会主义思想指引下我国妇女的一次历史性盛会。12月5日下午，集团副总工程师王贺敏同志作为中国妇女十二大代表，作了题为《高举习近平新时代中国特色社会主义思想伟大旗帜  奋力谱写郑州地铁巾帼建功新华章》的宣讲报告，公司机关、各分（子）公司160余名女性员工代表参加了此次宣讲会。... 中国妇,2025-12-24
310,ZZM_CN_16599056ad5d,zzmetro.cn,2018-12-15 23:13:00,2018-12-15 23:00:00,郑州地铁集团发行试运营五周年纪念票 五年风雨砥砺，五年春华秋实。2018年12月28日是郑州首条地铁线路开通试运营五周年的纪念日，这既是郑州地铁发展的里程碑，又是奋进的新起点。为庆祝这一重要纪念日，集团公司于12月18日正式对外发行郑州地铁试运营五周年纪念票。纪念票卡册内含2张单程纪念票，将在紫荆山站客服中心进行销售。... 五年风雨砥砺，五年春华秋实。2018年12月28日是郑州首条地铁线路开通,2025-12-24
311,ZZM_CN_f94cee5028c4,zzmetro.cn,2018-11-30 18:04:00,2018-11-30 18:00:00,郑州地铁集团有限公司获得国际A3（A-）和国内AAA信用评级 日前，郑州地铁集团有限公司陆续获得国际、国内权威信用评级机构穆迪投资者服务公司、惠誉国际信用评级公司和中诚信国际信用评级有限公司的信用评级，评级等级分别为穆迪A3级、惠誉A-级、中诚信AAA级，评级展望均为稳定。... 日前，郑州地铁集团有限公司陆续获得国际、国内权威信用评级机构穆迪投资者服务公司、惠誉国际信用评级公司和中诚信国际信用评,2025-12-24
312,ZZM_CN_c514a5f68a55,zzmetro.cn,2018-11-30 18:02:00,2018-11-30 18:00:00,郑州地铁集团有限公司发行党建主题纪念票 为纪念国家改革开放40周年和马克思诞辰200周年，宣传社会主义核心价值观，郑州地铁集团有限公司于12月6日正式对外发行纪念改革开放40周年、纪念马克思诞辰200周年和社会主义核心价值观三款党建主题纪念票。... 为纪念国家改革开放40周年和马克思诞辰200周年，宣传社会主义核心价值观，郑州地铁集团有限公司于12月6日正式对外发行纪念改革开放40周年、纪念马克,2025-12-24
313,ZZM_CN_839c0e7ba576,zzmetro.cn,2018-11-30 17:55:00,2018-11-30 17:00:00,郑州地铁集团副总工程师王贺敏代表郑州地铁行业妇女参加市妇女十六大 郑州市妇女第十六次代表大会（以下简称“市妇女十六大”）于11月18日至20日在嵩山饭店隆重召开。中国妇女十二大代表、郑州地铁集团副总工程师王贺敏作为郑州市地铁行业妇女代表参加了本次会议。会上，王贺敏同志以全票当选市妇女十六大执行委员会委员，并作为主席团成员在大会主席台就坐。... 郑州市妇女第十六次代表大会（以下简称“市妇女十六大”,2025-12-24
314,ZZM_CN_3aeefabc53f0,zzmetro.cn,2018-11-30 17:53:00,2018-11-30 17:00:00,郑州地铁集团副总工程师王贺敏赴京参加中国妇女第十二次全国代表大会 10月30日，中国妇女第十二次全国代表大会在北京人民大会堂隆重召开。本次大会共有来自全国各行各业的1637名中国妇女十二大代表和来自香港特别行政区、澳门特别行政区的79名特邀代表参加，郑州地铁集团有限公司副总工程师王贺敏作为河南代表团成员出席了本次盛会。... 10月30日，中国妇女第十二次全国代表大会在北京人民大会堂隆重召开。本次,2025-12-24
315,ZZM_CN_5210bacb756d,zzmetro.cn,2018-11-30 17:51:00,2018-11-30 17:00:00,传播人道精神  助力生命接力 地铁集团获省红十字会授牌 11月13日下午，河南省红十字会党组成员、副巡视员郭巧敏一行3人来到地铁集团进行座谈交流并授牌。... 11月13日下午，河南省红十字会党组成员、副巡视员郭巧敏一行3人来到地铁集团进行座谈交流并授牌。,2025-12-24
316,ZZM_CN_d00445c6496e,zzmetro.cn,2018-11-30 17:48:00,2018-11-30 17:00:00,5号线迎来“市民记者看发展”活动 11月8日，是第19个中国记者节。当天下午，郑州经济广播特别策划的“市民记者看发展”活动在郑州市轨道交通5号线七里河站举行。郑州经济广播电台与市民代表共计20余人参与活动。... 11月8日，是第19个中国记者节。当天下午，郑州经济广播特别策划的“市民记者看发展”活动在郑州市轨道交通5号线七里河站举行。郑州经济广播电台与市民代表共计20余人参与活动。,2025-12-24
317,ZZM_CN_bd420ad9759c,zzmetro.cn,2018-11-16 15:54:00,2018-11-16 15:00:00,匠心创造非凡  国赛载誉归来 11月13日，2018年中国技能大赛——第十届全国交通运输行业“捷安杯”城市轨道交通领域职业技能大赛全国总决赛在广州顺利闭幕。郑州地铁集团有限公司运营分公司的李浩、刘秋辰荣获了全国城市轨道交通行车值班员（职业组）团体第一名，李小功、范世捷荣获了全国城市轨道交通列车司机（职业组）团体第五名，同时李浩荣获了全国城市轨道交通行车值班员职业组（个人）二等奖，刘秋辰、李小功获得,2025-12-24
318,ZZM_CN_0b3476c5a64e,zzmetro.cn,2018-11-01 16:54:00,2018-11-01 16:00:00,市委第五巡察组巡察郑州地铁集团有限公司党委工作动员会召开 根据市委统一部署，2018年10月31日上午，市委第五巡察组巡察郑州地铁集团有限公司党委工作动员会召开。会上，市委第五巡察组组长高永振就即将开展的巡察工作作动员讲话，市委巡察办副主任陈刚就配合做好巡察工作提出要求，郑州地铁集团有限公司党委书记张洲主持会议并作表态发言。... 根据市委统一部署，2018年10月31日上午，市委第五巡察组巡察郑,2025-12-24
319,ZZM_CN_027f4908eb85,zzmetro.cn,2018-10-18 11:27:00,2018-10-18 11:00:00,郑州地铁首批潮流文化衫上市 打造地铁潮流文化，树立新型服务品牌，郑州地铁首批潮流文化衫日前面向市场推出，受到销售者关注和喜爱。... 打造地铁潮流文化，树立新型服务品牌，郑州地铁首批潮流文化衫日前面向市场推出，受到销售者关注和喜爱。,2025-12-24
320,ZZM_CN_5eae6e6cc91d,zzmetro.cn,2018-10-18 11:25:00,2018-10-18 11:00:00,“中国红”地铁专列广受乘客好评 10月1日，在郑州地铁 1 号线上，一列带着浓浓中国风的“中国红”主题地铁专列正式首发，这是一趟由郑州地铁集团有限公司推出的国庆主题专列，为祖国的生日献上祝福。... 10月1日，在郑州地铁 1 号线上，一列带着浓浓中国风的“中国红”主题地铁专列正式首发，这是一趟由郑州地铁集团有限公司推出的国庆主题专列，为祖国的生日献上祝福。,2025-12-24
321,ZZM_CN_33b1f3d7d08e,zzmetro.cn,2018-10-18 11:21:00,2018-10-18 11:00:00,5号线工程开展地铁工匠地面铺装竞赛活动 为弘扬工匠精神，充分发挥地铁建设者的主动性、创造性，全面提升郑州市轨道交通5号线风水电及装修工程实体质量，践行质量提升月活动要求，9月29日-30日，郑州地铁集团“立标准、树样板、比工艺、铸精品”地铁工匠竞赛地面铺装小组比赛在郑州市轨道交通5号线中央商务区站隆重举行，集团领导及各参建单位参赛选手共200余人参加了本次活动。... 为弘扬工匠精神，充分发挥地铁,2025-12-24
322,ZZM_CN_9e7e88412d37,zzmetro.cn,2018-09-14 16:09:00,2018-09-14 16:00:00,河南省省委督察室主任李耀林一行调研 5号线工程建设情况 9月6日下午，河南省省委督察室主任李耀林一行15人到5号线工程七里河站就习近平总书记调研指导河南工作时指出着力发挥优势打好“四张牌”落实情况进行督察调研。... 9月6日下午，河南省省委督察室主任李耀林一行15人到5号线工程七里河站就习近平总书记调研指导河南工作时指出着力发挥优势打好“四张牌”落实情况进行督察调研。,2025-12-24
323,ZZM_CN_7a07e1baddfd,zzmetro.cn,2018-09-14 16:05:00,2018-09-14 16:00:00,市交警支队领导到绿城广场站 指导交通疏解评审工作 8月23日上午，郑州市交警支队副支队长邓进超到轨道交通市政控制性节点绿城广场站，现场指导交通疏解评审工作。... 8月23日上午，郑州市交警支队副支队长邓进超到轨道交通市政控制性节点绿城广场站，现场指导交通疏解评审工作。,2025-12-24
324,ZZM_CN_662d0ac7586a,zzmetro.cn,2018-09-12 09:51:00,2018-09-12 09:00:00,建设工程领域“扫黑除恶”专项斗争推进会 在郑巩市域铁路市政配套工程土建04标举办 9月5日上午，由郑州市城乡建设委员会、郑州市建设安全监督站主办，郑州市轨道交通有限公司、中铁六局集团有限公司承办的郑州市城乡建设委员会建设工程领域“扫黑除恶”专项斗争推进会，在郑州市至巩义市域铁路市政配套工程土建04标项目部召开。郑州市政法委副书记李华云、郑州市建委主任梁远森、郑州市安监站党支部书记齐喜勇、郑州市部分,2025-12-24
325,ZZM_CN_6f5acc99b683,zzmetro.cn,2018-08-23 10:00:00,2018-08-23 10:00:00,公司与团市委联合举行省委十届六次全会、市委十一届七次全会暨省委、市委工作 会议精神专题宣讲会 8月17日下午，公司与团市委联合举行省委十届六次全会、市委十一届七次全会暨省委、市委工作会议精神宣讲会，邀请市委党校杨小明教授为公司近200名党员、团员代表宣讲两次全会精神。... 8月17日下午，公司与团市委联合举行省委十届六次全会、市委十一届七次全会暨省委、市委工作会议精神宣讲会，邀请市委党校杨小明教,2025-12-24
326,ZZM_CN_5ab4f4c56965,zzmetro.cn,2018-08-14 18:34:00,2018-08-14 18:00:00,公司联合郑州人民医院举行 “下一站•遇见天使”单身青年 交友联谊活动 为迎接“中国情人节”七夕节的到来，8月10日下午，公司联合郑州人民医院举行了以“下一站•遇见天使”为主题的单身青年交友联谊活动。本次联谊活动由公司团委和郑州人民医院工会联合承办。活动为公司和郑州人民医院近百名单身青年男员工、女护士提供了充分、深入、全面的相识相知机会。郑州市教科文卫体工会主任郑建华、团市委宣传部部长王慧萍、郑州人,2025-12-24
327,ZZM_CN_60617da459b7,zzmetro.cn,2018-08-02 17:37:00,2018-08-02 17:00:00,关于郑州市轨道交通5号线工程 “7.31”安全生产事件的情况通报 经人民医院专家组会诊，均无生命危险。当晚已有1人在身体不适状况消除后主动要求出院，8月1日，其他11名留院观察人员均已出院。... 经人民医院专家组会诊，均无生命危险。当晚已有1人在身体不适状况消除后主动要求出院，8月1日，其他11名留院观察人员均已出院。,2025-12-24
328,ZZM_CN_fa257d2141b9,zzmetro.cn,2018-07-31 22:33:00,2018-07-31 22:00:00,轨道交通5号线发生安全事件  12名送医治疗人员生命体征平稳 轨道交通5号线发生安全事件  12名送医治疗人员生命体征平稳... 轨道交通5号线发生安全事件  12名送医治疗人员生命体征平稳,2025-12-24
329,ZZM_CN_d914df79b6d6,zzmetro.cn,2018-07-25 15:30:00,2018-07-25 15:00:00,扬创新之帆   掌精品之舵 奋辑启航郑州地铁品质智慧发展新时代 7月21日上午，公司在调度中心25楼会议室隆重召开2018年半年度工作总结部署会。公司党政领导班子成员、公司二级部（室）主任及以上中层干部、分（子）公司二级室主任及以上领导人员参加了本次大会。会议由公司党委委员、常务副总经理袁聚亮主持。... 7月21日上午，公司在调度中心25楼会议室隆重召开2018年半年度工作总结部署会。公司党政领,2025-12-24
330,ZZM_CN_855db4245730,zzmetro.cn,2018-07-17 14:42:00,2018-07-17 14:00:00,创新思路 把控源头 分类指导 同步推进 全力打造在建线路围挡公益广告主题车站 为大力配合郑州市全国文明城市创建工作，进一步提升公司在建线路围挡公益广告工作标准，巩固公司“文明单位”创建成果，在公司党委领导下，公司创新了公益广告工作思路，在做好源头把控的基础上，按照“分类指导、同步推进、加快实施”的原则，近期已将三环之内、郑东新区范围内所有在建线路施工围挡公益广告按照不同主题分类，全部打造成为围挡公,2025-12-24
331,ZZM_CN_b1a5c2140433,zzmetro.cn,2018-06-15 11:04:00,2018-06-15 11:00:00,1号线二七广场站省级青年文明号揭牌 暨郑州市“创出彩•青年文明号服务月”活动启动 6月7日上午，由团市委和公司联合举办的1号线二七广场站省级青年文明号揭牌暨郑州市“创出彩·青年文明号服务月”活动启动仪式在郑州地铁1号线二七广场中心站举行。团省委青年发展部部长高博、团市委副书记张琳琳等参加活动。... 6月7日上午，由团市委和公司联合举办的1号线二七广场站省级青年文明号揭牌暨郑州市“创出彩·青年文明,2025-12-24
332,ZZM_CN_e8b8dda41248,zzmetro.cn,2018-05-21 16:37:00,2018-05-21 16:00:00,探索党建联建新模式 激发项目管理新活力 中共郑州市轨道交通有限公司委员会举行党建联建启动暨签订仪式 为深入贯彻落实党的十九大精神和全国国有企业党的建设工作会议精神，积极创新党建工作，促进党建工作与业务工作深度融合，加快推进“轨道上的郑州”建设，5月14日上午，公司党委与业务合作单位党组织举行党建联建启动仪式，签订党建联建协议。49家联建单位代表参加了本次大会。... 为深入贯彻落实党的十九大精神和,2025-12-24
333,ZZM_CN_754380a04c07,zzmetro.cn,2018-05-08 17:00:00,2018-05-08 17:00:00,公司举行“孟瑞鹏精神走进郑州地铁” 活动启动仪式 4月26日下午，公司与华北水利水电大学在1号线市体育中心站举行“孟瑞鹏精神走进郑州地铁活动”启动仪式。... 4月26日下午，公司与华北水利水电大学在1号线市体育中心站举行“孟瑞鹏精神走进郑州地铁活动”启动仪式。,2025-12-24
334,ZZM_CN_248895c74d2c,zzmetro.cn,2018-04-28 17:45:00,2018-04-28 17:00:00,公司获评“诚信纳税百佳企业” 4月13日，公司应邀参加由郑东新区国税局、郑东新区地税局、郑东新区管委会联合举办的郑东新区税收宣传月“双百佳企业”表彰大会。会上，公司被授予“2017年度郑东新区诚信纳税百佳企业”荣誉称号并颁发奖牌，置业公司同时被评为“2017年度郑东新区经济发展突出贡献百佳企业”。... 4月13日，公司应邀参加由郑东新区国税局、郑东新区地税局、郑东新区管委会联合举办的郑东新区税收,2025-12-24
335,ZZM_CN_a3d0d8e20925,zzmetro.cn,2018-04-28 16:57:00,2018-04-28 16:00:00,公司参加2018年中国（国际）智慧轨道交通大会 并做主题演讲 4月13至15日，中国（国际）智慧轨道交通大会在北京顺利召开。大会由国家发改委综合运输研究所、“十三五”国家重点研发计划《先进轨道交通重点专项》总体专家组指导，北京市地铁运营有限公司地铁运营技术研发中心、RT轨道交通联合主办，中国信息通信研究院协办，地铁运营安全保障技术北京市重点实验室联合承办。... 4月13至15日，中国（国际）智慧,2025-12-24
336,ZZM_CN_47ce6e268396,zzmetro.cn,2018-04-23 14:39:00,2018-04-23 14:00:00,公司党委成功举办“走进新时代 开启新征程” 学习宣传贯彻党的十九大精神知识竞赛活动 4月20日下午，公司“走进新时代 开启新征程”学习宣传贯彻党的十九大精神知识竞赛决赛成功举行。公司党委副书记，公司机关各支部书记和委员、项目管理各支部书记和委员、置业公司党支部书记和委员，运营分公司党委委员、三级党委及同级党总支书记和委员、各支部书记和委员，党员代表等200余人参加。... 4月20日下午，公司“走,2025-12-24
337,ZZM_CN_dda70e0f5707,zzmetro.cn,2018-03-15 11:41:00,2018-03-15 11:00:00,公司党委组织党员观看电影《厉害了，我的国》 近日纪录电影《厉害了，我的国》全国公映，为全面贯彻落实学习党的十九大精神开局之年各项目标任务，提振士气，凝心聚力，进一步激发广大党员爱国热情和爱党深情，坚定为郑州市轨道交通事业奋力拼搏的信心和决心，公司党委分批组织全体党员观看该影片。... 近日纪录电影《厉害了，我的国》全国公映，为全面贯彻落实学习党的十九大精神开局之年各项目标任务，提振士气，凝心聚力，,2025-12-24
338,ZZM_CN_5b9062f9249d,zzmetro.cn,2018-03-14 15:57:00,2018-03-14 15:00:00,公司召开2017年度“传播正能量 郑轨好新闻”表彰暨2018年宣传工作促进会 3月13日上午，公司在调度中心25楼会议室召开2017年度“传播正能量 郑轨好新闻”表彰暨2018年宣传工作促进会。公司相关领导，参与2017年度好新闻投稿的省、市媒体分管领导及记者，公司各部门（单位）、参建单位新闻通讯员，各基层党组织宣传委员等200多人参加会议... 3月13日上午，公司在调度中心25楼会议室召开20,2025-12-24
339,ZZM_CN_0625bad26e9a,zzmetro.cn,2018-03-14 15:41:00,2018-03-14 15:00:00,欧投行郑州地铁4号线项目  移民安置政策框架 ...,2025-12-24
340,ZZM_CN_0afe632c212e,zzmetro.cn,2018-02-26 18:01:00,2018-02-26 18:00:00,公司举办2017年度 “传播正能量 郑轨好新闻”评选 2月13日上午，公司举行2017年度“传播正能量 郑轨好新闻”评审活动。活动邀请了《新闻爱好者》杂志社、河南日报、郑州日报、郑州晚报、中原地铁报的5位专家评委。... 2月13日上午，公司举行2017年度“传播正能量 郑轨好新闻”评审活动。活动邀请了《新闻爱好者》杂志社、河南日报、郑州日报、郑州晚报、中原地铁报的5位专家评委。,2025-12-24
341,ZZM_CN_9e2b6d07131e,zzmetro.cn,2018-02-26 17:57:00,2018-02-26 17:00:00,公司举行2018年春节团拜会 新年甫至，万象更新。2月13日，在中国传统节日春节即将到来之际，公司党政领导班子全体成员、驻公司特派员在公司25楼会议室举行了2018年春节团拜会，大家喜气洋洋，欢聚一堂，互道祝福，喜迎新春。... 新年甫至，万象更新。2月13日，在中国传统节日春节即将到来之际，公司党政领导班子全体成员、驻公司特派员在公司25楼会议室举行了2018年春节团拜会，大家喜气洋洋，欢聚一堂,2025-12-24
342,ZZM_CN_14cdf88ae0bd,zzmetro.cn,2018-02-26 17:48:00,2018-02-26 17:00:00,公司举办“喜迎新时代 再铸新辉煌 轨道十年成就摄影展”活动 为进一步学习贯彻落实党的十九大精神，喜迎中国特色社会主义进入新时代，在公司成立十周年之际，举办“喜迎新时代 再铸新辉煌 轨道十年成就摄影展”活动。2月11日，公司在郑州地铁紫荆山站举行“喜迎新时代 再铸新辉煌 轨道十年成就摄影展”开幕式。来自轨道公司、地铁参建单位及河南省职业摄影师协会共计200余人参加了此次开幕。... 为进一步学习贯彻,2025-12-24
343,ZZM_CN_73bc8dcb7aae,zzmetro.cn,2018-02-26 17:43:00,2018-02-26 17:00:00,公司党委副书记带队慰问困难员工 2018年新春佳节将至，为做好关爱帮扶生活困难党员、员工工作，将公司党委的关怀及时带到，公司党委副书记，党群部部长、财务部部长、运营分公司党委委员一行走访慰问了公司的困难党员、员工代表，把党组织的温暖送到他们的心坎上。... 2018年新春佳节将至，为做好关爱帮扶生活困难党员、员工工作，将公司党委的关怀及时带到，公司党委副书记，党群部部长、财务部部长、运营分公司党委,2025-12-24
344,ZZM_CN_0af16ef0d6e4,zzmetro.cn,2018-02-26 17:41:00,2018-02-26 17:00:00,公司举办“不忘初心再创辉煌 喜迎春节征楹联”活动 2月2日下午，由公司主办，河南省楹联学会承办的2017年“不忘初心再创辉煌 喜迎春节征楹联”征集作品终评活动在公司举行。... 2月2日下午，由公司主办，河南省楹联学会承办的2017年“不忘初心再创辉煌 喜迎春节征楹联”征集作品终评活动在公司举行。,2025-12-24
345,ZZM_CN_4d0062cd6a52,zzmetro.cn,2018-02-11 12:18:00,2018-02-11 12:00:00,公司召开第四季度质量安全讲评暨春节期间安全稳定专题会 2月 2日上午，公司召开第四季度质量安全讲评暨春节期间安全稳定专题会。各在建线路监理、施工单位项目负责人参加了会议。,2025-12-24
346,ZZM_CN_7544c2965262,zzmetro.cn,2018-02-11 12:17:00,2018-02-11 12:00:00,公司召开2017年度网络与信息安全分析会 ...,2025-12-24
347,ZZM_CN_b4a2df603673,zzmetro.cn,2018-02-11 12:15:00,2018-02-11 12:00:00,河南省国家密码管理局张世平局长一行莅临公司调研 1月15日下午，河南省国家密码管理局局长张世平带领省国家密码管理局商密处、郑州市委办相关负责人一行莅临公司，调研城市轨道交通国产密码应用试点工作。张世平一行在公司领导陪同下参观了调度中心 OCC，并交流座谈。双方就国产密码的试点应用、如何深化试点工作等方面进行了探讨。 ... 1月15日下午，河南省国家密码管理局局长张世平带领省国家密码管理局商密处、,2025-12-24
348,ZZM_CN_05898810f2b8,zzmetro.cn,2018-02-11 12:14:00,2018-02-11 12:00:00,欧洲投资银行副行长泰勒一行莅临公司考察 1月13日，欧洲投资银行副行长泰勒一行莅临公司，就郑州市轨道交通建设、运营、管理情况以及 4号线贷款项目进行全面考察，为后期项目最后评估、协议签订和资金投放提供可靠参考。... 1月13日，欧洲投资银行副行长泰勒一行莅临公司，就郑州市轨道交通建设、运营、管理情况以及 4号线贷款项目进行全面考察，为后期项目最后评估、协议签订和资金投放提供可靠参考。,2025-12-24
349,ZZM_CN_f133ce5b57a5,zzmetro.cn,2018-01-10 16:13:00,2018-01-10 16:00:00,“不忘初心保畅通，喜迎春节征楹联”活动启动 郑州市轨道交通有限公司启动“不忘初心保畅通，喜迎春节征楹联”活动为宣传贯彻党的十九大精神，发扬中华文化优良传统，彰显郑州市轨道交通有限公司“畅通市民出... 郑州市轨道交通有限公司启动“不忘初心保畅通，喜迎春节征楹联”活动为宣传贯彻党的十九大精神，发扬中华文化优良传统，彰显郑州市轨道交通有限公司“畅通市民出,2025-12-24
350,ZZM_CN_55b03cd9344c,zzmetro.cn,2017-12-22 15:40:00,2017-12-22 15:00:00,郑州市轨道交通有限公司2017年度“传播正能量郑轨好新闻”评选活动开始了 随着十九大的胜利召开，公司党的建设工作也精彩纷呈、亮点频出。在此期间，省、市各级媒体结合自身的特点与优势，创新内容、形式和方法，进行了全方位、多角度、多类型的策划与报道... 随着十九大的胜利召开，公司党的建设工作也精彩纷呈、亮点频出。在此期间，省、市各级媒体结合自身的特点与优势，创新内容、形式和方法，进行了全方位、多角度、,2025-12-24
351,ZZM_CN_73b992cf8665,zzmetro.cn,2017-12-14 16:04:00,2017-12-14 16:00:00,郑州轨道2018戊戌狗年新春纪念票上市 锦犬迎春到，吉祥送福来！又逢新岁，2018鸿禧多多，踏着新年的脚步迈进更新历程。正值农历戊戌狗年到来，郑州轨道2018戊戌狗年新春纪念票恰逢时节上市开售。今年的新春纪念票的设计思... 锦犬迎春到，吉祥送福来！又逢新岁，2018鸿禧多多，踏着新年的脚步迈进更新历程。正值农历戊戌狗年到来，郑州轨道2018戊戌狗年新春纪念票恰逢时节上市开售。今年的新春纪念票的设,2025-12-24
352,ZZM_CN_6fbcf58ee648,zzmetro.cn,2017-11-30 15:23:00,2017-11-30 15:00:00,应势而谋保安全 和谐稳定迎盛会 10月9日上午，公司组织召开喜迎“十九大”安全维稳工作安排部署会议，公司党政班子成员、驻公司特派员、公司各部门及参建单位负责人参加会议。,2025-12-24
353,ZZM_CN_ba571e458694,zzmetro.cn,2017-11-29 19:01:00,2017-11-29 19:00:00,公司“安全向日葵”项目 喜获中国青年社会组织公益创投大赛银奖 公司“安全向日葵”项目,2025-12-24
354,ZZM_CN_0de349f460a7,zzmetro.cn,2017-11-29 10:54:00,2017-11-29 10:00:00,心怀祖国红旗飘 继续前行宏图展 在迎来祖国 68周年华诞之际，为进一步加强公司干部员工爱国主义和集体主义教育，打好“十三五”轨道交通攻坚战，以优异成绩迎接党的“十九大”胜利召开，10月 9日上午，公司举行了庄严而又隆重的升国旗仪式。公司党政班子成员、驻公司特派员及干部员工代表等近 500人参加了升旗仪式。... 在迎来祖国 68周年华诞之际，为进一步加强公司干部员工爱国主义和集体主义教育，打好“十,2025-12-24
355,ZZM_CN_1f98260ded24,zzmetro.cn,2017-11-29 10:28:00,2017-11-29 10:00:00,青春献礼十九大 中心城市建新功 青年突击队是共青团组织带动、团结、率领广大团员青年投身“急、难、险、重”工作任务的好形式，好载体。经过周密筹划、精心准备，10月13日上午，团市委、公司团委、中建股份郑州市轨道交通3号线项目部在3号线09 工区项目部举行了以“青春献礼十九大、中心城市建新功”为主题的3号线项目青年突击队青年建功行动启动仪式。团市委城区部部长许卫超、副部长张学成，公司项管五部及团委负责,2025-12-24
356,ZZM_CN_cbdd956fd47d,zzmetro.cn,2017-11-28 16:15:00,2017-11-28 16:00:00,公司举办2017年度消防安全主题培训 为进一步加强员工消防安全意识，提高自我保护与救助能力，正确掌握消防技能和处置突发事故方法。11月10日，公司邀请郑州市公安消防支队宣讲团张金霞教员进行消防安全培训讲座。... 为进一步加强员工消防安全意识，提高自我保护与救助能力，正确掌握消防技能和处置突发事故方法。11月10日，公司邀请郑州市公安消防支队宣讲团张金霞教员进行消防安全培训讲座。,2025-12-24
357,ZZM_CN_b2c410e576ce,zzmetro.cn,2017-11-12 18:32:00,2017-11-12 18:00:00,公司举办2017年度消防安全主题培训 为进一步加强员工消防安全意识，提高自我保护与救助能力，正确掌握消防技能和处置突发事故方法。11月10日，公司邀请郑州市公安消防支队宣讲团张金霞教员进行消防安全培训讲座。培... 为进一步加强员工消防安全意识，提高自我保护与救助能力，正确掌握消防技能和处置突发事故方法。11月10日，公司邀请郑州市公安消防支队宣讲团张金霞教员进行消防安全培训讲座。培,2025-12-24
358,ZZM_CN_2df45ad8527d,zzmetro.cn,2017-11-10 18:38:00,2017-11-10 18:00:00,河南郑州新郑国际机场有限公司副总经理马飞一行到运营分公司交流座谈 11月 7日，河南郑州新郑国际机场有限公司副总经理马飞一行 5人到运营分公司交流座谈。 马飞一行先后来到瑞丽工作室、乘务派班室进行调研。随后，双方就空铁联运实施机制进行了... 11月 7日，河南郑州新郑国际机场有限公司副总经理马飞一行 5人到运营分公司交流座谈。 马飞一行先后来到瑞丽工作室、乘务派班室进行调研。随后，双方就空铁联运,2025-12-24
359,ZZM_CN_8c061f918c50,zzmetro.cn,2017-11-08 11:24:00,2017-11-08 11:00:00,住建部调研城市轨道交通工程双重预防机制建设工作 11月1日至2日，住房和城乡建设部调研组一行14人莅临公司调研城市轨道交通工程质量安全双重预防机制工作，调研组由安全监管司监督协调处主任科员高康带队。省安监总站总工程师秦... 11月1日至2日，住房和城乡建设部调研组一行14人莅临公司调研城市轨道交通工程质量安全双重预防机制工作，调研组由安全监管司监督协调处主任科员高康带队。省安监总站总工程师秦,2025-12-24
360,ZZM_CN_aa667b103b24,zzmetro.cn,2017-11-01 18:39:00,2017-11-01 18:00:00,省委常委、市委书记马懿调研轨道交通建设 10月31日，省委常委、市委书记马懿带领市直相关单位负责人，实地调研轨道交通5号线工程建设情况。市领导王跃华、王鹏、吴福民、史占勇等一同调研。,2025-12-24
361,ZZM_CN_46e99c170f81,zzmetro.cn,2017-10-28 18:42:00,2017-10-28 18:00:00,公司召开2017年下半年招标代理单位法人代表巡视工作会 为加强对招标代理单位的管理，强化轨道交通招标工作领域廉洁从业工作，10月26日，公司组织召开 2017年下半年招标代理单位法人代表巡视工作会议。会议首先向各代理单位发放了 2017... 为加强对招标代理单位的管理，强化轨道交通招标工作领域廉洁从业工作，10月26日，公司组织召开 2017年下半年招标代理单位法人代表巡视工作会议。会议首先向各,2025-12-24
362,ZZM_CN_c99ac0fb4c4f,zzmetro.cn,2017-10-22 18:43:00,2017-10-22 18:00:00,陕西城际铁路有限公司党委副书记、总经理李爱国一行到公司交流 10月 19日，陕西城际铁路有限公司党委副书记、总经理李爱国一行到公司进行业务交流，公司相关领导及部门负责人与李爱国一行进行座谈。 李爱国表示，郑州地铁在南四环至郑州南站城... 10月 19日，陕西城际铁路有限公司党委副书记、总经理李爱国一行到公司进行业务交流，公司相关领导及部门负责人与李爱国一行进行座谈。 李爱国表示，郑州地铁在南四环,2025-12-24
363,ZZM_CN_7884598c360c,zzmetro.cn,2017-10-18 11:34:00,2017-10-18 11:00:00,郑州市轨道交通3号线一期工程首台盾构顺利始发 10月12日，郑州市轨道交通3号线一期工程航海东路站～博学路站区间左线盾构机顺利始发，这是3号线一期工程首台始发盾构。为确保盾构施工安全顺利，在始发前，对每一道施工工序进行详细... 10月12日，郑州市轨道交通3号线一期工程航海东路站～博学路站区间左线盾构机顺利始发，这是3号线一期工程首台始发盾构。为确保盾构施工安全顺利，在始发前，对每一道施工工序进,2025-12-24
364,ZZM_CN_2805a1bdd485,zzmetro.cn,2017-10-18 11:33:00,2017-10-18 11:00:00,公司参加“郑州慈善日”活动仪式并进行爱心捐款 履行社会责任  播洒轨道大爱——公司参加“郑州慈善日”活动仪式并进行爱心捐款10月16日是第十个“郑州慈善日”，当天下午，“郑州慈善日&... 履行社会责任  播洒轨道大爱——公司参加“郑州慈善日”活动仪式并进行爱心捐款10月16日是第十个“郑州慈善日”，当天下午，“郑州慈善日&,2025-12-24
365,ZZM_CN_d69d41180df1,zzmetro.cn,2017-10-18 11:27:00,2017-10-18 11:00:00,省交通运输厅副厅长唐彦民一行督导检查 为迎接党的十九大胜利召开，10月17日，省交通运输厅党组成员、副厅长唐彦民一行到公司督导检查十九大交通运输安全稳定工作。会议分别听取了市交运委、轨道公司、市公共交通总公... 为迎接党的十九大胜利召开，10月17日，省交通运输厅党组成员、副厅长唐彦民一行到公司督导检查十九大交通运输安全稳定工作。会议分别听取了市交运委、轨道公司、市公共交通总公,2025-12-24
366,ZZM_CN_67dbbdc40f22,zzmetro.cn,2017-10-16 11:31:00,2017-10-16 11:00:00,公司召开2017年三季度安全生产管理委员会会议 10月14日，公司组织召开2017年三季度安全生产管理委员会（扩大）会议。首先，会议传达了郑州市人民政府办公厅《关于做好国庆、中秋“双节”和党的十九大期间全市安全生产... 10月14日，公司组织召开2017年三季度安全生产管理委员会（扩大）会议。首先，会议传达了郑州市人民政府办公厅《关于做好国庆、中秋“双节”和党的十九大期间全市安全生产,2025-12-24
367,ZZM_CN_027d3f529db0,zzmetro.cn,2017-10-15 18:47:00,2017-10-15 18:00:00,公司组织观看网络安全专题片 为进一步增强公司员工网络与信息安全防范意识，提高公司网络与信息安全防护能力，10月12日下午，公司组织员工代表230余人观看了网络安全专题片《第五空间》。《第五空间》是由中... 为进一步增强公司员工网络与信息安全防范意识，提高公司网络与信息安全防护能力，10月12日下午，公司组织员工代表230余人观看了网络安全专题片《第五空间》。《第五空间》是由中,2025-12-24
368,ZZM_CN_7c04a5094d95,zzmetro.cn,2017-10-14 18:50:00,2017-10-14 18:00:00,市人大领导考察地铁运营及管理情况 ——市人大领导考察地铁运营及管理情况10月11日上午，郑州市人大常委会副主任赵书贤一行到郑州市轨道交通1号线农业南路站视察“公交都市”建设情况。公... ——市人大领导考察地铁运营及管理情况10月11日上午，郑州市人大常委会副主任赵书贤一行到郑州市轨道交通1号线农业南路站视察“公交都市”建设情况。公,2025-12-24
369,ZZM_CN_ade2651577b4,zzmetro.cn,2017-10-11 18:50:00,2017-10-11 18:00:00,心怀祖国红旗飘 继续前行宏图展 ——公司举行升旗仪式在迎来祖国 68周年华诞之际，为进一步加强公司干部员工爱国主义和集体主义教育，打好“十三五”轨道交通攻坚战，以优异成绩迎接党的&ld... ——公司举行升旗仪式在迎来祖国 68周年华诞之际，为进一步加强公司干部员工爱国主义和集体主义教育，打好“十三五”轨道交通攻坚战，以优异成绩迎接党的&ld,2025-12-24
370,ZZM_CN_7a94c7a55e72,zzmetro.cn,2017-10-11 18:47:00,2017-10-11 18:00:00,公司召开喜迎“十九大”安全维稳工作安排部署会议 ——公司召开喜迎“十九大”安全维稳工作安排部署会议   10月9日上午，公司组织召开喜迎“十九大”安全维稳工作安排部署会议，公司党政班子成员... ——公司召开喜迎“十九大”安全维稳工作安排部署会议   10月9日上午，公司组织召开喜迎“十九大”安全维稳工作安排部署会议，公司党政班子成员,2025-12-24
371,ZZM_CN_1721f9c33bd9,zzmetro.cn,2017-09-28 18:53:00,2017-09-28 18:00:00,公司举行“强化法律观念 远离职务犯罪”专题讲座 为落实全面从严治党要求，扎实推进反腐倡廉建设，推动公司打造廉洁企业，使公司各级领导干部牢固树立强烈的岗位责任意识、爱党敬业意识，远离各种职务犯罪风险。作为“加强全... 为落实全面从严治党要求，扎实推进反腐倡廉建设，推动公司打造廉洁企业，使公司各级领导干部牢固树立强烈的岗位责任意识、爱党敬业意识，远离各种职务犯罪风险。作为“加强全,2025-12-24
372,ZZM_CN_bb8be4518f19,zzmetro.cn,2017-09-28 18:52:00,2017-09-28 18:00:00,"公司“安全向日葵”项目喜获中国青年社会组织公益创投大赛银奖 9月28日，公司青年公益项目——“安全向日葵”项目喜获中国青年社会组织公益创投大赛银奖,这标志着公司在履行社会责任方面又迈上新台阶。 长期以来，公司... 9月28日，公司青年公益项目——“安全向日葵”项目喜获中国青年社会组织公益创投大赛银奖,这标志着公司在履行社会责任方面又迈上新台阶。 长期以来，公司",2025-12-24
373,ZZM_CN_87fdf35699f4,zzmetro.cn,2017-09-17 13:41:00,2017-09-17 13:00:00,公司组织召开推进以案促改工作动员会暨双节廉洁从业谈话会 9月13日下午，公司在25楼会议室组织召开了公司推进以案促改工作动员会暨双节廉洁从业谈话会。公司班子成员、驻公司特派员、公司管理的中层干部和工程建设项目管理部业主代表... 9月13日下午，公司在25楼会议室组织召开了公司推进以案促改工作动员会暨双节廉洁从业谈话会。公司班子成员、驻公司特派员、公司管理的中层干部和工程建设项目管理部业主代表,2025-12-24
374,ZZM_CN_3934b80da142,zzmetro.cn,2017-09-16 13:44:00,2017-09-16 13:00:00,青春喜迎十九大共青团主题车厢“亮”红歌 9月14日上午， 团市委和公司联合举办的迎十九大快闪活动在1号线共青团主题车厢举行。由郑州市五四青年奖章获得者、市青联委员、共青团员、少先队员等组成的50多人“亮&... 9月14日上午， 团市委和公司联合举办的迎十九大快闪活动在1号线共青团主题车厢举行。由郑州市五四青年奖章获得者、市青联委员、共青团员、少先队员等组成的50多人“亮&,2025-12-24
375,ZZM_CN_fcc970c2d26e,zzmetro.cn,2017-09-10 13:49:00,2017-09-10 13:00:00,不忘初心紧跟党走  青春建功团员先行 ----共青团郑州市委、轨道公司争创共青团员先锋岗（队）示范活动启动仪式隆重举行为进一步发挥公司广大团员先锋示范作用， 加强团员队伍建设，9月5日上午，团市委和公司联合开展争创... ----共青团郑州市委、轨道公司争创共青团员先锋岗（队）示范活动启动仪式隆重举行为进一步发挥公司广大团员先锋示范作用， 加强团员队伍建设，9月5日上午，团市委和公司联合开展争创,2025-12-24
376,ZZM_CN_3d51218070d8,zzmetro.cn,2017-09-02 09:12:00,2017-09-02 09:00:00,传承红色精神 锤炼党性修养 地处鄂豫皖三省交界地带的大别山区具有悠久的革命历史，不仅是土地革命时期鄂豫皖革命根据地，也是中国工农红军红四方面军的诞生地，还是解放战争时期刘邓大军战略跃进的落脚地和... 地处鄂豫皖三省交界地带的大别山区具有悠久的革命历史，不仅是土地革命时期鄂豫皖革命根据地，也是中国工农红军红四方面军的诞生地，还是解放战争时期刘邓大军战略跃进的落脚地和,2025-12-24
377,ZZM_CN_4f5d4a444cf9,zzmetro.cn,2017-08-15 14:49:00,2017-08-15 14:00:00,公司召开纪念建军90周年暨复退转军人慰问座谈会 公司召开纪念建军90周年暨复退转军人,2025-12-24
378,ZZM_CN_8982525a4f13,zzmetro.cn,2017-08-03 14:51:00,2017-08-03 14:00:00,公司成功举办“爱岗做贡献，敬业为大家” 主题道德讲堂 为进一步加强道德建设，充分发挥道德讲堂在加强道德教育和构建社会主义核心价值体系中的教化熏陶作用，进一步向公司全体员工传播延伸正能量，公司于7月31日在25楼会议室举办了&ld... 为进一步加强道德建设，充分发挥道德讲堂在加强道德教育和构建社会主义核心价值体系中的教化熏陶作用，进一步向公司全体员工传播延伸正能量，公司于7月31日在25楼会议室举,2025-12-24
379,ZZM_CN_525174e7f8b2,zzmetro.cn,2017-08-01 15:07:00,2017-08-01 15:00:00,文化地铁再添新军——“郑州地铁文化艺站”落户紫荆山站负一层 文化地铁再添新军——“郑州地铁文化艺站”落户紫荆山站负一层... 文化地铁再添新军——“郑州地铁文化艺站”落户紫荆山站负一层,2025-12-24
380,ZZM_CN_8971103d930a,zzmetro.cn,2017-07-15 08:34:00,2017-07-15 08:00:00,欧洲投资银行对郑州市轨道交通4号线进行贷款项目考察 7月11日凌晨，由欧洲投资银行项目经理任涛带队的欧投行专家团抵郑，进行为期3天的郑州市轨道交通4号线欧投行贷款项目考察工作。在郑期间，欧投行专家团实地考察了1号线一期会展中... 7月11日凌晨，由欧洲投资银行项目经理任涛带队的欧投行专家团抵郑，进行为期3天的郑州市轨道交通4号线欧投行贷款项目考察工作。在郑期间，欧投行专家团实地考察了1号线一期会,2025-12-24
381,ZZM_CN_b0335ed97e40,zzmetro.cn,2017-07-06 10:14:00,2017-07-06 10:00:00,新款地铁文化纪念品上市 继地铁树脂手工雕刻列车车模等首批文化纪念品上市销售后，轨道公司近期推出新款文化纪念品，已在“郑州轨道文化”淘宝官方网站对外进行销售。这些新颖、实用的产品将... 继地铁树脂手工雕刻列车车模等首批文化纪念品上市销售后，轨道公司近期推出新款文化纪念品，已在“郑州轨道文化”淘宝官方网站对外进行销售。这些新颖、实用的产品将,2025-12-24
382,ZZM_CN_9e3043198add,zzmetro.cn,2017-06-09 21:17:00,2017-06-09 21:00:00,株洲市委副书记、市长阳卫国一行莅临公司调研 6月7日下午，株洲市委副书记、市长阳卫国率株洲市人民政府、市政协、中车株洲电力机车有限公司（以下简称“中车株机公司”）相关领导莅临公司调研，河南省政府办公厅省长... 6月7日下午，株洲市委副书记、市长阳卫国率株洲市人民政府、市政协、中车株洲电力机车有限公司（以下简称“中车株机公司”）相关领导莅临公司调研，河南省政府办公厅省长,2025-12-24
383,ZZM_CN_dae3793fa2f3,zzmetro.cn,2017-05-26 16:17:00,2017-05-26 16:00:00,市委副书记、市长程志明调研轨道 5月24日下午，市委副书记、市长程志明带领市直相关部门（单位）负责人来到3号线未来大道站施工现场进行调研。... 5月24日下午，市委副书记、市长程志明带领市直相关部门（单位）负责人来到3号线未来大道站施工现场进行调研。,2025-12-24
384,ZZM_CN_578642c80f17,zzmetro.cn,2017-05-11 16:45:00,2017-05-11 16:00:00,市委常委、组织部长焦豫汝一行视察指导公司党的建设工作 5月11日上午，市委常委、组织部长焦豫汝带领市管50多家国有企业党组织的100余位负责人，来到郑州地铁1号线紫荆山站展厅检查指导公司党的建设工作，公司领导陪同。焦豫汝一行来到... 5月11日上午，市委常委、组织部长焦豫汝带领市管50多家国有企业党组织的100余位负责人，来到郑州地铁1号线紫荆山站展厅检查指导公司党的建设工作，公司领导陪同。焦豫,2025-12-24
385,ZZM_CN_ab996107ab8f,zzmetro.cn,2017-04-29 15:57:00,2017-04-29 15:00:00,"公司召开2017年精细化管理工作推进会暨一季度质量安全讲评会 4月28日下午，公司在25楼会议室组织召开了2017年精细化管理工作推进会暨一季度质量安全讲评会, 会议邀请了郑州市精细化办公室相关领导参加。质量安全监察部、各项管部、在建... 4月28日下午，公司在25楼会议室组织召开了2017年精细化管理工作推进会暨一季度质量安全讲评会, 会议邀请了郑州市精细化办公室相关领导参加。质量安全监察部、",2025-12-24
386,ZZM_CN_4634b66e49a8,zzmetro.cn,2017-04-28 16:16:00,2017-04-28 16:00:00,"2017中国城市轨道交通关键技术论坛暨第二十六届地铁学术交流会在郑州举行 4月20-21日，由中国土木工程学会轨道交通分会及中国工程院土木、水利与建筑工程学部、河南省土木建筑学会共同主办, 郑州市轨道交通有限公司承办的“2017中国城市轨道交... 4月20-21日，由中国土木工程学会轨道交通分会及中国工程院土木、水利与建筑工程学部、河南省土木建筑学会共同主办, 郑州市轨道交通有限公司承办的“20",2025-12-24
387,ZZM_CN_2cdf7cc23ae5,zzmetro.cn,2017-04-15 15:57:00,2017-04-15 15:00:00,公司召开2017年上半年招标代理、造价咨询单位法人代表巡视工作会 4月13日上午，公司在25楼会议室组织召开2017年上半年招标代理、造价咨询单位法人代表巡视工作会议。公司相关招标、造价管理工作人员，以及北京中昌工程咨询有限公司、国信招标... 4月13日上午，公司在25楼会议室组织召开2017年上半年招标代理、造价咨询单位法人代表巡视工作会议。公司相关招标、造价管理工作人员，以及北京中昌工程咨询,2025-12-24
388,ZZM_CN_56c5b7896e38,zzmetro.cn,2017-04-05 13:23:00,2017-04-05 13:00:00,公司举办“弘扬民族精神缅怀革命先烈” 祭扫烈士陵园活动 为继承和发扬革命传统，更好地进行爱国主义教育。清明节来临之际，公司党委决定于4月1日下午，举办“弘扬民族精神，缅怀革命先烈”为主题的祭扫烈士陵园活动。公司机关各... 为继承和发扬革命传统，更好地进行爱国主义教育。清明节来临之际，公司党委决定于4月1日下午，举办“弘扬民族精神，缅怀革命先烈”为主题的祭扫烈士陵园活动。公司机关各,2025-12-24
389,ZZM_CN_746c661aee39,zzmetro.cn,2017-03-28 13:27:00,2017-03-28 13:00:00,省委常委、市委书记马懿视察轨道 3月25日上午，省委常委、市委书记马懿带领市直相关部门负责人来到5号线未来路站工程建设现场，视察轨道交通建设情况。市发改委、管城区、邮政公司、铁路局等相关单位主要领导，公... 3月25日上午，省委常委、市委书记马懿带领市直相关部门负责人来到5号线未来路站工程建设现场，视察轨道交通建设情况。市发改委、管城区、邮政公司、铁路局等相关单位主要领导，公,2025-12-24
390,ZZM_CN_1c5a63c1f840,zzmetro.cn,2017-03-11 13:30:00,2017-03-11 13:00:00,国家发改委基础产业司任虹一行调研郑州轨道交通 3月8日上午，国家发改委基础产业司副司长任虹、国家发改委基础产业司铁道处处长楚琪一行莅临郑州调研郑州轨道交通运营相关情况，省发改委领导殷建勇、胡军、冯雪，市委常委、宣传... 3月8日上午，国家发改委基础产业司副司长任虹、国家发改委基础产业司铁道处处长楚琪一行莅临郑州调研郑州轨道交通运营相关情况，省发改委领导殷建勇、胡军、冯雪，市委常委、宣传,2025-12-24
391,ZZM_CN_f106b839172b,zzmetro.cn,2017-03-08 13:32:00,2017-03-08 13:00:00,郑州市委宣传部副部长、市文明办主任裴保顺一行体验“雷锋号”地铁专列 3月4日上午，“文明之城 志愿郑州——省会2017年学雷锋志愿服务主题实践活动”启动仪式在郑州市绿城广场举行，公司向郑州市志愿服务项目援助慈善基金捐款，... 3月4日上午，“文明之城 志愿郑州——省会2017年学雷锋志愿服务主题实践活动”启动仪式在郑州市绿城广场举行，公司向郑州市志愿服务项目援助慈善基金捐款，,2025-12-24
392,ZZM_CN_2651a31aaec5,zzmetro.cn,2017-02-24 16:48:00,2017-02-24 16:00:00,风雪如岿  真情相随 2月21日，寒潮突至，一场暴雪降临在郑州的初春时节，给广大市民的日常出行带来极大的不便。对此，郑州地铁迅速作出反应，在各级领导的精心安排及部署下，已提前一天备好除雪剂、防滑垫... 2月21日，寒潮突至，一场暴雪降临在郑州的初春时节，给广大市民的日常出行带来极大的不便。对此，郑州地铁迅速作出反应，在各级领导的精心安排及部署下，已提前一天备好除雪剂、防滑垫,2025-12-24
393,ZZM_CN_a0d00417ff68,zzmetro.cn,2017-01-15 15:32:00,2017-01-15 15:00:00,双线开通 共迎新春 -- 城郊铁路一期、1号线二期工程开通试运营1月12日上午，郑州市轨道交通南四环至郑州南站城郊铁路一期、1号线二期工程开通试运营仪式在城郊铁路线新郑机场站举行。省委常委、... -- 城郊铁路一期、1号线二期工程开通试运营1月12日上午，郑州市轨道交通南四环至郑州南站城郊铁路一期、1号线二期工程开通试运营仪式在城郊铁路线新郑机场站举行。省委常委、,2025-12-24
394,ZZM_CN_d13dec9fd4e9,zzmetro.cn,2017-01-06 18:03:00,2017-01-06 18:00:00,郑州市轨道交通1号线二期工程试运营基本条件评审会圆满召开 12月29日，受河南省交通运输厅、郑州市交通运输委员会委托，交通运输部科学研究院组织专家对郑州市轨道交通1号线二期工程试运营基本条件进行评审。参与本次评审的25位专家由交... 12月29日，受河南省交通运输厅、郑州市交通运输委员会委托，交通运输部科学研究院组织专家对郑州市轨道交通1号线二期工程试运营基本条件进行评审。参与本次评审的25位专,2025-12-24
395,ZZM_CN_51727445653c,zzmetro.cn,2016-12-22 16:41:00,2016-12-22 16:00:00,公司举行参建单位廉洁从业谈话会 为加强轨道交通领域廉洁从业工作，2016年12月20日下午，公司召开了2017年参建单位双节廉洁从业谈话会。公司领导班子成员、驻轨道公司特派员、轨道交通在建及新开工线路勘察设计... 为加强轨道交通领域廉洁从业工作，2016年12月20日下午，公司召开了2017年参建单位双节廉洁从业谈话会。公司领导班子成员、驻轨道公司特派员、轨道交通在建及新开工线路勘察设计,2025-12-24
396,ZZM_CN_0d5f0d9ca269,zzmetro.cn,2016-12-10 18:06:00,2016-12-10 18:00:00,石家庄市党政考察团考察工程建设情况 12月6日，石家庄市委副书记张泽峰率领石家庄市党政考察团到我市参观考察。石家庄市委常委、常务副市长税勇一行到轨道交通5号线CBD站，考察轨道交通建设情况。市委常委、宣传部... 12月6日，石家庄市委副书记张泽峰率领石家庄市党政考察团到我市参观考察。石家庄市委常委、常务副市长税勇一行到轨道交通5号线CBD站，考察轨道交通建设情况。市委常委、宣传部,2025-12-24
397,ZZM_CN_1841837cea6d,zzmetro.cn,2016-10-20 09:07:00,2016-10-20 09:00:00,我市召开决战“十三五”轨道交通建设动员会 集中力量克难攻坚掀起轨道交通建设新高潮（转自郑州《郑州日报》2016年10月18日头版）,2025-12-24
398,ZZM_CN_4f20ebc4a4fe,zzmetro.cn,2016-10-15 09:10:00,2016-10-15 09:00:00,住房和城乡建设部督察组检查指导工作 10月10日至12日，由住房和城乡建设部质量安全司张红梅处长任组长，杨和平、韩少光、刁日明、李松梅等专家组成的质量安全督察组，对郑州市轨道交通5号线进行了为期3天的质量安全指... 10月10日至12日，由住房和城乡建设部质量安全司张红梅处长任组长，杨和平、韩少光、刁日明、李松梅等专家组成的质量安全督察组，对郑州市轨道交通5号线进行了为期3天的质量安全指,2025-12-24
399,ZZM_CN_6b4f93fa808f,zzmetro.cn,2016-10-08 09:25:00,2016-10-08 09:00:00,省委常委、市委书记马懿督导轨道 10月7日，省委常委、市委书记马懿，市委副书记、代市长程志明带领市直有关部门负责人，深入轨道交通施工现场，调研工程建设工作，看望慰问节日期间奋战在一线的工程建设者。马懿强调，... 10月7日，省委常委、市委书记马懿，市委副书记、代市长程志明带领市直有关部门负责人，深入轨道交通施工现场，调研工程建设工作，看望慰问节日期间奋战在一线的工程建设者。马懿强调，,2025-12-24
400,ZZM_CN_97637b67fc1f,zzmetro.cn,2016-10-08 09:24:00,2016-10-08 09:00:00,省交通运输厅副厅长唐彦民检查地铁运营工作 9月30日，省交通运输厅副厅长唐彦民一行检查2016年国庆假期轨道交通运营组织工作。市交运委主任吴耀田，副主任陆秀玲、李刚，公司相关领导陪同检查。 唐彦民一行对1号线燕庄站安... 9月30日，省交通运输厅副厅长唐彦民一行检查2016年国庆假期轨道交通运营组织工作。市交运委主任吴耀田，副主任陆秀玲、李刚，公司相关领导陪同检查。 唐彦民一行对1号线燕庄站安,2025-12-24
401,ZZM_CN_c1eaf17dbfcb,zzmetro.cn,2016-09-30 09:14:00,2016-09-30 09:00:00,“树立公司企业形象 共创和谐文明地铁”主题演讲比赛圆满成功 为弘扬正能量，唱响主旋律，9月28日，公司党委举行了“树立公司企业形象 共创和谐文明地铁”主题演讲比赛。来自公司各基层党组织的20名参赛选手，紧扣主题，进一步强化全心... 为弘扬正能量，唱响主旋律，9月28日，公司党委举行了“树立公司企业形象 共创和谐文明地铁”主题演讲比赛。来自公司各基层党组织的20名参赛选手，紧扣主题，进一步强化全心,2025-12-24
402,ZZM_CN_8df5f8e205b5,zzmetro.cn,2016-09-05 11:39:00,2016-09-05 11:00:00,市委副书记、代市长程志明调研轨道交通建设工作 9月2日，市委副书记、代市长程志明带领市直相关部门负责人深入轨道交通项目建设现场，详细了解站点建设和工程施工进展情况，并召开轨道交通工程建设推进会。市发改委、市建委、市... 9月2日，市委副书记、代市长程志明带领市直相关部门负责人深入轨道交通项目建设现场，详细了解站点建设和工程施工进展情况，并召开轨道交通工程建设推进会。市发改委、市建委、市,2025-12-24
403,ZZM_CN_8fcf6cb69c9f,zzmetro.cn,2016-09-05 11:38:00,2016-09-05 11:00:00,省委常委、市委书记马懿视察轨道 9月1日，省委常委、市委书记马懿到轨道交通5号线施工现场视察指导轨道交通建设工作。副市长张俊峰、市建委主任陈新等市直有关部门负责人，公司相关领导陪同。 马懿书记在认真听... 9月1日，省委常委、市委书记马懿到轨道交通5号线施工现场视察指导轨道交通建设工作。副市长张俊峰、市建委主任陈新等市直有关部门负责人，公司相关领导陪同。 马懿书记在认真听,2025-12-24
404,ZZM_CN_14d95950d892,zzmetro.cn,2016-08-22 17:01:00,2016-08-22 17:00:00,国家交通运输部检查指导轨道交通 8月19日，国家交通运输部运输服务司副司长蔡团结一行8人莅临郑州，对郑州市轨道交通安全生产工作进行检查指导。 检查组由国家交通运输部、住房和城乡建设部、国家安监总局，以及... 8月19日，国家交通运输部运输服务司副司长蔡团结一行8人莅临郑州，对郑州市轨道交通安全生产工作进行检查指导。 检查组由国家交通运输部、住房和城乡建设部、国家安监总局，以及,2025-12-24
405,ZZM_CN_cea38acb2581,zzmetro.cn,2016-08-22 17:00:00,2016-08-22 17:00:00,沈庆怀检查指导轨道交通2号线安防工作 8月17日，省公安厅副厅长、副市长、市公安局局长沈庆怀带领市公安局治安、消防、交警、地铁分局相关部门负责人，实地查看了轨道交通2号线安检、安保、消防等开通准备工作。公司... 8月17日，省公安厅副厅长、副市长、市公安局局长沈庆怀带领市公安局治安、消防、交警、地铁分局相关部门负责人，实地查看了轨道交通2号线安检、安保、消防等开通准备工作。公司,2025-12-24
406,ZZM_CN_a6408978b5b6,zzmetro.cn,2016-08-22 16:44:00,2016-08-22 16:00:00,郑州市轨道交通2号线一期工程开通试运营 8月19日，郑州市轨道交通2号线一期工程开通试运营仪式在1号线与2号线交叉换乘站紫荆山站举行。省委常委、市委书记马懿下达2号线一期工程开通试运营命令，郑州从此迈入地铁双线... 8月19日，郑州市轨道交通2号线一期工程开通试运营仪式在1号线与2号线交叉换乘站紫荆山站举行。省委常委、市委书记马懿下达2号线一期工程开通试运营命令，郑州从此迈入地铁双线,2025-12-24
407,ZZM_CN_0fc6a7585ec7,zzmetro.cn,2016-08-18 16:26:00,2016-08-18 16:00:00,郑州市轨道交通2号线一期开通纪念票上市发售 备受市民关注的郑州市轨道交通2号线一期工程在全社会的理解和支持下，历经数年的艰苦施工，终开硕果，即将于8月19日开通试运营。为庆祝新线路的开通试运营，郑州市轨道交通2号线一... 备受市民关注的郑州市轨道交通2号线一期工程在全社会的理解和支持下，历经数年的艰苦施工，终开硕果，即将于8月19日开通试运营。为庆祝新线路的开通试运营，郑州市轨道交通2号线一,2025-12-24
408,ZZM_CN_a1a53fc5974e,zzmetro.cn,2016-08-12 17:02:00,2016-08-12 17:00:00,荥阳市四大班子主要领导到公司交流座谈 8月10日，荥阳市委书记宋书杰带领市四大班子主要领导莅临公司，与公司主要领导就轨道交通涉及荥阳段建设相关问题进行交流座谈。会上，宋书杰书记一行认真听取了郑州市轨道交通涉... 8月10日，荥阳市委书记宋书杰带领市四大班子主要领导莅临公司，与公司主要领导就轨道交通涉及荥阳段建设相关问题进行交流座谈。会上，宋书杰书记一行认真听取了郑州市轨道交通涉,2025-12-24
409,ZZM_CN_d6b0972d459f,zzmetro.cn,2016-08-12 17:00:00,2016-08-12 17:00:00,市文明办主任裴保顺一行来公司进行调研 8月11日，市委宣传部副部长、市文明办主任裴保顺一行来公司进行公共文明素养提升调研。市文明办副主任薛土岭，市委办公厅秘书三处处长曹永涛，市国资委党委副书记黄名坤，市文明办... 8月11日，市委宣传部副部长、市文明办主任裴保顺一行来公司进行公共文明素养提升调研。市文明办副主任薛土岭，市委办公厅秘书三处处长曹永涛，市国资委党委副书记黄名坤，市文明办,2025-12-24
410,ZZM_CN_dbba27010fe7,zzmetro.cn,2016-08-06 16:59:00,2016-08-06 16:00:00,市政协老领导察看2号线一期工程试运行情况 8月4日，市政协原副主席李生盛、江武生、张世诚、顿啟明、王力建、牛西岭及离退休县处级老领导近50余人参观了2号线紫荆山站建设情况，并试乘电客车至南三环站，体验2号线试运行情... 8月4日，市政协原副主席李生盛、江武生、张世诚、顿啟明、王力建、牛西岭及离退休县处级老领导近50余人参观了2号线紫荆山站建设情况，并试乘电客车至南三环站，体验2号线试运行情,2025-12-24
411,ZZM_CN_66bd6b15ba7f,zzmetro.cn,2016-07-28 16:48:00,2016-07-28 16:00:00,公司举办“党章党规党史”知识竞赛活动 7月22日，公司“党章党规党史”知识竞赛决赛成功举行。市国资委党委书记、主任李秀山，党建工作处处长邹憬，市纪委、市监察局驻公司特派员以及公司党委委员、各支部书... 7月22日，公司“党章党规党史”知识竞赛决赛成功举行。市国资委党委书记、主任李秀山，党建工作处处长邹憬，市纪委、市监察局驻公司特派员以及公司党委委员、各支部书,2025-12-24
412,ZZM_CN_a91eff80dc41,zzmetro.cn,2016-07-15 16:59:00,2016-07-15 16:00:00,省安监局副局长郝敬红到公司视察 7月12日，河南省安监局副局长郝敬红一行到公司视察工程建设及运营安全管理情况。 郝敬红一行查看了2号线一期工程部分车站，并询问了解工程建设概况、安全管理措施、试运行期间... 7月12日，河南省安监局副局长郝敬红一行到公司视察工程建设及运营安全管理情况。 郝敬红一行查看了2号线一期工程部分车站，并询问了解工程建设概况、安全管理措施、试运行期间,2025-12-24
413,ZZM_CN_4267b867cca0,zzmetro.cn,2016-07-08 16:50:00,2016-07-08 16:00:00,省公安消防总队韩建平指导轨道交通消防工作 6月15日，省公安消防总队防火部部长韩建平带领市公安消防支队政委陈平、支队长候少清等省市两级消防部门莅临公司，听取轨道交通消防设计审核、验收工作进展及存在问题的汇报，并... 6月15日，省公安消防总队防火部部长韩建平带领市公安消防支队政委陈平、支队长候少清等省市两级消防部门莅临公司，听取轨道交通消防设计审核、验收工作进展及存在问题的汇报，并,2025-12-24
414,ZZM_CN_72dbc782bbd9,zzmetro.cn,2016-07-04 17:50:00,2016-07-04 17:00:00,公司倡导文明新风规范婚嫁寿诞操办事宜 为倡导尚俭戒奢、崇廉拒腐、公私分明、干净做事的企业廉洁文化氛围，公司针对近年来社会上在操办婚丧嫁娶出现的借机敛财、铺张浪费、滥用公车等问题，出台了《关于倡导文明新风... 为倡导尚俭戒奢、崇廉拒腐、公私分明、干净做事的企业廉洁文化氛围，公司针对近年来社会上在操办婚丧嫁娶出现的借机敛财、铺张浪费、滥用公车等问题，出台了《关于倡导文明新风,2025-12-24
415,ZZM_CN_a844dee54b23,zzmetro.cn,2016-06-08 13:14:00,2016-06-08 13:00:00,郑州市轨道交通2号线一期工程开始空载试运行 5月16日，备受省会人民关注的2号线一期工程迎来了又一历史性的关键节点。第一列电客车缓缓驶出城南车辆段进入正线区间，2号线一期工程正式开始空载试运行，标志着2号线一期工程由... 5月16日，备受省会人民关注的2号线一期工程迎来了又一历史性的关键节点。第一列电客车缓缓驶出城南车辆段进入正线区间，2号线一期工程正式开始空载试运行，标志着2号线一期工程由,2025-12-24
416,ZZM_CN_8bcef75988fd,zzmetro.cn,2016-06-01 12:29:00,2016-06-01 12:00:00,省委常委、市委书记马懿视察地铁 5月30日，省委常委、市委书记马懿带领市直相关部门负责人来到2号线一期工程建设现场，视察轨道交通建设情况。... 5月30日，省委常委、市委书记马懿带领市直相关部门负责人来到2号线一期工程建设现场，视察轨道交通建设情况。,2025-12-24
417,ZZM_CN_27d93b78fbfa,zzmetro.cn,2016-05-21 13:19:00,2016-05-21 13:00:00,张俊峰副市长视察轨道交通2号线一期工程 5月18日，副市长张俊峰带领市城乡规划局、市征收办、管城区、金水区相关部门负责同志察看郑州市轨道交通2号线一期工程。公司主要领导陪同。 张俊峰饶有兴致地从站马屯站登上... 5月18日，副市长张俊峰带领市城乡规划局、市征收办、管城区、金水区相关部门负责同志察看郑州市轨道交通2号线一期工程。公司主要领导陪同。 张俊峰饶有兴致地从站马屯站登上,2025-12-24
418,ZZM_CN_1a104299f07b,zzmetro.cn,2016-05-18 13:20:00,2016-05-18 13:00:00,市政府督查室副主任赵宏聚到施工站点督查 5月16日，市政府督查室副主任赵宏聚一行到项目现场督查2016年市政府十件实事推进情况。公司相关人员陪同。 “轨道交通2号线一期工程10月1日前试运营，轨道交通1号线二期年... 5月16日，市政府督查室副主任赵宏聚一行到项目现场督查2016年市政府十件实事推进情况。公司相关人员陪同。 “轨道交通2号线一期工程10月1日前试运营，轨道交通1号线二期年,2025-12-24
419,ZZM_CN_094fa120e624,zzmetro.cn,2016-05-18 13:19:00,2016-05-18 13:00:00,绵阳市政协主席张锦明一行到公司考察交流 5月16日、17日，绵阳市政协党组书记、主席张锦明带领绵阳市发改、规划、城建、环保等部门负责人到我市专题考察地铁建设情况。郑州市政协副主席王顺生，公司主要领导陪同。 5月1... 5月16日、17日，绵阳市政协党组书记、主席张锦明带领绵阳市发改、规划、城建、环保等部门负责人到我市专题考察地铁建设情况。郑州市政协副主席王顺生，公司主要领导陪同。 5月1,2025-12-24
420,ZZM_CN_157d8b06008a,zzmetro.cn,2016-05-15 13:25:00,2016-05-15 13:00:00,公司党委召开“两学一做”学习教育动员会 5月10日，公司党委召开“两学一做”学习教育动员会，公司党委书记、董事长、总经理张洲出席会议并作动员讲话。公司特派员、党委委员，各基层党组织书记、委员，中层党员... 5月10日，公司党委召开“两学一做”学习教育动员会，公司党委书记、董事长、总经理张洲出席会议并作动员讲话。公司特派员、党委委员，各基层党组织书记、委员，中层党员,2025-12-24
421,ZZM_CN_f2f34d8b701b,zzmetro.cn,2016-05-08 13:24:00,2016-05-08 13:00:00,交通运输部检查轨道交通运营安全管理工作 4月19日，受交通运输部委派，由湖北省交通运输厅安全处调研员冯泽刚任组长的交通运输部第八检查组一行5人，在省交通厅、市交运委有关部门领导，以及运营分公司班子领导的陪同下，对郑... 4月19日，受交通运输部委派，由湖北省交通运输厅安全处调研员冯泽刚任组长的交通运输部第八检查组一行5人，在省交通厅、市交运委有关部门领导，以及运营分公司班子领导的陪同下，对郑,2025-12-24
422,ZZM_CN_d570f87dfe2c,zzmetro.cn,2016-05-08 13:22:00,2016-05-08 13:00:00,公司召开十大杰出青年员工表彰暨党委思想政治工作会 今年是“五四运动”97周年，为充分发挥“五四”精神对青年员工的激励作用，进一步加强思想政治工作，5月 4日，公司召开十大杰出青年员工表彰暨党委思想政治工... 今年是“五四运动”97周年，为充分发挥“五四”精神对青年员工的激励作用，进一步加强思想政治工作，5月 4日，公司召开十大杰出青年员工表彰暨党委思想政治工,2025-12-24
423,ZZM_CN_17f5a2bae858,zzmetro.cn,2016-03-21 14:41:00,2016-03-21 14:00:00,郑州铁路局军代处总工程师王俊一行来公司座谈交流 去年9月，郑州轨道交通配合中央军委后勤保障部驻郑州铁路局军事代表办事处顺利完成了3次兵员运输任务。3月18日，驻郑州铁路局军事代表办事处总工程师王俊一行到访公司表示感谢，... 去年9月，郑州轨道交通配合中央军委后勤保障部驻郑州铁路局军事代表办事处顺利完成了3次兵员运输任务。3月18日，驻郑州铁路局军事代表办事处总工程师王俊一行到访公司表示感谢，,2025-12-24
424,ZZM_CN_d0eea0d91c73,zzmetro.cn,2016-03-08 14:40:00,2016-03-08 14:00:00,民进郑州市委委员调研轨道交通建设 3月6日，市政协副主席、民进郑州市委主委张民服，民进郑州市委专职副主委兼秘书长赵学庆，郑州市审计局副局长、民进郑州市委副主委徐平，民进郑州市委副主委汪德峰，民进河南省委副主... 3月6日，市政协副主席、民进郑州市委主委张民服，民进郑州市委专职副主委兼秘书长赵学庆，郑州市审计局副局长、民进郑州市委副主委徐平，民进郑州市委副主委汪德峰，民进河南省委副主,2025-12-24
425,ZZM_CN_facbb67f8387,zzmetro.cn,2016-03-04 17:01:00,2016-03-04 17:00:00,公司领导赴市公安消防支队交流座谈 2016年3月2日，公司领导班子及赴郑州市公安消防支队交流，双方就郑州轨道交通1号线一期工程消防验收、2号线等在建线路消防设计审核与验收事宜进行座谈。市公安消防支队政委陈平... 2016年3月2日，公司领导班子及赴郑州市公安消防支队交流，双方就郑州轨道交通1号线一期工程消防验收、2号线等在建线路消防设计审核与验收事宜进行座谈。市公安消防支队政委陈平,2025-12-24
426,ZZM_CN_9e81827b3050,zzmetro.cn,2016-02-18 17:26:00,2016-02-18 17:00:00,新年新气象  新风新作为 公司干部职工举行升旗仪式 为进一步凝聚力量、鼓舞精神、团结一致做好2016年各项工作，2016年春节假期后第一个工作日2月14日上午9点，公司干部职工齐聚调度中心南侧广场，举行庄严的升旗仪式。 此次升旗仪... 为进一步凝聚力量、鼓舞精神、团结一致做好2016年各项工作，2016年春节假期后第一个工作日2月14日上午9点，公司干部职工齐聚调度中心南侧广场，举行庄严的升旗仪,2025-12-24
427,ZZM_CN_ab214c96edbe,zzmetro.cn,2016-02-18 12:07:00,2016-02-18 12:00:00,张俊峰副市长莅临公司考察指导轨道交通工作 2月16日，春节假期后的第三个工作日，副市长张俊峰在市政府副秘书长袁聚平及市城乡规划局、市发改委、市城镇办主要负责同志的陪同下，莅临公司考察指导轨道交通工作，并召开座谈会... 2月16日，春节假期后的第三个工作日，副市长张俊峰在市政府副秘书长袁聚平及市城乡规划局、市发改委、市城镇办主要负责同志的陪同下，莅临公司考察指导轨道交通工作，并召开座谈会,2025-12-24
428,ZZM_CN_159f5f6e46eb,zzmetro.cn,2016-02-03 15:26:00,2016-02-03 15:00:00,市总工会副主席侯振家、公司副总经理祁秋芳 一行慰问公司困难职工 在郑州市总工会领导的关心与指导下，公司工会筹备组逐步建立起完善的困难职工帮扶体系，真正把为职工排忧解难工作落到了实处，有力地维护并促进了公司的和谐安定。2月2日下午，郑州... 在郑州市总工会领导的关心与指导下，公司工会筹备组逐步建立起完善的困难职工帮扶体系，真正把为职工排忧解难工作落到了实处，有力地维护并促进了公司的和谐安定。2月2,2025-12-24
429,ZZM_CN_c4d27355c745,zzmetro.cn,2016-01-26 14:45:00,2016-01-26 14:00:00,公司举行2016年春节廉洁从业谈话会 为加强节日期间反腐倡廉建设，1月8日，公司召开了2016年春节廉洁从业谈话会。公司领导班子成员、中层干部、高风险岗位人员代表以及参建单位代表共计200余人参加了谈话会。 谈话... 为加强节日期间反腐倡廉建设，1月8日，公司召开了2016年春节廉洁从业谈话会。公司领导班子成员、中层干部、高风险岗位人员代表以及参建单位代表共计200余人参加了谈话会。 谈话,2025-12-24
430,ZZM_CN_e849021ee711,zzmetro.cn,2016-01-15 15:26:00,2016-01-15 15:00:00,福猴迎春 郑州轨道2016农历丙申猴年新春纪念票上市 辞旧迎新，正值2016农历丙申猴年，为与绿城人民共庆新春，郑州市轨道交通有限公司隆重推出2016丙申猴年新春纪念票，作为地铁民俗系列纪念票的一个重要品种，此次纪念票将为新春的郑州... 辞旧迎新，正值2016农历丙申猴年，为与绿城人民共庆新春，郑州市轨道交通有限公司隆重推出2016丙申猴年新春纪念票，作为地铁民俗系列纪念票的一个重要品种，此次纪,2025-12-24
431,ZZM_CN_a82face1880d,zzmetro.cn,2015-12-31 12:05:00,2015-12-31 12:00:00,市人大副主任范强一行到公司宣讲《郑州市轨道交通条例》 12月22日，市人大常委会副主任范强一行莅临公司召开《郑州市轨道交通条例》（以下简称《条例》）宣讲会。《条例》涉及各市直单位负责人，公司领导及中层干部聆听了《条例》宣讲。市... 12月22日，市人大常委会副主任范强一行莅临公司召开《郑州市轨道交通条例》（以下简称《条例》）宣讲会。《条例》涉及各市直单位负责人，公司领导及中层干部聆听了《条例》宣,2025-12-24
432,ZZM_CN_52c33b181745,zzmetro.cn,2015-12-31 12:04:00,2015-12-31 12:00:00,全国政协常委李成玉莅郑视察轨道交通 12月17日，全国政协常委李成玉一行莅临郑州，视察轨道交通工程。省委常委、市委书记吴天君等陪同视察。李成玉一行从郑州东站乘坐轨道交通1号线至二七广场站。地铁上，李成玉在听... 12月17日，全国政协常委李成玉一行莅临郑州，视察轨道交通工程。省委常委、市委书记吴天君等陪同视察。李成玉一行从郑州东站乘坐轨道交通1号线至二七广场站。地铁上，李成玉在听,2025-12-24
433,ZZM_CN_d5d2dbd650b6,zzmetro.cn,2015-12-25 18:59:00,2015-12-25 18:00:00,1号线浦发银行ATM机&自助银行陆续投入使用 日前，郑州市轨道交通有限公司与上海浦东发展银行郑州市分行、中国联合网络通信有限公司郑州市分公司经过协商，本着合作共赢、平等互利的原则，阶段性完成了商务谈判、电网改迁、... 日前，郑州市轨道交通有限公司与上海浦东发展银行郑州市分行、中国联合网络通信有限公司郑州市分公司经过协商，本着合作共赢、平等互利的原则，阶段性完成了商务谈判、电网改迁、,2025-12-24
434,ZZM_CN_d20a8c25fe0f,zzmetro.cn,2015-12-01 10:59:00,2015-12-01 10:00:00,市公安局局长沈庆怀指导轨道交通安全保卫工作 11月30日，省公安厅副厅长、郑州市副市长、市公安局局长沈庆怀莅临郑州市轨道交通1号线紫荆山站指导安全保卫工作。地铁分局局长魏建、公司有关领导陪同。 沈庆怀在紫荆山站E... 11月30日，省公安厅副厅长、郑州市副市长、市公安局局长沈庆怀莅临郑州市轨道交通1号线紫荆山站指导安全保卫工作。地铁分局局长魏建、公司有关领导陪同。 沈庆怀在紫荆山站E,2025-12-24
435,ZZM_CN_3e9c31531392,zzmetro.cn,2015-11-30 10:58:00,2015-11-30 10:00:00,市国资委副主任郭耀伟一行莅临公司观摩、指导公司监事会示范点创建工作 11月27日，市国资委副主任郭耀伟一行莅临公司观摩、指导公司监事会示范点创建工作。市国资委监事会主席牛长现、刘喜宽、史周平、夏艳琴、李慧军，市国资委第一监事会监事熊永新... 11月27日，市国资委副主任郭耀伟一行莅临公司观摩、指导公司监事会示范点创建工作。市国资委监事会主席牛长现、刘喜宽、史周平、夏艳琴、李慧军，市国资委第一监事,2025-12-24
436,ZZM_CN_9691f0a9b3b1,zzmetro.cn,2015-11-18 11:01:00,2015-11-18 11:00:00,中国民主建国会河南省委员会委员调研郑州市轨道交通工程 为深入了解河南省经济社会发展情况，11月9日，省人大常委、民建省委专职副主委张晓林带领民建省委中心组成员50余人，至郑州市轨道交通1号线二期文苑北路站、1号线一期工程郑州东... 为深入了解河南省经济社会发展情况，11月9日，省人大常委、民建省委专职副主委张晓林带领民建省委中心组成员50余人，至郑州市轨道交通1号线二期文苑北路站、1号线一期工程,2025-12-24
437,ZZM_CN_3f8a008eb1fe,zzmetro.cn,2015-10-16 11:47:00,2015-10-16 11:00:00,世界银行中国郑州城市轨道项目实施考察团考察座谈会在公司召开 10月12日至14日，世行项目官员欧杰（Gerald Ollivier）一行来郑对我市世行贷款轨道交通3号线一期工程项目实施情况进行考察。 12日下午，市政府在公司主持召开郑州城市轨道项目世界... 10月12日至14日，世行项目官员欧杰（Gerald Ollivier）一行来郑对我市世行贷款轨道交通3号线一期工程项目实施情况进行考察。,2025-12-24
438,ZZM_CN_17aec10d24b2,zzmetro.cn,2015-10-11 11:49:00,2015-10-11 11:00:00,住建部标准定额研究所胡传海副所长一行莅临公司调研 9月23日，住建部标准定额研究所副所长胡传海一行莅临公司，针对《城市轨道交通工程设计概预算编制办法》的修编进行调研并座谈。省发展与改革委员会处长赵育诚，省标准定额站书记... 9月23日，住建部标准定额研究所副所长胡传海一行莅临公司，针对《城市轨道交通工程设计概预算编制办法》的修编进行调研并座谈。省发展与改革委员会处长赵育诚，省标准定额站书记,2025-12-24
439,ZZM_CN_133b1923ea5e,zzmetro.cn,2015-10-05 11:48:00,2015-10-05 11:00:00,张俊峰副市长调研轨道交通工程 10月4日，副市长张俊峰带领市直相关部门负责人深入工程建设工地，督导“畅通郑州”工程建设，研究解决相关问题。政府副秘书长袁聚平参加调研。公司相关领导陪同。 张俊... 10月4日，副市长张俊峰带领市直相关部门负责人深入工程建设工地，督导“畅通郑州”工程建设，研究解决相关问题。政府副秘书长袁聚平参加调研。公司相关领导陪同。 张俊,2025-12-24
440,ZZM_CN_0eee6cd947cd,zzmetro.cn,2015-09-14 15:09:00,2015-09-14 15:00:00,郑州轨道2015农历乙未羊年中秋纪念票上市发售 中秋是一个圆，月亮的圆，月饼的圆，团圆的圆。在一年一度的中秋佳节即将到来之际，为庆祝佳节，增强地铁文化及城市名片影响力，郑州市轨道交通有限公司隆重推出农历乙未羊年中秋纪念票... 中秋是一个圆，月亮的圆，月饼的圆，团圆的圆。在一年一度的中秋佳节即将到来之际，为庆祝佳节，增强地铁文化及城市名片影响力，郑州市轨道交通有限公司隆重推出农历乙未羊年中秋纪念票,2025-12-24
441,ZZM_CN_3aa23e358ca9,zzmetro.cn,2015-09-14 15:09:00,2015-09-14 15:00:00,公司组织开展2015年度新入职员工法律知识培训 为响应公司提升员工法制理念与普及员工法律知识的要求，7、8月，公司分别组织开展了3次面向2015年度新入职员工的法律知识培训。 培训课程邀请了首席律师叶树华进行授课。主要围... 为响应公司提升员工法制理念与普及员工法律知识的要求，7、8月，公司分别组织开展了3次面向2015年度新入职员工的法律知识培训。 培训课程邀请了首席律师叶树华进行授课。主要围,2025-12-24
442,ZZM_CN_2ee3e386ffd9,zzmetro.cn,2015-08-25 13:41:00,2015-08-25 13:00:00,公安部地铁火灾防控调研组调研郑州市轨道交通工程 8月25日，由上海消防总队原总队长赵子新，四川消防研究所助理研究员、博士袁满，天津消防研究所工程研究室副研究员杜玉龙等专家组成的公安部地铁火灾防控调研组，来公司调研郑州市... 8月25日，由上海消防总队原总队长赵子新，四川消防研究所助理研究员、博士袁满，天津消防研究所工程研究室副研究员杜玉龙等专家组成的公安部地铁火灾防控调研组，来公司调研郑州市,2025-12-24
443,ZZM_CN_8ecdc2f25a8e,zzmetro.cn,2015-08-22 13:53:00,2015-08-22 13:00:00,公司2015年新员工入职培训活动圆满结束 为培养新进员工坚强的意志力和严格的组织纪律性，培养员工高效的执行力、严于律己、服从大局的作风意识，打造一支高素质的人才队伍，公司于7月13日至8月20日，对2015年新入职员工进... 为培养新进员工坚强的意志力和严格的组织纪律性，培养员工高效的执行力、严于律己、服从大局的作风意识，打造一支高素质的人才队伍，公司于7月13日至8月20日，对2015年新入职,2025-12-24
444,ZZM_CN_7effca1123f6,zzmetro.cn,2015-08-22 13:39:00,2015-08-22 13:00:00,省财政厅党组成员、财政监督检查局局长岳文华一行来公司调研 8月20日，河南省财政厅党组成员、财政监督检查局局长岳文华一行来公司调研。公司组织召开座谈会，财政厅科技文化处处长张建社、国际处处长赵敏、监督检查六处处长马晓飞，市财政... 8月20日，河南省财政厅党组成员、财政监督检查局局长岳文华一行来公司调研。公司组织召开座谈会，财政厅科技文化处处长张建社、国际处处长赵敏、监督检查六处处长马晓飞，市财,2025-12-24
445,ZZM_CN_969b647ef701,zzmetro.cn,2015-08-15 13:52:00,2015-08-15 13:00:00,公司参加“唱响和平 拥抱梦想”合唱比赛获二等奖 8月13日，公司参加市国资委举办的“唱响和平、拥抱梦想”合唱比赛，纪念中国人民抗日战争暨世界反法西斯战争胜利70周年。公司有关领导带队参加并上台演唱了参赛曲目... 8月13日，公司参加市国资委举办的“唱响和平、拥抱梦想”合唱比赛，纪念中国人民抗日战争暨世界反法西斯战争胜利70周年。公司有关领导带队参加并上台演唱了参赛曲目,2025-12-24
446,ZZM_CN_165bdfb835ba,zzmetro.cn,2015-08-15 13:37:00,2015-08-15 13:00:00,市国资委副主任郭耀伟一行莅临公司调研公司监事会示范点创建工作 8月13日，市国资委副主任郭耀伟一行莅临公司调研指导市国资委外派监事会日常监督进驻和公司监事会示范点创建工作。市国有企业第一监事会主席牛长现，国资委监事会工作处副处长... 8月13日，市国资委副主任郭耀伟一行莅临公司调研指导市国资委外派监事会日常监督进驻和公司监事会示范点创建工作。市国有企业第一监事会主席牛长现，国资委监事会工作处副处,2025-12-24
447,ZZM_CN_0e4abb42f11b,zzmetro.cn,2015-08-12 13:34:00,2015-08-12 13:00:00,住建部督察组莅临郑州检查指导城市轨道交通工程质量安全工作 8月10日至12日，住房和城乡建设部督察组一行莅临郑州检查指导河南省城市轨道交通工程质量安全工作。督察组由住建部质量安全司张红梅处长任组长，成员有住建部质量安全司高康，以... 8月10日至12日，住房和城乡建设部督察组一行莅临郑州检查指导河南省城市轨道交通工程质量安全工作。督察组由住建部质量安全司张红梅处长任组长，成员有住建部质量安全司高,2025-12-24
448,ZZM_CN_cea523e4c827,zzmetro.cn,2015-07-29 15:07:00,2015-07-29 15:00:00,河南省国家保密局到公司检查指导保密工作 7月28日，省国家保密管理专项检查组在省国家保密局局长陆宁的带领下莅临公司，对公司保密管理工作进行专项检查，市委保密委员会副主任、市国家保密局局长张淑娥，市国资委副主任岳... 7月28日，省国家保密管理专项检查组在省国家保密局局长陆宁的带领下莅临公司，对公司保密管理工作进行专项检查，市委保密委员会副主任、市国家保密局局长张淑娥，市国资委副主任岳,2025-12-24
449,ZZM_CN_31ea08f65030,zzmetro.cn,2015-07-29 15:07:00,2015-07-29 15:00:00,国家发改委基础产业司司长李国勇一行调研轨道交通建设 7月28日，国家发改委基础产业司司长李国勇、国家发改委基础产业司铁道处调研员田艳杰一行来我市调研轨道交通建设情况。省发改委副主任刘世伟、省铁道办主任霍和平、郑州市副... 7月28日，国家发改委基础产业司司长李国勇、国家发改委基础产业司铁道处调研员田艳杰一行来我市调研轨道交通建设情况。省发改委副主任刘世伟、省铁道办主任霍和平、郑州市副,2025-12-24
450,ZZM_CN_bec26982022e,zzmetro.cn,2015-07-07 15:56:00,2015-07-07 15:00:00,"市委副书记、市长马懿调研轨道交通工程 7月6日，市委副书记、市长马懿带领市直相关部门负责人调研\""畅通郑州\""工程建设情况，深入部分市政重点项目施工现场，督导工程建设。副市长张俊峰、市政府副秘书长袁聚... 7月6日，市委副书记、市长马懿带领市直相关部门负责人调研\""畅通郑州\""工程建设情况，深入部分市政重点项目施工现场，督导工程建设。副市长张俊峰、市政府副秘书长袁聚",2025-12-24
451,ZZM_CN_5201b74b3bfa,zzmetro.cn,2015-07-02 16:51:00,2015-07-02 16:00:00,看郑州 述变化 谈发展 绘蓝图 公司喜迎省直单位看地铁郑州东站 为全面宣传展示郑州都市区建设三年行动计划的建设成果，汇聚正能量，营造良好发展氛围，5月19日至6月18日，市委、市政府邀请省直相关单位参加“省直单位看郑州”活动。轨... 为全面宣传展示郑州都市区建设三年行动计划的建设成果，汇聚正能量，营造良好发展氛围，5月19日至6月18日，市委、市政府邀请省直相关单位参加“省直单位看郑州”活动。轨,2025-12-24
452,ZZM_CN_aeb47391b0d1,zzmetro.cn,2015-07-01 16:56:00,2015-07-01 16:00:00,公司开展运营消防应急综合演练 为进一步加强郑州市轨道交通应急救援体系建设，检验各级应急预案的衔接性、科学性、合理性和操作性，以及公司应急联动协同应急处置能力，6月29日下午14:30，公司在1号线市体育中心... 为进一步加强郑州市轨道交通应急救援体系建设，检验各级应急预案的衔接性、科学性、合理性和操作性，以及公司应急联动协同应急处置能力，6月29日下午14:30，公司在1号线市体育中心,2025-12-24
453,ZZM_CN_7b5d55677a76,zzmetro.cn,2015-05-28 13:57:00,2015-05-28 13:00:00,交通运输部检查组到公司检查运营安全管理工作 5月28日，受交通运输部委派，由广州市交通委客运管理处副处长黄博智带队的交通运输部运营安全管理工作第三检查组一行7人莅临郑州，对轨道交通1号线运营安全管理工作进行检查指导，... 5月28日，受交通运输部委派，由广州市交通委客运管理处副处长黄博智带队的交通运输部运营安全管理工作第三检查组一行7人莅临郑州，对轨道交通1号线运营安全管理工作进行检查指导，,2025-12-24
454,ZZM_CN_cdb05b0f6c9a,zzmetro.cn,2015-05-21 13:55:00,2015-05-21 13:00:00,市人大常委会召开《郑州市轨道交通管理条例（草案审议修改稿）》征求意见座谈会 5月21日，市人大常委会副主任范强带领部分常委会委员和人大代表，视察郑州市轨道交通建设及运营情况，并召开座谈会征求《郑州市轨道交通管理条例（草案审议修改稿）》（以下简称条例）修... 5月21日，市人大常委会副主任范强带领部分常委会委员和人大代表，视察郑州市轨道交通建设及运营情况，并召开座谈会征求《郑州市轨道交通管理条例（,2025-12-24
455,ZZM_CN_8544c99d0b16,zzmetro.cn,2015-05-13 13:54:00,2015-05-13 13:00:00,市人大常委会视察组视察轨道交通工程 5月13日，市人大常委会副主任王广灿带领部分常委会组成人员和人大代表，视察郑州市轨道交通工程等国有资产监管运营情况。市政府副秘书长张吉，市国资委党委书记、主任李秀山，市人... 5月13日，市人大常委会副主任王广灿带领部分常委会组成人员和人大代表，视察郑州市轨道交通工程等国有资产监管运营情况。市政府副秘书长张吉，市国资委党委书记、主任李秀山，市人,2025-12-24
456,ZZM_CN_2a99f2c52571,zzmetro.cn,2015-05-07 09:48:00,2015-05-07 09:00:00,"市人大常委会召开《郑州市轨道交通管理条例（草案）》初审会 4月16日上午，市人大常委会召开《郑州市轨道交通管理条例（草案）》（以下简称《条例》（草案））初审会。会议由市人大常委会经济工委主任宋柏松主持,市人大常委会法制室等相关负责人参... 4月16日上午，市人大常委会召开《郑州市轨道交通管理条例（草案）》（以下简称《条例》（草案））初审会。会议由市人大常委会经济工委主任宋柏松主持,市人大常委会法",2025-12-24
457,ZZM_CN_05dd54787563,zzmetro.cn,2015-05-07 09:45:00,2015-05-07 09:00:00,市政协副主席、民进市委主委张民服调研郑州轨道交通工程 4月22日上午，省政协常委、市政协副主席，民进省委副主委、民进市委主委张民服率领民进郑州市委、民进郑州大学委员会成员一行调研郑州轨道交通工程。张民服一行首先到轨道交通... 4月22日上午，省政协常委、市政协副主席，民进省委副主委、民进市委主委张民服率领民进郑州市委、民进郑州大学委员会成员一行调研郑州轨道交通工程。张民服一行首先到轨道交通,2025-12-24
458,ZZM_CN_22c0da835a5d,zzmetro.cn,2015-04-28 13:52:00,2015-04-28 13:00:00,市十四届人大常委会第九次会议首次审议《郑州市轨道交通管理条例（草案）》 4月28日，郑州市第十四届人大常委会第九次会议召开。市人大常委会主任白红战主持会议。上午，受市政府委托，市政府法制办主任张江涛在会上对《郑州市轨道交通管理条例（草案）》的起... 4月28日，郑州市第十四届人大常委会第九次会议召开。市人大常委会主任白红战主持会议。上午，受市政府委托，市政府法制办主任张江涛在会上对《郑州市轨道交,2025-12-24
459,ZZM_CN_28363310d14c,zzmetro.cn,2015-04-27 13:50:00,2015-04-27 13:00:00,郑州市轨道交通世行贷款项目正式启动 4月27日，郑州市轨道交通世行贷款项目经理欧杰（Gerald Ollivier）率领世行专家团抵郑，并在当日下午参加了郑州市轨道交通世界银行贷款项目启动会。郑州市委常委、常务副市长孙金献... 4月27日，郑州市轨道交通世行贷款项目经理欧杰（Gerald Ollivier）率领世行专家团抵郑，并在当日下午参加了郑州市轨道交通世界银行贷款项目启动会。郑州市委常委、,2025-12-24
460,ZZM_CN_47bac8666c8b,zzmetro.cn,2015-04-10 17:22:00,2015-04-10 17:00:00,市国资委党委书记、主任李秀山一行来公司检查指导平安建设工作 4月10日上午，市国资委党委书记、主任李秀山一行来公司检查指导平安建设工作，并举行座谈。市国资委副主任郭耀伟，党委委员、副主任于东启，监事会主席牛长现以及监事会办公室、信... 4月10日上午，市国资委党委书记、主任李秀山一行来公司检查指导平安建设工作，并举行座谈。市国资委副主任郭耀伟，党委委员、副主任于东启，监事会主席牛长现以及监事会办,2025-12-24
461,ZZM_CN_4a4a471f8965,zzmetro.cn,2015-04-10 17:22:00,2015-04-10 17:00:00,关于市国资委外派监事会日常监督进驻和公司监事会示范点建设的座谈会 为进一步推动监事会工作，突出监事会工作的服务性，4月10日上午，市国资委主任李秀山一行到公司进行工作调研。随后，市国资委副主任郭耀伟，市国资委第一监事会主席牛长现，市国资委监... 为进一步推动监事会工作，突出监事会工作的服务性，4月10日上午，市国资委主任李秀山一行到公司进行工作调研。随后，市国资委副主任郭耀伟，市国资委第一监事会,2025-12-24
462,ZZM_CN_87a34f3b2b30,zzmetro.cn,2015-02-26 15:14:00,2015-02-26 15:00:00,不负众望 成效显著 轨道交通1号线运营工作获市委、市政府充分肯定2013年12月28日，郑州市轨道交通首条线路1号线实现了如期顺利通车试运营，在国内同一批批复、同一批开工建设的城市线路中率先开... 轨道交通1号线运营工作获市委、市政府充分肯定2013年12月28日，郑州市轨道交通首条线路1号线实现了如期顺利通车试运营，在国内同一批批复、同一批开工建设的城市线路中率先开,2025-12-24
463,ZZM_CN_21a488096616,zzmetro.cn,2015-02-26 15:07:00,2015-02-26 15:00:00,郑州市副市长张俊峰到公司调研 2月26日，新春上班第二天，张俊峰副市长来到公司调研工作，了解轨道交通工程建设中遇到的困难，并提出指导性意见。在公司调度指挥中心，张俊峰详细了解了地铁运行调度指挥情况，随后与... 2月26日，新春上班第二天，张俊峰副市长来到公司调研工作，了解轨道交通工程建设中遇到的困难，并提出指导性意见。在公司调度指挥中心，张俊峰详细了解了地铁运行调度指挥情况，随后与,2025-12-24
464,ZZM_CN_4ce5950dc257,zzmetro.cn,2015-02-17 15:08:00,2015-02-17 15:00:00,郭庚茂等省领导慰问春节期间郑州地铁坚守岗位的干部职工 2月17日，农历腊月二十九，省委书记、省人大常委会主任郭庚茂来到郑州地铁1号线，看望慰问春节期间坚守岗位的干部职工，代表省委、省政府对他们的辛勤工作和无私奉献表示感谢，并致... 2月17日，农历腊月二十九，省委书记、省人大常委会主任郭庚茂来到郑州地铁1号线，看望慰问春节期间坚守岗位的干部职工，代表省委、省政府对他们的辛勤工作和无私奉献表示感谢,2025-12-24
465,ZZM_CN_3fcd40478016,zzmetro.cn,2015-02-13 15:10:00,2015-02-13 15:00:00,省委书记郭庚茂一行慰问轨道交通工程一线建设工人 2月13日上午，带着羊年新春的美好祝福，省委书记郭庚茂来到正在建设中的1号线二期河工大站工地，看望慰问春节期间坚守工作岗位的一线员工、施工工人。省委常委、郑州市委书记吴... 2月13日上午，带着羊年新春的美好祝福，省委书记郭庚茂来到正在建设中的1号线二期河工大站工地，看望慰问春节期间坚守工作岗位的一线员工、施工工人。省委常委、郑州市委书记吴,2025-12-24
466,ZZM_CN_0a72307888f2,zzmetro.cn,2015-02-13 15:09:00,2015-02-13 15:00:00,市委常委、常务副市长孙金献慰问轨道交通一线员工 2月13日，市委常委、常务副市长孙金献来到轨道交通5号线西站街站建设工地，慰问坚守在建设一线的员工、施工工人，给他们带去了新春的祝福。市劳动局局长王保明、市建委主任高必... 2月13日，市委常委、常务副市长孙金献来到轨道交通5号线西站街站建设工地，慰问坚守在建设一线的员工、施工工人，给他们带去了新春的祝福。市劳动局局长王保明、市建委主任高必,2025-12-24
467,ZZM_CN_34f0c4ec86bc,zzmetro.cn,2015-01-29 15:11:00,2015-01-29 15:00:00,市公安局党委书记、局长沈庆怀调研 轨道交通1号线安保工作 为有效应对雨雪天气、节假日郑州轨道交通客流高峰，提升警方对轨道交通安保应急处突能力，确保春节期间轨道交通安全、有序运行，1月29日上午，省公安厅副厅长、郑州市副市长、市公... 为有效应对雨雪天气、节假日郑州轨道交通客流高峰，提升警方对轨道交通安保应急处突能力，确保春节期间轨道交通安全、有序运行，1月29日上午，省公安厅副厅长、郑州市副市长,2025-12-24
468,ZZM_CN_aac20f4bdb25,zzmetro.cn,2015-01-28 15:16:00,2015-01-28 15:00:00,公司召开一体化管理信息平台一期实施项目和办公自动化系统上线试运行启动会 为顺利实现企业信息化建设的良好开局，加快“数字轨道”的建设步伐，为后续信息化建设工作奠定坚实基础，1月28日上午，公司召开一体化管理信息平台一期实施项目和办公自... 为顺利实现企业信息化建设的良好开局，加快“数字轨道”的建设步伐，为后续信息化建设工作奠定坚实基础，1月28日上午，公司召开一体化管理信息平台一期实施项目和办公自,2025-12-24
469,ZZM_CN_88c93ae3ac35,zzmetro.cn,2014-12-23 19:03:00,2014-12-23 19:00:00,2015乙未羊年新春暨庆祝郑州市轨道交通一号线开通周年纪念票上市 地铁周岁 诚谢有您2015乙未羊年新春暨庆祝郑州市轨道交通一号线开通周年纪念票上市  一年前的12月28日，郑州市轨道交通一号线在众人的期待与媒体的聚焦中开门迎客，从此中原第... 地铁周岁 诚谢有您2015乙未羊年新春暨庆祝郑州市轨道交通一号线开通周年纪念票上市  一年前的12月28日，郑州市轨道交通一号线在众人的期待与媒体的聚焦,2025-12-24
470,ZZM_CN_e39ca5f19ffe,zzmetro.cn,2014-12-08 16:43:00,2014-12-08 16:00:00,郑州市人民检察院检察长刘建国一行调研轨道交通工程 12月8日下午，郑州市人民检察院检察长刘建国一行轻车简从，来公司实地调研我市轨道交通工程规划、建设、运营以及公司反腐倡廉建设情况。刘建国检察长一行在轨道公司主要领导、... 12月8日下午，郑州市人民检察院检察长刘建国一行轻车简从，来公司实地调研我市轨道交通工程规划、建设、运营以及公司反腐倡廉建设情况。刘建国检察长一行在轨道公司主要领导、,2025-12-24
471,ZZM_CN_99ea08ec1f08,zzmetro.cn,2014-12-04 16:45:00,2014-12-04 16:00:00,公司举办12.4国家宪法日暨全国法制宣传日系列宣传活动 为深入学习贯彻党的十八届四中全会精神，迎接第一个“国家宪法日”暨“全国法制宣传日”，郑州市轨道交通公司开展了以“弘扬宪法精神，建设法制中国&r... 为深入学习贯彻党的十八届四中全会精神，迎接第一个“国家宪法日”暨“全国法制宣传日”，郑州市轨道交通公司开展了以“弘扬宪法精神，建设法制中国&r,2025-12-24
472,ZZM_CN_62bc2ad72963,zzmetro.cn,2014-10-17 16:40:00,2014-10-17 16:00:00,公司召开一体化管理信息平台咨询暨一期实施项目知识转移培训启动会 10月17日下午，公司一体化管理信息平台咨询暨一期实施项目知识转移培训启动会在公司召开。公司党委委员、总经理助理、公司一体化管理信息平台咨询暨一期实施项目小组项目总... 10月17日下午，公司一体化管理信息平台咨询暨一期实施项目知识转移培训启动会在公司召开。公司党委委员、总经理助理、公司一体化管理信息平台咨询暨一期实施项目小组项目总,2025-12-24
473,ZZM_CN_a6dd29a92554,zzmetro.cn,2014-10-15 16:38:00,2014-10-15 16:00:00,公司举办法律知识竞赛活动 为推动“六五”普法规划目标任务全面落实，增强公司干部职工的法律意识，提升公司依法管理水平，充分发挥法律的规范、引导、保障、促进作用，公司于10月15日在车辆段五... 为推动“六五”普法规划目标任务全面落实，增强公司干部职工的法律意识，提升公司依法管理水平，充分发挥法律的规范、引导、保障、促进作用，公司于10月15日在车辆段五,2025-12-24
474,ZZM_CN_afb2732f5370,zzmetro.cn,2014-09-30 13:21:00,2014-09-30 13:00:00,公司开展“送法下工地，构筑安全网” 普法宣传活动 为贯彻落实十八大精神，创建安全和谐的工程建设环境，喜迎即将召开的以“依法治国”为核心的十八届四中全会，9月30日，公司联合法律顾问单位河南路德律师事务所开展了&l... 为贯彻落实十八大精神，创建安全和谐的工程建设环境，喜迎即将召开的以“依法治国”为核心的十八届四中全会，9月30日，公司联合法律顾问单位河南路德律师事务所开展了&l,2025-12-24
475,ZZM_CN_9e2c61e7dac7,zzmetro.cn,2014-09-29 13:22:00,2014-09-29 13:00:00,共圆美丽中国梦 建设和谐大家庭 ---公司参加市国企文化艺术协会“梦的畅想”国庆文艺汇演 9月29日，公司应邀参加了由郑州市国资委企业文化协会主办，白鸽集团承办的“梦的畅想”国庆... ---公司参加市国企文化艺术协会“梦的畅想”国庆文艺汇演 9月29日，公司应邀参加了由郑州市国资委企业文化协会主办，白鸽集团承办的“梦的畅想”国庆,2025-12-24
476,ZZM_CN_8ab33f00da86,zzmetro.cn,2014-09-23 15:29:00,2014-09-23 15:00:00,市委副书记、市长马懿深入工地督导轨道交通工程建设 9月23日，市委副书记、市长马懿视察“畅通郑州”工程建设情况，深入轨道交通工程工地，督导工程建设。副市长张俊峰、市政府秘书长王春山，市发改委、财政局、建委、规划... 9月23日，市委副书记、市长马懿视察“畅通郑州”工程建设情况，深入轨道交通工程工地，督导工程建设。副市长张俊峰、市政府秘书长王春山，市发改委、财政局、建委、规划,2025-12-24
477,ZZM_CN_8636d4f7687e,zzmetro.cn,2014-09-15 13:19:00,2014-09-15 13:00:00,公司在市政风行风民主评议中名列公共行业满意度第三名 9月15日，在河南省政风行风面对面电子测评会议郑州分会场上，省、市纠风部门首次采用平板电脑电子测评方式，进行政风行风评议。300多名评议代表人手一个平板电脑，进入评议界面，轻... 9月15日，在河南省政风行风面对面电子测评会议郑州分会场上，省、市纠风部门首次采用平板电脑电子测评方式，进行政风行风评议。300多名评议代表人手一个平板电脑，进入评议,2025-12-24
478,ZZM_CN_17436dd4f774,zzmetro.cn,2014-09-12 15:22:00,2014-09-12 15:00:00,城市轨道交通传媒经营发展座谈会在郑州成功举办 由中国城市轨道交通协会资源经营专业委员会主办、公司承办的城市轨道交通传媒经营发展座谈会9月12日在郑州召开。中国城市轨道交通协会会长包叙定，中国广告协会会长李东生，国... 由中国城市轨道交通协会资源经营专业委员会主办、公司承办的城市轨道交通传媒经营发展座谈会9月12日在郑州召开。中国城市轨道交通协会会长包叙定，中国广告协会会长李东生，国,2025-12-24
479,ZZM_CN_2a6682efa87a,zzmetro.cn,2014-08-25 11:38:00,2014-08-25 11:00:00,甲午马年中秋纪念票全城发售 天涯共此时，地铁与郑州市民贺中秋！在这样一个合家团圆的日子，除了香甜的月饼和中秋晚会，还有什么新颖的礼品呢？郑州地铁首发民俗系列甲午马年中秋纪念票，为郑州市民带来了一个新... 天涯共此时，地铁与郑州市民贺中秋！在这样一个合家团圆的日子，除了香甜的月饼和中秋晚会，还有什么新颖的礼品呢？郑州地铁首发民俗系列甲午马年中秋纪念票，为郑州市民带来了一个新,2025-12-24
480,ZZM_CN_003a147e9f73,zzmetro.cn,2014-08-20 09:07:00,2014-08-20 09:00:00,公司党委书记、董事长郭拥军带队参加郑州市民主评议政风行风在线访谈 为拓宽群众监督渠道，加强郑州市轨道交通有限公司与社会各界的交流沟通，促进党的群众路线教育实践活动整改措施的落实，切实解决群众反映的突出问题，进一步转变服务行业作风，提高... 为拓宽群众监督渠道，加强郑州市轨道交通有限公司与社会各界的交流沟通，促进党的群众路线教育实践活动整改措施的落实，切实解决群众反映的突出问题，进一步转变服务行业,2025-12-24
481,ZZM_CN_eef6906eda6f,zzmetro.cn,2014-08-12 15:18:00,2014-08-12 15:00:00,公司召开2014年上半年安委会会议 8月12日下午，公司在七楼会议室召开2014年上半年安委会会议。公司安委会领导及公司领导与公司安委会全体成员参加会议。会议由公司党委书记、董事长郭拥军主持。会议首先通报... 8月12日下午，公司在七楼会议室召开2014年上半年安委会会议。公司安委会领导及公司领导与公司安委会全体成员参加会议。会议由公司党委书记、董事长郭拥军主持。会议首先通报,2025-12-24
482,ZZM_CN_0d4f24ea48f4,zzmetro.cn,2014-07-28 15:22:00,2014-07-28 15:00:00,公司开展第一期“爱岗敬业、以路为家” 主题培训及拓展训练 为激发员工的感恩意识、责任意识、实干意识，提升员工的爱岗敬业精神和兢兢业业的工作态度，7月26日至28日，公司第一期全员主题培训及素质拓展训练在中牟武警河南总队训练基地... 为激发员工的感恩意识、责任意识、实干意识，提升员工的爱岗敬业精神和兢兢业业的工作态度，7月26日至28日，公司第一期全员主题培训及素质拓展训练在中牟武警河南总队训练基,2025-12-24
483,ZZM_CN_e5480ba09307,zzmetro.cn,2014-07-24 15:13:00,2014-07-24 15:00:00,公司技术委员会召开第一次全体会议 7月24日上午，郑州市轨道交通有限公司技术委员会第一次全体会议召开。来自公司总部和运营分公司的首届32名委员参加了会议。随着郑州轨道交通首条线路投运营及建设线路的增加... 7月24日上午，郑州市轨道交通有限公司技术委员会第一次全体会议召开。来自公司总部和运营分公司的首届32名委员参加了会议。随着郑州轨道交通首条线路投运营及建设线路的增加,2025-12-24
484,ZZM_CN_d50c32fda630,zzmetro.cn,2014-07-08 19:11:00,2014-07-08 19:00:00,郭庚茂谢伏瞻等调研市南四环至郑州南站城郊铁路工程 坚定信心 奋力拼搏 努力实现城郊铁路工程建设目标7月8日上午，省委书记、省人大常委会主任郭庚茂，省委副书记、省长谢伏瞻等到郑州航空港经济综合实验区调研，查看南四环至郑州... 坚定信心 奋力拼搏 努力实现城郊铁路工程建设目标7月8日上午，省委书记、省人大常委会主任郭庚茂，省委副书记、省长谢伏瞻等到郑州航空港经济综合实验区调研，查看南四环至郑州,2025-12-24
485,ZZM_CN_4696f60ab971,zzmetro.cn,2014-07-08 19:09:00,2014-07-08 19:00:00,公司举办“以案说法”法律培训 为充分发挥法律的风险防控和服务保障作用，公司于7月8日在1号线郑州火车站站举行了“以案说法”培训讲座。郝浩律师以“公共场所管理人责任纠纷法律解读&rdquo... 为充分发挥法律的风险防控和服务保障作用，公司于7月8日在1号线郑州火车站站举行了“以案说法”培训讲座。郝浩律师以“公共场所管理人责任纠纷法律解读&rdquo,2025-12-24
486,ZZM_CN_a21df291b0d5,zzmetro.cn,2014-07-02 15:17:00,2014-07-02 15:00:00,郑州市副市长张俊峰一行调研轨道交通工程 7月2日上午，郑州市副市长张俊峰一行到轨道公司调研轨道交通工程规划、建设、运营情况。汇报会由市政府副秘书长袁聚平主持。市轨道办主任于雷、副主任顾建党，市公安局地铁分... 7月2日上午，郑州市副市长张俊峰一行到轨道公司调研轨道交通工程规划、建设、运营情况。汇报会由市政府副秘书长袁聚平主持。市轨道办主任于雷、副主任顾建党，市公安局地铁分,2025-12-24
487,ZZM_CN_0aa89e5a2aaa,zzmetro.cn,2014-06-10 15:01:00,2014-06-10 15:00:00,"市领导检查指导轨道交通工程防汛工作 6月10日，市人大常委会组织常委会委员和人大代表对我市城市防汛情况进行视察，首站视察郑州轨道交通2号线紫荆山站。市人大常委会主任白红战，副主任赵武安，秘书长王福松,市人民政... 6月10日，市人大常委会组织常委会委员和人大代表对我市城市防汛情况进行视察，首站视察郑州轨道交通2号线紫荆山站。市人大常委会主任白红战，副主任赵武安，秘书长王福松,市人民政",2025-12-24
488,ZZM_CN_d2697649eddb,zzmetro.cn,2014-06-06 16:04:00,2014-06-06 16:00:00,公司召开一体化管理信息平台咨询暨一期实施项目启动会 6月6日，公司一体化管理信息平台咨询暨一期实施项目启动会在公司三楼会议室召开。上海汉得信息技术股份有限公司副总裁黄益全，甲骨文中国软件系统有限公司河南分公司总经理祝... 6月6日，公司一体化管理信息平台咨询暨一期实施项目启动会在公司三楼会议室召开。上海汉得信息技术股份有限公司副总裁黄益全，甲骨文中国软件系统有限公司河南分公司总经理祝,2025-12-24
489,ZZM_CN_640176815334,zzmetro.cn,2014-05-23 18:25:00,2014-05-23 18:00:00,郑州国企文化艺术协会“轨道杯”乒乓球友谊赛 小小银球传友谊 凝聚力量助发展为促进公司企业文化建设，增强员工的体质，增进郑州国企文化艺术协会各会员单位之间的了解与友谊，5月23日上午郑州国企文化艺术协会“轨道杯... 小小银球传友谊 凝聚力量助发展为促进公司企业文化建设，增强员工的体质，增进郑州国企文化艺术协会各会员单位之间的了解与友谊，5月23日上午郑州国企文化艺术协会“轨道杯,2025-12-24
490,ZZM_CN_26b332404c7c,zzmetro.cn,2014-05-21 18:10:00,2014-05-21 18:00:00,公司举行消防安全知识宣传与培训 为做好夏季消防工作，增强自防自救能力，提升“四个能力”建设，宣传消防法律法规，切实保障公司夏季用电安全，有效预防火灾事故发生，5月21日，公司邀请消防实践经验丰富的河... 为做好夏季消防工作，增强自防自救能力，提升“四个能力”建设，宣传消防法律法规，切实保障公司夏季用电安全，有效预防火灾事故发生，5月21日，公司邀请消防实践经验丰富的河,2025-12-24
491,ZZM_CN_1a18006537ba,zzmetro.cn,2014-05-21 13:40:00,2014-05-21 13:00:00,省防灾减灾宣传活动在紫荆山站举行 5月12日是我国第六个防灾减灾日。上午，省减灾委员会和省防火安全委员会联合主办的2014年河南省防灾减灾宣传活动启动仪式在1号线紫荆山站举行。上午9点30分，站厅灭火和应急疏... 5月12日是我国第六个防灾减灾日。上午，省减灾委员会和省防火安全委员会联合主办的2014年河南省防灾减灾宣传活动启动仪式在1号线紫荆山站举行。上午9点30分，站厅灭火和应急疏,2025-12-24
492,ZZM_CN_e3ee4ef67d0f,zzmetro.cn,2014-05-20 17:54:00,2014-05-20 17:00:00,市城乡建设委员会副主任王立新一行莅临公司考察调研招标工作 5月20日下午，市城乡建设委员会副主任王立新带领市建委招标处处长于焕岭、建管处处长张顺海、招标处主任科员周春林，建设工程交易中心副主任袁水懿及综合科科长李波一行六人莅... 5月20日下午，市城乡建设委员会副主任王立新带领市建委招标处处长于焕岭、建管处处长张顺海、招标处主任科员周春林，建设工程交易中心副主任袁水懿及综合科科长李波一行六人莅,2025-12-24
493,ZZM_CN_1fbe702cdae7,zzmetro.cn,2014-05-09 12:22:00,2014-05-09 12:00:00,市委党的群众路线教育实践活动督导组到公司检查指导工作 4月24日上午，市委党的群众路线教育实践活动督导十七组组长黄忠田一行，在市国资委副主任李中正的陪同下，到公司检查指导党的群众路线教育实践活动开展情况，与公司领导班子成员进... 4月24日上午，市委党的群众路线教育实践活动督导十七组组长黄忠田一行，在市国资委副主任李中正的陪同下，到公司检查指导党的群众路线教育实践活动开展情况，与公司领导班子成员,2025-12-24
494,ZZM_CN_0a089f49f5b1,zzmetro.cn,2014-04-29 12:00:00,2014-04-29 12:00:00,公司开展车站普法宣传活动 为宣传《郑州市城市轨道交通运营管理办法》及相关乘车规范，给乘客创造安全舒适的出行环境，公司于2014年4月29日在会展中心地铁站举行了第一期车站普法宣传活动。活动期间，公司... 为宣传《郑州市城市轨道交通运营管理办法》及相关乘车规范，给乘客创造安全舒适的出行环境，公司于2014年4月29日在会展中心地铁站举行了第一期车站普法宣传活动。活动期间，公司,2025-12-24
495,ZZM_CN_f91f1b367a34,zzmetro.cn,2014-04-19 18:48:00,2014-04-19 18:00:00,市委常委、副市长张建慧调研督察轨道交通2、5号线建设 4月19日下午，市委常委、副市长张建慧督察轨道交通建设工作，研究解决2号线、5号线工程推进中遇到的相关问题，督促工程建设进度。2号线一期全线16座车站中，已实现7座车站主体结... 4月19日下午，市委常委、副市长张建慧督察轨道交通建设工作，研究解决2号线、5号线工程推进中遇到的相关问题，督促工程建设进度。2号线一期全线16座车站中，已实现7座,2025-12-24
496,ZZM_CN_82f2dc7f247e,zzmetro.cn,2014-04-17 11:04:00,2014-04-17 11:00:00,地铁百日试运营 载满乘客赞誉声 郑州轨道交通1号线自2013年12月28日开通试运营至2014年4月13日，已累计实现安全载客试运营107天，安全运送乘客1700万人次，日均客运量达15.89万人次。乘客运输平稳顺利，行车组织... 郑州轨道交通1号线自2013年12月28日开通试运营至2014年4月13日，已累计实现安全载客试运营107天，安全运送乘客1700万人次，日均客运量达15.89万人次,2025-12-24
497,ZZM_CN_0b342ffe8183,zzmetro.cn,2014-04-02 16:04:00,2014-04-02 16:00:00,公司企业文化核心理念宣贯会成功举行 内化于心，实践于行  为切实提高广大干部员工对公司企业文化理念内涵的理解和认同，为实现公司发展目标提供精神动力和文化支撑，按照公司党委要求，3月26日，由北大纵横管理咨询有限... 内化于心，实践于行  为切实提高广大干部员工对公司企业文化理念内涵的理解和认同，为实现公司发展目标提供精神动力和文化支撑，按照公司党委要求，3月26日，由北大纵横管理咨询有限,2025-12-24
498,ZZM_CN_5236585bb71d,zzmetro.cn,2014-03-29 14:28:00,2014-03-29 14:00:00,市委常委、副市长张建慧调研督察轨道交通建设 大局勇担当肯吃苦守廉洁凝心聚力加快推进地铁建设 市委常委、副市长张建慧调研督察轨道交通建设 3月29日上午，市委常委、副市长张建慧专题调研督察轨道交通建设工作，研究解决... 大局勇担当肯吃苦守廉洁凝心聚力加快推进地铁建设 市委常委、副市长张建慧调研督察轨道交通建设 3月29日上午，市委常委、副市长张建慧专题调研督察轨道交通建设工作，研究解决,2025-12-24
499,ZZM_CN_fbfc4fd642d2,zzmetro.cn,2014-03-21 14:14:00,2014-03-21 14:00:00,世界银行中国郑州城市轨道项目评估团评估座谈会在公司召开 3月18日至21日，世行项目官员欧杰（Gerald Ollivier）一行10人来郑对我市世行贷款轨道交通3号线一期工程项目进行正式评估。该项目已被列入国家利用世行贷款2012—2014财年... 3月18日至21日，世行项目官员欧杰（Gerald Ollivier）一行10人来郑对我市世行贷款轨道交通3号线一期工程项目进行正式评估。该项目已,2025-12-24
500,ZZM_CN_485a12a37f2d,zzmetro.cn,2014-03-19 14:22:00,2014-03-19 14:00:00,郑州市轨道交通有限公司义务植树活动 为倡导环保地铁理念，保护生态环境，共建绿色家园， 3月19日，公司在郑东车辆段举行了义务植树活动。公司领导及各部门员工代表参加了此次活动。... 为倡导环保地铁理念，保护生态环境，共建绿色家园， 3月19日，公司在郑东车辆段举行了义务植树活动。公司领导及各部门员工代表参加了此次活动。,2025-12-24
501,ZZM_CN_67d37151d8f5,zzmetro.cn,2014-03-13 14:18:00,2014-03-13 14:00:00,郑州市轨道交通有限公司举办法律培训 为了提高广大员工对职务权利运行风险与控制的认识，轨道公司邀请河南财经政法大学法学院党总支书记、法学教授焦占营于2014年3月13日下午在公司三楼大会议室对公司全体员工进... 为了提高广大员工对职务权利运行风险与控制的认识，轨道公司邀请河南财经政法大学法学院党总支书记、法学教授焦占营于2014年3月13日下午在公司三楼大会议室对公司全体员工进,2025-12-24
502,ZZM_CN_c39dde5e9a6d,zzmetro.cn,2014-03-07 10:18:00,2014-03-07 10:00:00,市总工会“三八”节慰问公司一线在岗女职工 3月7日上午，在“三八”国际劳动妇女节即将到来，市总工会到运营中的轨道交通1号线紫荆山站和农业南路站慰问一线在岗女职工，市总工会常务副主席陈观壤、市总工会建设... 3月7日上午，在“三八”国际劳动妇女节即将到来，市总工会到运营中的轨道交通1号线紫荆山站和农业南路站慰问一线在岗女职工，市总工会常务副主席陈观壤、市总工会建设,2025-12-24
503,ZZM_CN_b3463f4155ad,zzmetro.cn,2014-03-03 16:01:00,2014-03-03 16:00:00,2014-03-03 管理用户 4998 安全运营65天 郑州地铁运客突破千万人次 截至3月3日，郑州地铁1号线试运营以来的客运总量已突破1000万人次。准点、安全、可靠的行车组织和温暖、贴心的乘客服务赢得了社会... 截至3月3日，郑州地铁1号线试运营以来的客运总量已突破1000万人次。准点、安全、可靠的行车组织和温暖、贴心的乘客服务赢得了社会,2025-12-24
504,ZZM_CN_ea3f2cc25306,zzmetro.cn,2014-02-28 18:19:00,2014-02-28 18:00:00,2014-02-28 管理用户 4943 郑州地铁将加开列车、缩短行车间隔 根据1号线试运营以来的客流情况，为给广大乘客提供更便捷、更优质的运营服务，郑州地铁将于2014年3月1日起，加开列车、缩短行车间隔，现将有... 根据1号线试运营以来的客流情况，为给广大乘客提供更便捷、更优质的运营服务，郑州地铁将于2014年3月1日起，加开列车、缩短行车间隔，现将有,2025-12-24
505,ZZM_CN_dc8eebd10a11,zzmetro.cn,2014-02-19 10:17:00,2014-02-19 10:00:00,郑州市纪委执法室主任苗东风等人到公司指导招标工作 2月19日下午，市纪委执法室主任苗东风、江洪涛、市检察院预防局薛勇、市国资委纪委张新芳、市建委招投标监管处周春林等人前来公司指导招标工作，市纪委、监察局驻公司特派员张... 2月19日下午，市纪委执法室主任苗东风、江洪涛、市检察院预防局薛勇、市国资委纪委张新芳、市建委招投标监管处周春林等人前来公司指导招标工作，市纪委、监察局驻公司特派员张,2025-12-24
506,ZZM_CN_b24d936454c0,zzmetro.cn,2014-02-12 17:22:00,2014-02-12 17:00:00,2014-02-12 管理用户 4880 工会发放2013年度困难职工生活补助并慰问困难职工代表 为进一步做好送温暖活动，把为公司职工排忧解难工作落到实处，促进公司安定和谐，体现公司领导对职工的人文关怀，根... 为进一步做好送温暖活动，把为公司职工排忧解难工作落到实处，促进公司安定和谐，体现公司领导对职工的人文关怀，根,2025-12-24
507,ZZM_CN_c5f4bf1ccb85,zzmetro.cn,2014-01-29 17:23:00,2014-01-29 17:00:00,2014-01-29 管理用户 4955 “青春快线——我们一起过大年”活动在郑州地铁2号线广播台站举行 1月29日上午，由共青团河南省委主办，共青团郑州市委、共青团郑州市轨道交通有限公司委员会承办的“青春... 1月29日上午，由共青团河南省委主办，共青团郑州市委、共青团郑州市轨道交通有限公司委员会承办的“青春,2025-12-24
508,ZZM_CN_fa722ccabf70,zzmetro.cn,2014-01-27 10:18:00,2014-01-27 10:00:00,省长助理、公安厅长王小洪视察轨道交通1号线 1月27日上午，省长助理、公安厅长王小洪视察轨道交通1号线，乘坐电客车。省公安厅党委委员、副厅长吕宏跃，省公安厅党委委员、消防总队政委李存安，省公安厅副厅级侦察员、警令部... 1月27日上午，省长助理、公安厅长王小洪视察轨道交通1号线，乘坐电客车。省公安厅党委委员、副厅长吕宏跃，省公安厅党委委员、消防总队政委李存安，省公安厅副厅级侦察员、警令部,2025-12-24
509,ZZM_CN_2bfb0f3be3e1,zzmetro.cn,2014-01-17 09:20:00,2014-01-17 09:00:00,2014-01-17 管理用户 4707 公司召开2014年春节廉政谈话会 为贯彻落实党风廉政建设责任制和市委、市政府、市纪委关于做好2014年春节前党风廉政教育的相关要求， 1月16日下午，公司在三楼会议室举行2014... 为贯彻落实党风廉政建设责任制和市委、市政府、市纪委关于做好2014年春节前党风廉政教育的相关要求， 1月16日下午，公司在三楼会议室举行2014,2025-12-24
510,ZZM_CN_7c8c977e8328,zzmetro.cn,2014-01-03 10:22:00,2014-01-03 10:00:00,"2014-01-03 管理用户 8731 郑州市轨道交通1号线迎来开通试运营 12月28日，满载市民多年企盼的轨道交通1号线正式载客开通试运营，这标志着郑州正式跨入崭新的地铁时代。
... 12月28日，满载市民多年企盼的轨道交通1号线正式载客开通试运营，这标志着郑州正式跨入崭新的地铁时代。",2025-12-24
511,ZZM_CN_787f3a97b918,zzmetro.cn,2013-12-29 17:10:00,2013-12-29 17:00:00,"2013-12-29 管理用户 5196 郑州地铁又为新闻媒体增添一道大餐 2013年12月28日，满载市民多年企盼的轨道交通1号线正式载客开通试运营，这标志着郑州正式跨入崭新的地铁时代。
郑州地铁首条线开通前夕，公司... 2013年12月28日，满载市民多年企盼的轨道交通1号线正式载客开通试运营，这标志着郑州正式跨入崭新的地铁时代。
郑州地铁首条线开通前夕，公司",2025-12-24
512,ZZM_CN_0f5c6e3a4817,zzmetro.cn,2013-12-27 16:59:00,2013-12-27 16:00:00,2013-12-27 管理用户 4646 致社会各界和广大市民朋友的感谢信 2013年12月28日，癸巳蛇年农历11月26，对于厚重古老又活力四射的商都来说，是一个具有划时代意义、值得铭记史册的日子。明天，郑州地铁1号线正式开门载客，标志着郑州进入地铁时代；明天，亿万中原乡亲、千万郑州人民热切期盼的地铁梦圆；明天，市民出行立体交通体系初步完备，绿城人再添幸福感，大都市多张新名片。... 2013年,2025-12-24
513,ZZM_CN_f62ccdce3b57,zzmetro.cn,2013-12-20 10:50:00,2013-12-20 10:00:00,市人大常委会视察“畅通郑州”工程建设情况试乘郑州轨道交通1号线 12月20日上午，市人大常委会组织常委会组成人员就“畅通郑州”工程建设情况进行视察，首站视察郑州轨道交通1号线一期工程。市人大常委会主任白红战，副主任周长松、赵... 12月20日上午，市人大常委会组织常委会组成人员就“畅通郑州”工程建设情况进行视察，首站视察郑州轨道交通1号线一期工程。市人大常委会主任白红战，副主任周长松、赵,2025-12-24
514,ZZM_CN_41547ea24423,zzmetro.cn,2013-12-13 15:26:00,2013-12-13 15:00:00,"2013-12-13 管理用户 4537 驻豫全国人大代表“尝鲜”郑州地铁 驻豫全国人大代表“尝鲜”郑州地铁
 
12月11日下午，省人大常委会组织部分驻豫全国人大代表来到郑州，就地铁工程建设进行集中视察，并试乘郑州地铁1号线列车。省人大常委会副主任... 驻豫全国人大代表“尝鲜”郑州地铁
 
12月11日下午，省人大常委会组织部分驻豫全国人大代表来到郑州，就地铁工程建设进行集中视察，并试",2025-12-24
515,ZZM_CN_0e58f075df4c,zzmetro.cn,2013-12-13 11:57:00,2013-12-13 11:00:00,"2013-12-13 管理用户 4934 国家交通运输部科学研究院组织召开郑州市轨道交通1号线一期工程试运营基本条件评估会 国家交通运输部科学研究院组织召开
郑州市轨道交通1号线一期工程试运营基本条件评估会
 
12月11日至14日，国家交通运输部科学研究院组织国内知名轨道交通类专家对郑州轨道交... 国家交通运输部科学研究院组织召开
郑州市轨道交通1号线一期工程试运营基本条件评估会",2025-12-24
516,ZZM_CN_d5c42dbe9452,zzmetro.cn,2013-12-11 10:52:00,2013-12-11 10:00:00,驻豫全国人大代表“尝鲜”郑州地铁 12月11日下午，省人大常委会组织部分驻豫全国人大代表来到郑州，就地铁工程建设进行集中视察，并试乘郑州地铁1号线列车。省人大常委会副主任张大卫参加视察。市领导白红战、高建... 12月11日下午，省人大常委会组织部分驻豫全国人大代表来到郑州，就地铁工程建设进行集中视察，并试乘郑州地铁1号线列车。省人大常委会副主任张大卫参加视察。市领导白红战、高建,2025-12-24
517,ZZM_CN_c619ce8712f3,zzmetro.cn,2013-12-10 10:51:00,2013-12-10 10:00:00,市人大常委会视察轨道交通1号线工程建设工作 12月10日上午，市人大常委会就2013年财政收入工作进行视察。市人大常委会主任白红战，副主任王平，秘书长范强参加视察。公司领导郭拥军等陪同。轨道交通建设是郑州市近年来的重... 12月10日上午，市人大常委会就2013年财政收入工作进行视察。市人大常委会主任白红战，副主任王平，秘书长范强参加视察。公司领导郭拥军等陪同。轨道交通建设是郑州市近年来的重,2025-12-24
518,ZZM_CN_e372cb30580a,zzmetro.cn,2013-12-07 10:52:00,2013-12-07 10:00:00,市委常委、副市长张建慧查看地铁1号线装修建设及运营筹备情况 12月7日下午，市委常委、副市长张建慧到地铁1号线站点工地察看收尾工程进展，要求：轨道公司及市直相关单位务必保质保量推进工期，12月20日之前要开展一次土建收尾、装饰装修细节... 12月7日下午，市委常委、副市长张建慧到地铁1号线站点工地察看收尾工程进展，要求：轨道公司及市直相关单位务必保质保量推进工期，12月20日之前要开展一次土建收,2025-12-24
519,ZZM_CN_d3c0cefdd356,zzmetro.cn,2013-12-07 10:48:00,2013-12-07 10:00:00,省会九三社员视察地铁建设 12月7日上午，省政协副主席、九三学社省委主委张亚忠带领省会部分九三社员视察郑州地铁建设情况。市政协副主席、九三市委主委舒安娜，公司领导郭拥军等陪同。张亚忠一行从地铁... 12月7日上午，省政协副主席、九三学社省委主委张亚忠带领省会部分九三社员视察郑州地铁建设情况。市政协副主席、九三市委主委舒安娜，公司领导郭拥军等陪同。张亚忠一行从地铁,2025-12-24
520,ZZM_CN_af534222de53,zzmetro.cn,2013-12-04 13:44:00,2013-12-04 13:00:00,"2013-12-04 管理用户 5344 地铁eLTE宽带移动通信平台在郑州首发郑州地铁1号线通信系统全球领先 地铁eLTE宽带移动通信平台在郑州首发郑州地铁1号线通信系统全球领先
 
快速移动的地铁列车和地面之间的大流量无线通信顺畅连接问题（简称“车地”无线通信）在全球地铁系统中是... 地铁eLTE宽带移动通信平台在郑州首发郑州地铁1号线通信系统全球领先
 
快速移动的地铁列车和地面之",2025-12-24
521,ZZM_CN_7b0d20bb36b0,zzmetro.cn,2013-12-03 10:48:00,2013-12-03 10:00:00,省安监局领导检查1号线一期工程安全生产工作 12月3日上午，河南省安全生产监督管理局局长刘宛康、副局长郝敬红，郑州市安全生产监督管理局局长李刚良、副局长潘建华一行，检查郑州轨道交通1号线安全生产工作。刘宛康乘坐地... 12月3日上午，河南省安全生产监督管理局局长刘宛康、副局长郝敬红，郑州市安全生产监督管理局局长李刚良、副局长潘建华一行，检查郑州轨道交通1号线安全生产工作。刘宛康乘坐地,2025-12-24
522,ZZM_CN_a92bba0dd8e2,zzmetro.cn,2013-11-29 11:35:00,2013-11-29 11:00:00,长沙市轨道交通集团有限公司董事长彭旭峰一行到我公司交流 11月29日上午，长沙市轨道交通集团有限公司董事长彭旭峰一行到我公司交流。党委副书记、总经理张洲，市人民检察院驻公司特派员赵永胜，党委委员、监事会主席司海燕，总工办、建设... 11月29日上午，长沙市轨道交通集团有限公司董事长彭旭峰一行到我公司交流。党委副书记、总经理张洲，市人民检察院驻公司特派员赵永胜，党委委员、监事会主席司海燕，总工办、,2025-12-24
523,ZZM_CN_c14925204dfd,zzmetro.cn,2013-11-27 11:32:00,2013-11-27 11:00:00,各省辖市政协参会人员视察郑州轨道交通工程 11月27日下午，省政协秘书长郭俊民带领各省辖市政协参会人员及相关工作人员一行约80人从桐柏路站乘坐正在调试运行的1号线一期工程电客车至人民路站，体验轨道交通运行情况。市... 11月27日下午，省政协秘书长郭俊民带领各省辖市政协参会人员及相关工作人员一行约80人从桐柏路站乘坐正在调试运行的1号线一期工程电客车至人民路站，体验轨道交通运行情况。市,2025-12-24
524,ZZM_CN_fdc1ae785427,zzmetro.cn,2013-11-21 11:33:00,2013-11-21 11:00:00,市人民检察院领导调研郑州轨道交通工程 11月21日上午，市人民检察院党组书记、检察长杨祖伟，党组成员、副检察长苏长明及各城区检察院检察长对郑州轨道交通1号线一期工程进行调研，并与公司领导进行座谈。杨祖伟对郑州... 11月21日上午，市人民检察院党组书记、检察长杨祖伟，党组成员、副检察长苏长明及各城区检察院检察长对郑州轨道交通1号线一期工程进行调研，并与公司领导进行座谈。杨祖伟对郑州,2025-12-24
525,ZZM_CN_b289c5b478f8,zzmetro.cn,2013-11-20 11:32:00,2013-11-20 11:00:00,交通运输部科学研究院专家检查指导1号线一期工程试运营准备工作 11月20日至22日，交通运输部科学研究院城市交通研究中心轨道交通部贾文峥主任带领9名专家检查指导1号线一期工程建设及运营准备工作。11月20日下午，专家组一行到郑东车辆段听取... 11月20日至22日，交通运输部科学研究院城市交通研究中心轨道交通部贾文峥主任带领9名专家检查指导1号线一期工程建设及运营准备工作。11月20日下午，专家,2025-12-24
526,ZZM_CN_99e0b9c67d20,zzmetro.cn,2013-11-20 11:31:00,2013-11-20 11:00:00,副省长赵建才调研畅通郑州工程 11月20日下午，副省长赵建才带领省直相关部门负责人，深入龙湖工程、三环快速化工程建设现场和郑州轨道交通调度中心，乘坐正在调试运行的轨道交通1号线一期工程电客车，对“... 11月20日下午，副省长赵建才带领省直相关部门负责人，深入龙湖工程、三环快速化工程建设现场和郑州轨道交通调度中心，乘坐正在调试运行的轨道交通1号线一期工程电客车，对“,2025-12-24
527,ZZM_CN_dfe3eee36e45,zzmetro.cn,2013-11-16 11:34:00,2013-11-16 11:00:00,市委常委、副市长张建慧察看畅通郑州工程建设 11月16日上午，市委常委、副市长张建慧带领市规划局、建委、城管局、园林局、交警支队、轨道公司等单位相关负责人，察看部分畅通郑州工程建设情况，协调解决有关问题，要求加快进... 11月16日上午，市委常委、副市长张建慧带领市规划局、建委、城管局、园林局、交警支队、轨道公司等单位相关负责人，察看部分畅通郑州工程建设情况，协调解决有关问题，要求加快进,2025-12-24
528,ZZM_CN_ee1e344ad4b7,zzmetro.cn,2013-11-14 14:06:00,2013-11-14 14:00:00,"2013-11-14 管理用户 6328 河南省发改委组织召开郑州市轨道交通2号线一期工程初步设计审查会 河南省发改委组织召开郑州市轨道交通2号线一期工程初步设计审查会
 
11月11日上午，郑州市轨道交通2号线一期工程初步设计审查会在海容大酒店5楼会议报告厅举... 河南省发改委组织召开郑州市轨道交通2号线一期工程初步设计审查会
 
11月11日上午，郑州市轨道交通2号线一期工程初步设计",2025-12-24
529,ZZM_CN_2dd07e49a4d0,zzmetro.cn,2013-11-14 11:33:00,2013-11-14 11:00:00,省市政协经济界别委员视察郑州市轨道交通工程 11月14日上午，省政协秘书长郭俊民带领部分经济界别的省政协委员、市政协委员视察郑州轨道交通工程建设情况。市政协主席李秀奇、副主席党普选一同视察，市政府副秘书长袁聚平，... 11月14日上午，省政协秘书长郭俊民带领部分经济界别的省政协委员、市政协委员视察郑州轨道交通工程建设情况。市政协主席李秀奇、副主席党普选一同视察，市政府副秘书长袁聚平，,2025-12-24
530,ZZM_CN_3f9135f42d56,zzmetro.cn,2013-11-13 11:34:00,2013-11-13 11:00:00,市委常委、宣传部部长王哲视察轨道交通1号线一期工程试乘试坐电客车 11月13日上午，郑州市委常委、宣传部部长王哲视察郑州轨道交通1号线一期工程，试乘试坐电客车。王哲一行首先到绿城广场站，实地察看车站装修进展情况，并从绿城广场站乘坐电客车至... 11月13日上午，郑州市委常委、宣传部部长王哲视察郑州轨道交通1号线一期工程，试乘试坐电客车。王哲一行首先到绿城广场站，实地察看车站装修进展情况，并从绿城,2025-12-24
531,ZZM_CN_2c81f16ffe5d,zzmetro.cn,2013-10-21 13:22:00,2013-10-21 13:00:00,市政府重大项目建设专项督查组来公司进行第二次专项督查 10月21日下午，市政府重大项目建设专项督查组对郑州轨道交通工程建设情况进行第二次专项督查。市政府督查室副主任王富权等参与督查。王富权说，此次督查工作是按照市委书记吴... 10月21日下午，市政府重大项目建设专项督查组对郑州轨道交通工程建设情况进行第二次专项督查。市政府督查室副主任王富权等参与督查。王富权说，此次督查工作是按照市委书记吴,2025-12-24
532,ZZM_CN_91ee2473c79b,zzmetro.cn,2013-10-21 10:49:00,2013-10-21 10:00:00,"2013-10-21 管理用户 5261 郑州市轨道交通有限公司与大连交通大学举行校企战略合作签约仪式 郑州市轨道交通有限公司与大连交通大学举行校企战略合作签约仪式
 
为适应城市轨道交通事业持续发展的需要，全面推进校企合作机制，达到双方共赢、实现资源共享、优势互补、... 郑州市轨道交通有限公司与大连交通大学举行校企战略合作签约仪式
 
为适应城市轨道交通事业持续发展的需要，全面推进校企",2025-12-24
533,ZZM_CN_ce3860176b62,zzmetro.cn,2013-10-18 13:18:00,2013-10-18 13:00:00,南宁地铁有关人员到我公司交流座谈 10月18日下午，南宁市轨道办主任梁明志、南宁市重点办副主任乌建华一行到我公司交流座谈。市轨道办副主任顾建党，公司党委副书记、总经理张洲，党委委员、总工程师夏景辉，党委委... 10月18日下午，南宁市轨道办主任梁明志、南宁市重点办副主任乌建华一行到我公司交流座谈。市轨道办副主任顾建党，公司党委副书记、总经理张洲，党委委员、总工程师夏景辉，党委委,2025-12-24
534,ZZM_CN_46e04972956b,zzmetro.cn,2013-10-17 17:03:00,2013-10-17 17:00:00,"2013-10-17 管理用户 6114 市政协主席李秀奇一行视察1号线一期工程建设及运营筹备情况 市政协主席李秀奇一行视察1号线一期工程建设及运营筹备情况
 
10月12日上午，郑州市政协主席李秀奇、副主席党普选、朱专兴、张冬平、张民服、何建生、秘书长吴晓君率部分政... 市政协主席李秀奇一行视察1号线一期工程建设及运营筹备情况
 
10月12日上午，郑州市政协主席李秀奇、副主席党普选、",2025-12-24
535,ZZM_CN_1295b53662d3,zzmetro.cn,2013-10-12 15:16:00,2013-10-12 15:00:00,"2013-10-12 管理用户 4996 市领导莅临郑州轨道交通2号线一期工程农业路站观摩、指导工程建设 市领导莅临郑州轨道交通2号线一期工程农业路站观摩、指导工程建设
10月8日下午，省委常委、市委书记吴天君，市委副书记、市长马懿，市领导王璋、白红战、李秀奇、舒庆、丁世显、... 市领导莅临郑州轨道交通2号线一期工程农业路站观摩、指导工程建设
10月8日下午，省委常委、市委书记吴天君，市委副",2025-12-24
536,ZZM_CN_2946ce4335e1,zzmetro.cn,2013-10-12 12:27:00,2013-10-12 12:00:00,市政协主席李秀奇一行视察1号线一期工程建设及运营筹备情况 10月12日上午，郑州市政协主席李秀奇、副主席党普选、朱专兴、张冬平、张民服、何建生、秘书长吴晓君率部分政协委员对郑州轨道交通1号线一期工程建设及试运行情况进行视察。... 10月12日上午，郑州市政协主席李秀奇、副主席党普选、朱专兴、张冬平、张民服、何建生、秘书长吴晓君率部分政协委员对郑州轨道交通1号线一期工程建设及试运行情况进行视察。,2025-12-24
537,ZZM_CN_9cc2281f0863,zzmetro.cn,2013-09-27 13:22:00,2013-09-27 13:00:00,市政府法制办张江涛主任一行到公司调研轨道交通立法工作 2013年9月27日上午，市政府法制办主任张江涛、副主任李文德一行8人到公司调研轨道交通立法工作。张江涛一行首先从绿城广场站乘坐电客车至市体育中心站，参观市体育中心站和调... 2013年9月27日上午，市政府法制办主任张江涛、副主任李文德一行8人到公司调研轨道交通立法工作。张江涛一行首先从绿城广场站乘坐电客车至市体育中心站，参观市体育中心站和,2025-12-24
538,ZZM_CN_470a75af9b97,zzmetro.cn,2013-09-10 12:25:00,2013-09-10 12:00:00,市政府副秘书长潘冰察看1号线一期工程 9月10日下午，市政府副秘书长潘冰带领市发改委、市规划局、市园林局等市直单位负责人从西往东察看1号线一期工程西流湖站至医学院站7个站点的附属结构绿化、铺装以及与公交换... 9月10日下午，市政府副秘书长潘冰带领市发改委、市规划局、市园林局等市直单位负责人从西往东察看1号线一期工程西流湖站至医学院站7个站点的附属结构绿化、铺装以及与公交换,2025-12-24
539,ZZM_CN_0324be639f1a,zzmetro.cn,2013-08-28 13:18:00,2013-08-28 13:00:00,省安监局副局长郝敬红一行到公司座谈 8月28日下午，省安全生产监督管理局副局长郝敬红、省住房和城乡建设厅建设管理处处长刘洪、市城建设委员会副主任曲标、市安全生产监督管理局副局长潘建华一行到公司，与公司领... 8月28日下午，省安全生产监督管理局副局长郝敬红、省住房和城乡建设厅建设管理处处长刘洪、市城建设委员会副主任曲标、市安全生产监督管理局副局长潘建华一行到公司，与公司领,2025-12-24
540,ZZM_CN_07888babfa59,zzmetro.cn,2013-08-28 12:23:00,2013-08-28 12:00:00,郑州市委常委、政法委书记、 郑州市公安局局长黄保卫视察郑州轨道交通1号线一期工程 8月28日下午，市委常委、政法委书记、公安局局长黄保卫一行视察郑州轨道交通1号线一期工程市体育中心站、车辆段郑州市公安局地铁分局通信指挥中心建设工地，并在通信指挥中心... 8月28日下午，市委常委、政法委书记、公安局局长黄保卫一行视察郑州轨道交通1号线一期工程市体育中心站、车辆段郑州市公安局地铁分局通信指挥中心建设,2025-12-24
541,ZZM_CN_b781696254be,zzmetro.cn,2013-08-07 13:19:00,2013-08-07 13:00:00,省人民检察院副检察长周新萍视察郑州轨道交通工程建设情况 8月7日上午，省人民检察院副检察长周新萍视察郑州轨道交通1号线一期工程建设情况。省人民检察院预防职务犯罪处处长易光辉，市人民检察院副检察长宋楠，市人民检察院预防职务犯罪... 8月7日上午，省人民检察院副检察长周新萍视察郑州轨道交通1号线一期工程建设情况。省人民检察院预防职务犯罪处处长易光辉，市人民检察院副检察长宋楠，市人民检察院预防职务犯罪,2025-12-24
542,ZZM_CN_3c3e27b94c92,zzmetro.cn,2013-08-01 12:21:00,2013-08-01 12:00:00,省委政法委领导检查指导公司平安建设工作 8月1日下午，省委政法委副书记、综治办主任刘晓云带领省、市政法部门负责人察看郑州轨道交通1号线一期工程平安建设工作。公司党委书记、董事长郭拥军，市纪委、市监察局驻公司... 8月1日下午，省委政法委副书记、综治办主任刘晓云带领省、市政法部门负责人察看郑州轨道交通1号线一期工程平安建设工作。公司党委书记、董事长郭拥军，市纪委、市监察局驻公司,2025-12-24
543,ZZM_CN_db900199a990,zzmetro.cn,2013-07-23 13:20:00,2013-07-23 13:00:00,市政府督查室到公司督查郑州轨道交通工程建设进展情况 7月23日上午，市政府督查室副主任王富权一行到公司督查郑州轨道交通工程建设进展情况，公司党委委员、监事会主席司海燕及企业发展部、1、2号线指挥部、运营分公司、建设分公司... 7月23日上午，市政府督查室副主任王富权一行到公司督查郑州轨道交通工程建设进展情况，公司党委委员、监事会主席司海燕及企业发展部、1、2号线指挥部、运营分公司、建设分公司,2025-12-24
544,ZZM_CN_f2bb16b071e6,zzmetro.cn,2013-07-18 12:19:00,2013-07-18 12:00:00,国家住建部检查组召开城市轨道交通和保障性安居工程质量安全监督执法检查河南汇报会 7月16日至18日，住房城乡建设部质量安全监督执法工作检查组莅临郑州，检查我省城市轨道交通和保障性安居工程质量安全管理工作。7月16日上午，国家住建部检查组在大河国际饭店5楼... 7月16日至18日，住房城乡建设部质量安全监督执法工作检查组莅临郑州，检查我省城市轨道交通和保障性安居工程质量安全管理工作。7月16日上午,2025-12-24
545,ZZM_CN_6a5a8ab98fb7,zzmetro.cn,2013-07-11 13:20:00,2013-07-11 13:00:00,市委副书记、市长马懿察看轨道交通工程建设情况 7月11日上午，市委副书记、市长马懿带领市直相关部门负责人，深入轨道交通1号线一期工程建设现场，看望、慰问施工人员，察看工程建设情况。省辖市市长级干部乔新国，市委常委、副市... 7月11日上午，市委副书记、市长马懿带领市直相关部门负责人，深入轨道交通1号线一期工程建设现场，看望、慰问施工人员，察看工程建设情况。省辖市市长级干部乔新国，市委常委、副市,2025-12-24
546,ZZM_CN_1b50b4e1be10,zzmetro.cn,2013-07-02 13:19:00,2013-07-02 13:00:00,市检察院检察长杨祖伟一行视察郑州轨道交通工程建设情况 7月2日上午，郑州市人民检察院检察长杨祖伟带领相关部门负责人到郑州市轨道交通有限公司检查指导反腐倡廉工作，察看工程建设情况。杨祖伟指出，轨道交通建设在郑州经济发展中具... 7月2日上午，郑州市人民检察院检察长杨祖伟带领相关部门负责人到郑州市轨道交通有限公司检查指导反腐倡廉工作，察看工程建设情况。杨祖伟指出，轨道交通建设在郑州经济发展中具,2025-12-24
547,ZZM_CN_46cd2f5d5a0a,zzmetro.cn,2013-06-14 15:07:00,2013-06-14 15:00:00,省发改委领导查看1号线建设工地 6月14日上午，省发改委副主任、省重点项目建设领导小组办公室主任裴志扬到1号线一期工程紫荆山站、博学路站、车辆段了解工程建设进展情况。郑州市正市级领导乔新国，省、市发... 6月14日上午，省发改委副主任、省重点项目建设领导小组办公室主任裴志扬到1号线一期工程紫荆山站、博学路站、车辆段了解工程建设进展情况。郑州市正市级领导乔新国，省、市发,2025-12-24
548,ZZM_CN_533bfcbcb3d4,zzmetro.cn,2013-05-14 15:06:00,2013-05-14 15:00:00,省、市党代表视察调研 郑州轨道交通工程建设情况 为进一步拓宽党代表发挥作用的途径，充分发挥党代表的决策、监督、示范和桥梁作用。5月14日上午，市委组织部副部长秦晓辉及部分省九次党代会代表、市十次党代会代表一行30余人... 为进一步拓宽党代表发挥作用的途径，充分发挥党代表的决策、监督、示范和桥梁作用。5月14日上午，市委组织部副部长秦晓辉及部分省九次党代会代表、市十次党代会代表一行30余人,2025-12-24
549,ZZM_CN_9d50ace1a903,zzmetro.cn,2013-05-12 15:08:00,2013-05-12 15:00:00,市政府副秘书长潘开名到公司召开 郑州轨道交通1号线一期工程装饰装修现场办公会 2013年5月12日下午，郑州市政府副秘书长潘开名带领市质检站、市安监站等相关负责人到公司召开郑州轨道交通1号线一期工程装饰装修专题现场办公会，听取郑州轨道交通1号线一期工... 2013年5月12日下午，郑州市政府副秘书长潘开名带领市质检站、市安监站等相关负责人到公司召开郑州轨道交通1号线一期工程装饰装修专题现场办公会,2025-12-24
550,ZZM_CN_dc0fc4ff0fdf,zzmetro.cn,2013-05-08 12:17:00,2013-05-08 12:00:00,市委副书记王璋督导调研郑州轨道交通工程建设情况 5月8日下午，市委副书记王璋率领公安、城管、城建、园林、商务绿化等相关单位对中博会重要客商行车路线、客商居住地周边环境、主要活动场所及交通保通情况进行现场督导。市... 5月8日下午，市委副书记王璋率领公安、城管、城建、园林、商务绿化等相关单位对中博会重要客商行车路线、客商居住地周边环境、主要活动场所及交通保通情况进行现场督导。市,2025-12-24
551,ZZM_CN_69e3d77f98bf,zzmetro.cn,2013-05-07 12:18:00,2013-05-07 12:00:00,市委副书记、市长马懿调研轨道交通工程建设情况 5月7日上午，市委副书记、市长马懿带领市直相关部门负责人深入部分市政重点项目建设现场，详细了解三环快速化及轨道交通工程施工进度和中博会道路交通保通情况。市委常委、秘... 5月7日上午，市委副书记、市长马懿带领市直相关部门负责人深入部分市政重点项目建设现场，详细了解三环快速化及轨道交通工程施工进度和中博会道路交通保通情况。市委常委、秘,2025-12-24
552,ZZM_CN_6e6e575f171f,zzmetro.cn,2013-05-04 12:15:00,2013-05-04 12:00:00,市委常委、副市长张建慧视察郑州轨道交通1号线车站装修 5月4日下午，市委常委、副市长张建慧到郑州轨道交通1号线察看车站装修情况，市政府副秘书长潘开名，公司领导郭拥军、张洲、张军、赵永胜、王作勤、袁聚亮、马子彦、夏景辉、李亚... 5月4日下午，市委常委、副市长张建慧到郑州轨道交通1号线察看车站装修情况，市政府副秘书长潘开名，公司领导郭拥军、张洲、张军、赵永胜、王作勤、袁聚亮、马子彦、夏景辉、李亚,2025-12-24
553,ZZM_CN_e19374d3920a,zzmetro.cn,2013-04-26 15:09:00,2013-04-26 15:00:00,郑州市城乡建设委员会工程招投标监管处郭丽娴处长一行到公司指导招标工作 4月26日下午，郑州市城乡建设委员会工程招投标监管处处长郭丽娴一行7人到郑州市轨道交通有限公司指导招标工作。公司党委副书记、总经理张洲，党委委员、总经理助理、合约法规... 4月26日下午，郑州市城乡建设委员会工程招投标监管处处长郭丽娴一行7人到郑州市轨道交通有限公司指导招标工作。公司党委副书记、总经理张洲，党委委员、总经理助理,2025-12-24
554,ZZM_CN_f12e7f0ccb2b,zzmetro.cn,2013-04-21 12:13:00,2013-04-21 12:00:00,市委常委、副市长张建慧到公司现场办公 4月16日下午，市委常委、副市长张建慧带领中原区、金水区、高新技术开发区、市建委、市轨道办、市供电公司等相关负责人到公司召开现场办公会，协调解决1号线一期工程建设有关... 4月16日下午，市委常委、副市长张建慧带领中原区、金水区、高新技术开发区、市建委、市轨道办、市供电公司等相关负责人到公司召开现场办公会，协调解决1号线一期工程建设有关,2025-12-24
555,ZZM_CN_77396444e126,zzmetro.cn,2013-04-18 12:12:00,2013-04-18 12:00:00,国家发展改革委到公司进行项目稽察 4月18日上午，国家发展改革委稽察办一处处长嵇小灵一行，在中州宾馆3号楼二楼中原厅召开郑州轨道交通项目稽察工作汇报会。国家发展改革委稽察办调研员徐奕敏及主任科员谢仁军，... 4月18日上午，国家发展改革委稽察办一处处长嵇小灵一行，在中州宾馆3号楼二楼中原厅召开郑州轨道交通项目稽察工作汇报会。国家发展改革委稽察办调研员徐奕敏及主任科员谢仁军，,2025-12-24
556,ZZM_CN_4da6724eb650,zzmetro.cn,2013-04-09 12:09:00,2013-04-09 12:00:00,河南省消防总队副总队长王建刚一行检查轨道交通消防安全工作 4月9日上午，河南省消防总队副总队长王建刚、郑州市消防支队队长邢明典一行，到郑州轨道交通1号线一期工程紫荆山站检查指导消防安全工作，就地铁消防安全管理等问题与公司领导交流座谈。... 4月9日上午，河南省消防总队副总队长王建刚、郑州市消防支队队长邢明典一行，到郑州轨道交通1号线一期工程紫荆山站检查指导消防安全工作，就地铁消防安全管理等问题与,2025-12-24
557,ZZM_CN_98064a31a98b,zzmetro.cn,2013-03-21 15:07:00,2013-03-21 15:00:00,市国资委监事会主席牛长现率检查组 到公司检查工作 3月21日上午，郑州市国资委第一监事会主席牛长现带领检查组，到公司就2012年全年生产经营管理和重大事项等工作进行检查。牛长现简要介绍了本次走访检查的主要任务和调查内容，并... 3月21日上午，郑州市国资委第一监事会主席牛长现带领检查组，到公司就2012年全年生产经营管理和重大事项等工作进行检查。牛长现简要介绍了本次走访检查的主要任务和调查内容，,2025-12-24
558,ZZM_CN_bdc8a45c5925,zzmetro.cn,2013-03-21 12:11:00,2013-03-21 12:00:00,市政府法制办常务副主任李文德到公司调研 3月21日下午，市政府法制办常务副主任李文德到公司调研，就制定《郑州市轨道交通管理办法》的必要性和紧迫性与市轨道办、轨道公司相关负责人进行深入交流。市轨道办副主任顾建... 3月21日下午，市政府法制办常务副主任李文德到公司调研，就制定《郑州市轨道交通管理办法》的必要性和紧迫性与市轨道办、轨道公司相关负责人进行深入交流。市轨道办副主任顾建,2025-12-24
559,ZZM_CN_70df62c560c7,zzmetro.cn,2013-03-06 13:10:00,2013-03-06 13:00:00,2013-03-06 管理用户 5470 公司召开1号线一期工程“战百天 保安全 保开通”动员大会 3月1日上午，公司在3楼大会议室召开1号线一期工程“战百天 保安全 保开通”动员大会。公司党委书记、董事长郭拥军，市纪委、市监察局驻公司特派员张军，市检察院驻公司特派员... 3月1日上午，公司在3楼大会议室召开1号线一期工程“战百天 保安全 保开通”动员大会。公司党委书记、董事长郭拥军，市纪委、市,2025-12-24
560,ZZM_CN_1a7aab5f8ff9,zzmetro.cn,2013-01-11 12:04:00,2013-01-11 12:00:00,市委常委、副市长张建慧到1号线紫荆山站慰问一线建设者 元旦假期期间，市委常委、副市长张建慧到轨道交通1号线一期工程紫荆山站检查指导工程建设情况，慰问奋战在施工一线的建设者。公司领导郭拥军、张洲、袁聚亮及工程管理等相关部门负责人陪同。... 元旦假期期间，市委常委、副市长张建慧到轨道交通1号线一期工程紫荆山站检查指导工程建设情况，慰问奋战在施工一线的建设者。公司领导郭拥军、张洲、袁聚亮及工程管理等相,2025-12-24
561,ZZM_CN_3365c1826ba1,zzmetro.cn,2013-01-09 13:18:00,2013-01-09 13:00:00,2013-01-09 管理用户 4943 团省委书记、省青年联合会主席侯红一行慰问轨道交通施工队伍 1月6日下午，河南省青联领导、常委、委员到郑州轨道交通1号线郑东车辆段，开展2013年“温暖冬天”慰问活动，团省委书记、省青联主席侯红，团省委书记班子及省青联常委、委员，把... 1月6日下午，河南省青联领导、常委、委员到郑州轨道交通1号线郑东车辆段，开展2013年“温暖冬天”慰问活动，团省委书记、,2025-12-24
562,ZZM_CN_a160bce56d77,zzmetro.cn,2013-01-06 12:07:00,2013-01-06 12:00:00,团省委书记、省青年联合会主席侯红一行慰问轨道交通施工队伍 1月6日下午，河南省青联领导、常委、委员到郑州轨道交通1号线郑东车辆段，开展2013年“温暖冬天”慰问活动，团省委书记、省青联主席侯红，团省委书记班子及省青联常委、委员，把新年的祝福和慰问品送到轨道建设员工手中，把文艺演出送到轨道交通施工一线，在寒冬中为建设一线员工送来了欢笑、送来了温暖。... 1月6日下午，河南省青联领导、常委、委员到郑,2025-12-24
563,ZZM_CN_7b4b664f3e1c,zzmetro.cn,2013-01-01 15:08:00,2013-01-01 15:00:00,市委常委、副市长张建慧到1号线紫荆山站慰问一线建设者 1月1日上午，市委常委、副市长张建慧到轨道交通1号线一期工程紫荆山站检查指导工程建设情况，慰问奋战在施工一线的建设者。公司领导郭拥军、张洲、袁聚亮及工程管理等相关部门... 1月1日上午，市委常委、副市长张建慧到轨道交通1号线一期工程紫荆山站检查指导工程建设情况，慰问奋战在施工一线的建设者。公司领导郭拥军、张洲、袁聚亮及工程管理等相关部门,2025-12-24
564,ZZM_CN_fc1306cb44aa,zzmetro.cn,2012-12-03 16:03:00,2012-12-03 16:00:00,2012-12-03 管理用户 4937 《郑州轨道》荣获2011—2012年度“十佳内资”称号 为进一步加强对连续性内资编辑的管理，提高内部资料出版物的编辑、出版质量，更好发挥内部资料指导工作、交流经验、交换信息的作用，11月21—28日，郑州市文化广电新闻出版局、... 为进一步加强对连续性内资编辑的管理，提高内部资料出版物的编辑、出版质量，更好发挥内部资料指导工作、交流经验、交换信息的作用，,2025-12-24
565,ZZM_CN_d7cef937986a,zzmetro.cn,2012-12-03 10:19:00,2012-12-03 10:00:00,2012-12-03 管理用户 5783 公司举行郑州轨道交通1号线首列车接车仪式 11月29日，公司在1号线郑东车辆段举行郑州轨道交通1号线首列车接车仪式。市委副书记、市长马懿，市长级领导乔新国，市委常委、副市长张建慧，市人大副主任周长松，郑州新郑综合... 11月29日，公司在1号线郑东车辆段举行郑州轨道交通1号线首列车接车仪式。市委副书记、市长马懿，市长级领导乔新国，市委常委、副市长张建慧，,2025-12-24
566,ZZM_CN_7be373f7416b,zzmetro.cn,2012-11-21 09:38:00,2012-11-21 09:00:00,2012-11-21 管理用户 4561 郑州轨道交通首辆工程车接车仪式圆满举行 11月16日上午，郑州轨道交通首辆工程车接车仪式在轨道交通1号线郑东车辆段举行。公司党委副书记、副总经理、建设分公司总经理袁聚亮，公司副总经理、运营分公司总经理马子... 11月16日上午，郑州轨道交通首辆工程车接车仪式在轨道交通1号线郑东车辆段举行。公司党委副书记、副总经理、建设分公司总经理袁聚亮，公司副总经理、运,2025-12-24
567,ZZM_CN_f699edea95f7,zzmetro.cn,2012-11-21 09:35:00,2012-11-21 09:00:00,2012-11-21 管理用户 4222 公司举行消防安全知识培训与灭火演练 11月9日，是全国第22个消防日，为提高公司员工安全防范意识，增强火灾防控与应急救护能力，公司邀请了郑州市公安消防支队宣讲团特聘教官陈艳峰，为干部职工做消防安全知识培训与... 11月9日，是全国第22个消防日，为提高公司员工安全防范意识，增强火灾防控与应急救护能力，公司邀请了郑州市公安消防支队宣讲团特聘教官陈艳峰，为干,2025-12-24
568,ZZM_CN_d8ff07a59847,zzmetro.cn,2012-10-19 16:18:00,2012-10-19 16:00:00,2012-10-19 管理用户 6295 郑州市轨道交通首列车辆在株洲下线 10月16日上午，郑州市轨道交通工程首列地铁列车在南车株州电力机车有限公司顺利下线。郑州市正市级领导乔新国，中国南车股份有限公司党委副书记、纪委书记陈大洋，郑州市人... 10月16日上午，郑州市轨道交通工程首列地铁列车在南车株州电力机车有限公司顺利下线。郑州市正市级领导乔新国，中国南车股份有限公司党委副书记、纪委书记陈大,2025-12-24
569,ZZM_CN_36e3dc203d97,zzmetro.cn,2012-10-09 10:16:00,2012-10-09 10:00:00,2012-10-09 管理用户 4313 公司举行轨道交通1号线一期工程沿线拉练活动 为庆祝轨道交通1号线一期工程实现单线轨通这一重要时刻，郑州市轨道交通有限公司于9月27至28日举行轨道交通1号线一期工程沿线拉练活动。公司领导和全体员工参加拉练活动... 为庆祝轨道交通1号线一期工程实现单线轨通这一重要时刻，郑州市轨道交通有限公司于9月27至28日举行轨道交通1号线一期工程沿线拉练活动。公司领导,2025-12-24
570,ZZM_CN_f87d17995dff,zzmetro.cn,2012-09-25 15:23:00,2012-09-25 15:00:00,2012-09-25 管理用户 4677 郑州市轨道交通1号线立起接触网第一杆 9月21日下午，由中铁电气化局集团有限公司承建的郑州市轨道交通1号线供电系统安装工程在1号线郑东车辆段立起接触网第一杆，这标志着地铁站后接触网施工全面展开。公司党委... 9月21日下午，由中铁电气化局集团有限公司承建的郑州市轨道交通1号线供电系统安装工程在1号线郑东车辆段立起接触网第一杆，这标志着地铁站后接触网施工全,2025-12-24
571,ZZM_CN_8b866117fa38,zzmetro.cn,2012-09-25 15:21:00,2012-09-25 15:00:00,2012-09-25 管理用户 4504 公司召开轨道交通工程稳定工作专题会 为确保“双节”和“十八大”期间我市轨道交通建设工作的安全稳定，2012年9月22日下午，轨道公司在十四楼会议室组织召开轨道交通工程稳定工作专题会。公司党委书记、董事长... 为确保“双节”和“十八大”期间我市轨道交通建设工作的安全稳定，2012年9月22日下午，轨道公司在十四楼会议室组织召开轨道交通工程稳定工作专题会。公,2025-12-24
572,ZZM_CN_aa4362925c7d,zzmetro.cn,2012-09-20 14:49:00,2012-09-20 14:00:00,2012-09-20 管理用户 5760 郭拥军董事长向市人大常委会主任会议报告轨道建设情况 9月19日上午，市十三届人大常委会召开第四十六次主任会议。公司党委书记、董事长郭拥军，总工程师夏景辉列席会议。会议由市人大常委会主任白红战主持。     会议听取了... 9月19日上午，市十三届人大常委会召开第四十六次主任会议。公司党委书记、董事长郭拥军，总工程师夏景辉列席会议。会议由市人大常委会主任白,2025-12-24
573,ZZM_CN_0b2077459cc2,zzmetro.cn,2012-09-17 17:18:00,2012-09-17 17:00:00,2012-09-17 管理用户 4499 国务院安委会督查组到郑州轨道交通工程1号线紫荆山站检查指导安全生产工作 9月14日上午，国务院安委会第七督查组到郑州轨道交通1号线紫荆山站检查指导安全生产工作。此次督查是根据国务院统一部署进行的，国务院安委会共组织了16个督查组，将于9月10... 9月14日上午，国务院安委会第七督查组到郑州轨道交通1号线紫荆山站检查指导安全生产工作。此次督查是根据国务院,2025-12-24
574,ZZM_CN_9569dbdca877,zzmetro.cn,2012-09-17 17:16:00,2012-09-17 17:00:00,2012-09-17 管理用户 5419 公司与工银金融租赁有限公司举行融资租赁 合同签约仪式 9月13日，公司在嵩山饭店6楼会议室，与工银金融租赁有限公司举行融资租赁合同签约仪式。市委常委、副市长张建慧出席仪式，工银金融租赁有限公司执行董事、总裁丛林，董事、总经... 9月13日，公司在嵩山饭店6楼会议室，与工银金融租赁有限公司举行融资租赁合同签约仪式。市委常委、副市长张建慧出席仪式，工银金融租,2025-12-24
575,ZZM_CN_123711d2f734,zzmetro.cn,2012-09-14 16:08:00,2012-09-14 16:00:00,"2012-09-14 管理用户 5514 市政协主席李秀奇一行视察综合交通枢纽郑州东站地铁工程建设情况 9月12日上午，市政协主席李秀奇带领部分市政协委员视察郑州综合交通枢纽地铁工程建设情况，市政协党组副书记王建平参加活动。公司党委书记、董事长郭拥军陪同视察。
... 9月12日上午，市政协主席李秀奇带领部分市政协委员视察郑州综合交通枢纽地铁工程建设情况，市政协党组副书记王建平参加活动。公司党委书",2025-12-24
576,ZZM_CN_42e94640f1ac,zzmetro.cn,2012-09-05 16:15:00,2012-09-05 16:00:00,2012-09-05 管理用户 7248 郑州轨道交通1号线04标紫荆山站、民航路站主体结构封顶暨2号线紫荆山站开工仪式隆重举行 9月4日上午，郑州轨道交通1号线04标紫荆山站、民航路站主体结构封顶暨2号线紫荆山站开工仪式在紫荆山站隆重举行。公司党委书记、董事长郭拥军，市纪委、市监察局驻公司特派... 9月4日上午，郑州轨道交通1号线04标紫荆山站、民航路站主体结构封顶暨2号线紫荆山站开工仪式在紫,2025-12-24
577,ZZM_CN_92074709d829,zzmetro.cn,2012-09-05 14:27:00,2012-09-05 14:00:00,2012-09-05 管理用户 4494 郑州新闻广播热心听众参观郑州地铁 郑州地铁作为一项便民利民的重点工程，自开工建设以来一直备受关注。9月4日，由郑州新闻广播与郑州市轨道交通有限公司联合举办的“市民看地铁”活动在郑州轨道交通1号线一... 郑州地铁作为一项便民利民的重点工程，自开工建设以来一直备受关注。9月4日，由郑州新闻广播与郑州市轨道交通有限公司联合举办的“市民看地铁”活动在郑州轨道交通,2025-12-24
578,ZZM_CN_09885ecc21f2,zzmetro.cn,2012-08-31 10:51:00,2012-08-31 10:00:00,2012-08-31 管理用户 5225 无偿献血  奉献爱心  无尚光荣 血液，是生命的源泉。爱，是生命的曙光。献血是爱，是关怀，你能为你的同胞作出的最大奉献就是拯救他的生命。为展示郑州市轨道交通员工们大爱情怀，8月30号上午，公司联系河南省... 血液，是生命的源泉。爱，是生命的曙光。献血是爱，是关怀，你能为你的同胞作出的最大奉献就是拯救他的生命。为展示郑州市轨道交通员工们大爱情怀，8月30号,2025-12-24
579,ZZM_CN_e70a54ebdd67,zzmetro.cn,2012-08-28 09:29:00,2012-08-28 09:00:00,2012-08-28 管理用户 5517 公司召开郑州市轨道交通1号线一期工程车站装饰设计方案新闻通气会 8月24日上午，公司及市规划局在嵩山饭店召开郑州市轨道交通1号线一期工程车站装饰设计方案新闻通气会。郑州市规划局王学斌，公司总经理助理、文化艺术总监马海乾，上海现代建... 8月24日上午，公司及市规划局在嵩山饭店召开郑州市轨道交通1号线一期工程车站装饰设计方案新闻通气会。郑州市规划局王学斌，,2025-12-24
580,ZZM_CN_52aaac5e9dca,zzmetro.cn,2012-08-22 14:07:00,2012-08-22 14:00:00,2012-08-22 管理用户 4730 严防死守   安全度汛 自郑州轨道交通工程开工以来，郑州市轨道交通有限公司在抓好工程进度、质量的同时，贯彻“安全第一、常备不懈、以防为主、防重于抗”的防汛工作方针，立足于防大汛、抢大险，强... 自郑州轨道交通工程开工以来，郑州市轨道交通有限公司在抓好工程进度、质量的同时，贯彻“安全第一、常备不懈、以防为主、防重于抗”的防汛工作方针，立足于防大汛、抢大险，,2025-12-24
581,ZZM_CN_992e8f5f9ff3,zzmetro.cn,2012-08-22 14:00:00,2012-08-22 14:00:00,2012-08-22 管理用户 5253 郑州轨道交通2012年上半年1号线参建单位法人代表巡视暨剩余土建工程梳理会顺利举行 郑州轨道交通1号线一期工程土建施工接近尾声，为总结上半年土建工程进展情况，梳理剩余土建工程，安排部署下半年土建施工任务，确保2013年底1号线一期工程顺利通车运营，8月17日，... 郑州轨道交通1号线一期工程土建施工接近尾声，为总结上半年土建工程进展情况，梳理剩余土建工程,2025-12-24
582,ZZM_CN_f7113164554d,zzmetro.cn,2012-08-16 15:14:00,2012-08-16 15:00:00,2012-08-16 管理用户 6395 郑州市轨道交通有限公司2012年新员工入职培训圆满结束 为进一步增强新员工的组织纪律意识、服从意识、团结协作意识、吃苦耐劳意识，打造一支适应郑州轨道交通事业快速发展的高品质运营团队，公司组织运营分公司新招聘员工共280... 为进一步增强新员工的组织纪律意识、服从意识、团结协作意识、吃苦耐劳意识，打造一支适应郑州轨道交通事业快速发展的高品质运营团队，公司组,2025-12-24
583,ZZM_CN_c03a43feb8dd,zzmetro.cn,2012-08-15 16:45:00,2012-08-15 16:00:00,2012-08-15 管理用户 4946 公司党委中心组集中学习胡锦涛同志重要讲话精神 8月14日下午，公司党委中心组组织第三季度集中学习。集体学习中共中央总书记、国家主席、中央军委主席胡锦涛同志在省部级主要领导干部专题研讨班开班式上的重要讲话。公... 8月14日下午，公司党委中心组组织第三季度集中学习。集体学习中共中央总书记、国家主席、中央军委主席胡锦涛同志在省部级主要领导干部专题研讨班开班式,2025-12-24
584,ZZM_CN_da2bde5922fd,zzmetro.cn,2012-08-15 12:39:00,2012-08-15 12:00:00,2012-08-15 管理用户 4570 河南省副省长赵建才视察 轨道交通工程建设情况 8月13日下午，河南省副省长赵建才带领省直有关部门负责人，到郑州轨道交通1号线一期工程医学院站、绿城广场站、碧沙岗站铺轨施工现场，察看铺轨施工进展，听取铺轨情况汇报及建... 8月13日下午，河南省副省长赵建才带领省直有关部门负责人，到郑州轨道交通1号线一期工程医学院站、绿城广场站、碧沙岗站铺轨施工现场，察看铺,2025-12-24
585,ZZM_CN_d1eddc796e04,zzmetro.cn,2012-07-26 11:16:00,2012-07-26 11:00:00,2012-07-26 管理用户 5111 公司召开2012年上半年工作总结大会 为全面总结工作经验，安排部署当前、下阶段工作重点，推动各项工作再上新台阶，7月23日，公司在三楼大会议室召开2012年上半年工作总结大会。公司党委书记、董事长郭拥军，市纪委... 为全面总结工作经验，安排部署当前、下阶段工作重点，推动各项工作再上新台阶，7月23日，公司在三楼大会议室召开2012年上半年工作总结大会。公,2025-12-24
586,ZZM_CN_ee6d65fd0313,zzmetro.cn,2012-07-10 14:57:00,2012-07-10 14:00:00,2012-07-10 管理用户 6044 市纪委常委刘进国一行调研指导公司“双防双控”工作 7月6日上午，市纪委常委、市纪委电教中心主任刘进国一行赴公司调研指导廉洁和管理风险防范控制工作。市纪委宣传教育室主任杨芳，纪检监察电化教育中心副主任王宏臣、周建超... 7月6日上午，市纪委常委、市纪委电教中心主任刘进国一行赴公司调研指导廉洁和管理风险防范控制工作。市纪委宣传教育室主任杨芳，纪检监察电化教育,2025-12-24
587,ZZM_CN_dd07e8c3f7f6,zzmetro.cn,2012-06-29 14:15:00,2012-06-29 14:00:00,"2012-06-29 管理用户 5371 郑州市工商界“反对贿赂·公平竞争”联盟活动启动仪式在郑州举行 反对贿赂，人人有责；公平竞争，人人受益。6月28日上午，郑州市工商界“反对贿赂·公平竞争”联盟活动启动仪式在郑州市政协会议室举行。
    市委常委、市纪委书记郭锝昌，市... 反对贿赂，人人有责；公平竞争，人人受益。6月28日上午，郑州市工商界“反对贿赂·公平竞争”联盟活动启动仪式在郑州市政协",2025-12-24
588,ZZM_CN_43f7d70e79e8,zzmetro.cn,2012-06-27 15:17:00,2012-06-27 15:00:00,2012-06-27 管理用户 5268 公司成功举行消防疏散演练 为进一步强化企业员工消防安全意识，提高员工面对突发性火灾事件的应变能力、组织安全疏散能力，并能掌握正确的逃生及火灾初期扑救方法，按照“消防应急预案”的相关要求，公... 为进一步强化企业员工消防安全意识，提高员工面对突发性火灾事件的应变能力、组织安全疏散能力，并能掌握正确的逃生及火灾初期扑救方法，按照“消防应急预案”的相关要求，公,2025-12-24
589,ZZM_CN_f627bb0237e2,zzmetro.cn,2012-06-26 11:55:00,2012-06-26 11:00:00,2012-06-26 管理用户 5686 市委常委、副市长张建慧检查指导轨道交通工程建设并慰问一线工人 6月22日上午，市委常委、副市长张建慧到轨道交通2号线一期工程东大街站、1号线一期工程民航路站检查指导工程建设情况，慰问奋战在施工一线的干部员工，为他们送上端午节慰问... 6月22日上午，市委常委、副市长张建慧到轨道交通2号线一期工程东大街站、1号线一期工程民航路站检查指导工程建设情况，慰问奋,2025-12-24
590,ZZM_CN_596855bc4860,zzmetro.cn,2012-06-25 10:10:00,2012-06-25 10:00:00,2012-06-25 管理用户 5957 中国交通运输协会秘书长胡剑平一行来公司交流座谈 6月20日下午，中国交通运输协会秘书长胡剑平一行来郑州市轨道交通有限公司就动态检测和轨道交通为导向的投资开发（TOD）商业模式有关事项与公司领导交流座谈，深圳市都市交通规... 6月20日下午，中国交通运输协会秘书长胡剑平一行来郑州市轨道交通有限公司就动态检测和轨道交通为导向的投资开发（TOD）商业模式有关事,2025-12-24
591,ZZM_CN_3c9e5351c145,zzmetro.cn,2012-06-20 17:11:00,2012-06-20 17:00:00,2012-06-20 管理用户 5629 科学发展是主题 安全发展是根本 郑州市地铁施工突发生产安全事故应急演练成功举行 郑州轨道交通工程自开工以来，公司严格按照国家、省、市关于城市轨道交通工程安全管理工作的相关要求，结合郑州轨道交通工程建设实际，以建立健全安全管理体系为基础，坚持科学... 郑州轨道交通工程自开工以来，公司严格按照国家、省、市关于城市轨道交通工程安全管理工作的相关要求，结合郑州轨,2025-12-24
592,ZZM_CN_f00f6ca079ed,zzmetro.cn,2012-06-05 16:32:00,2012-06-05 16:00:00,"2012-06-05 管理用户 5323 市委常委、副市长张建慧听取1号线一期工程装修工作汇报并作出具体要求 6月2日上午，市委常委、副市长张建慧到郑州市轨道交通有限公司听取1号线一期工程车站室内装饰设计方案，并提出具体要求。
    市规划局副局长张凯以及来自郑州大学建筑学... 6月2日上午，市委常委、副市长张建慧到郑州市轨道交通有限公司听取1号线一期工程车站室内装饰设计方案，并提出具体要求。",2025-12-24
593,ZZM_CN_3a33295278a2,zzmetro.cn,2012-06-05 16:29:00,2012-06-05 16:00:00,2012-06-05 管理用户 7070 河南省人民检察院常务副检察长张国臣一行到轨道公司检查指导工作 6月1日上午，河南省人民检察院党组副书记、常务副检察长张国臣一行到郑州市轨道交通有限公司检查指导反腐倡廉工作，察看工程建设情况。张国臣一行先后到轨道交通1号线医学... 6月1日上午，河南省人民检察院党组副书记、常务副检察长张国臣一行到郑州市轨道交通有限公司检查指导反腐倡廉工作，察看工程建设情况,2025-12-24
594,ZZM_CN_c04afdf6887c,zzmetro.cn,2012-05-31 14:24:00,2012-05-31 14:00:00,2012-05-31 管理用户 5390 省安监局局长张国伟一行到公司检查指导轨道交通工程建设和安全生产工作 5月29日，河南省安全生产监督管理局局长张国伟一行到郑州火车东站、轨道交通1号线医学院站和2号线向阳路站检查指导工程建设和安全生产工作。省安监局副局长郝敬红，住建厅... 5月29日，河南省安全生产监督管理局局长张国伟一行到郑州火车东站、轨道交通1号线医学院站和2号线向阳路站检查指导工程建,2025-12-24
595,ZZM_CN_c5221adafbbb,zzmetro.cn,2012-05-30 09:31:00,2012-05-30 09:00:00,2012-05-30 管理用户 8288 苏州轨道交通有限公司总经理周明保一行来公司考察交流 5月25日下午，苏州轨道交通有限公司党委书记、总经理周明保，常务副总经理董朝文一行来郑州市轨道交通有限公司考察，就轨道交通工程的施工经验、安全管理、资金筹措等问题与... 5月25日下午，苏州轨道交通有限公司党委书记、总经理周明保，常务副总经理董朝文一行来郑州市轨道交通有限公司考察，就轨道交通工程的施工经,2025-12-24
596,ZZM_CN_aea3579492a4,zzmetro.cn,2012-05-28 11:22:00,2012-05-28 11:00:00,2012-05-28 管理用户 5940 “郑州地铁党旗红  中铁四局展雄风”党建主题活动正式启动 5月23日上午，郑州轨道交通1号线中原东路站铺轨基地礼乐和鸣，彩旗飘飘，“郑州地铁党旗红，中铁四局展雄风”党建主题活动正式启动。公司党委书记、董事长郭拥军，常务副总经理张... 5月23日上午，郑州轨道交通1号线中原东路站铺轨基地礼乐和鸣，彩旗飘飘，“郑州地铁党旗红，中铁四局展雄风”党建主题活动正式,2025-12-24
597,ZZM_CN_10f992bac1d4,zzmetro.cn,2012-05-25 09:33:00,2012-05-25 09:00:00,2012-05-25 管理用户 6351 公司举行郑州市轨道交通工程“平安工地”创建活动启动仪式 轨道公司成立以来，以“创建平安郑州，建设平安地铁”为主题，紧紧围绕平安建设的各项责任目标，结合自身特点，以工程建设为中心，通过加强领导，明确责任，强化措施，落实制度，有力推动了... 轨道公司成立以来，以“创建平安郑州，建设平安地铁”为主题，紧紧围绕平安建设的各项责任目标，结合自身特点，以工程建设为中,2025-12-24
598,ZZM_CN_f318ac9b82e7,zzmetro.cn,2012-05-25 09:32:00,2012-05-25 09:00:00,2012-05-25 管理用户 5757 黄河博物馆第一阶段平移顺利实施 5月18日，在第36个国际博物馆日，备受关注的黄河博物馆主体结构第一阶段平移工作于上午11时正式启动。按照计划，第一阶段33.2米的向东平移预计用5天时间完成，之后再进行下一阶... 5月18日，在第36个国际博物馆日，备受关注的黄河博物馆主体结构第一阶段平移工作于上午11时正式启动。按照计划，第一阶段33.2米的向东平移预,2025-12-24
599,ZZM_CN_c7f91d650938,zzmetro.cn,2012-05-16 09:30:00,2012-05-16 09:00:00,2012-05-16 管理用户 6093 市政府召开全市重大项目推进工作周例会马懿听取轨道交通情况汇报并提出具体要求 5月14日下午，市政府在郑州市轨道交通有限公司召开第75次全市重大项目推进工作周例会，会议听取了轨道交通工程建设进度、专项基金、报批、筹资模式等情况汇报。市委副书记... 5月14日下午，市政府在郑州市轨道交通有限公司召开第75次全市重大项目推进工作周例会，会议听取了轨道交通工程建,2025-12-24
600,ZZM_CN_2d1ca062fc54,zzmetro.cn,2012-05-11 16:39:00,2012-05-11 16:00:00,2012-05-11 管理用户 8508 省消防总队副队长王建刚一行检查轨道交通消防安全工作 5月10日上午，河南省消防总队副队长王建刚、郑州市消防支队队长邢明典一行，到郑州市轨道交通1号线一期工程紫荆山站检查指导工程消防安全工作，就地铁消防安全管理等问题与郑... 5月10日上午，河南省消防总队副队长王建刚、郑州市消防支队队长邢明典一行，到郑州市轨道交通1号线一期工程紫荆山站检查指导工程消防安全,2025-12-24
601,ZZM_CN_954dd41a2eff,zzmetro.cn,2012-05-11 12:08:00,2012-05-11 12:00:00,2012-05-11 管理用户 5807 加强双防双控体系建设助推轨道交通科学健康发展 郭拥军书记在全市加强廉政风险防控规范权力运行工作推进会上作经验交流 5月11日，全市加强廉政风险防控规范权力运行工作推进会在荥阳召开。会议的主旨是学习贯彻全省加强廉政风险防控规范权力运行工作推进会精神，安排部署我市风险防控工作。市... 5月11日，全市加强廉政风险防控规范权力运行工作推进会在荥阳召开。会议的主,2025-12-24
602,ZZM_CN_e8f6667a6e15,zzmetro.cn,2012-05-11 10:02:00,2012-05-11 10:00:00,2012-05-11 管理用户 6011 省预防腐败局及省、市纪委有关领导来公司指导工作 5月9日上午，河南省预防腐败局副局长刘林在郑州市纪委常务副书记、市监察局局长姚芸来，市纪委常委、市纪委电教中心主任刘进国及省纪委有关处室领导的陪同下，到郑州市轨道交... 5月9日上午，河南省预防腐败局副局长刘林在郑州市纪委常务副书记、市监察局局长姚芸来，市纪委常委、市纪委电教中心主任刘进国及省纪委有关处室领,2025-12-24
603,ZZM_CN_fed93c044d1d,zzmetro.cn,2012-04-24 15:21:00,2012-04-24 15:00:00,2012-04-24 管理用户 6093 公司承办轨道交通1号线一期工程装修概念设计方案审查会 地铁车站是城市的窗口，车站装修是窗口的直接展现，车站的装修设计工作是车站建筑设计过程的延续、深化和再创造，也是提升地铁文化品位的一项重要举措。为了又快又好推进轨道... 地铁车站是城市的窗口，车站装修是窗口的直接展现，车站的装修设计工作是车站建筑设计过程的延续、深化和再创造，也是提升地铁文化品位的一项重,2025-12-24
604,ZZM_CN_88b95849a3f5,zzmetro.cn,2012-04-23 09:10:00,2012-04-23 09:00:00,2012-04-23 管理用户 6037 公司组织召开发展战略规划专家评审会 4月18日上午，郑州市轨道交通有限公司在中都饭店组织召开公司发展战略规划专家评审会。会议邀请市国资委企业规划处处长卢伟以及来自深圳、广州和郑州等地的轨道交通和企... 4月18日上午，郑州市轨道交通有限公司在中都饭店组织召开公司发展战略规划专家评审会。会议邀请市国资委企业规划处处长卢伟以及来自深圳、广州和郑州等地的轨道交,2025-12-24
605,ZZM_CN_400e7f842664,zzmetro.cn,2012-04-19 14:23:00,2012-04-19 14:00:00,2012-04-19 管理用户 5941 公司喜获“2011年度郑州市国资系统平安建设优秀单位”荣誉称号 4月19日上午，郑州市国资委在黄河饭店隆重召开郑州市国资系统2011年度平安建设工作表彰暨2012年度责任目标签订会。市政法委副书记、综治办主任李华云，市国资委党委书记、主任余遂盈到会并作重要讲话。包括郑州市轨道交通有限公司在内的市国资系统30多家市管企业负责人参加了会议。... 4月19日上,2025-12-24
606,ZZM_CN_877f280f92c9,zzmetro.cn,2012-04-19 14:21:00,2012-04-19 14:00:00,2012-04-19 管理用户 6005 《郑州市城市轨道工程单位估价表》技术交底会议在公司召开 《郑州城市轨道交通工程单位估价表》由河南省住房与城乡建设厅于2012年1月1日发布实施，是我省工程造价管理的一项重要举措。为了保证估价表的推广和应用在我市顺利进行，... 《郑州城市轨道交通工程单位估价表》由河南省住房与城乡建设厅于2012年1月1日发布实施，是我省工程造价管理的一项重要举措。为了保证,2025-12-24
607,ZZM_CN_96e87000c6f9,zzmetro.cn,2012-04-18 14:30:00,2012-04-18 14:00:00,2012-04-18 管理用户 4905 郑州地铁一号线全面铺轨 昨日，记者从郑州市轨道交通有限公司了解到，目前，郑州地铁1号线一期工程隧道基本贯通，进入全面铺轨阶段。 1号线一期工程铺轨总长度为78958米，中原路已完成铺轨2437米，预计施工... 昨日，记者从郑州市轨道交通有限公司了解到，目前，郑州地铁1号线一期工程隧道基本贯通，进入全面铺轨阶段。 1号线一期工程铺轨总长度为78958米，中,2025-12-24
608,ZZM_CN_73d838ee48d3,zzmetro.cn,2012-04-18 14:29:00,2012-04-18 14:00:00,"2012-04-18 管理用户 6131 郑州地铁一号线20个站点中16个主体结构完工　二号线3个站点开始挖土方 郑州市轨道交通一号线一期工程全长26.2公里，共设立站点20个，平均站间距1.3公里。
　　一号线负责人李铁军说，一期工程全线20个站点已有16个站点主体结构全部完工。黄河南路... 郑州市轨道交通一号线一期工程全长26.2公里，共设立站点20个，平均站间距1.3公里。
　　一号线负责",2025-12-24
609,ZZM_CN_a4b396aebe44,zzmetro.cn,2012-04-16 16:36:00,2012-04-16 16:00:00,2012-04-16 管理用户 7295 郑州市轨道交通有限公司组织中层以上干部到市高新区检察院警示教育基地参观学习 为切实加强公司党风廉政建设，进一步增强领导干部廉洁从业意识，4月12日下午，郑州市轨道交通有限公司组织廉政警示教育活动。公司党委书记、董事长郭拥军，市人民检察院驻公司... 为切实加强公司党风廉政建设，进一步增强领导干部廉洁从业意识，4月12日下午，郑州市轨道交通有限公司组织廉政警,2025-12-24
610,ZZM_CN_b0b5b651b26b,zzmetro.cn,2012-04-13 10:51:00,2012-04-13 10:00:00,2012-04-13 管理用户 6354 市领导乔新国到郑州市轨道交通有限公司召开办公会 4月12日上午，正市级领导、郑州市轨道交通工程首席服务官乔新国，在郑州市轨道交通有限公司召开办公会，研究解决轨道交通2号线征迁问题和解决办法。首席服务官工作小组成员冯... 4月12日上午，正市级领导、郑州市轨道交通工程首席服务官乔新国，在郑州市轨道交通有限公司召开办公会，研究解决轨道交通2号线征迁问题和解决,2025-12-24
611,ZZM_CN_5ec72a071a09,zzmetro.cn,2012-04-13 09:13:00,2012-04-13 09:00:00,2012-04-13 管理用户 6658 市领导乔新国调研郑州市轨道交通1、2号线金水辖区征迁工作并召开现场办公会 4月10日上午，正市级领导、郑州市轨道交通工程首席服务官乔新国到郑州市轨道交通1、2号线金水辖区调研征迁情况，并在2号线广播台站中铁五局项目部召开办公会，研究解决轨道交... 4月10日上午，正市级领导、郑州市轨道交通工程首席服务官乔新国到郑州市轨道交通1、2号线金水辖区调研征迁情况,2025-12-24
612,ZZM_CN_a347bd39896f,zzmetro.cn,2012-04-11 15:20:00,2012-04-11 15:00:00,2012-04-11 管理用户 6735 市审计局在轨道交通公司召开工程建设项目阶段性跟踪进点会 4月10日上午，市审计局在郑州市轨道交通有限公司召开工程建设项目阶段性跟踪审计进点会。审计局常务副局长李忠仁，投资处处长刘浩和进点审计特派小组各成员，公司党委书记、... 4月10日上午，市审计局在郑州市轨道交通有限公司召开工程建设项目阶段性跟踪审计进点会。审计局常务副局长李忠仁，投资处处长刘浩和进点,2025-12-24
613,ZZM_CN_c53cc61f30b3,zzmetro.cn,2012-04-06 17:00:00,2012-04-06 17:00:00,2012-04-06 管理用户 6727 河南省人民政府重点项目建设办公室领导察看地铁建设情况 3月31日下午，河南省人民政府重点项目建设办公室常务副主任黄亚军，副主任石新宽、周晓辉，郑州市重点项目建设办公室书记王敏等共同察看了郑州市轨道交通1、2号线建设情况。... 3月31日下午，河南省人民政府重点项目建设办公室常务副主任黄亚军，副主任石新宽、周晓辉，郑州市重点项目建设办公室书记王敏等共同察看,2025-12-24
614,ZZM_CN_51d86eefcf4c,zzmetro.cn,2012-03-29 16:30:00,2012-03-29 16:00:00,2012-03-29 管理用户 6747 郑州市轨道交通1号线郑东车辆段开始清表施工 郑州市轨道交通1号线郑东车辆段承担1号线列车停车、列检、定修、临修、厂架修任务，位于京珠高速以东，规划桑林西路以西，郑开大道以北地区，占地524亩。在市委、市政府的正确... 郑州市轨道交通1号线郑东车辆段承担1号线列车停车、列检、定修、临修、厂架修任务，位于京珠高速以东，规划桑林西路以西，郑开大道以北地区，占地,2025-12-24
615,ZZM_CN_444a2dca4353,zzmetro.cn,2012-03-19 13:46:00,2012-03-19 13:00:00,2012-03-19 管理用户 6367 市领导乔新国到郑州市轨道交通有限公司召开专题会 3月15日下午，正市级领导、郑州市轨道交通工程首席服务官乔新国，在公司会议室召开专题会，总结外地考察经验，了解工程建设过程中遇到的问题，与公司领导共同研究具体解决办法。... 3月15日下午，正市级领导、郑州市轨道交通工程首席服务官乔新国，在公司会议室召开专题会，总结外地考察经验，了解工程建设过程中遇到的问题,2025-12-24
616,ZZM_CN_1e3b07b7bf0e,zzmetro.cn,2012-03-19 10:40:00,2012-03-19 10:00:00,2012-03-19 管理用户 5738 公司召开2012年一季度安委会工作会 3月17日下午，郑州市轨道交通有限公司在会议室召开2012年一季度安委会会议。公司安委会主任郭拥军，市人民检察院驻公司特派员赵永胜，安委会副主任张洲、袁聚亮、马子彦、夏... 3月17日下午，郑州市轨道交通有限公司在会议室召开2012年一季度安委会会议。公司安委会主任郭拥军，市人民检察院驻公司特派员赵永胜，安委会副主任,2025-12-24
617,ZZM_CN_4e5184d5f147,zzmetro.cn,2012-03-16 09:58:00,2012-03-16 09:00:00,"2012-03-16 管理用户 7412 郑州地铁一号线20个站点定芳名 昨日，市政府下发通告，对地铁1号线一期工程20个站点的命名予以明确。通告要求，即日起，各有关部门和单位在使用以上站点名称时,应使用市人民政府批准的标准名称。
    20个站... 昨日，市政府下发通告，对地铁1号线一期工程20个站点的命名予以明确。通告要求，即日起，各有关部门和单位在使用以上站点名称时,应使用市人民政府批准",2025-12-24
618,ZZM_CN_6a048cfec89f,zzmetro.cn,2012-03-13 15:58:00,2012-03-13 15:00:00,2012-03-13 管理用户 7657 中铁工程设计咨询集团有限公司董事长黄铁生一行到公司座谈 3月13日下午，中铁工程设计咨询集团有限公司董事长黄铁生，副总经理辛兵，计划经营处副处长熊小辉，中铁工程设计咨询集团有限公司郑州设计院院长陆亚军，副院长徐小华一行到公司... 3月13日下午，中铁工程设计咨询集团有限公司董事长黄铁生，副总经理辛兵，计划经营处副处长熊小辉，中铁工程设计咨询集团有限公司郑,2025-12-24
619,ZZM_CN_9074072e0a81,zzmetro.cn,2012-03-12 14:01:00,2012-03-12 14:00:00,2012-03-12 管理用户 6335 公司召开2012年郑州市轨道交通工程建设动员暨平安建设目标签订会 根据郑州轨道交通工程2012年建设的实际情况，郑州市轨道交通有限公司确定了2012年工作目标，即：突出一个目标——建设平安地铁；抓好两个重点——又好又快推进1号线和2号线... 根据郑州轨道交通工程2012年建设的实际情况，郑州市轨道交通有限公司确定了2012年工作目标，即：突出一个目标——,2025-12-24
620,ZZM_CN_be57297f6ff3,zzmetro.cn,2012-03-05 15:35:00,2012-03-05 15:00:00,2012-03-05 管理用户 6289 郑州市轨道交通有限公司喜获“河南省优秀技术创新团队” 3月1日，全省科技创新促进中原经济区建设会议在郑州黄河迎宾馆会议中心举行。全国政协副主席、科技部部长万钢，省委副书记、省长郭庚茂出席会议并讲话。副省长徐济超、省... 3月1日，全省科技创新促进中原经济区建设会议在郑州黄河迎宾馆会议中心举行。全国政协副主席、科技部部长万钢，省委副书记、省长郭庚茂出席会议,2025-12-24
621,ZZM_CN_e4eb7f13c8d2,zzmetro.cn,2012-03-02 11:22:00,2012-03-02 11:00:00,"2012-03-02 管理用户 5111 地铁1号线一期工程区间隧道全部贯通 昨日下午，副市长马健带领市安监局、市城建委等有关部门负责人，就我市安全生产工作进行检查。
　　马健一行来到地铁1号线黄河东路站、财信圣堤亚纳项目施工现场，实地察看项... 昨日下午，副市长马健带领市安监局、市城建委等有关部门负责人，就我市安全生产工作进行检查。
　　马健一行来到地铁1号线黄河东路站、财信圣堤亚纳项目施工现",2025-12-24
622,ZZM_CN_31691d8ff0a0,zzmetro.cn,2012-02-29 15:01:00,2012-02-29 15:00:00,2012-02-29 管理用户 5218 郑州市轨道交通有限公司迅速传达市委常委、副市长张建慧在轨道公司现场办公会上的讲话精神 2月23日，郑州市委常委、副市长张建慧到郑州市轨道交通有限公司调研指导工作，研究解决制约轨道交通建设的有关问题，并对下阶段工作提出了六个方面的要求：一要进一步加强思想... 2月23日，郑州市委常委、副市长张建慧到郑州市轨道交通有限公司调研指导工作，研究解决制约轨道交通建,2025-12-24
623,ZZM_CN_f066325eb004,zzmetro.cn,2012-02-29 12:58:00,2012-02-29 12:00:00,2012-02-29 管理用户 6444 公司召开2012年目标管理责任书签订大会 为进一步推动郑州轨道交通建设进展，规范完善公司内部管理，提高工作实效，2月29日上午，郑州市轨道交通有限公司在会议室召开2012年目标管理责任书签订大会。公司党委书记... 为进一步推动郑州轨道交通建设进展，规范完善公司内部管理，提高工作实效，2月29日上午，郑州市轨道交通有限公司在会议室召开2012年目标管理责任,2025-12-24
624,ZZM_CN_e86c47da2459,zzmetro.cn,2012-02-24 16:07:00,2012-02-24 16:00:00,2012-02-24 管理用户 6454 公开公平公正选人才 重德重才重绩用干部--公司举行2012年中层副职干部竞聘演讲会 为认真贯彻执行党的干部人事制度，拓宽干部选拔视野，创造民主、公开、竞争、择优的用人环境，促使优秀人才脱颖而出，提高选人用人公信度，按照《党政干部选拔任用条例》及《关于进一步推进国有企业贯彻落实“三重一大”决策制度的意见》的要求，2月23日下午，公司举行了2012年公开选拔中,2025-12-24
625,ZZM_CN_c4f2f573926b,zzmetro.cn,2012-02-23 14:36:00,2012-02-23 14:00:00,2012-02-23 管理用户 6104 市委常委、副市长张建慧在轨道公司主持召开现场办公会 2月23日上午，市委常委、副市长张建慧带领市国土资源局、市建委、市规划局、市轨道办、市人防办，郑东新区、金水区、管城区相关领导到郑州市轨道交通有限公司，召开现场办... 2月23日上午，市委常委、副市长张建慧带领市国土资源局、市建委、市规划局、市轨道办、市人防办，郑东新区、金水区、管城区相关领导到郑州市轨,2025-12-24
626,ZZM_CN_323b30232056,zzmetro.cn,2012-02-23 14:30:00,2012-02-23 14:00:00,2012-02-23 管理用户 7541 郑州市轨道交通调度中心开工 2月23日上午，郑州市轨道交通有限公司隆重举行调度指挥中心开工奠基仪式。郑州市委常委、副市长张建慧，市财政局、市发改委、市人防办、市轨道办、郑东新区、金水区、管... 2月23日上午，郑州市轨道交通有限公司隆重举行调度指挥中心开工奠基仪式。郑州市委常委、副市长张建慧，市财政局、市发改委、市人防办、市轨道办、郑东新区、金水区、管,2025-12-24
627,ZZM_CN_80d01322ff70,zzmetro.cn,2012-02-22 14:59:00,2012-02-22 14:00:00,2012-02-22 管理用户 6218 市长马懿强调轨道交通建设步伐必须加快 2月20日上午，第六十八次全市重大项目推进工作周例会在市政府综合楼第二会议室召开，会议听取轨道交通线网规划，建设计划，建设进展情况，1、2、4号线沿线开发用地研究等情况汇报... 2月20日上午，第六十八次全市重大项目推进工作周例会在市政府综合楼第二会议室召开，会议听取轨道交通线网规划，建设计划，建设进展情况，1、2、,2025-12-24
628,ZZM_CN_f691e4fb92eb,zzmetro.cn,2012-02-17 10:41:00,2012-02-17 10:00:00,"2012-02-17 管理用户 6461 地铁一号线首辆列车10月到郑 我市地铁建设已进行了两年多时间，目前进度如何？下一步究竟如何建？昨日，市轨道交通有限公司就有关情况向省会媒体进行了通报。
　　地铁一号线明年年底试运营 
　　目前，1号线... 我市地铁建设已进行了两年多时间，目前进度如何？下一步究竟如何建？昨日，市轨道交通有限公司就有关情况向省会媒体进行了通报。
　　地铁一号线明年年底试运营",2025-12-24
629,ZZM_CN_c27e1fe456a2,zzmetro.cn,2012-02-15 13:12:00,2012-02-15 13:00:00,"2012-02-15 管理用户 7493 郑州地铁2号线站点今年开工 花园路紫荆山半幅通行 为降低对交通影响，道路将半幅通行，闹市站点将分批建设 
　　郑州地铁2号线一期工程车站今年全开工，预计2015年建成 
　　核心提示 
　　今年地铁2号线一期工程所有车站开工建... 为降低对交通影响，道路将半幅通行，闹市站点将分批建设 
　　郑州地铁2号线一期工程车站今年全开工，预计2015年建成",2025-12-24
630,ZZM_CN_70c45d034e24,zzmetro.cn,2012-02-15 13:11:00,2012-02-15 13:00:00,"2012-02-15 管理用户 6869 郑州地铁1号线首列车10月与市民见面 明年底运营 工程进展 
　　地铁1号线一期工程明年底运营，1号线二期今年将启动 
　　轨道公司建设分公司副经理李铁军说，目前1号线一期工程全线20个站点全面开工。其中，凯旋路站、西三... 工程进展 
　　地铁1号线一期工程明年底运营，1号线二期今年将启动 
　　轨道公司建设分公司副经理李铁军说，目前1号线一期工程全线",2025-12-24
631,ZZM_CN_1b3029c2ca34,zzmetro.cn,2012-02-15 09:45:00,2012-02-15 09:00:00,2012-02-15 管理用户 6632 答疑释惑 营造良好舆论氛围 汇智聚力 推动轨道交通建设 公司召开轨道交通建设工程“施工转段”情况通报会 随着工程建设的不断推进，郑州地铁1号线一期工程建设从土建施工阶段，转向铺轨施工、机电安装、信号接触网、车站装修、联调联试阶段。施工工作的顺利转段，将为2012年1号... 随着工程建设的不断推进，郑州地铁1号线一期工程建设从土建施工阶段，转向铺轨施工、机,2025-12-24
632,ZZM_CN_2c1ca000e217,zzmetro.cn,2012-02-14 16:09:00,2012-02-14 16:00:00,"2012-02-14 管理用户 8518 郑州地铁三十问 郑州市轨道交通建设工程“施工转段”情况通报会 郑州地铁三十问
郑州市轨道交通建设工程“施工转段”情况通报会
 
 
 
 
郑州市轨道交通有限公司
二〇一二年二月
 
 
 
 
 
 
一、规划设计类
 
1、郑州轨道交通工程出入... 郑州地铁三十问
郑州市轨道交通建设工程“施工转段”情况通报会
 
 
 
 
郑州市轨道交通有限公司",2025-12-24
633,ZZM_CN_143e020128b7,zzmetro.cn,2012-02-10 15:12:00,2012-02-10 15:00:00,2012-02-10 管理用户 6410 郑州市委副书记、市长马懿察看轨道交通建设工地 2月9日下午，郑州市委副书记、市长马懿带领市规划、建委、交通等部门负责人，深入轨道交通项目工地，走进施工现场，察看1号线中原东路站铺轨基地，认真听取工作汇报，看望慰问工... 2月9日下午，郑州市委副书记、市长马懿带领市规划、建委、交通等部门负责人，深入轨道交通项目工地，走进施工现场，察看1号线中原东路站铺轨基,2025-12-24
634,ZZM_CN_7edb3a89d2e4,zzmetro.cn,2012-02-06 15:32:00,2012-02-06 15:00:00,"2012-02-06 管理用户 5330 郑州市轨道交通有限公司获2011年度全省重点项目建设先进单位 在2月5日召开的全省重点项目暨产业集聚区建设工作会议上，郑州市轨道交通有限公司（1号线一期工程）获2011年度全省重点项目建设先进单位。
... 在2月5日召开的全省重点项目暨产业集聚区建设工作会议上，郑州市轨道交通有限公司（1号线一期工程）获2011年度全省重点项目建设先进单位。",2025-12-24
635,ZZM_CN_d2abe30cbb4f,zzmetro.cn,2012-02-06 11:42:00,2012-02-06 11:00:00,2012-02-06 管理用户 7105 公司召开2011年工作总结暨表彰大会 郑州市轨道交通有限公司在市委、市政府和市国资委的正确领导下，坚持以科学发展观为指导，克难攻坚、拼搏进取，各项工作得到了又快又好发展。为全面总结工作经验，表彰先... 郑州市轨道交通有限公司在市委、市政府和市国资委的正确领导下，坚持以科学发展观为指导，克难攻坚、拼搏进取，各项工作得到了又快又好发展。为全面总结工作经验，表,2025-12-24
636,ZZM_CN_859fa63fa1bd,zzmetro.cn,2012-01-29 12:02:00,2012-01-29 12:00:00,2012-01-29 管理用户 6949 郑州市轨道交通有限公司举行2011年度中层干部述职述廉暨测评会 为深入了解公司各单位、各部门年度工作运行状况及廉洁从业责任落实情况，进一步加强对中层干部履行工作职责和廉政情况的监督，促进反腐倡廉各项工作更扎实、更深入，不断... 为深入了解公司各单位、各部门年度工作运行状况及廉洁从业责任落实情况，进一步加强对中层干部履行工作职责和廉政情况的监督，促进反腐倡,2025-12-24
637,ZZM_CN_b9f860b60647,zzmetro.cn,2012-01-29 11:34:00,2012-01-29 11:00:00,2012-01-29 管理用户 6827 传递温暖　送来祝福　共青团郑州市委领导到地铁工地慰问并与一线施工工人共度除夕 1月22日是2012年万家团圆的除夕日。共青团郑州市委书记刘建武、副书记陈定携带大米、面粉、食用油、电话卡等慰问品，来到郑州市轨道交通1号线中原东路站，慰问春节期间... 1月22日是2012年万家团圆的除夕日。共青团郑州市委书记刘建武、副书记陈定携带大米、面粉、食用油、电话卡等,2025-12-24
638,ZZM_CN_c2292ff04e73,zzmetro.cn,2012-01-21 12:51:00,2012-01-21 12:00:00,2012-01-21 管理用户 5553 市领导张建慧、朱是西节前到轨道交通铺轨基地慰问 龙年春节即将来临，轨道交通参建单位干部职工仍坚守施工一线，全力促建设。1月21日上午，市委常委、副市长张建慧，带领市直相关部门负责人，携带慰问品，到1号线中原东路站铺轨基地... 龙年春节即将来临，轨道交通参建单位干部职工仍坚守施工一线，全力促建设。1月21日上午，市委常委、副市长张建慧，带领市直相关部门负责,2025-12-24
639,ZZM_CN_4c0c5cded10b,zzmetro.cn,2012-01-21 11:36:00,2012-01-21 11:00:00,2012-01-21 管理用户 6287 市领导马懿节前察看轨道交通安全生产工作 龙年春节即将来临，轨道交通安全生产工作牵动着市委、市政府领导的心。1月19日下午，市委副书记、代市长马懿带领市直相关部门负责人，深入轨道交通2号线向阳路站施工现场，慰问... 龙年春节即将来临，轨道交通安全生产工作牵动着市委、市政府领导的心。1月19日下午，市委副书记、代市长马懿带领市直相关部门负责人，深入轨道交通2,2025-12-24
640,ZZM_CN_5f641728f083,zzmetro.cn,2012-01-20 15:48:00,2012-01-20 15:00:00,2012-01-20 管理用户 16472 郑州市轨道交通建设管理办公室、郑州市轨道交通有限公司、郑州地铁派出所举行揭牌仪式 新年迁新址，树雄心创大业共谱商都地铁网波澜壮阔新蓝图，新春新气象，立壮志写春秋共绘郑州都市区气势恢宏新篇章。为便于交流、协调、管理，提高工作效率，郑州市轨道交通建设... 新年迁新址，树雄心创大业共谱商都地铁网波澜壮阔新蓝图，新春新气象，立壮志写春秋共绘郑州都市区气势恢宏新,2025-12-24
641,ZZM_CN_2650fc036b7a,zzmetro.cn,2012-01-10 10:22:00,2012-01-10 10:00:00,2012-01-10 管理用户 7006 郑州市轨道交通2012年迎春文艺晚会圆满举行 笑语声声辞玉兔，欢歌阵阵迎金龙。1月9日晚，由郑州市轨道交通有限公司和郑州铁路职业技术学院联合主办的郑州市轨道交通2012年迎春文艺晚会在河南省武警艺术中心礼堂上演... 笑语声声辞玉兔，欢歌阵阵迎金龙。1月9日晚，由郑州市轨道交通有限公司和郑州铁路职业技术学院联合主办的郑州市轨道交通2012年迎春文艺晚会在河,2025-12-24
642,ZZM_CN_acd8dae7222e,zzmetro.cn,2012-01-10 10:20:00,2012-01-10 10:00:00,2012-01-10 管理用户 7189 郑州轨道交通工程参建单位企业法人代表巡视活动顺利举行 2011年郑州市轨道交通工程建设进展顺利，各项工作稳中求快、平稳推进，取得了良好的成绩。为促进各项工作再上新台阶，2012年1月9日，郑州市轨道交通有限公司组织郑州轨道交通... 2011年郑州市轨道交通工程建设进展顺利，各项工作稳中求快、平稳推进，取得了良好的成绩。为促进各项工作再上新台阶，2012年,2025-12-24
643,ZZM_CN_31b62fac985e,zzmetro.cn,2012-01-06 15:44:00,2012-01-06 15:00:00,2012-01-06 管理用户 7900 郑州市市委常委、政法委书记、公安局长黄保卫调研郑州轨道交通1号线 1月5日上午，郑州市委常委、政法委书记、公安局长黄保卫一行莅临郑州市轨道交通1号线黄河东路站施工现场，调研指导郑州市轨道交通建设及春节前后的企业维稳工作。郑州市轨... 1月5日上午，郑州市委常委、政法委书记、公安局长黄保卫一行莅临郑州市轨道交通1号线黄河东路站施工现场，调研指导郑州市轨道交,2025-12-24
644,ZZM_CN_ba2fb1780f01,zzmetro.cn,2012-01-01 13:18:00,2012-01-01 13:00:00,2012-01-01 管理用户 6866 郑州市轨道交通工程1号线出入段线盾构区间顺利贯通 12月31日上午，由北京建工集团、郑州一建集团有限公司联合体共同承建的郑州市轨道交通工程1号线出入段线至市体育中心站盾构区间左线顺利贯通。郑州市轨道交通有限公司党... 12月31日上午，由北京建工集团、郑州一建集团有限公司联合体共同承建的郑州市轨道交通工程1号线出入段线至市体育中心站盾构区间左线顺利贯通。,2025-12-24
645,ZZM_CN_f80c9e11d8a4,zzmetro.cn,2011-12-29 09:48:00,2011-12-29 09:00:00,"2011-12-29 管理用户 6852 地铁2号线隧道开掘 昨日，郑州轨道交通2号线一期工程向阳路站举行了盾构始发仪式，首发的盾构机命名为“中原一号”，从向阳路站向南环路站掘进。这标志着地铁2号线正式进入盾构施工阶段。
... 昨日，郑州轨道交通2号线一期工程向阳路站举行了盾构始发仪式，首发的盾构机命名为“中原一号”，从向阳路站向南环路站掘进。这标志着地铁2号线正式进入盾构施工阶段。",2025-12-24
646,ZZM_CN_8fb8678a8374,zzmetro.cn,2011-12-21 15:38:00,2011-12-21 15:00:00,2011-12-21 管理用户 5674 公司领导到河南农业职业学院就1号线车辆段征迁问题洽商 12月21日上午，公司党委书记、董事长、总经理郭拥军，副总经理袁聚亮及建设分公司相关负责人，到河南农业职业学院就1号线车辆段征迁问题拜访学院领导，共同商讨解决问题的思路... 12月21日上午，公司党委书记、董事长、总经理郭拥军，副总经理袁聚亮及建设分公司相关负责人，到河南农业职业学院就1号线车辆段征迁,2025-12-24
647,ZZM_CN_7eae2e6f6eaf,zzmetro.cn,2011-12-19 13:51:00,2011-12-19 13:00:00,"2011-12-19 管理用户 5861 郑州市轨道交通1号线一期工程会展中心站～黄河东路站盾构区间顺利贯通 来源:郑州日报
    16日上午，在黄河东路站，右线盾构机顺利出洞，这是郑州市轨道交通1号线第16个盾构区间全线贯通。至此，地铁一号线盾构施工已完成近九成。
    会展中心站至黄河... 来源:郑州日报
    16日上午，在黄河东路站，右线盾构机顺利出洞，这是郑州市轨道交通1号线第1",2025-12-24
648,ZZM_CN_de39d90603ed,zzmetro.cn,2011-12-14 15:01:00,2011-12-14 15:00:00,2011-12-14 管理用户 7471 公司召开郑州市轨道交通2012年全面预算管理暨财务职能提升项目启动会 12月13日上午，郑州市轨道交通2012年全面预算管理暨财务职能提升项目启动会在公司小会议室召开。郑州市国资委副主任黄明坤，公司党委书记、董事长、总经理郭拥军，常务副... 12月13日上午，郑州市轨道交通2012年全面预算管理暨财务职能提升项目启动会在公司小会议室召开。郑州市国资委副主,2025-12-24
649,ZZM_CN_b5925c23838f,zzmetro.cn,2011-12-14 14:22:00,2011-12-14 14:00:00,2011-12-14 管理用户 7188 徐州市国有资产投资经营集团有限公司来郑州市轨道交通有限公司交流座谈 12月12日下午，徐州市国有资产投资经营集团有限公司党委书记、董事长李修明，党委副书记、副董事长、总经理李晓东及人事、工程管理、规划等部门负责人一行来我公司交流座... 12月12日下午，徐州市国有资产投资经营集团有限公司党委书记、董事长李修明，党委副书记、副董事长、总经理李晓东及人事、工,2025-12-24
650,ZZM_CN_d3f53ade75b8,zzmetro.cn,2011-12-14 12:27:00,2011-12-14 12:00:00,2011-12-14 管理用户 6704 国务院安委会督察组检查郑州市轨道交通工程建设安全生产管理 12月9日下午，以住房和城乡建设部质量安全司副司长曲琦为组长的国务院安全生产委员会办公室督察组一组，在省住房和城乡建设厅副厅长陈华平、郑州市副市长马健等陪同下，来... 12月9日下午，以住房和城乡建设部质量安全司副司长曲琦为组长的国务院安全生产委员会办公室督察组一组，在省住房和城乡建设厅副厅长陈华,2025-12-24
651,ZZM_CN_874ac47f02fd,zzmetro.cn,2011-12-08 15:43:00,2011-12-08 15:00:00,2011-12-08 管理用户 7072 市人大常委会副主任王旭彤、周长松率团视察轨道交通建设 郑州市轨道交通工程是民众关注的民生、民心工程，也是市政府为人民群众办理的“十大实事”之一。为进一步了解“十大实事”城建项目建设情况，12月8日上午，市人大常委会副主... 郑州市轨道交通工程是民众关注的民生、民心工程，也是市政府为人民群众办理的“十大实事”之一。为进一步了解“十大实事”城建项目建设情况，,2025-12-24
652,ZZM_CN_8034af12b05c,zzmetro.cn,2011-12-08 14:31:00,2011-12-08 14:00:00,2011-12-08 管理用户 7816 共建郑州轨道交通学院合作协议签订、揭牌仪式暨2012届订单班开班典礼在郑铁职院举行 12月7日上午，郑州铁路职业技术学院、郑州市轨道交通有限公司共建郑州轨道交通学院合作协议签订、揭牌仪式暨2012届订单班开班典礼在郑州铁路职业技术学院举行。郑州铁路... 12月7日上午，郑州铁路职业技术学院、郑州市轨道交通有限公司共建郑州轨道交通学院合作协议签订、揭牌仪式,2025-12-24
653,ZZM_CN_b943cdc113db,zzmetro.cn,2011-12-06 10:30:00,2011-12-06 10:00:00,2011-12-06 管理用户 7281 明年河南17市地实现公交一卡通 在郑州已经习惯使用公交卡的你，在外地坐公交时，手里没有零钱是不是很麻烦？到明年年底前这个问题就可以迎刃而解了。因为无论你是在河南哪个城市办的公交卡，都可以在河南省17... 在郑州已经习惯使用公交卡的你，在外地坐公交时，手里没有零钱是不是很麻烦？到明年年底前这个问题就可以迎刃而解了。因为无论你是在河南哪个城市办的公交卡，都可,2025-12-24
654,ZZM_CN_0752a21e4594,zzmetro.cn,2011-12-05 10:32:00,2011-12-05 10:00:00,2011-12-05 管理用户 5970 日夜兼程  多措并举   助力京港澳高速、郑开大道立交桥建设 京港澳高速、郑开大道互通式立交桥施工与地铁出入段线施工存在一定交叉区域，为保障立交桥施工顺利推进，郑州市轨道交通有限公司积极行动，加大投资，采用架设军便梁，采用盖挖逆... 京港澳高速、郑开大道互通式立交桥施工与地铁出入段线施工存在一定交叉区域，为保障立交桥施工顺利推进，郑州市轨道交通有限公司积,2025-12-24
655,ZZM_CN_13c359099ac3,zzmetro.cn,2011-11-30 13:58:00,2011-11-30 13:00:00,2011-11-30 管理用户 8061 郑州市轨道交通1号线一期工程主变电站及外部电源项目正式开工 11月30日上午，郑州市轨道交通1号线一期工程会展中心主变电站施工区内礼乐和鸣，彩旗飘飘，郑州市轨道交通1号线一期工程主变电站及外部电源项目开工仪式在这里隆重举行。主... 11月30日上午，郑州市轨道交通1号线一期工程会展中心主变电站施工区内礼乐和鸣，彩旗飘飘，郑州市轨道交通1号线一期工程主变电,2025-12-24
656,ZZM_CN_0c121d1aa88c,zzmetro.cn,2011-11-29 15:34:00,2011-11-29 15:00:00,"2011-11-29 管理用户 7031 世界银行中国郑州城市轨道项目预鉴别团一行莅临我市考察 来源：郑州日报
    昨日下午，我市举行座谈会，欢迎世界银行中国郑州城市轨道项目预鉴别团一行莅临我市考察。 
    市委副书记、代市长吴天君，市委常委、常务副市长胡荃，副市长张... 来源：郑州日报
    昨日下午，我市举行座谈会，欢迎世界银行中国郑州城市轨道项目预鉴别团一行莅临我市考察。",2025-12-24
657,ZZM_CN_5bc3202989cf,zzmetro.cn,2011-11-28 15:23:00,2011-11-28 15:00:00,2011-11-28 管理用户 7807 郑州市轨道交通1号线铺轨工程正式启动 11月26日上午，在中原东路站，随着大型龙门吊将铁轨缓缓放入地下二层，郑州市轨道交通1号线的铺轨工作全面展开，这标志着我市地铁建设进入了一个新阶段。    郑州市正市级领导... 11月26日上午，在中原东路站，随着大型龙门吊将铁轨缓缓放入地下二层，郑州市轨道交通1号线的铺轨工作全面展开，这标志着我市地铁建设进入了一个,2025-12-24
658,ZZM_CN_df6d817bcec6,zzmetro.cn,2011-11-09 11:51:00,2011-11-09 11:00:00,2011-11-09 管理用户 7596 河南省人民政府副省长赵建才一行莅临公司调研指导郑州轨道交通建设 11月7日下午，河南省人民政府副省长赵建才一行莅临郑州轨道交通1号线光大广场站和出入段线施工现场调研指导轨道交通建设。河南省办公厅副巡视员王梦飞、河南省建设厅副厅... 11月7日下午，河南省人民政府副省长赵建才一行莅临郑州轨道交通1号线光大广场站和出入段线施工现场调研指导轨道交通建设。河南省,2025-12-24
659,ZZM_CN_20abf25bf571,zzmetro.cn,2011-11-03 10:42:00,2011-11-03 10:00:00,2011-11-03 管理用户 7343 国家交通运输部部长李盛霖视察郑州市轨道交通工程建设 11月1日上午，国家交通运输部部长李盛霖在河南省省长郭庚茂、副省长张大卫，郑州市委书记连维良、副市长张建慧等的陪同下，到郑州市轨道交通工程综合交通枢纽西广场视察轨道... 11月1日上午，国家交通运输部部长李盛霖在河南省省长郭庚茂、副省长张大卫，郑州市委书记连维良、副市长张建慧等的陪同下，到郑州市轨道交通,2025-12-24
660,ZZM_CN_f36b08e40cea,zzmetro.cn,2011-10-31 10:34:00,2011-10-31 10:00:00,2011-10-31 管理用户 7902 郑州市轨道交通有限公司召开信息化建设规划专家评审会 10月25日下午，郑州市轨道交通有限公司在中煤商务会所贵宾会议室召开郑州市轨道交通有限公司信息化建设规划（以下简称|《规划》）专家评审会。会议邀请了来自北京、上海、天... 10月25日下午，郑州市轨道交通有限公司在中煤商务会所贵宾会议室召开郑州市轨道交通有限公司信息化建设规划（以下简称|《规划》）专家评,2025-12-24
661,ZZM_CN_af0d39ff0762,zzmetro.cn,2011-10-28 17:01:00,2011-10-28 17:00:00,2011-10-28 管理用户 7488 郑州市轨道交通有限公司开展2012届轨道交通专业订单生选拔工作 在公司领导的带领和指导下，经过人力资源部精心安排和组织，郑州市轨道交通有限公司在郑州铁路职业技术学院选拔并组建2012届轨道交通类专业的首批订单生的工作于10月26日早... 在公司领导的带领和指导下，经过人力资源部精心安排和组织，郑州市轨道交通有限公司在郑州铁路职业技术学院选拔并组建2012,2025-12-24
662,ZZM_CN_75b13b351662,zzmetro.cn,2011-10-21 11:22:00,2011-10-21 11:00:00,2011-10-21 管理用户 8130 首批员工培训班在北京地铁、南京地铁举行开班典礼 10月16日上午，郑州市轨道交通有限公司在南京地铁科技咨询有限公司和北京地铁运营一分公司分别举行了2011年运营员工培训班开班典礼，此举标志着郑州市轨道交通有限公司首批... 10月16日上午，郑州市轨道交通有限公司在南京地铁科技咨询有限公司和北京地铁运营一分公司分别举行了2011年运营员工培训班开班典礼，此,2025-12-24
663,ZZM_CN_5bc46450e95c,zzmetro.cn,2011-10-19 09:20:00,2011-10-19 09:00:00,2011-10-19 管理用户 7986 市人大常委会副主任刘全心一行视察地铁2号线向阳路站 10月13日上午，市人大常委会副主任刘全心带领市人大代表视察组视察地铁2号线向阳路站工程建设情况。市发改委主任蔡红、管城区人大副主任闫德本、管城区副区长郑向阳、市... 10月13日上午，市人大常委会副主任刘全心带领市人大代表视察组视察地铁2号线向阳路站工程建设情况。市发改委主任蔡红、管城区人大副主任闫德,2025-12-24
664,ZZM_CN_457d2cff8e93,zzmetro.cn,2011-10-08 16:53:00,2011-10-08 16:00:00,2011-10-08 管理用户 13713 郑州市轨道交通有限公司党委书记、董事长、总经理郭拥军节前检查1号线施工工地 9月30日下午，郑州市轨道交通有限公司党委书记、董事长、总经理郭拥军带领公司质量安全、建设、设计部门负责人，检查1号线工程建设及安全文明施工情况，现场协调解决工程建设... 9月30日下午，郑州市轨道交通有限公司党委书记、董事长、总经理郭拥军带领公司质量安全、建设、设计部门负责人,2025-12-24
665,ZZM_CN_de7f79193489,zzmetro.cn,2011-10-08 16:52:00,2011-10-08 16:00:00,2011-10-08 管理用户 6457 省政协调研组到郑州轨道1号线会展中心站调研 9月29日下午，省政协市级政协工作委员会主任董光峰带队的河南省政协赴郑调研城市轨道交通管理工作调研组，到1号线会展中心站参观调研。公司总工程师夏景辉，建设分公司负责人... 9月29日下午，省政协市级政协工作委员会主任董光峰带队的河南省政协赴郑调研城市轨道交通管理工作调研组，到1号线会展中心站参观调研。公司总工程,2025-12-24
666,ZZM_CN_eefbc2919064,zzmetro.cn,2011-09-29 12:54:00,2011-09-29 12:00:00,"2011-09-29 管理用户 6107 郑州新区管委会主任李公乐到综合交通枢纽西广场项目建设现场调研 9月21日下午，郑州新区管委会主任李公乐，到郑州市轨道交通综合交通枢纽西广场项目建设工地调研视察，公司党委副书记、常务副总经理张洲，置业公司负责人等陪同。
    李公乐一... 9月21日下午，郑州新区管委会主任李公乐，到郑州市轨道交通综合交通枢纽西广场项目建设工地调研视察，公司党委副书记、常",2025-12-24
667,ZZM_CN_e0fbaa87d4a5,zzmetro.cn,2011-09-29 12:53:00,2011-09-29 12:00:00,"2011-09-29 管理用户 8527 省建设厅刘洪涛厅长莅临1号线会展中心站调研郑州市轨道交通工程建设情况 9月16日下午，省住房和城乡建设厅党组书记、厅长刘洪涛，建设处处长魏琳,市建委主任陈新一行，莅临郑州市轨道交通1号线一期工程会展中心站进行实地调研，了解工程建设进展情况... 9月16日下午，省住房和城乡建设厅党组书记、厅长刘洪涛，建设处处长魏琳,市建委主任陈新一行，莅临郑州市轨道交通1",2025-12-24
668,ZZM_CN_b1a324cd0ac2,zzmetro.cn,2011-09-29 12:51:00,2011-09-29 12:00:00,2011-09-29 管理用户 7036 公司党委书记、董事长郭拥军一行作客新闻直播间 为加强与广大市民的沟通，增强社会各界对地铁建设的了解和支持，9月16日上午，公司党委书记、董事长、总经理郭拥军一行应邀来到郑州人民广播电台，走进新闻直播间，就市民所关心... 为加强与广大市民的沟通，增强社会各界对地铁建设的了解和支持，9月16日上午，公司党委书记、董事长、总经理郭拥军一行应邀来到郑州人民广播电,2025-12-24
669,ZZM_CN_ab46d388bb99,zzmetro.cn,2011-09-28 11:10:00,2011-09-28 11:00:00,"2011-09-28 管理用户 7845 郑州轨道交通出入口及风亭方案专家评审会召开 郑州轨道交通出入口及风亭方案专家评审会于2011年9月16日在郑州中都饭店召开，市规划局有关领导主持会议。
    郑州轨道交通出入口及风亭方案网上征集活动由郑州市规划... 郑州轨道交通出入口及风亭方案专家评审会于2011年9月16日在郑州中都饭店召开，市规划局有关领导主持会议。
    郑州轨道交通出入口及风",2025-12-24
670,ZZM_CN_6e94f529536a,zzmetro.cn,2011-07-22 15:00:00,2011-07-22 15:00:00,2011-07-22 管理用户 7703 省委常委、市委书记连维良调研指导轨道交通2号线主要站点规划设计工作 7月19日晚，省委常委、市委书记连维良带领市直建委、规划等有关部门负责人到轨道交通2号线一期工程东大街站、农业路站、北环路站、国基路站等重点交通工程现场调研指导站... 7月19日晚，省委常委、市委书记连维良带领市直建委、规划等有关部门负责人到轨道交通2号线一期工程东大街站、农业路站、北环,2025-12-24
671,ZZM_CN_3cf85cd380a6,zzmetro.cn,2011-07-22 14:54:00,2011-07-22 14:00:00,2011-07-22 管理用户 7713 轨道公司对郑州综合交通枢纽配套轨道交通再安排再部署 市领导对郑州综合交通枢纽配套轨道交通建设高度重视，7月3日，市委副书记、代市长吴天君在现场办公会上要求公司以会战的精神做好郑州综合交通枢纽配套轨道交通建设，确保9月... 市领导对郑州综合交通枢纽配套轨道交通建设高度重视，7月3日，市委副书记、代市长吴天君在现场办公会上要求公司以会战的精神做好郑州综合交通,2025-12-24
672,ZZM_CN_bf86ce1d54d7,zzmetro.cn,2011-07-22 14:51:00,2011-07-22 14:00:00,2011-07-22 管理用户 7688 郑州综合交通枢纽西广场土方开挖顺利完工 防汛压力基本解除 7月3日下午，市委副书记、代市长吴天君带领市直相关部门负责人，赴郑州综合交通枢纽工程现场办公，协调解决工程建设遇到的困难和问题。吴市长要求综合交通枢纽配套轨道... 7月3日下午，市委副书记、代市长吴天君带领市直相关部门负责人，赴郑州综合交通枢纽工程现场办公，协调解决工程建设遇到的困难和问题。吴市长,2025-12-24
673,ZZM_CN_96aa7b19260c,zzmetro.cn,2011-07-22 14:50:00,2011-07-22 14:00:00,2011-07-22 管理用户 7298 省委常委、市委书记连维良视察轨道交通工程防汛工作和施工进展 7月10日上午，省委常委、 市委书记连维良带领市直有关部门负责人到轨道交通工程1号线一期工程燕庄站、二七广场站施工现场视察防汛工作和工程建设施工情况。市委常委... 7月10日上午，省委常委、 市委书记连维良带领市直有关部门负责人到轨道交通工程1号线一期工程燕庄站、二七广场站施工现场视察防汛工作和,2025-12-24
674,ZZM_CN_cbdd9649d484,zzmetro.cn,2011-07-22 14:47:00,2011-07-22 14:00:00,2011-07-22 管理用户 7984 市领导检查指导轨道交通工程防汛工作 7月6日下午，市委常委、常务副市长胡荃带领市政府相关部门、市水务局等负责人冒雨来到轨道交通燕庄站施工现场，检查指导防汛工作。公司党委书记、董事长、总经理郭拥军... 7月6日下午，市委常委、常务副市长胡荃带领市政府相关部门、市水务局等负责人冒雨来到轨道交通燕庄站施工现场，检查指导防汛工作。公司党委书记、董事长、总经理郭拥,2025-12-24
675,ZZM_CN_28849a95b4b0,zzmetro.cn,2011-07-22 14:45:00,2011-07-22 14:00:00,"2011-07-22 管理用户 6304 市人大常委会副主任周长松一行检查轨道交通防汛工作 7月6日上午，市人大常委会副主任周长松带领市人大代表，到轨道交通1号线一期工程郑州大学站施工现场，检查指导防汛工作。公司党委副书记、副总经理袁聚亮陪同检查。
     20... 7月6日上午，市人大常委会副主任周长松带领市人大代表，到轨道交通1号线一期工程郑州大学站施工现场，检查指导防汛工作。公司党委副书",2025-12-24
676,ZZM_CN_5ee33b43a60b,zzmetro.cn,2011-07-01 10:07:00,2011-07-01 10:00:00,2011-07-01 管理用户 10261 中国银行河南省分行行长白树屏带队慰问轨道交通建设队伍 6月24日下午，中国银行河南省分行行长白树屏带领省分行中层负责同志共60多人，携带纯净水、饮料等慰问品，来到轨道交通1号线会展中心站，慰问奋战在轨道交通建设一线的轨道... 6月24日下午，中国银行河南省分行行长白树屏带领省分行中层负责同志共60多人，携带纯净水、饮料等慰问品，来到轨道交通1号线会展中,2025-12-24
677,ZZM_CN_4680a4791db0,zzmetro.cn,2011-07-01 10:02:00,2011-07-01 10:00:00,2011-07-01 管理用户 6451 市长助理赵武安带队检查轨道交通1号线工程建设进展 6月22日上午，郑州市市长助理赵武安在市政府副秘书长王鸿勋等的陪同下，带领市建委、市财政局、市市政管理执法局等相关单位负责人，到轨道交通1号线会展中心站、二七广场... 6月22日上午，郑州市市长助理赵武安在市政府副秘书长王鸿勋等的陪同下，带领市建委、市财政局、市市政管理执法局等相关单位负责人，到轨道交通1,2025-12-24
678,ZZM_CN_41e341b4471b,zzmetro.cn,2011-06-21 13:38:00,2011-06-21 13:00:00,2011-06-21 管理用户 7409 省委常委、市委书记连维良视察轨道交通建设工地 6月18日上午，省委常委、市委书记连维良在副市长张建慧等的陪同下，视察轨道交通2号线建设工地。郑州市轨道交通有限公司党委书记、董事长、总经理郭拥军，市纪委、市监察... 6月18日上午，省委常委、市委书记连维良在副市长张建慧等的陪同下，视察轨道交通2号线建设工地。郑州市轨道交通有限公司党委书记、董事长、总经理郭,2025-12-24
679,ZZM_CN_99dc780470eb,zzmetro.cn,2011-06-21 13:36:00,2011-06-21 13:00:00,2011-06-21 管理用户 8230 郑州市召开安全生产“四合一”现场会 6月16日，由郑州市建设委员会主办，由郑州市轨道交通有限公司、郑州市建设安全监督站承办，郑州市轨道交通1号线一期工程06标段施工单位——北京建工集团有限公司、郑州市... 6月16日，由郑州市建设委员会主办，由郑州市轨道交通有限公司、郑州市建设安全监督站承办，郑州市轨道交通1号线一期工程06标段施工单位——北京建工集团有,2025-12-24
680,ZZM_CN_735455a9220a,zzmetro.cn,2011-06-21 13:32:00,2011-06-21 13:00:00,2011-06-21 管理用户 8709 地铁开放日郑州市轨道交通有限公司邀请国资系统及市民代表参观地铁建设 为了普及地铁知识，提高大家对于地铁建设的关注度，倾听社会各界对地铁建设的建议、意见，更好地推进各项工作，郑州市轨道交通有限公司将广受欢迎的“市民看地铁”活动长期、固... 为了普及地铁知识，提高大家对于地铁建设的关注度，倾听社会各界对地铁建设的建议、意见，更好地推进各项工作，郑州市轨道交通,2025-12-24
681,ZZM_CN_5cf23f8ba5bd,zzmetro.cn,2011-06-14 14:14:00,2011-06-14 14:00:00,2011-06-14 管理用户 7696 郑州市轨道交通2号线一期工程交通疏解方案专家评审会获批 6月13日，郑州市轨道交通有限公司邀请国内及省内轨道交通、城市交通方面的专家，对郑州地铁2号线一期工程交通疏解方案进行评审。公司党委副书记、副总经理袁聚亮主持了... 6月13日，郑州市轨道交通有限公司邀请国内及省内轨道交通、城市交通方面的专家，对郑州地铁2号线一期工程交通疏解方案进行评审。公司党委副,2025-12-24
682,ZZM_CN_c85037896f81,zzmetro.cn,2011-06-14 14:14:00,2011-06-14 14:00:00,2011-06-14 管理用户 6698 市领导乔新国召开办公会解决1号线征迁等遗留问题 6月10日下午，郑州市正市级领导、郑州市轨道交通工程首席服务官乔新国，召集郑东新区及市工信委等有关单位负责人，在嵩山饭店召开现场办公会，解决1号线遗留问题。首席服务... 6月10日下午，郑州市正市级领导、郑州市轨道交通工程首席服务官乔新国，召集郑东新区及市工信委等有关单位负责人，在嵩山饭店召开现场办公会，解,2025-12-24
683,ZZM_CN_82ff4f66471b,zzmetro.cn,2011-06-03 15:33:00,2011-06-03 15:00:00,2011-06-03 管理用户 6940 市人防办主任张德印一行到综合交通枢纽西广场地下空间开发工程现场检查慰问 6月2日上午，郑州市人防办主任、市地下空间开发利用领导小组组长张德印，市政府办公厅副调研员、市地下空间开发利用领导小组副组长胡建国一行，携带大肉、粉条等慰问品，来到郑... 6月2日上午，郑州市人防办主任、市地下空间开发利用领导小组组长张德印，市政府办公厅副调研员、市地下空间开发利用领,2025-12-24
684,ZZM_CN_45eb6161c71a,zzmetro.cn,2011-06-03 15:32:00,2011-06-03 15:00:00,2011-06-03 管理用户 11879 郑州市轨道交通有限公司党委书记、总经理郭拥军检查1、2号线工程建设 5月26日、27日下午，郑州市轨道交通有限公司党委书记、总经理郭拥军到1号线体育中心站、综合交通枢纽站、民航路站、光大广场站、二七广场站、大学路站、桐柏路站和广播台... 5月26日、27日下午，郑州市轨道交通有限公司党委书记、总经理郭拥军到1号线体育中心站、综合交通枢纽站、民航路站、光,2025-12-24
685,ZZM_CN_6890c07f0746,zzmetro.cn,2011-05-27 09:21:00,2011-05-27 09:00:00,2011-05-27 管理用户 8615 市委驻轨道公司首席服务官乔新国查看1号线车辆段征迁工作进展情况 5月25日，市委、市政府驻郑州市轨道交通有限公司首席服务官、郑州市正市级领导乔新国在郑州市轨道交通有限公司公司党委书记、总经理郭拥军，市纪委、市监察局驻轨道公司特... 5月25日，市委、市政府驻郑州市轨道交通有限公司首席服务官、郑州市正市级领导乔新国在郑州市轨道交通有限公司公司党委书记、总经,2025-12-24
686,ZZM_CN_b8d9a5bc5ada,zzmetro.cn,2011-05-27 09:20:00,2011-05-27 09:00:00,2011-05-27 管理用户 9055 郑州市轨道交通有限公司举行 “五一杯”、“安康杯”表彰大会 为落实省委常委、市委书记连维良对公司提出的“注重安全、注重质量、注重进度、注重廉洁”的要求，研究部署下一阶段工作任务，表彰在2010年“五一杯”、“安康杯”竞赛... 为落实省委常委、市委书记连维良对公司提出的“注重安全、注重质量、注重进度、注重廉洁”的要求，研究部署下一阶段工作任务，表彰在201,2025-12-24
687,ZZM_CN_2ff007ceb7df,zzmetro.cn,2011-05-27 09:18:00,2011-05-27 09:00:00,2011-05-27 管理用户 8020 市领导乔新国召开办公会解决1号线征迁等遗留问题 5月19日下午，郑州市正市级领导、郑州市轨道交通工程首席服务官乔新国，召集金水区、二七区、中原区政府及市工信委等有关部门负责人，在嵩山饭店召开现场办公会，解决1号线遗... 5月19日下午，郑州市正市级领导、郑州市轨道交通工程首席服务官乔新国，召集金水区、二七区、中原区政府及市工信委等有关部门负责人，在嵩山饭,2025-12-24
688,ZZM_CN_0840ef13a984,zzmetro.cn,2011-05-27 09:18:00,2011-05-27 09:00:00,2011-05-27 管理用户 8302 张建慧副市长到轨道交通紫荆山站现场办公 5月19日，郑州市人民政府副市长张建慧带领市财政、规划等市直部门及金水区、管城区主管领导到轨道交通紫荆山站，现场办公协调解决制约轨道交通2号线一期工程进展的有关问... 5月19日，郑州市人民政府副市长张建慧带领市财政、规划等市直部门及金水区、管城区主管领导到轨道交通紫荆山站，现场办公协调解决制约轨道交通2号线一期工,2025-12-24
689,ZZM_CN_ff52240b0945,zzmetro.cn,2011-05-27 09:17:00,2011-05-27 09:00:00,"2011-05-27 管理用户 8535 市领导乔新国检查1号线遗留问题解决情况 5月18日下午、19日上午，郑州市正市级领导、郑州市轨道交通工程首席服务官乔新国，到郑州市轨道交通有限公司检查1号线遗留问题解决情况。
    乔新国担任市委驻轨道公司首... 5月18日下午、19日上午，郑州市正市级领导、郑州市轨道交通工程首席服务官乔新国，到郑州市轨道交通有限公司检查1号线遗留问题解决情况。",2025-12-24
690,ZZM_CN_300f9d3f0944,zzmetro.cn,2011-05-11 12:49:00,2011-05-11 12:00:00,"2011-05-11 管理用户 8816 市国资委副主任曹苏非一行到公司调研 5月5日上午，市国资委副主任曹苏非带领市国资委第一监事会主席牛长现、市国资委监事会主任科员陈国平到郑州市轨道
    交通有限公司调研郑州市轨道交通设计研究院有限公... 5月5日上午，市国资委副主任曹苏非带领市国资委第一监事会主席牛长现、市国资委监事会主任科员陈国平到郑州市轨道
    交通有限公司调研郑州市轨道交通设",2025-12-24
691,ZZM_CN_59509a4867a6,zzmetro.cn,2011-05-11 12:48:00,2011-05-11 12:00:00,2011-05-11 管理用户 8356 公司召开2011年一季度安委会会议暨平安建设工作会 5月4日下午，公司在小会议室召开了2011年一季度安委会会议暨平安建设工作会，公司副总经理袁聚亮、张洲，总工程师夏景辉，总经理助理祁秋芳、宋艺宏，以及安委会其他成员参加了会... 5月4日下午，公司在小会议室召开了2011年一季度安委会会议暨平安建设工作会，公司副总经理袁聚亮、张洲，总工程师夏景辉，总经理,2025-12-24
692,ZZM_CN_0621a969f279,zzmetro.cn,2011-05-11 11:55:00,2011-05-11 11:00:00,"2011-05-11 管理用户 9255 郑州市轨道交通有限公司和郑州市中心医院联合举办免费体检公益活动 温暖春天 关爱健康
——郑州市轨道交通有限公司和郑州市中心医院联合举办免费体检公益活动
 
为认真贯彻落实科学发展观，体现以人为本理念，促进社会和谐，充分表达对奋战在我市... 温暖春天 关爱健康
——郑州市轨道交通有限公司和郑州市中心医院联合举办免费体检公益活动
 
为认真贯彻落实科学发展观",2025-12-24
693,ZZM_CN_ec4da00219b6,zzmetro.cn,2011-05-11 11:53:00,2011-05-11 11:00:00,2011-05-11 管理用户 8844 “五一”劳动节 戴用堆等慰问参建单位 在“五一”国际劳动节到来之际，郑州市轨道交通有限公司党委书记、董事长戴用堆，携带水果、饮料等慰问品，来到1、2号线建设工地，亲切慰问节假日期间坚守岗位的劳动者，并就进一... 在“五一”国际劳动节到来之际，郑州市轨道交通有限公司党委书记、董事长戴用堆，携带水果、饮料等慰问品，来到1、2号线建设工地，亲切慰问节假日期间坚,2025-12-24
694,ZZM_CN_4c0255acd562,zzmetro.cn,2011-05-11 11:53:00,2011-05-11 11:00:00,2011-05-11 管理用户 8535 市领导乔新国查看1号线车辆段征迁工作进展情况 4月29日，市委、市政府驻郑州市轨道交通有限公司首席服务官、郑州市正市级领导乔新国在郑州市轨道交通有限公司党委书记、董事长戴用堆，市纪委、市监察局驻轨道公司特派员... 4月29日，市委、市政府驻郑州市轨道交通有限公司首席服务官、郑州市正市级领导乔新国在郑州市轨道交通有限公司党委书记、董事长戴用堆，市纪委、市监,2025-12-24
695,ZZM_CN_a7aeadfb7cbc,zzmetro.cn,2011-05-11 11:52:00,2011-05-11 11:00:00,2011-05-11 管理用户 19670 郑州市轨道交通设计研究院有限公司揭牌仪式隆重举行 4月28日上午，郑州市轨道交通设计研究院有限公司揭牌仪式在天地粤海酒店三楼多功能厅举行。省建设厅副厅长张德成、郑州市人民政府副市长张建慧、北京城建集团有限公司副... 4月28日上午，郑州市轨道交通设计研究院有限公司揭牌仪式在天地粤海酒店三楼多功能厅举行。省建设厅副厅长张德成、郑州市人民政府副市长张建慧、,2025-12-24
696,ZZM_CN_b86eaceeb7b5,zzmetro.cn,2011-05-11 11:50:00,2011-05-11 11:00:00,2011-05-11 管理用户 8019 公司党委书记、董事长戴用堆检查1号线工程建设 4月27日上午，郑州市轨道交通有限公司党委书记、董事长戴用堆到1号线光大广场站、综合交通枢纽站、体育中心站，了解工程建设情况，检查指导工作。市纪委、市监察局驻公司特派... 4月27日上午，郑州市轨道交通有限公司党委书记、董事长戴用堆到1号线光大广场站、综合交通枢纽站、体育中心站，了解工程建设情况，检查指导工作,2025-12-24
697,ZZM_CN_54a9eecdc5d4,zzmetro.cn,2011-05-11 11:44:00,2011-05-11 11:00:00,2011-05-11 管理用户 8570 公司召开质量安全专题会 2011年4月22下午，公司在建设分公司会议室召开了轨道交通工程建设质量安全专题会，重点组织学习了省委常委、市委书记连维良对轨道交通建设工程安全质量工作的重要批示。公... 2011年4月22下午，公司在建设分公司会议室召开了轨道交通工程建设质量安全专题会，重点组织学习了省委常委、市委书记连维良对轨道交通建设工程安全质量工作的重要批,2025-12-24
698,ZZM_CN_9bdfa4a13297,zzmetro.cn,2011-05-11 11:43:00,2011-05-11 11:00:00,2011-05-11 管理用户 8995 张建慧副市长到公司现场办公 4月20日，郑州市人民政府副市长张建慧带领市发改、财政、国土、城市管理、规划、园林、公安部门，金水区、管城区、二七区、中原区、郑东新区、高新区、经开区主管领导及供... 4月20日，郑州市人民政府副市长张建慧带领市发改、财政、国土、城市管理、规划、园林、公安部门，金水区、管城区、二七区、中原区、郑东新区、高新区、经开区主管领导及,2025-12-24
699,ZZM_CN_a6efc90f6f89,zzmetro.cn,2011-05-11 11:42:00,2011-05-11 11:00:00,"2011-05-11 管理用户 9746 中共郑州市委常委、统战部长王林贺到公司检查指导工作 4月19日下午，市委常委、统战部长王林贺到郑州市轨道交通有限公司检查指导工作。
    王林贺在公司听取了公司党委书记、董事长戴用堆就工程建设等情况的工作汇报。目前，1... 4月19日下午，市委常委、统战部长王林贺到郑州市轨道交通有限公司检查指导工作。
    王林贺在公司听取了公司党委书记、董事长戴用",2025-12-24
700,ZZM_CN_d8a6053875e5,zzmetro.cn,2011-05-11 11:42:00,2011-05-11 11:00:00,2011-05-11 管理用户 8886 公司与中央美术学院就全网装修概念设计中期成果召开座谈会 2011年4月19日下午，在奥园世贸大厦六楼召开了郑州轨道交通全网装修概念设计中期成果汇报及郑州文化名人座谈会。邀请参会的郑州文化名人有郑州文物局局长闫铁成、郑州社... 2011年4月19日下午，在奥园世贸大厦六楼召开了郑州轨道交通全网装修概念设计中期成果汇报及郑州文化名人座谈会。邀请参会的郑州文化,2025-12-24
701,ZZM_CN_6e48fe2770a5,zzmetro.cn,2011-05-11 11:40:00,2011-05-11 11:00:00,2011-05-11 管理用户 10292 郑州市轨道交通工程首席服务官乔新国召开专题会议协调解决有关问题 4月15日上午，郑州市正市级领导、郑州市轨道交通工程首席服务官乔新国在市政府主持召开专题会议，研究1号线工程建设遗留问题解决办法，向有关单位、有关部门明确时间节点。首... 4月15日上午，郑州市正市级领导、郑州市轨道交通工程首席服务官乔新国在市政府主持召开专题会议，研究1号线工程建设遗留问,2025-12-24
702,ZZM_CN_160b34833970,zzmetro.cn,2011-05-11 11:39:00,2011-05-11 11:00:00,2011-05-11 管理用户 9872 公司召开2011年第一季度安全工作讲评会 2011年4月14日下午，公司在郑州市轨道交通1号线一期工程02合同段项目经理部会议室召开了一季度安全工作讲评会，公司副总经理袁聚亮，质量安全总监崔天麟，质量安全监察部、建设... 2011年4月14日下午，公司在郑州市轨道交通1号线一期工程02合同段项目经理部会议室召开了一季度安全工作讲评会，公司副总经理袁聚亮，,2025-12-24
703,ZZM_CN_57f2258ae886,zzmetro.cn,2011-05-11 11:39:00,2011-05-11 11:00:00,2011-05-11 管理用户 9512 市政府金融办等有关单位到公司调研城际线项目资金筹措情况 4月13日上午，由市政府金融办主任张予红、副主任刘玉波，发改委、财政局、轨道办及国家开发银行、工商银行、招商银行、百瑞信托等金融机构负责同志组成的调研组一行到轨道... 4月13日上午，由市政府金融办主任张予红、副主任刘玉波，发改委、财政局、轨道办及国家开发银行、工商银行、招商银行、百瑞信托等金融机构,2025-12-24
704,ZZM_CN_bcf7c2c633d3,zzmetro.cn,2011-05-11 11:38:00,2011-05-11 11:00:00,2011-05-11 管理用户 9920 市政协主席李秀奇率部分政协委员视察轨道交通建设 4月12日，市政协主席李秀奇率市政协副主席党普选，市政协秘书长张桂兰等，到1号线郑州大学站、紫荆山站、燕庄站和郑州市轨道交通有限公司，视察轨道交通工程建设情况。市政府副... 4月12日，市政协主席李秀奇率市政协副主席党普选，市政协秘书长张桂兰等，到1号线郑州大学站、紫荆山站、燕庄站和郑州市轨道交通有限公司，,2025-12-24
705,ZZM_CN_a0d221352028,zzmetro.cn,2011-05-11 11:35:00,2011-05-11 11:00:00,"2011-05-11 管理用户 11617 公司党委书记、董事长戴用堆检查轨道交通1号线工程建设情况 4月8日，郑州市轨道交通有限公司党委书记、董事长戴用堆，到轨道交通1号线一期工程全线站点，检查工程进度、质量、安全、还路、拆迁、管线迁改等情况。
    目前，1号线一期工... 4月8日，郑州市轨道交通有限公司党委书记、董事长戴用堆，到轨道交通1号线一期工程全线站点，检查工程进度、质量、安全、还",2025-12-24
706,ZZM_CN_2ad683924c81,zzmetro.cn,2011-05-11 11:34:00,2011-05-11 11:00:00,2011-05-11 管理用户 13230 华为技术有限公司副总裁陈斌一行到公司进行交流座谈 4月8日上午，华为技术有限公司副总裁陈斌一行到郑州市轨道交通有限公司交流座谈。公司党委副书记、总经理郭拥军，副总经理马子彦，总工程师夏景辉，郑州地铁派出所所长魏建，总工... 4月8日上午，华为技术有限公司副总裁陈斌一行到郑州市轨道交通有限公司交流座谈。公司党委副书记、总经理郭拥军，副总经理马子彦，总工程,2025-12-24
707,ZZM_CN_a3621bad1309,zzmetro.cn,2011-05-11 11:34:00,2011-05-11 11:00:00,2011-05-11 管理用户 11022 市国资委监事会主席牛长现率检查组到公司进行集中检查 4月7日下午，郑州市国资委第一监事会主席牛长现带领检查组，到郑州市轨道交通有限公司就公司2010年度有关情况进行集中检查。公司党委书记、董事长戴用堆，党委副书记、总经理... 4月7日下午，郑州市国资委第一监事会主席牛长现带领检查组，到郑州市轨道交通有限公司就公司2010年度有关情况进行集中检查。公司党,2025-12-24
708,ZZM_CN_8683f6a9adb7,zzmetro.cn,2011-05-11 11:32:00,2011-05-11 11:00:00,"2011-05-11 管理用户 9719 郑州市老年诗词协会成员参观郑州地铁1号线建设 4月2日上午，原郑州市政协副主席王力健率领郑州市老年诗词协会成员一行十六人，到郑州地铁1号线工程建设现场参观。
    郑州市老年诗词协会成员，多为长期在郑州市工作的老领... 4月2日上午，原郑州市政协副主席王力健率领郑州市老年诗词协会成员一行十六人，到郑州地铁1号线工程建设现场参观。
    郑州市老年诗词",2025-12-24
709,ZZM_CN_8ea49413add8,zzmetro.cn,2011-05-11 11:31:00,2011-05-11 11:00:00,"2011-05-11 管理用户 10029 市政协主席李秀奇到公司调研 3月28日上午，市政协主席李秀奇在市政协调研室主任张英的陪同下，到郑州市轨道交通有限公司调研工程建设情况。
    公司党委书记、董事长戴用堆在办公室向李秀奇汇报了公司... 3月28日上午，市政协主席李秀奇在市政协调研室主任张英的陪同下，到郑州市轨道交通有限公司调研工程建设情况。
    公司党委书记、董事长戴用堆在办公室向",2025-12-24
710,ZZM_CN_a92ee6baf9e4,zzmetro.cn,2011-05-11 11:30:00,2011-05-11 11:00:00,2011-05-11 管理用户 8124 市领导乔新国到公司检查指导工作 3月28日下午，郑州市正市级领导乔新国在市委秘书四处处长冯锦岭的陪同下，到郑州市轨道交通有限公司检查指导工作，了解工程建设过程中遇到的问题，与公司领导共同研究具体解决... 3月28日下午，郑州市正市级领导乔新国在市委秘书四处处长冯锦岭的陪同下，到郑州市轨道交通有限公司检查指导工作，了解工程建设过程中遇到的问题，与公司领导共,2025-12-24
711,ZZM_CN_335c520241b3,zzmetro.cn,2011-05-11 11:29:00,2011-05-11 11:00:00,2011-05-11 管理用户 9907 郑州市政府召开郑州市轨道交通2号线一期工程征地拆迁动员大会 为总结轨道交通工程自开工以来征迁工作所取得的成绩和经验，明确2号线一期工程建设的工作任务和责任，激励全市广大征迁工作者进一步统一思想，提高认识，抢抓机遇，齐心合力，团结... 为总结轨道交通工程自开工以来征迁工作所取得的成绩和经验，明确2号线一期工程建设的工作任务和责任，激励全市广大征迁工作者进一,2025-12-24
712,ZZM_CN_bb8a6da5c31e,zzmetro.cn,2011-05-11 11:25:00,2011-05-11 11:00:00,2011-05-11 管理用户 10148 省人民检察院检察长蔡宁莅临轨道公司调研 3月22日，省人民检察院党组书记、检察长蔡宁莅临郑州市轨道交通有限公司，调研轨道交通工程建设及预防职务犯罪工作。市委常委、政法委书记高建慧，市人民检察院党组书记、检... 3月22日，省人民检察院党组书记、检察长蔡宁莅临郑州市轨道交通有限公司，调研轨道交通工程建设及预防职务犯罪工作。市委常委、政法委书记高建慧，市人,2025-12-24
713,ZZM_CN_972364b79a64,zzmetro.cn,2011-05-11 11:25:00,2011-05-11 11:00:00,2011-05-11 管理用户 9980 公司召开1号线工程建设专题会 为又好又快推进1号线工程建设，调动各方面的积极性，确保实现2011年投资目标和工程建设目标，3月22日下午，公司在会议室召开1号线工程建设专题会，听取1号线工程建设情况汇报，研究... 为又好又快推进1号线工程建设，调动各方面的积极性，确保实现2011年投资目标和工程建设目标，3月22日下午，公司在会议室召开1号线工程建设专题,2025-12-24
714,ZZM_CN_1939163de85f,zzmetro.cn,2011-05-11 11:24:00,2011-05-11 11:00:00,2011-05-11 管理用户 10940 戴用堆董事长检查1号线工程建设工作 3月21日上午，郑州市轨道交通有限公司党委书记、董事长戴用堆带领公司建设管理部门负责人，到轨道交通1号线光大广场站、民航路站、黄河东路站、农业东路站，检查工程进度及还... 3月21日上午，郑州市轨道交通有限公司党委书记、董事长戴用堆带领公司建设管理部门负责人，到轨道交通1号线光大广场站、民航路站、黄河东路站、农业东路,2025-12-24
715,ZZM_CN_7a727cb34473,zzmetro.cn,2011-05-11 11:24:00,2011-05-11 11:00:00,2011-05-11 管理用户 9494 公司举办轨道交通建设工程安全风险管理高端培训会 为更好地应对郑州轨道交通建设工程的安全风险，全面提升安全风险管理水平，3月19日，在保险经纪人和保险人的协助下，公司邀请北京城建设计总院有限公司总工程师杨秀仁先生，举办... 为更好地应对郑州轨道交通建设工程的安全风险，全面提升安全风险管理水平，3月19日，在保险经纪人和保险人的协助下，公司邀请北京城建设计总,2025-12-24
716,ZZM_CN_a7d93e6e6d9b,zzmetro.cn,2011-05-11 11:22:00,2011-05-11 11:00:00,2011-05-11 管理用户 13867 公司党委书记、董事长戴用堆检查1、2号线工程建设 3月16日，郑州市轨道交通有限公司党委书记、董事长戴用堆带领设计、征迁、建设、督查部门负责人，来到1、2号线施工工地，检查工程建设等情况。公司副总经理、建设分公司经理... 3月16日，郑州市轨道交通有限公司党委书记、董事长戴用堆带领设计、征迁、建设、督查部门负责人，来到1、2号线施工工地，检查工程建设等,2025-12-24
717,ZZM_CN_741d25d99f9f,zzmetro.cn,2011-05-11 11:21:00,2011-05-11 11:00:00,2011-05-11 管理用户 10381 南车株洲电力机车有限公司到公司交流座谈 3月15日上午，南车株洲电力机车有限公司执行董事、总经理徐宗祥，副总经理陈又专、副总工程师杨颖、副总经济师单勇、陈成等一行来郑州市轨道交通有限公司交流座谈。公司党... 3月15日上午，南车株洲电力机车有限公司执行董事、总经理徐宗祥，副总经理陈又专、副总工程师杨颖、副总经济师单勇、陈成等一行来郑州市轨道交通有限公司,2025-12-24
718,ZZM_CN_62283e78c3d8,zzmetro.cn,2011-05-11 11:18:00,2011-05-11 11:00:00,2011-05-11 管理用户 11453 公司总经理郭拥军带队检查1号线工程建设情况 3月11日下午，郑州市轨道交通有限公司党委副书记、总经理郭拥军带领工程建设、征迁、质量安全、督察考评等部门负责人，来到1号线农业东路站、黄河东路站、民航路站、光大广... 3月11日下午，郑州市轨道交通有限公司党委副书记、总经理郭拥军带领工程建设、征迁、质量安全、督察考评等部门负责人，来到1号线农业东路站、黄河,2025-12-24
719,ZZM_CN_fcffa0bda05c,zzmetro.cn,2011-03-10 16:02:00,2011-03-10 16:00:00,2011-03-10 管理用户 10491 省人大常委会副主任张程锋率队视察郑州市轨道交通工程1号线西三环站 3月8日上午，河南省人大常委会副主任张程锋带领省人大常委会调研组到郑州市轨道交通1号线西三环站，深入了解郑州市轨道交通工程规划、建设情况，对工程建设提出具体要求。省... 3月8日上午，河南省人大常委会副主任张程锋带领省人大常委会调研组到郑州市轨道交通1号线西三环站，深入了解郑州市轨道交通,2025-12-24
720,ZZM_CN_c61f4191d717,zzmetro.cn,2011-03-10 16:01:00,2011-03-10 16:00:00,2011-03-10 管理用户 10031 上海申通地铁集团前总裁朱沪生到公司交流座谈 3月4日上午，上海申通地铁集团前总裁朱沪生在公司副总工程师崔天麟的陪同下参观考察1号线建设工地，先后考察了市体育馆站、二七广场站、紫荆山站、光大广场站和民航路站，朱... 3月4日上午，上海申通地铁集团前总裁朱沪生在公司副总工程师崔天麟的陪同下参观考察1号线建设工地，先后考察了市体育馆站、二七广场站、紫荆山站、,2025-12-24
721,ZZM_CN_82a875f80131,zzmetro.cn,2011-03-10 16:01:00,2011-03-10 16:00:00,"2011-03-10 管理用户 10915 市领导乔新国到郑州市轨道交通有限公司调研 3月3日上午，郑州市正市级领导乔新国在市重点项目办公室副主任吕明体的陪同下，到郑州市轨道交通有限公司调研。

    公司党委书记、董事长戴用堆向乔新国汇报了郑州市轨道... 3月3日上午，郑州市正市级领导乔新国在市重点项目办公室副主任吕明体的陪同下，到郑州市轨道交通有限公司调研。

    公司党委书记、董事长",2025-12-24
722,ZZM_CN_f520ee63014d,zzmetro.cn,2011-03-10 16:00:00,2011-03-10 16:00:00,2011-03-10 管理用户 10275 公司召开专题会议安排部署设备物资和运营筹备工作 3月1日上午，郑州市轨道交通有限公司在小会议室召开专题会议，安排部署设备物资和运营筹备工作。公司党委书记、董事长戴用堆，党委副书记、总经理郭拥军，市纪委、市监察局驻公... 3月1日上午，郑州市轨道交通有限公司在小会议室召开专题会议，安排部署设备物资和运营筹备工作。公司党委书记、董事长戴用堆，党委副书记、总,2025-12-24
723,ZZM_CN_e40e84bfd95f,zzmetro.cn,2011-03-10 15:59:00,2011-03-10 15:00:00,2011-03-10 管理用户 10504 公司召开2011年设计工作专题会议 为进一步推动郑州市轨道交通工程设计工作更好进展、提升，郑州市轨道交通有限公司设计管理单位——总工程师办公室搬入设计中心——奥园世贸大厦六楼，靠前指挥，强化管理。2... 为进一步推动郑州市轨道交通工程设计工作更好进展、提升，郑州市轨道交通有限公司设计管理单位——总工程师办公室搬入设计中心——奥园世贸大厦六楼，靠前指挥，,2025-12-24
724,ZZM_CN_63b596e94608,zzmetro.cn,2011-03-10 15:58:00,2011-03-10 15:00:00,2011-03-10 管理用户 11550 公司党委书记、董事长戴用堆检查2号线施工单位进场情况 2月26日，郑州市轨道交通有限公司党委书记、董事长戴用堆带领建设分公司负责人，到郑州市轨道交通2号线一期工程广播台站、新龙路站、北环路站、帆布厂街站，实地了解2号线施... 2月26日，郑州市轨道交通有限公司党委书记、董事长戴用堆带领建设分公司负责人，到郑州市轨道交通2号线一期工程广播台站、新龙路站、,2025-12-24
725,ZZM_CN_b4d4786b9d28,zzmetro.cn,2011-03-10 15:57:00,2011-03-10 15:00:00,2011-03-10 管理用户 13481 河南省住房和城乡建设厅建筑管理处副处长李新和一行到公司考察指导轨道交通专家库建立工作 2月24日上午，河南省住房和城乡建设厅建筑管理处副处长李新和、郑州市城乡建设委员会工程招投标监管处处长郭丽娴一行5人到郑州市轨道交通有限公司考察指导轨道交通专家库... 2月24日上午，河南省住房和城乡建设厅建筑管理处副处长李新和、郑州市城乡建设委员会工程招投标监管处处,2025-12-24
726,ZZM_CN_15d04fb26477,zzmetro.cn,2011-03-10 15:56:00,2011-03-10 15:00:00,"2011-03-10 管理用户 11510 郑州市轨道交通建设分公司揭牌 郑州市轨道交通建设分公司揭牌
——公司领导参加揭牌仪式并对建设分公司的组建工作调研
    为又好又快推动2011年及其后阶段郑州市轨道交通建设事业发展，根据公司工作任务的... 郑州市轨道交通建设分公司揭牌
——公司领导参加揭牌仪式并对建设分公司的组建工作调研
    为又好又快推动2011年及其后阶段郑州市轨道交通建设事",2025-12-24
727,ZZM_CN_231b2a7ff3b9,zzmetro.cn,2011-03-10 15:52:00,2011-03-10 15:00:00,2011-03-10 管理用户 10037 赵建才市长春节前慰问郑州市轨道交通工程参建队伍 在中华民族的传统节日春节即将到来之时，1月31日下午，郑州市市长赵建才在副市长张建慧、副秘书长陈新等的陪同下，携带大肉、粉条、食用油、大米等慰问品，来到轨道交通1号线施... 在中华民族的传统节日春节即将到来之时，1月31日下午，郑州市市长赵建才在副市长张建慧、副秘书长陈新等的陪同下，携带大肉、粉条、食用油,2025-12-24
728,ZZM_CN_cb59eb53fee4,zzmetro.cn,2011-01-28 16:11:00,2011-01-28 16:00:00,2011-01-28 管理用户 10278 董事长戴用堆检查节前安全生产及农民工工资发放情况 1月27日上午，郑州市轨道交通有限公司党委书记、董事长戴用堆带领公司项目部、质量安全部门负责人，到1号线市体育馆站、二七广场站、中原东路站及郑州市轨道交通工程管片生... 1月27日上午，郑州市轨道交通有限公司党委书记、董事长戴用堆带领公司项目部、质量安全部门负责人，到1号线市体育馆站、二七广场站、中原东,2025-12-24
729,ZZM_CN_c197688a61c4,zzmetro.cn,2011-01-28 16:09:00,2011-01-28 16:00:00,2011-01-28 管理用户 15769 郑州市公安局地铁派出所揭牌仪式举行 1月26日上午，郑州市公安局地铁派出所揭牌仪式在郑州市轨道交通有限公司院内隆重举行。郑州市轨道交通有限公司党委书记、董事长戴用堆，党委副书记、总经理郭拥军，市纪委、... 1月26日上午，郑州市公安局地铁派出所揭牌仪式在郑州市轨道交通有限公司院内隆重举行。郑州市轨道交通有限公司党委书记、董事长戴用堆，党委副书记、总经理,2025-12-24
730,ZZM_CN_dc0af7e895fa,zzmetro.cn,2011-01-28 16:05:00,2011-01-28 16:00:00,2011-01-28 管理用户 10349 河南省轨道交通产业技术创新战略联盟首届理事会圆满举行 1月25日下午，河南省轨道交通产业技术创新战略联盟首届理事会在郑州市轨道交通有限公司举行。河南省科技厅高新处副处长陶曼晞，郑州市科技局党委副书记、常务副局长苗晋琦，... 1月25日下午，河南省轨道交通产业技术创新战略联盟首届理事会在郑州市轨道交通有限公司举行。河南省科技厅高新处副处长陶曼晞，郑州市科,2025-12-24
731,ZZM_CN_c0e4ce399cac,zzmetro.cn,2011-01-28 16:02:00,2011-01-28 16:00:00,2011-01-28 管理用户 12413 公司举行2号线一期工程管线迁改工作座谈会 1月21日上午，郑州市轨道交通有限公司在花园映象酒店会议厅举行2号线一期工程管线迁改工作座谈会。市规划局副局长金建平，管线处处长鲁国军及各管线产权单位负责人，市检察院... 1月21日上午，郑州市轨道交通有限公司在花园映象酒店会议厅举行2号线一期工程管线迁改工作座谈会。市规划局副局长金建平，管线处处长鲁国军及各管,2025-12-24
732,ZZM_CN_933e316a5a68,zzmetro.cn,2011-01-20 15:11:00,2011-01-20 15:00:00,"2011-01-20 管理用户 10582 郑州市轨道交通1号线一期工程车辆及牵引系统采购项目签约 公司举行郑州市轨道交通1号线一期工程车辆及牵引系统采购项目签约仪式
    1月18日下午，郑州市轨道交通1号线一期工程车辆及牵引系统采购项目签约仪式在裕达国贸酒店隆重举行... 公司举行郑州市轨道交通1号线一期工程车辆及牵引系统采购项目签约仪式
    1月18日下午，郑州市轨道交通1号线一期工程",2025-12-24
733,ZZM_CN_ab4a9a5bee46,zzmetro.cn,2011-01-20 15:10:00,2011-01-20 15:00:00,2011-01-20 管理用户 10644 郑州轨道交通工程2010年第四季度承包企业法人代表巡视活动顺利举行 1月18日，由郑州市轨道交通有限公司组织的郑州轨道交通工程2010年第四季度承包企业法人代表巡视活动在郑州圆满举行。郑州市轨道交通工程48家参建单位负责人通过实地查看... 1月18日，由郑州市轨道交通有限公司组织的郑州轨道交通工程2010年第四季度承包企业法人代表巡视活动在郑州圆满举行,2025-12-24
734,ZZM_CN_e9932e2cfb04,zzmetro.cn,2011-01-20 15:09:00,2011-01-20 15:00:00,2011-01-20 管理用户 10586 市审计局副局长马志峰一行到公司检查指导工作 1月13日上午，郑州市审计局副局长马志峰带领市审计局投资处负责人及工作人员到郑州市轨道交通有限公司了解工程进展情况、检查指导审计工作。公司党委副书记、总经理郭拥... 1月13日上午，郑州市审计局副局长马志峰带领市审计局投资处负责人及工作人员到郑州市轨道交通有限公司了解工程进展情况、检查指导审计工作。公司党委副,2025-12-24
735,ZZM_CN_425018fd42b5,zzmetro.cn,2011-01-17 10:29:00,2011-01-17 10:00:00,"2011-01-17 管理用户 10098 市委书记连维良调研轨道交通工程建设 1月5日上午，市委书记连维良带领市直有关部门负责同志调研1号线未来路站工程建设前期工作。副市长张建慧等陪同调研。
    连维良一行仔细了解了未来路站工程建设前期征迁... 1月5日上午，市委书记连维良带领市直有关部门负责同志调研1号线未来路站工程建设前期工作。副市长张建慧等陪同调研。
    连维良一行仔细了解了未来",2025-12-24
736,ZZM_CN_0bc9e656c714,zzmetro.cn,2011-01-17 10:24:00,2011-01-17 10:00:00,2011-01-17 管理用户 10223 公司举行轨道交通工程建设应急演练 郑州市轨道交通工程自开工以来，郑州市轨道交通有限公司坚持“决策依据科学，指挥符合规律”、“质量第一、安全先行”、“时间服从质量、进度确保安全”、“质量决定生存... 郑州市轨道交通工程自开工以来，郑州市轨道交通有限公司坚持“决策依据科学，指挥符合规律”、“质量第一、安全先行”、“时间服从质量、进度确保安全”、“质量决定生,2025-12-24
737,ZZM_CN_e89241a55bf2,zzmetro.cn,2011-01-17 10:18:00,2011-01-17 10:00:00,2011-01-17 管理用户 10417 公司领导检查1号线部分站点还路于民及文明施工工作 12月28日下午，郑州市轨道交通有限公司党委书记、董事长戴用堆带领公司建设管理部门负责人，到1号线凯旋路站、秦岭路站、桐柏路站、市体育馆站、农业东路站，检查1号线还路于... 12月28日下午，郑州市轨道交通有限公司党委书记、董事长戴用堆带领公司建设管理部门负责人，到1号线凯旋路站、秦岭路站、桐柏路站、市,2025-12-24
738,ZZM_CN_b50f96d17657,zzmetro.cn,2011-01-17 10:16:00,2011-01-17 10:00:00,2011-01-17 管理用户 10322 郑州市城乡建设委员会工程招投标监管处郭丽娴处长一行到公司指导招标工作 12月23日下午，郑州市城乡建设委员会工程招投标监管处郭丽娴处长一行5人到郑州市轨道交通有限公司指导招标工作。公司党委副书记、总经理郭拥军，市纪委、市监察局特派员张... 12月23日下午，郑州市城乡建设委员会工程招投标监管处郭丽娴处长一行5人到郑州市轨道交通有限公司指导招标工作。公司,2025-12-24
739,ZZM_CN_ddd1f9724904,zzmetro.cn,2011-01-17 10:14:00,2011-01-17 10:00:00,2011-01-17 管理用户 10058 公司召开郑州市综合交通枢纽西广场地下空间开发设计方案工作会议 12月23日上午，郑州市轨道交通有限公司在公司小会议室召开郑州市综合交通枢纽西广场地下空间开发设计方案工作会议。公司党委副书记、总经理郭拥军，副总经理张洲，总工程师夏... 12月23日上午，郑州市轨道交通有限公司在公司小会议室召开郑州市综合交通枢纽西广场地下空间开发设计方案工作会议。公司党委,2025-12-24
740,ZZM_CN_fe210f193d0d,zzmetro.cn,2010-12-29 11:34:00,2010-12-29 11:00:00,"2010-12-29 管理用户 11425 郑州市轨道交通2号线一期工程顺利开工 “十”字型轨道交通架构助力中原经济区核心增长极建设
—郑州市轨道交通2号线一期工程顺利开工
    冬日的省会郑州，寒气袭人；地铁开工仪式装点下的紫荆山公园，喜气洋洋。12月2... “十”字型轨道交通架构助力中原经济区核心增长极建设
—郑州市轨道交通2号线一期工程顺利开工
    冬日的省会郑州，寒气袭人；地铁开工",2025-12-24
741,ZZM_CN_d05b651df386,zzmetro.cn,2010-12-29 11:01:00,2010-12-29 11:00:00,2010-12-29 管理用户 11409 郑州市轨道交通2号线一期工程土建施工总承包合同签约 在省市党委政府的正确领导和省市直有关部门的大力支持下，经过中国中铁股份有限公司与郑州市轨道交通有限公司共同努力，12月28日上午，2号线一期工程施工总承包合同在中州假... 在省市党委政府的正确领导和省市直有关部门的大力支持下，经过中国中铁股份有限公司与郑州市轨道交通有限公司共同努力，12月28日上午，,2025-12-24
742,ZZM_CN_2eb3d7fcb2cd,zzmetro.cn,2010-12-29 10:35:00,2010-12-29 10:00:00,2010-12-29 管理用户 9819 华北水利水电学院师生慰问轨道交通建设队伍 郑州市轨道交通工程作为一项民生工程、德政工程，自2009年6月开工以来，在社会各界的广泛支持下，各项工作得到了又好又快发展。民生工程人民爱，12月22日是农历冬至，为表达对轨... 郑州市轨道交通工程作为一项民生工程、德政工程，自2009年6月开工以来，在社会各界的广泛支持下，各项工作得到了又好又快发展。民生工程人,2025-12-24
743,ZZM_CN_5909c542b659,zzmetro.cn,2010-12-23 08:01:00,2010-12-23 08:00:00,2010-12-23 管理用户 10941 公司召开专题会议研究部署1号线一期工程总体工程筹划工作 工程筹划是对工程建设进行全面筹划的指导性文件，主要框架结构由工程概况及特点、工程建设总工期、分部分项工程进度计划、施工组织设计意见、工程招标及采购、工程监理、... 工程筹划是对工程建设进行全面筹划的指导性文件，主要框架结构由工程概况及特点、工程建设总工期、分部分项工程进度计划、施工组织设计意见、工,2025-12-24
744,ZZM_CN_174cec803b88,zzmetro.cn,2010-12-23 07:46:00,2010-12-23 07:00:00,"2010-12-23 管理用户 10047 贯彻落实连维良书记七点指示精神又好又快推进工程建设 轨道公司召开领导班子专题会贯彻落实连维良书记
在全市第十六次重大项目推进会上的讲话精神
 
    12月15日，市委书记连维良在全市第十六次重大项目推进会上，对我市轨道交通建... 轨道公司召开领导班子专题会贯彻落实连维良书记
在全市第十六次重大项目推进会上的讲话精神
 
    12月15日，市委书",2025-12-24
745,ZZM_CN_3a3dd8a5572d,zzmetro.cn,2010-12-23 07:44:00,2010-12-23 07:00:00,2010-12-23 管理用户 10173 市政协主席李秀奇察看轨道交通建设工程 12月14日上午，市政协主席李秀奇带领部分市政协委员察看地铁1号线中原东路站工程建设及交通疏解情况。李秀奇要求：在地铁建设过程中，要充分借鉴外地先进经验，保质量安全，促工... 12月14日上午，市政协主席李秀奇带领部分市政协委员察看地铁1号线中原东路站工程建设及交通疏解情况。李秀奇要求：在地铁建设过程中，要充分借鉴,2025-12-24
746,ZZM_CN_ee7d42c45185,zzmetro.cn,2010-12-23 07:42:00,2010-12-23 07:00:00,2010-12-23 管理用户 8407 推动党建联建工作 深化“创先争优”活动 12月9日，郑州市轨道交通有限公司与上海隧道股份公司在郑州轨道交通1号线04标项目部召开郑州轨道交通“创先争优”活动党建联建暨盾构进场座谈会。郑州市纪委、市监察局驻... 12月9日，郑州市轨道交通有限公司与上海隧道股份公司在郑州轨道交通1号线04标项目部召开郑州轨道交通“创先争优”活动党建联建暨盾构进场座谈会。郑州,2025-12-24
747,ZZM_CN_0ff7131adce6,zzmetro.cn,2010-12-23 07:39:00,2010-12-23 07:00:00,2010-12-23 管理用户 11270 轨道交通1号线“郑州15号”盾构机成功始发 12月9日上午，“郑州15号”盾构机始发仪式在1号线市体育中心站隆重举行，这是郑州轨道交通1号线进入盾构施工的第10条区间隧道。郑州市人民检察院检察长杨祖伟，郑州市轨道交... 12月9日上午，“郑州15号”盾构机始发仪式在1号线市体育中心站隆重举行，这是郑州轨道交通1号线进入盾构施工的第10条区间隧道。郑州市,2025-12-24
748,ZZM_CN_f08d9f28e57a,zzmetro.cn,2010-12-21 09:06:00,2010-12-21 09:00:00,2010-12-21 管理用户 10265 驻洛阳全国和省十一届人大代表到郑州轨道交通工程1号线体育中心站视察指导工作 12月3日上午，驻洛阳全国和省十一届人大代表到郑州市轨道交通1号线体育中心站，视察工程建设情况。郑州市人大常委会主任白红战、副主任王旭彤，郑州市人民政府副市长赵瑞东、... 12月3日上午，驻洛阳全国和省十一届人大代表到郑州市轨道交通1号线体育中心站，视察工程建设情况。郑州市人大,2025-12-24
749,ZZM_CN_71c85a95f441,zzmetro.cn,2010-12-21 09:02:00,2010-12-21 09:00:00,"2010-12-21 管理用户 12301 公司党委书记、董事长戴用堆检查轨道交通文明施工情况 12月2日上午，郑州市轨道交通有限公司党委书记、董事长戴用堆带领公司建设管理、质量安全管理及项目部负责人，到轨道交通1号线市体育中心站检查文明施工情况。

    市体育... 12月2日上午，郑州市轨道交通有限公司党委书记、董事长戴用堆带领公司建设管理、质量安全管理及项目部负责人，到轨道交通1号线市体",2025-12-24
750,ZZM_CN_960e1e8a1f8e,zzmetro.cn,2010-12-21 09:00:00,2010-12-21 09:00:00,2010-12-21 管理用户 10364 公司举行2号线一期土建工程进场监理人员培训班开班仪式 12月1日上午，郑州市轨道交通有限公司在2号线项目部举行进场监理人员培训班开班仪式。公司党委书记、董事长戴用堆，党委副书记、总经理郭拥军，市纪委、市监察局驻公司特派员... 12月1日上午，郑州市轨道交通有限公司在2号线项目部举行进场监理人员培训班开班仪式。公司党委书记、董事长戴用堆，党委副书记、总经,2025-12-24
751,ZZM_CN_871e8a27f44f,zzmetro.cn,2010-12-01 08:58:00,2010-12-01 08:00:00,2010-12-01 管理用户 10430 中央组织部副部长张纪南视察郑州市轨道交通建设 12月1日下午，中央组织部副部长张纪南在中共河南省委副书记、组织部部长叶冬松，中共郑州市委副书记、市长赵建才，市委常委、组织部长姚待献，副市长张建慧等的陪同下，到1号线黄... 12月1日下午，中央组织部副部长张纪南在中共河南省委副书记、组织部部长叶冬松，中共郑州市委副书记、市长赵建才，市委常委、组织部长姚待,2025-12-24
752,ZZM_CN_c4c0dfae3ef0,zzmetro.cn,2010-12-01 08:55:00,2010-12-01 08:00:00,2010-12-01 管理用户 17226 中共河南省纪委常务副书记、省监察厅厅长王流章考察郑州市轨道交通建设工作 11月30日上午，中共河南省纪委常务副书记、省监察厅厅长王流章，省纪委常委、省监察厅副厅长郭锝昌在市纪委书记王璋、省纪委效能监察室主任刘长青、市监察局副局长李留宪、... 11月30日上午，中共河南省纪委常务副书记、省监察厅厅长王流章，省纪委常委、省监察厅副厅长郭锝昌在市纪委书记王璋,2025-12-24
753,ZZM_CN_dcc3349d2085,zzmetro.cn,2010-11-30 10:07:00,2010-11-30 10:00:00,2010-11-30 管理用户 11205 公司召开人文地铁建设座谈会 为进一步推动郑州“精品地铁、科技地铁、人文地铁、平安地铁、环保地铁”建设，11月26日上午，郑州市轨道交通有限公司组织公司设计管理部门及1号线各设计单位负责人在公司... 为进一步推动郑州“精品地铁、科技地铁、人文地铁、平安地铁、环保地铁”建设，11月26日上午，郑州市轨道交通有限公司组织公司设计管理部门及1号线各设计单位负责,2025-12-24
754,ZZM_CN_703cbcb0257f,zzmetro.cn,2010-11-30 09:59:00,2010-11-30 09:00:00,2010-11-30 管理用户 13438 许继集团总裁李富生一行到公司进行交流座谈 11月24日下午，许继集团有限公司总裁李富生、副总裁陈骏行到郑州市轨道交通有限公司交流座谈。公司党委书记、董事长戴用堆，副总经理马子彦，设备物资部负责人参加了交流会。... 11月24日下午，许继集团有限公司总裁李富生、副总裁陈骏行到郑州市轨道交通有限公司交流座谈。公司党委书记、董事长戴用堆，副总经理马子彦，设备,2025-12-24
755,ZZM_CN_3a63dca3dfb9,zzmetro.cn,2010-11-25 13:20:00,2010-11-25 13:00:00,2010-11-25 管理用户 10961 公司举行1号线一期工程参建单位造价人员专题工作会议 11月22日上午，郑州市轨道交通1号线一期工程参建单位造价人员专题工作会议在公司大会议室举行。市纪委、市监察局驻公司特派员张军，合约法规部、1号线项目部有关负责同志和... 11月22日上午，郑州市轨道交通1号线一期工程参建单位造价人员专题工作会议在公司大会议室举行。市纪委、市监察局驻公司特派员张军，合,2025-12-24
756,ZZM_CN_7d25b4e21bc5,zzmetro.cn,2010-11-25 13:14:00,2010-11-25 13:00:00,2010-11-25 管理用户 11126 公司召开贯彻落实安全生产党政同责制度工作会 11月22日上午，郑州市轨道交通有限公司党委书记、董事长戴用堆在公司小会议室主持召开党委扩大会议，专题研究轨道交通工程安全生产工作。公司党委副书记、总经理郭拥军，市纪... 11月22日上午，郑州市轨道交通有限公司党委书记、董事长戴用堆在公司小会议室主持召开党委扩大会议，专题研究轨道交通工程安全生产工作。公司党,2025-12-24
757,ZZM_CN_ddd552ae4646,zzmetro.cn,2010-11-17 13:58:00,2010-11-17 13:00:00,2010-11-17 管理用户 15298 中共郑州市纪委副书记李国辉到公司与领导班子成员进行党风廉政教育谈话 11月17日上午，郑州市纪委副书记李国辉在市国资委党委副书记、常务副主任秦晓辉的陪同下，到郑州市轨道交通有限公司，与公司领导班子成员进行党风廉政教育谈话。公司全体领导... 11月17日上午，郑州市纪委副书记李国辉在市国资委党委副书记、常务副主任秦晓辉的陪同下，到郑州市轨道交通有限公司，,2025-12-24
758,ZZM_CN_0f1b0760cd88,zzmetro.cn,2010-11-17 13:57:00,2010-11-17 13:00:00,2010-11-17 管理用户 10808 中央美术学院建筑学院院长吕品晶一行就“人文地铁”建设与公司领导座谈 郑州市是国务院批准建设地铁的第十九座城市。郑州市轨道交通工程投资规模大、建设周期长、涉及面广、施工难度高，如何把这一惠及广大群众的民心工程、世纪工程建设好，怎样... 郑州市是国务院批准建设地铁的第十九座城市。郑州市轨道交通工程投资规模大、建设周期长、涉及面广、施工难度高，如何把这一惠及,2025-12-24
759,ZZM_CN_c5deeab2318d,zzmetro.cn,2010-11-16 13:59:00,2010-11-16 13:00:00,2010-11-16 管理用户 12244 轨道交通1号线“郑州14号”盾构机成功始发 11月16日上午，郑州市轨道交通1号线06标段施工区内礼乐和鸣，彩旗飘飘，“郑州14号”盾构机始发仪式在这里隆重举行，这是郑州轨道交通1号线进入盾构施工的第9条区间隧道。河南... 11月16日上午，郑州市轨道交通1号线06标段施工区内礼乐和鸣，彩旗飘飘，“郑州14号”盾构机始发仪式在这里隆重举行，这是郑州轨道,2025-12-24
760,ZZM_CN_cf2482cc8e6b,zzmetro.cn,2010-11-13 13:55:00,2010-11-13 13:00:00,"2010-11-13 管理用户 11165 让郑州地铁见证青春和爱情 让郑州地铁见证青春和爱情
—中铁十六局郑州地铁项目部在
会展中心站施工现场举办集体婚礼

11月13日上午，1号线会展中心站热火朝天的施工现场彩旗招展，在喜庆祥和的礼炮声中，... 让郑州地铁见证青春和爱情
—中铁十六局郑州地铁项目部在
会展中心站施工现场举办集体婚礼

11月13日上午，1号线会展中心站热火朝天的施工现场彩旗招",2025-12-24
761,ZZM_CN_8f042449e8fe,zzmetro.cn,2010-11-12 13:56:00,2010-11-12 13:00:00,2010-11-12 管理用户 14817 党委书记、董事长 戴用堆带队检查1号线工程建设 11月12日下午，郑州市轨道交通有限公司党委书记、董事长戴用堆带领1号线项目部、社会事务部、综合管理部负责人，到市体育中心站、农业东路站、黄河东路站、凯旋路站、秦岭... 11月12日下午，郑州市轨道交通有限公司党委书记、董事长戴用堆带领1号线项目部、社会事务部、综合管理部负责人，到市体育中心站、农业东路站,2025-12-24
762,ZZM_CN_0fda20b3e3eb,zzmetro.cn,2010-11-09 13:11:00,2010-11-09 13:00:00,2010-11-09 管理用户 11071 河南省交通运输厅党组书记、厅长董永安调研郑州轨道交通建设 11月9日下午，河南省交通运输厅党组书记、厅长董永安一行到郑州市轨道交通1号线一期工程黄河东路站施工现场调研郑州市轨道交通建设。郑州市轨道交通有限公司党委书记、董... 11月9日下午，河南省交通运输厅党组书记、厅长董永安一行到郑州市轨道交通1号线一期工程黄河东路站施工现场调研郑州市轨道交通建设。,2025-12-24
763,ZZM_CN_7dca6dae9591,zzmetro.cn,2010-11-07 13:06:00,2010-11-07 13:00:00,2010-11-07 管理用户 12038 郑州市人民检察院检察长杨祖伟调研郑州市轨道交通工程 11月7日上午，郑州市检察院党组书记、检察长杨祖伟一行来到郑州市轨道交通工程1号线黄河东路站，就工程建设情况调研，并对检察机关服务大局、促进重点工程建设提出明确要求。... 11月7日上午，郑州市检察院党组书记、检察长杨祖伟一行来到郑州市轨道交通工程1号线黄河东路站，就工程建设情况调研，并对检察机关服务,2025-12-24
764,ZZM_CN_aadd93cc9562,zzmetro.cn,2010-11-06 13:10:00,2010-11-06 13:00:00,2010-11-06 管理用户 11003 郑州市轨道交通工程生产安全事故（灾难）应急救援预案通过专家评审 2010年11月6日，郑州市城乡建设委员会在紫荆山宾馆组织召开了“《郑州市轨道交通工程生产安全事故（灾难）应急救援预案》（以下简称“《预案》”）专家评审会”，会议邀请了北京、... 2010年11月6日，郑州市城乡建设委员会在紫荆山宾馆组织召开了“《郑州市轨道交通工程生产安全事故（灾难）应急,2025-12-24
765,ZZM_CN_f74220d4df9a,zzmetro.cn,2010-11-05 13:08:00,2010-11-05 13:00:00,2010-11-05 管理用户 9299 市委常委、郑州新区党工委书记李柳身到公司检查指导工作 11月5日上午，市委常委、郑州新区党工委书记李柳身在市政府副秘书长陈新、郑州新区综合办主任周亚民的陪同下，来到郑州市轨道交通有限公司检查指导工作。郑州市轨道交通有... 11月5日上午，市委常委、郑州新区党工委书记李柳身在市政府副秘书长陈新、郑州新区综合办主任周亚民的陪同下，来到郑州市轨道交通有限公司检,2025-12-24
766,ZZM_CN_1df6012afa5d,zzmetro.cn,2010-11-05 13:07:00,2010-11-05 13:00:00,"2010-11-05 管理用户 11660 戴用堆带队检查1号线部分站点建设情况 赶进度 顾安全 保交通
——公司党委书记、董事长戴用堆带队检查
1号线部分站点建设情况
 
    11月5日上午，郑州市轨道交通有限公司党委书记、董事长戴用堆带领公司1号线项目... 赶进度 顾安全 保交通
——公司党委书记、董事长戴用堆带队检查
1号线部分站点建设情况
 
    11月5日上午，郑州市轨道交通有",2025-12-24
767,ZZM_CN_899cbfe00a56,zzmetro.cn,2010-11-03 13:05:00,2010-11-03 13:00:00,2010-11-03 管理用户 12206 郑州市城乡规划局局长张京祖到公司现场办公 轨道交通是完善城市交通体系，畅通城市交通的重要大型基础设施。为确保轨道交通工程建设有序推进，拓宽轨道交通项目建设资金筹措渠道，郑州市轨道交通有限公司提出对轨道交通... 轨道交通是完善城市交通体系，畅通城市交通的重要大型基础设施。为确保轨道交通工程建设有序推进，拓宽轨道交通项目建设资金筹措渠道，郑州市轨道交通有限,2025-12-24
768,ZZM_CN_2fede1ee6f25,zzmetro.cn,2010-11-03 13:04:00,2010-11-03 13:00:00,2010-11-03 管理用户 11930 郑州市人大常委会副主任周长松一行视察轨道交通建设 为了解城乡建设工程、节能减排和生态建设工程的进展情况，11月3日至4日，郑州市人大常委会组织部分常委会委员和人大代表视察郑州“十大工程”建设情况。3日下午，市人大常委... 为了解城乡建设工程、节能减排和生态建设工程的进展情况，11月3日至4日，郑州市人大常委会组织部分常委会委员和人大代表视察郑州“十大工,2025-12-24
769,ZZM_CN_cf1cd90570a0,zzmetro.cn,2010-10-14 15:20:00,2010-10-14 15:00:00,2010-10-14 管理用户 11529 郑州市轨道交通建设委员会召开全体会议 10月13日上午，市轨道交通建设委员会主任、市长赵建才主持召开市轨道交通建设委员会第二次全体会议，研究解决轨道交通建设项目推进中的有关问题，部署下一阶段轨道交通建设工... 10月13日上午，市轨道交通建设委员会主任、市长赵建才主持召开市轨道交通建设委员会第二次全体会议，研究解决轨道交通建设项目推进中的有关问题，部署,2025-12-24
770,ZZM_CN_c378683d0841,zzmetro.cn,2010-10-14 15:18:00,2010-10-14 15:00:00,2010-10-14 管理用户 11979 轨道交通产业技术创新战略联盟成立 轨道交通建设投资规模大、产品需求广，配套产业和产品几乎涉及到国民经济的各个领域，需要大量建筑材料、机电设备和施工机械等，这必将大大拉动相关产品及原材料的需求。另一... 轨道交通建设投资规模大、产品需求广，配套产业和产品几乎涉及到国民经济的各个领域，需要大量建筑材料、机电设备和施工机械等，这必将大大拉动相关产品及原材料的,2025-12-24
771,ZZM_CN_7c4adf932fd5,zzmetro.cn,2010-10-13 15:25:00,2010-10-13 15:00:00,2010-10-13 管理用户 12312 张建慧副市长检查郑州市轨道交通建设工作并召开现场办公会 10月8日下午，副市长张建慧带领市发改委、规划、交警等部门负责人到郑州市轨道交通2号线规划站点调研，并在郑州市轨道交通有限公司现场办公，解决工程推进过程中的相关问题。... 10月8日下午，副市长张建慧带领市发改委、规划、交警等部门负责人到郑州市轨道交通2号线规划站点调研，并在郑州市轨道交通有限公司,2025-12-24
772,ZZM_CN_dc4db29fbc7a,zzmetro.cn,2010-10-13 15:22:00,2010-10-13 15:00:00,2010-10-13 管理用户 13257 郑州市轨道交通有限公司与中国中铁股份有限公司就2号线施工总承包合同进行谈判 为进一步推进2号线前期工作的开展，9月30日上午，郑州市轨道交通有限公司与中国中铁再次进行合同谈判，对合同文本进行最终讨论和完善。郑州市轨道交通有限公司副总经理张洲、... 为进一步推进2号线前期工作的开展，9月30日上午，郑州市轨道交通有限公司与中国中铁再次进行合同谈判，对合同,2025-12-24
773,ZZM_CN_58d24ccbc5ee,zzmetro.cn,2010-09-14 11:40:00,2010-09-14 11:00:00,2010-09-14 管理用户 11597 市委书记连维良专题听取郑州市轨道交通工程建设工作汇报并做出重要指示 9月12日，市委书记连维良在嵩山饭店会议室专题听取了郑州市轨道交通车辆招标、施工工艺工法、建设时序等工作汇报并做出重要指示。副市长张建慧，郑州市轨道交通有限公司党... 9月12日，市委书记连维良在嵩山饭店会议室专题听取了郑州市轨道交通车辆招标、施工工艺工法、建设时序等工作汇报并做出重要,2025-12-24
774,ZZM_CN_4e83e9d500da,zzmetro.cn,2010-09-09 10:35:00,2010-09-09 10:00:00,2010-09-09 管理用户 13378 公司领导察看4号线规划站点情况 9月7日、8日上午，郑州市轨道交通有限公司党委书记、董事长戴用堆带领公司设计、征迁、建设管理部门负责人，到4号线各规划站点察看、了解情况，并对4号线设计工作提出了“做... 9月7日、8日上午，郑州市轨道交通有限公司党委书记、董事长戴用堆带领公司设计、征迁、建设管理部门负责人，到4号线各规划站点察看、了解情况，并对4号线设,2025-12-24
775,ZZM_CN_3dec2b3d4550,zzmetro.cn,2010-09-09 09:44:00,2010-09-09 09:00:00,2010-09-09 管理用户 11578 市长赵建才察看轨道交通建设工地 9月3日下午，郑州市人民政府市长赵建才带领市直有关部门负责人，到郑州市轨道交通1号线体育馆站施工现场检查工作。副市长张建慧、市长助理赵武安、市政府副秘书长陈新等陪... 9月3日下午，郑州市人民政府市长赵建才带领市直有关部门负责人，到郑州市轨道交通1号线体育馆站施工现场检查工作。副市长张建慧、市长助理赵武安、市政府副秘书长,2025-12-24
776,ZZM_CN_6c4e03c4239e,zzmetro.cn,2010-09-08 17:04:00,2010-09-08 17:00:00,2010-09-08 管理用户 14420 党委书记、董事长戴用堆检查1号线防汛等工作 9月6日，省气象台发布暴雨蓝色预警信号：郑州部分地区降雨量将达50毫米以上，局部伴有雷电等强对流天气。9月6日下午，郑州市轨道交通有限公司党委书记、董事长戴用堆带领公司... 9月6日，省气象台发布暴雨蓝色预警信号：郑州部分地区降雨量将达50毫米以上，局部伴有雷电等强对流天气。9月6日下午，郑州市轨道交通有限公,2025-12-24
777,ZZM_CN_b9d6c8cb0a87,zzmetro.cn,2010-09-08 17:01:00,2010-09-08 17:00:00,"2010-09-08 管理用户 13753 在经济合理、安全可靠、技术先进的基础上建设郑州地铁 ——郑州市轨道交通有限公司邀请专家对轨道交通施工工法进行研讨
    2010年8月21日，省委常委、市委书记连维良到郑州轨道交通工程建设现场及郑州市轨道交通有限公司调研时，提... ——郑州市轨道交通有限公司邀请专家对轨道交通施工工法进行研讨
    2010年8月21日，省委常委、市委书记连维良到郑",2025-12-24
778,ZZM_CN_14ab6ce0f487,zzmetro.cn,2010-09-02 15:29:00,2010-09-02 15:00:00,2010-09-02 管理用户 16445 市人大常委会主任白红战调研轨道交通建设 8月31日上午，市人大常委会主任白红战、副主任周长松、秘书长刘焕成等一行到郑州市轨道交通有限公司，调研轨道交通建设。郑州市轨道交通有限公司党委书记、董事长戴用堆，郑... 8月31日上午，市人大常委会主任白红战、副主任周长松、秘书长刘焕成等一行到郑州市轨道交通有限公司，调研轨道交通建设。郑州市轨道交通有限公司党委书,2025-12-24
779,ZZM_CN_12bfc3e83924,zzmetro.cn,2010-09-02 09:12:00,2010-09-02 09:00:00,2010-09-02 管理用户 16790 郑州地铁1号线“郑州12号”盾构机成功始发 8月31日上午，郑州市轨道交通1号线黄河东路站施工区内礼乐和鸣，彩旗飘飘，处处欢声笑语，“郑州12号”盾构机始发仪式在这里隆重举行。全国人大代表薛景霞、宋丰年、陈泽民，郑... 8月31日上午，郑州市轨道交通1号线黄河东路站施工区内礼乐和鸣，彩旗飘飘，处处欢声笑语，“郑州12号”盾构机始发仪式在这里隆重举行。全,2025-12-24
780,ZZM_CN_6cfd9f062a28,zzmetro.cn,2010-08-26 10:15:00,2010-08-26 10:00:00,2010-08-26 管理用户 17083 郑州地铁1号线第四条区间隧道盾构始发成功启动 郑州市轨道交通1号线一期工程自2009年6月6日开工以来，盾构施工进展顺利。目前，农业东路站～七里河站（已贯通）、七里河站～新郑州站、郑州火车站站～中原东路站三个区间隧道累计... 郑州市轨道交通1号线一期工程自2009年6月6日开工以来，盾构施工进展顺利。目前，农业东路站～七里河站（已贯通）、七里河站～新郑,2025-12-24
781,ZZM_CN_97f58b561767,zzmetro.cn,2010-08-23 14:37:00,2010-08-23 14:00:00,2010-08-23 管理用户 16371 以超常的努力 加快地铁建设 市委书记连维良到郑州工作后，高度重视轨道交通工作，先后于7月14日、7月21日视察了轨道交通站点，并提出了具体要求。8月21日下午，连书记再次带领有关市直部门和城区负责人，调... 市委书记连维良到郑州工作后，高度重视轨道交通工作，先后于7月14日、7月21日视察了轨道交通站点，并提出了具体要求。8月21日下午，连书记再次带领,2025-12-24
782,ZZM_CN_50bf7e54fdc7,zzmetro.cn,2010-08-04 12:16:00,2010-08-04 12:00:00,2010-08-04 管理用户 14596 地铁围挡“披”上新外衣 昨日，记者在桐柏路地铁1号线施工现场看到，围挡“穿”上了漂亮的公益宣传“外衣”。“地铁施工 交通不便 敬请谅解”等话语辅以喷绘风景画，图文并茂，整洁美观，给过往行人留下... 昨日，记者在桐柏路地铁1号线施工现场看到，围挡“穿”上了漂亮的公益宣传“外衣”。“地铁施工 交通不便 敬请谅解”等话语辅以喷绘风景画，图文并茂，整洁美观，给,2025-12-24
783,ZZM_CN_05cb051f2fa6,zzmetro.cn,2010-07-27 10:09:00,2010-07-27 10:00:00,2010-07-27 管理用户 14269 二七广场站东端交通导改试运行 郑州日报讯（记者 王文霞）从昨日起，深受市民关注的郑州地铁1号线二七广场站东端头围挡区交通导改方案开始模拟运行。从目前情况来看，机动车大都能按照规定路线行驶。轨道公... 郑州日报讯（记者 王文霞）从昨日起，深受市民关注的郑州地铁1号线二七广场站东端头围挡区交通导改方案开始模拟运行。从目前情况来看，机动车大都能按照规定路线行,2025-12-24
784,ZZM_CN_915ab34ffbcc,zzmetro.cn,2010-07-23 09:12:00,2010-07-23 09:00:00,2010-07-23 管理用户 16298 省委常委、市委书记连维良视察二七广场站 7月21日上午，省委常委、郑州市委书记连维良在市委常委、市委秘书长孙金献、副市长张建慧，市长助理赵武安等的陪同下，来到郑州轨道交通1号线二七广场站视察工作。连维良... 7月21日上午，省委常委、郑州市委书记连维良在市委常委、市委秘书长孙金献、副市长张建慧，市长助理赵武安等的陪同下，来到郑州轨道交通1号线二七广场站,2025-12-24
785,ZZM_CN_e1c6dbccaacc,zzmetro.cn,2010-07-22 10:18:00,2010-07-22 10:00:00,2010-07-22 管理用户 14541 郑州市副市长张建慧视察郑州市轨道交通建设 ...,2025-12-24
786,ZZM_CN_f45240c04d32,zzmetro.cn,2010-07-22 10:15:00,2010-07-22 10:00:00,2010-07-22 管理用户 14571 郑州市委常委、常务副市长胡荃视察郑州市轨道交通工程建设 ...,2025-12-24
787,ZZM_CN_4d0fd62e6d7c,zzmetro.cn,2010-07-22 10:13:00,2010-07-22 10:00:00,2010-07-22 管理用户 14543 郑州市副市长孙金献视察郑州市轨道交通建设 ...,2025-12-24
788,ZZM_CN_e529340f1734,zzmetro.cn,2010-07-22 10:12:00,2010-07-22 10:00:00,2010-07-22 管理用户 14795 郑州市委常委、宣传部长丁世显视察郑州市轨道交通有限公司 ...,2025-12-24
789,ZZM_CN_7a84c8648449,zzmetro.cn,2010-07-22 10:09:00,2010-07-22 10:00:00,2010-07-22 管理用户 14563 郑州市委常委、郑州新区管委会常务副主任李柳身视察郑州市轨道交通有限公司 ...,2025-12-24
790,ZZM_CN_1b4c11a62b5f,zzmetro.cn,2010-07-22 10:08:00,2010-07-22 10:00:00,2010-07-22 管理用户 14626 郑州市政协主席李秀奇视察郑州市轨道交通有限公司 ...,2025-12-24
791,ZZM_CN_15cbe545850f,zzmetro.cn,2010-07-22 10:06:00,2010-07-22 10:00:00,2010-07-22 管理用户 14343 郑州市人大常委会主任白红战视察郑州市轨道交通有限公司 ...,2025-12-24
792,ZZM_CN_b7684fb0d1b7,zzmetro.cn,2010-07-22 10:02:00,2010-07-22 10:00:00,2010-07-22 管理用户 14496 郑州市委副书记、市长赵建才视察郑州轨道交通建设 ...,2025-12-24
793,ZZM_CN_bd6990c5db8f,zzmetro.cn,2010-07-22 10:02:00,2010-07-22 10:00:00,2010-07-22 管理用户 14567 郑州市委副书记马懿视察郑州市轨道交通有限公司 ...,2025-12-24
794,ZZM_CN_8d28793ca58f,zzmetro.cn,2010-07-22 10:01:00,2010-07-22 10:00:00,2010-07-22 管理用户 13536 河南省副省长张大卫视察郑州市轨道交通工程建设 ...,2025-12-24
795,ZZM_CN_4d9f79061608,zzmetro.cn,2010-07-22 09:57:00,2010-07-22 09:00:00,2010-07-22 管理用户 13242 原省委常委、郑州市委书记王文超视察郑州轨道交通建设 ...,2025-12-24
796,ZZM_CN_8de0878659c6,zzmetro.cn,2010-07-22 09:55:00,2010-07-22 09:00:00,2010-07-22 管理用户 12382 省委常委、郑州市委书记连维良视察郑州市轨道交通建设 ...,2025-12-24
797,ZZM_CN_aa3f3f7dd378,zzmetro.cn,2010-07-22 09:51:00,2010-07-22 09:00:00,2010-07-22 管理用户 12612 省委副书记、省长郭庚茂视察郑州轨道交通建设 ...,2025-12-24
798,ZZM_CN_418e0ada1d39,zzmetro.cn,2010-07-22 09:50:00,2010-07-22 09:00:00,2010-07-22 管理用户 12577 原省委书记、省人大常委会主任徐光春出席开工仪式并下达开工令 ...,2025-12-24
799,ZZM_CN_2d7221b15a65,zzmetro.cn,2010-07-22 09:36:00,2010-07-22 09:00:00,2010-07-22 管理用户 12357 省委书记、省人大常委会主任卢展工视察郑州市轨道交通建设 ...,2025-12-24
800,ZZM_CN_b6e665cbe46e,zzmetro.cn,2010-07-22 09:28:00,2010-07-22 09:00:00,2010-07-22 管理用户 13024 中央纪委副书记、监察部部长马馼视察郑州市轨道交通工程建设 ...,2025-12-24
801,ZZM_CN_6a6a3994d66c,zzmetro.cn,2010-07-19 15:37:00,2010-07-19 15:00:00,2010-07-19 综合管理部 13995 防汛工作到位  地铁工地无恙 7月18日晚，郑州市区内出现连续强降雨，部分地点降雨量达100毫米以上。郑州市轨道交通工程各参建单位在郑州市轨道交通有限公司统一指挥、协调下，做到了准备工作充足，预防措... 7月18日晚，郑州市区内出现连续强降雨，部分地点降雨量达100毫米以上。郑州市轨道交通工程各参建单位在郑州市轨道交通有限公司统一指挥、协调下，做到了,2025-12-24
802,ZZM_CN_8cbf53560cba,zzmetro.cn,2010-07-19 10:38:00,2010-07-19 10:00:00,2010-07-19 综合管理部 15164 戴用堆在检查防汛工作时指出：进一步落实好防汛措施确保安全度汛 7月17日晚9时，郑州市轨道交通有限公司党委书记、董事长戴用堆带领公司建设部门负责人，冒雨检查了郑州轨道交通1号线防汛重点工点——市体育馆站、中原东路站，他要求参建... 7月17日晚9时，郑州市轨道交通有限公司党委书记、董事长戴用堆带领公司建设部门负责人，冒雨检查了郑州轨道交通1号线防汛重,2025-12-24
803,ZZM_CN_bd3ebd006455,zzmetro.cn,2010-07-16 19:36:00,2010-07-16 19:00:00,"2010-07-16 综合管理部 14557 省委常委、郑州市委书记连维良视察地铁建设 7月14日上午，省委常委、郑州市委书记连维良在市人大常委会主任白红战、副市长张建慧等的陪同下到郑州综合交通枢纽地铁工程施工现场，视察工程建设情况。
    连维良书记... 7月14日上午，省委常委、郑州市委书记连维良在市人大常委会主任白红战、副市长张建慧等的陪同下到郑州综合交通枢纽地铁工程施工现场，视察工程建",2025-12-24
804,ZZM_CN_9ef849137bdd,zzmetro.cn,2010-07-16 19:25:00,2010-07-16 19:00:00,2010-07-16 管理用户 15119 公司要求限期解决1号线工程建设前期工作难题 7月9日下午，公司党委书记、董事长戴用堆在公司召开专题会议，听取近期1号线征地拆迁、管线迁改进展情况工作汇报，对有关问题明确责任人、解决时限，要求责任人员以一往无前的... 7月9日下午，公司党委书记、董事长戴用堆在公司召开专题会议，听取近期1号线征地拆迁、管线迁改进展情况工作汇报，对有关问题明确责任人、解决时,2025-12-24
805,ZZM_CN_459fc7b917e7,zzmetro.cn,2010-07-16 17:57:00,2010-07-16 17:00:00,"2010-07-16 管理用户 15088 郑州市轨道交通公司为畅通郑州瘦“身”缩“腰” 郑州市轨道交通有限公司负责人近期要求交通主干道各施工点，瘦“身”缩“腰”，保证交通顺畅快捷。 
　　近期，河南省委书记卢展工对郑州的交通工作进行了一系列的指示，郑州... 郑州市轨道交通有限公司负责人近期要求交通主干道各施工点，瘦“身”缩“腰”，保证交通顺畅快捷。 
　　近期，河南省委书记卢展工对郑州的交通工",2025-12-24
806,ZZM_CN_14006cdc3fc3,zzmetro.cn,2010-07-16 17:34:00,2010-07-16 17:00:00,"2010-07-16 综合管理部 16432 郑州地铁体育馆站“瘦身” 两车道扩大到三车道 体育馆地铁站率先“瘦身” 
　　施工区两头腾出800平方米，两车道扩大到3车道 
　　还有7个地铁站点也将压缩施工区 
　　昨日上午，体育馆地铁站施工区域成了首个正式“瘦身站... 体育馆地铁站率先“瘦身” 
　　施工区两头腾出800平方米，两车道扩大到3车道 
　　还有7个地铁站点也将压缩施工区 
　　昨",2025-12-24
807,ZZM_CN_f862cf4bd671,zzmetro.cn,2010-06-19 11:10:00,2010-06-19 11:00:00,2010-06-19 综合管理部 16493 火车站西出口郑州9号盾构始发副市长张建慧等出席始发仪式 6月19日上午，郑州火车站西出口“郑州9号”盾构始发，副市长张建慧、市长助理赵武安、公司董事长戴用堆、总经理郭拥军、副总经理袁聚亮、中铁隧道集团有限公司副总经... 6月19日上午，郑州火车站西出口“郑州9号”盾构始发，副市长张建慧、市长助理赵武安、公司董事长戴用堆、总经理郭拥军、副总经理袁聚亮、,2025-12-24
808,ZZM_CN_8090692ccad5,zzmetro.cn,2010-06-19 08:48:00,2010-06-19 08:00:00,"2010-06-19 综合管理部 17727 郑州地铁二七广场站通行方案升级 单行环岛方案被否决 今报郑州讯 郑州地铁1号线要经过二七广场，站点施工需要进行交通导改，到底怎么改？市民对此非常关注。
　　 昨天下午，郑州市轨道交通有限公司和郑州市交警支队联合召开新闻... 今报郑州讯 郑州地铁1号线要经过二七广场，站点施工需要进行交通导改，到底怎么改？市民对此非常关注。
　　 昨天下午，郑州市轨道交",2025-12-24
809,ZZM_CN_8108a8085db6,zzmetro.cn,2010-06-19 08:47:00,2010-06-19 08:00:00,"2010-06-19 综合管理部 21024 郑州地铁1号线二七广场站东端头围挡交通优化方案公布 昨天下午，郑州市地铁公司正式发布地铁1号线二七广场站东端头交通导改优化方案。 
　　方案显示，本围挡将沿人民路、二七路和商城大厦实施，为了保证交通通行能力，人民路（天然... 昨天下午，郑州市地铁公司正式发布地铁1号线二七广场站东端头交通导改优化方案。 
　　方案显示，本围挡将沿人民路、二七路和商城大",2025-12-24
810,ZZM_CN_c0de33b96eca,zzmetro.cn,2010-06-19 08:34:00,2010-06-19 08:00:00,2010-06-19 综合管理部 17072 二七广场地铁站施工 郑州交警拟推两个交通方案 河南日报讯 (记者李凤虎)二七广场地铁站点一期东端工程即将开工，该区域交通出行受到社会各方关注，6月30日，郑州市交警支队发布二七广场地铁站点东端两个交通组织方案，公开向... 河南日报讯 (记者李凤虎)二七广场地铁站点一期东端工程即将开工，该区域交通出行受到社会各方关注，6月30日，郑州市交警支队发布二七,2025-12-24
811,ZZM_CN_c5125a150648,zzmetro.cn,2010-06-07 15:41:00,2010-06-07 15:00:00,"2010-06-07 综合管理部 18920 郑州地铁建得咋样 赶紧报名去看看 团体报名电话（0371）61003017 
    个人请拨（0371）69316693
    商报讯（记者 王海科）在郑州地铁开工一周年之际，郑州地铁公司拟组织第二次市民看地铁活动。如果你感兴趣，赶快报名... 团体报名电话（0371）61003017 
    个人请拨（0371）69316693
    商报讯",2025-12-24
812,ZZM_CN_1beb5638e8a6,zzmetro.cn,2010-06-07 15:40:00,2010-06-07 15:00:00,"2010-06-07 综合管理部 21132 郑州地铁1号线七里河站封顶 地铁5号线明年开建 郑州地铁开工一周年了。 

　　从1974年尝试开始，郑州人做了35年的地铁梦，终于有了实现的希望。如今，1号线20个站点已有18个全面开工，第一条区间隧道已在两个月前双线贯通，七... 郑州地铁开工一周年了。 

　　从1974年尝试开始，郑州人做了35年的地铁梦，终于有了实现的希望。如今，1号线20个",2025-12-24
813,ZZM_CN_95dda01126fd,zzmetro.cn,2010-06-07 15:33:00,2010-06-07 15:00:00,"2010-06-07 综合管理部 20405 地铁1号线开往新郑州站 七里河至农业东隧道贯通 目前，郑州地铁1号线七里河站至农业东路站已双线贯通　　商报记者 王春胜/摄 
　　商报讯（记者 王海科） 昨天，记者从郑州地铁公司了解到，郑州地铁1号线七里河站区主体工程已... 目前，郑州地铁1号线七里河站至农业东路站已双线贯通　　商报记者 王春胜/摄 
　　商报讯（记者 王海科） 昨天，记者从郑州地铁",2025-12-24
814,ZZM_CN_2b3b490828d2,zzmetro.cn,2010-06-07 10:44:00,2010-06-07 10:00:00,"2010-06-07 综合管理部 20962 郑州地铁1号线七里河站封顶 地铁5号线明年开建 郑州地铁开工一周年了。 

    从1974年尝试开始，郑州人做了35年的地铁梦，终于有了实现的希望。如今，1号线20个站点已有18个全面开工，第一条区间隧道已在两个月前双线贯通，... 郑州地铁开工一周年了。 

    从1974年尝试开始，郑州人做了35年的地铁梦，终于有了实现的希望。如今，1号线",2025-12-24
815,ZZM_CN_104374928305,zzmetro.cn,2010-06-05 09:11:00,2010-06-05 09:00:00,2010-06-05 管理用户 17763 中共中央政治局常委、国务院副总理李克强批示 中共中央政治局常委、国务院副总理李克强同志于6月5日对郑州轨道交通工程正式开工作出的重要批示：加快公共交通体系建设，对于改善民生、优化城市和产业布局、促进城乡统... 中共中央政治局常委、国务院副总理李克强同志于6月5日对郑州轨道交通工程正式开工作出的重要批示：加快公共交通体系建设，对于改善民生、优化城市和产业,2025-12-24
816,ZZM_CN_38f69b53e48b,zzmetro.cn,2010-06-02 11:06:00,2010-06-02 11:00:00,2010-06-02 管理用户 21009 郑州地铁2号线16日开工 明年将同时建三条地铁 昨天，郑州地铁公司有关负责人透露，地铁2号线将于6月16日动工。明年上半年，地铁5号线（环线）也将开建。到2016年，郑州中心城区将拥有3条地铁线，形成“十字加环形”轨道交通... 昨天，郑州地铁公司有关负责人透露，地铁2号线将于6月16日动工。明年上半年，地铁5号线（环线）也将开建。到2016年，郑州中心,2025-12-24
817,ZZM_CN_7f87605fd559,zzmetro.cn,2010-05-26 00:32:00,2010-05-26 00:00:00,2010-05-26 综合管理部 19682 关注郑州地铁建设 施工期间不影响交通 郑州地铁该怎么建，既保证施工期间不影响绿城交通，又确保工期照常进行？昨日，郑州市轨道交通有限公司（以下简称轨道公司）将初步拟定的1号线一期工程交通疏解方案，提交郑州交警... 郑州地铁该怎么建，既保证施工期间不影响绿城交通，又确保工期照常进行？昨日，郑州市轨道交通有限公司（以下简称轨道公司）将初步拟定的1号线一期工,2025-12-24
818,ZZM_CN_9c6f4ccf90ce,zzmetro.cn,2010-05-26 00:25:00,2010-05-26 00:00:00,2010-05-26 综合管理部 19559 郑州地铁建设开始进入地下隧道盾构掘进阶段 郑州地铁按照先建站点，后挖隧道的方式建设。昨日，记者下到七里河站基坑的地下二层，以后这里就是七里河站的站台，看到“郑州一号”和“郑州二号”平行而卧在轨道上。... 郑州地铁按照先建站点，后挖隧道的方式建设。昨日，记者下到七里河站基坑的地下二层，以后这里就是七里河站的站台，看到“郑州一号”和“郑州二号”平行而卧在,2025-12-24
819,ZZM_COM_df3faf705bfa,zzmetro.com,2025-04-02 09:00:00,2025-04-02 09:00:00,郑州市轨道交通4号线、5号线技改及未完工程项目  变更公告,2025-12-24
820,ZZM_COM_5a61d51b6294,zzmetro.com,2023-05-19 09:00:00,2023-05-19 09:00:00,郑州市轨道交通2023年通信系统备件采购项目03标B包成交结果公示,2025-12-24
821,ZZM_COM_236a14670526,zzmetro.com,2021-07-12 09:00:00,2021-07-12 09:00:00,郑州市轨道交通2021-2022年通风空调系统备件采购项目01标补充公...,2025-12-24
822,ZZM_COM_e461af8d0074,zzmetro.com,2021-03-23 09:00:00,2021-03-23 09:00:00,郑州市轨道交通城郊铁路一期2021年氮气瓶组检测项目竞争性洽谈公告,2025-12-24
823,ZZM_COM_57255c911438,zzmetro.com,,,好消息！使用郑州地铁·商易行APP乘车可开具增值税电子发票啦！,2025-12-24
824,ZZM_COM_240aa9154f24,zzmetro.com,2019-11-22 09:00:00,2019-11-22 09:00:00,喜报！郑州地铁两个创新项目获得中国城市轨道交通科技创新创业大赛奖项！,2025-12-24
825,ZZM_COM_c91b084d626f,zzmetro.com,2019-11-22 09:00:00,2019-11-22 09:00:00,喜报！郑州地铁参赛课题荣获中国城市轨道交通科技创新创业大赛奖项！,2025-12-24
826,ZZM_COM_85815072e4d0,zzmetro.com,2019-10-25 09:00:00,2019-10-25 09:00:00,奋楫扬帆破前浪 剑指一流谱新篇 ——郑州地铁电客车架修停时22个工作日...,2025-12-24
827,ZZM_COM_27133e985dc7,zzmetro.com,2019-08-27 09:00:00,2019-08-27 09:00:00,好消息！郑州市轨道交通2号线二期开启“试运行”奔跑模式！,2025-12-24
828,ZZM_COM_67619dd4fb03,zzmetro.com,2019-07-25 09:00:00,2019-07-25 09:00:00,“迎民族盛会 庆七十华诞”郑州地铁举办“绿城使者”志愿服务活动誓师大会,2025-12-24
829,ZZM_COM_78172f269f5b,zzmetro.com,2019-07-23 09:00:00,2019-07-23 09:00:00,郑州地铁2019年乘客满意度调查活动持续进行,2025-12-24
830,ZZM_COM_aa05c2b44a42,zzmetro.com,2019-07-15 09:00:00,2019-07-15 09:00:00,郑州地铁2019年乘客满意度调查活动开始啦,2025-12-24
831,ZZM_COM_854fec46b4df,zzmetro.com,2019-07-05 09:00:00,2019-07-05 09:00:00,郑州地铁精心创作的话剧《信仰的传承》首次公演,2025-12-24
832,ZZM_COM_6474cc9bef85,zzmetro.com,2019-07-05 09:00:00,2019-07-05 09:00:00,2019年7月5日13点48分，郑州地铁线网累计总客运量达10亿人次！,2025-12-24
833,ZZM_COM_40929e8bca19,zzmetro.com,2019-07-01 09:00:00,2019-07-01 09:00:00,郑州地铁集团有限公司开展我身边的优秀青年推选暨“十佳青年员工”评选活动,2025-12-24
834,ZZM_COM_f30438c7864a,zzmetro.com,2019-06-19 09:00:00,2019-06-19 09:00:00,郑州地铁安全运营2000天 累计运送乘客近9.8亿人次,2025-12-24
835,ZZM_COM_68e211d0313c,zzmetro.com,2019-06-17 09:00:00,2019-06-17 09:00:00,喜报！祝贺分公司乘务中心乘务一室客车四队荣获全国青年文明号,2025-12-24
836,ZZM_COM_5361f9ca4fd5,zzmetro.com,2019-06-11 09:00:00,2019-06-11 09:00:00,5号线迎首个节假日 郑州地铁线网日客运量再创新高,2025-12-24
837,ZZM_COM_7551f94afc05,zzmetro.com,2019-06-05 09:00:00,2019-06-05 09:00:00,端午假期恰逢高考 郑州地铁多措并举为高考学子保驾护航,2025-12-24
838,ZZM_COM_b00b1dfcef1d,zzmetro.com,2019-05-23 09:00:00,2019-05-23 09:00:00,郑州地铁最青春的照片,2025-12-24
839,ZZM_COM_5c1305e0a516,zzmetro.com,2016-11-04 09:00:00,2016-11-04 09:00:00,诚  物 征  资 生  供 产  应 性  商,2025-12-24
840,ZZM_COM_a1ebfd664560,zzmetro.com,2019-05-22 09:00:00,2019-05-22 09:00:00,嗨，我是5号线，我来啦！,2025-12-24
841,ZZM_COM_60c739546796,zzmetro.com,2019-05-16 09:00:00,2019-05-16 09:00:00,绿城启“5” 载梦中原,2025-12-24
842,ZZM_COM_04db7cc3049b,zzmetro.com,2019-05-10 09:00:00,2019-05-10 09:00:00,524.36万人！这个“五一”假期陪你一起过！,2025-12-24
843,ZZM_COM_990087b64c31,zzmetro.com,2019-04-23 09:00:00,2019-04-23 09:00:00,郑州地铁提升运力 满足乘客“五一”出行需求,2025-12-24
844,ZZM_COM_be822e52c710,zzmetro.com,2019-01-28 09:00:00,2019-01-28 09:00:00,郑州地铁 贴心服务 温暖乘客春运路,2025-12-24
845,ZZM_COM_1d24ad55e1cd,zzmetro.com,2018-12-28 09:00:00,2018-12-28 09:00:00,郑州地铁自2019年1月2日起将调整行车组织,2025-12-24
846,ZZM_COM_37ee172b0f3d,zzmetro.com,2018-12-13 09:00:00,2018-12-13 09:00:00,和谐共建保畅通 晶晶丹丹伴您行 ——郑州地铁“晶晶先锋队”与郑州火车...,2025-12-24
847,ZZM_COM_9eddfe33c34b,zzmetro.com,2018-11-30 09:00:00,2018-11-30 09:00:00,郑州地铁常态化开展票卡稽查工作,2025-12-24
848,ZZM_COM_18359b0982d9,zzmetro.com,2018-11-23 09:00:00,2018-11-23 09:00:00,郑州地铁创新展 诚邀您参加,2025-12-24
849,ZZM_COM_810626681ad3,zzmetro.com,2018-11-20 09:00:00,2018-11-20 09:00:00,单双号限行期间 郑州地铁加开列车 确保乘客顺利出行,2025-12-24
850,ZZM_COM_b5239b4f91af,zzmetro.com,2018-05-07 09:00:00,2018-05-07 09:00:00,郑州市轨道交通有限公司运营分公司 票卡稽查公告,2025-12-24
851,ZZM_COM_a198034cd7cd,zzmetro.com,2017-12-27 09:00:00,2017-12-27 09:00:00,元旦跨年夜郑州地铁运营时间延长至次日01:00,2025-12-24
852,ZZM_COM_021a2bbf99ae,zzmetro.com,2017-12-22 09:00:00,2017-12-22 09:00:00,12月24日郑州地铁线网运营服务时间延长至次日零点,2025-12-24
853,ZZM_COM_dd1a229f0539,zzmetro.com,2017-11-30 09:00:00,2017-11-30 09:00:00,郑州轨道吉祥物面向全国公开征集,2025-12-24
854,ZZM_COM_346ee1c06444,zzmetro.com,2017-04-27 09:00:00,2017-04-27 09:00:00,关于临时关闭1号线会展中心站C2出入口的公告,2025-12-24
855,ZZM_COM_aadae54a9dae,zzmetro.com,2017-04-11 09:00:00,2017-04-11 09:00:00,关于启用1号线一期工程燕庄站B2出入口的公告,2025-12-24
856,ZZM_COM_ebb1dd160bf2,zzmetro.com,2017-02-21 09:00:00,2017-02-21 09:00:00,2017年2月21日，郑州轨道交通1、2号线运营服务时间延长至24:0...,2025-12-24
857,ZZM_COM_6521bbddc0a3,zzmetro.com,2017-02-21 09:00:00,2017-02-21 09:00:00,尊敬的各位乘客：受暴雪天气影响，为方便广大市民出行，今日（2月21日）...,2025-12-24
858,ZZM_COM_1c6442de5efe,zzmetro.com,2017-01-19 09:00:00,2017-01-19 09:00:00,郑州市轨道交通2号线、城郊线自1月20日起执行新版运行图,2025-12-24
859,ZZM_COM_259edb8efe52,zzmetro.com,2017-01-16 09:00:00,2017-01-16 09:00:00,郑州市南四环至郑州南站城郊铁路一期、1号线二期开通纪念票上市发行,2025-12-24
860,ZZM_COM_b14412309d9d,zzmetro.com,2017-01-10 09:00:00,2017-01-10 09:00:00,热烈祝贺城郊铁路一期工程和1号线二期工程1月12日双线开通试运营,2025-12-24
861,ZZM_COM_7046a7e77624,zzmetro.com,2016-12-30 09:00:00,2016-12-30 09:00:00,金鸡报晓 金鸡送福 郑州轨道2017农历丁酉鸡年新春纪念票上市,2025-12-24
862,ZZM_COM_522c60ce28bb,zzmetro.com,2016-12-23 09:00:00,2016-12-23 09:00:00,平安夜、跨年夜 地铁延长运营至零点,2025-12-24
863,ZZM_COM_024605bb8d59,zzmetro.com,2016-12-01 09:00:00,2016-12-01 09:00:00,"因受雨雪天气影响，预计今日晚高峰时段紫荆山站客流较大,请合理安排好出行",2025-12-24
864,ZZM_COM_7c913fbf266d,zzmetro.com,2016-12-01 09:00:00,2016-12-01 09:00:00,关于启用1号线一期工程二七广场站A、B出入口的公告,2025-12-24
865,ZZM_COM_d0539bec4223,zzmetro.com,2016-12-01 09:00:00,2016-12-01 09:00:00,关于1号线部分车站出入口临时关闭的公告,2025-12-24
866,ZZM_COM_a421561e0992,zzmetro.com,2017-01-10 09:00:00,2017-01-10 09:00:00,热烈祝贺城郊铁路一期工程和1号线二期工程1月12日双线开通试运营,2025-12-24
867,ZZM_COM_074535abaf9c,zzmetro.com,2016-12-30 09:00:00,2016-12-30 09:00:00,金鸡报晓 金鸡送福 郑州轨道2017农历丁酉鸡年新春纪念票上市,2025-12-24
868,ZZM_COM_7641efd230d8,zzmetro.com,2016-12-23 09:00:00,2016-12-23 09:00:00,平安夜、跨年夜 地铁延长运营至零点,2025-12-24
869,ZZM_COM_719fd782bed1,zzmetro.com,2016-12-01 09:00:00,2016-12-01 09:00:00,"因受雨雪天气影响，预计今日晚高峰时段紫荆山站客流较大,请合理安排好出行",2025-12-24
870,ZZM_COM_5926df255722,zzmetro.com,2016-12-01 09:00:00,2016-12-01 09:00:00,关于启用1号线一期工程二七广场站A、B出入口的公告,2025-12-24
871,ZZM_COM_950dafa8e45c,zzmetro.com,2016-12-01 09:00:00,2016-12-01 09:00:00,关于1号线部分车站出入口临时关闭的公告,2025-12-24
872,ZZM_COM_9b83c83d6c8d,zzmetro.com,2016-11-29 09:00:00,2016-11-29 09:00:00,东西贯通 郑州市轨道交通1号线二期试运行进入新阶段,2025-12-24
