doc_id,station_id,station_name,confidence,match_rule,evidence_span,event_label,event_label_name,event_severity,event_line_mentions
ZZM_CN_03beed17e6b5,ZZS_136c32a256,市中心医院,0.35,line_propagated,10号线,0,normal_info,0,10号线
ZZM_CN_03beed17e6b5,ZZS_193238e3af,李商隐公园,0.35,line_propagated,10号线,0,normal_info,0,10号线
ZZM_CN_03beed17e6b5,ZZS_3813354d55,绿城广场,0.35,line_propagated,10号线,0,normal_info,0,10号线
ZZM_CN_03beed17e6b5,ZZS_5925b9eaa7,柳湖,0.35,line_propagated,10号线,0,normal_info,0,10号线
ZZM_CN_03beed17e6b5,ZZS_6497dca4fb,庙王,0.35,line_propagated,10号线,0,normal_info,0,10号线
ZZM_CN_03beed17e6b5,ZZS_6f9fa1c519,西流湖公园南,0.35,line_propagated,10号线,0,normal_info,0,10号线
ZZM_CN_03beed17e6b5,ZZS_8b4f322227,郑州一中,0.35,line_propagated,10号线,0,normal_info,0,10号线
ZZM_CN_03beed17e6b5,ZZS_90196f31d6,郑州火车站,0.35,line_propagated,10号线,0,normal_info,0,10号线
ZZM_CN_03beed17e6b5,ZZS_90377f53c5,二砂,0.35,line_propagated,10号线,0,normal_info,0,10号线
ZZM_CN_03beed17e6b5,ZZS_9d546847d5,郑州西站,0.35,line_propagated,10号线,0,normal_info,0,10号线
ZZM_CN_03beed17e6b5,ZZS_c9109d3d9f,医学院,0.35,line_propagated,10号线,0,normal_info,0,10号线
ZZM_CN_03beed17e6b5,ZZS_f453749a84,市委党校,0.35,line_propagated,10号线,0,normal_info,0,10号线
ZZM_CN_05898810f2b8,ZZS_047175b6e2,老鸦陈,0.35,line_propagated,4号线,0,normal_info,0,4号线
ZZM_CN_05898810f2b8,ZZS_06c5d1c11c,商鼎路,0.35,line_propagated,4号线,0,normal_info,0,4号线
ZZM_CN_05898810f2b8,ZZS_1236ed80e3,中央商务区,0.35,line_propagated,4号线,0,normal_info,0,4号线
ZZM_CN_05898810f2b8,ZZS_184971fb41,郎庄,0.35,line_propagated,4号线,0,normal_info,0,4号线
ZZM_CN_05898810f2b8,ZZS_1acd4fa835,金岱,0.35,line_propagated,4号线,0,normal_info,0,4号线
ZZM_CN_05898810f2b8,ZZS_1e911360df,姚庄,0.35,line_propagated,4号线,0,normal_info,0,4号线
ZZM_CN_05898810f2b8,ZZS_25a4eab92b,龙湖南,0.35,line_propagated,4号线,0,normal_info,0,4号线
ZZM_CN_05898810f2b8,ZZS_28ee7061d7,东十里铺,0.35,line_propagated,4号线,0,normal_info,0,4号线
ZZM_CN_05898810f2b8,ZZS_3546d6d127,丰庆路,0.35,line_propagated,4号线,0,normal_info,0,4号线
ZZM_CN_05898810f2b8,ZZS_45679e4fc0,七里河,0.35,line_propagated,4号线,0,normal_info,0,4号线
ZZM_CN_05898810f2b8,ZZS_542d10f6f0,金融岛北,0.35,line_propagated,4号线,0,normal_info,0,4号线
ZZM_CN_05898810f2b8,ZZS_548bc6fa98,陈寨东,0.35,line_propagated,4号线,0,normal_info,0,4号线
ZZM_CN_05898810f2b8,ZZS_55f9aea406,森林公园北,0.35,line_propagated,4号线,0,normal_info,0,4号线
ZZM_CN_05898810f2b8,ZZS_6605be2a4e,省体育中心,0.35,line_propagated,4号线,0,normal_info,0,4号线
ZZM_CN_05898810f2b8,ZZS_6a9a14f197,北二十里铺,0.35,line_propagated,4号线,0,normal_info,0,4号线
ZZM_CN_05898810f2b8,ZZS_87213b5129,会展中心,0.35,line_propagated,4号线,0,normal_info,0,4号线
ZZM_CN_05898810f2b8,ZZS_90c4ce1eb7,沙门,0.35,line_propagated,4号线,0,normal_info,0,4号线
ZZM_CN_05898810f2b8,ZZS_90de6fab35,货站街,0.35,line_propagated,4号线,0,normal_info,0,4号线
ZZM_CN_05898810f2b8,ZZS_93f56b73b3,果树所,0.35,line_propagated,4号线,0,normal_info,0,4号线
ZZM_CN_05898810f2b8,ZZS_95fb90b688,杨君刘,0.35,line_propagated,4号线,0,normal_info,0,4号线
ZZM_CN_05898810f2b8,ZZS_9965eccc39,龙湖中环北,0.35,line_propagated,4号线,0,normal_info,0,4号线
ZZM_CN_05898810f2b8,ZZS_aa3686fb6d,金融岛南,0.35,line_propagated,4号线,0,normal_info,0,4号线
ZZM_CN_05898810f2b8,ZZS_ccf9ac5267,清华附中,0.35,line_propagated,4号线,0,normal_info,0,4号线
ZZM_CN_05898810f2b8,ZZS_d86c49fbed,农业东路,0.35,line_propagated,4号线,0,normal_info,0,4号线
ZZM_CN_05898810f2b8,ZZS_dbb2385d18,龙湖北,0.35,line_propagated,4号线,0,normal_info,0,4号线
ZZM_CN_05898810f2b8,ZZS_eca427650a,张家村,0.35,line_propagated,4号线,0,normal_info,0,4号线
ZZM_CN_05898810f2b8,ZZS_eda0ec6e78,龙湖中环南,0.35,line_propagated,4号线,0,normal_info,0,4号线
ZZM_CN_05cb051f2fa6,ZZS_00f55fa149,碧沙岗,0.35,line_propagated,1号线,0,normal_info,0,1号线
ZZM_CN_05cb051f2fa6,ZZS_065e638aef,东风南路,0.35,line_propagated,1号线,0,normal_info,0,1号线
ZZM_CN_05cb051f2fa6,ZZS_0660d199a6,农业南路,0.35,line_propagated,1号线,0,normal_info,0,1号线
ZZM_CN_05cb051f2fa6,ZZS_0ccbb4888d,二七广场,0.9,exact+line,1号线|二七广场,0,normal_info,0,1号线
ZZM_CN_05cb051f2fa6,ZZS_1acdaac4ce,铁炉,0.35,line_propagated,1号线,0,normal_info,0,1号线
ZZM_CN_05cb051f2fa6,ZZS_27d32a2e36,五一公园,0.35,line_propagated,1号线,0,normal_info,0,1号线
ZZM_CN_05cb051f2fa6,ZZS_3813354d55,绿城广场,0.35,line_propagated,1号线,0,normal_info,0,1号线
ZZM_CN_05cb051f2fa6,ZZS_38180914a0,燕庄,0.35,line_propagated,1号线,0,normal_info,0,1号线
ZZM_CN_05cb051f2fa6,ZZS_52a5a7940c,兰寨,0.35,line_propagated,1号线,0,normal_info,0,1号线
ZZM_CN_05cb051f2fa6,ZZS_5d37b2006d,河南大学新区,0.35,line_propagated,1号线,0,normal_info,0,1号线
ZZM_CN_05cb051f2fa6,ZZS_6c89efbe2c,文苑北路,0.35,line_propagated,1号线,0,normal_info,0,1号线
ZZM_CN_05cb051f2fa6,ZZS_87213b5129,会展中心,0.35,line_propagated,1号线,0,normal_info,0,1号线
ZZM_CN_05cb051f2fa6,ZZS_881a48e5bb,西三环,0.35,line_propagated,1号线,0,normal_info,0,1号线
ZZM_CN_05cb051f2fa6,ZZS_89f2ce9b1d,秦岭路,0.35,line_propagated,1号线,0,normal_info,0,1号线
ZZM_CN_05cb051f2fa6,ZZS_90196f31d6,郑州火车站,0.35,line_propagated,1号线,0,normal_info,0,1号线
ZZM_CN_05cb051f2fa6,ZZS_a14df2d44f,紫荆山,0.35,line_propagated,1号线,0,normal_info,0,1号线
ZZM_CN_05cb051f2fa6,ZZS_ae1b2afcad,梧桐街,0.35,line_propagated,1号线,0,normal_info,0,1号线
ZZM_CN_05cb051f2fa6,ZZS_aed2ee7bb7,河南工业大学,0.35,line_propagated,1号线,0,normal_info,0,1号线
ZZM_CN_05cb051f2fa6,ZZS_b0ac143899,龙子湖,0.35,line_propagated,1号线,0,normal_info,0,1号线
ZZM_CN_05cb051f2fa6,ZZS_b37a0bcf35,郑大科技园,0.35,line_propagated,1号线,0,normal_info,0,1号线
ZZM_CN_05cb051f2fa6,ZZS_b8d795b006,黄河南路,0.35,line_propagated,1号线,0,normal_info,0,1号线
ZZM_CN_05cb051f2fa6,ZZS_bb3c17098a,人民路,0.35,line_propagated,1号线,0,normal_info,0,1号线
ZZM_CN_05cb051f2fa6,ZZS_bf7f2bfbd0,博学路,0.35,line_propagated,1号线,0,normal_info,0,1号线
ZZM_CN_05cb051f2fa6,ZZS_c9109d3d9f,医学院,0.35,line_propagated,1号线,0,normal_info,0,1号线
ZZM_CN_05cb051f2fa6,ZZS_cc61daaced,市体育中心,0.35,line_propagated,1号线,0,normal_info,0,1号线
ZZM_CN_05cb051f2fa6,ZZS_d61a964e41,市民中心,0.35,line_propagated,1号线,0,normal_info,0,1号线
ZZM_CN_05cb051f2fa6,ZZS_e4b35b2f4d,郑州大学,0.35,line_propagated,1号线,0,normal_info,0,1号线
ZZM_CN_05cb051f2fa6,ZZS_e67ffc082e,西流湖,0.35,line_propagated,1号线,0,normal_info,0,1号线
ZZM_CN_05cb051f2fa6,ZZS_ff2a277828,民航路,0.35,line_propagated,1号线,0,normal_info,0,1号线
ZZM_CN_05cb051f2fa6,ZZS_ff6940526d,郑州东站,0.35,line_propagated,1号线,0,normal_info,0,1号线
ZZM_CN_05dd54787563,ZZS_e4b35b2f4d,郑州大学,0.9,exact,郑州大学,0,normal_info,0,
ZZM_CN_0621a969f279,ZZS_136c32a256,市中心医院,0.9,exact,市中心医院,0,normal_info,0,
ZZM_CN_0625bad26e9a,ZZS_047175b6e2,老鸦陈,0.35,line_propagated,4号线,0,normal_info,0,4号线
ZZM_CN_0625bad26e9a,ZZS_06c5d1c11c,商鼎路,0.35,line_propagated,4号线,0,normal_info,0,4号线
ZZM_CN_0625bad26e9a,ZZS_1236ed80e3,中央商务区,0.35,line_propagated,4号线,0,normal_info,0,4号线
ZZM_CN_0625bad26e9a,ZZS_184971fb41,郎庄,0.35,line_propagated,4号线,0,normal_info,0,4号线
ZZM_CN_0625bad26e9a,ZZS_1acd4fa835,金岱,0.35,line_propagated,4号线,0,normal_info,0,4号线
ZZM_CN_0625bad26e9a,ZZS_1e911360df,姚庄,0.35,line_propagated,4号线,0,normal_info,0,4号线
ZZM_CN_0625bad26e9a,ZZS_25a4eab92b,龙湖南,0.35,line_propagated,4号线,0,normal_info,0,4号线
ZZM_CN_0625bad26e9a,ZZS_28ee7061d7,东十里铺,0.35,line_propagated,4号线,0,normal_info,0,4号线
ZZM_CN_0625bad26e9a,ZZS_3546d6d127,丰庆路,0.35,line_propagated,4号线,0,normal_info,0,4号线
ZZM_CN_0625bad26e9a,ZZS_45679e4fc0,七里河,0.35,line_propagated,4号线,0,normal_info,0,4号线
ZZM_CN_0625bad26e9a,ZZS_542d10f6f0,金融岛北,0.35,line_propagated,4号线,0,normal_info,0,4号线
ZZM_CN_0625bad26e9a,ZZS_548bc6fa98,陈寨东,0.35,line_propagated,4号线,0,normal_info,0,4号线
ZZM_CN_0625bad26e9a,ZZS_55f9aea406,森林公园北,0.35,line_propagated,4号线,0,normal_info,0,4号线
ZZM_CN_0625bad26e9a,ZZS_6605be2a4e,省体育中心,0.35,line_propagated,4号线,0,normal_info,0,4号线
ZZM_CN_0625bad26e9a,ZZS_6a9a14f197,北二十里铺,0.35,line_propagated,4号线,0,normal_info,0,4号线
ZZM_CN_0625bad26e9a,ZZS_87213b5129,会展中心,0.35,line_propagated,4号线,0,normal_info,0,4号线
ZZM_CN_0625bad26e9a,ZZS_90c4ce1eb7,沙门,0.35,line_propagated,4号线,0,normal_info,0,4号线
ZZM_CN_0625bad26e9a,ZZS_90de6fab35,货站街,0.35,line_propagated,4号线,0,normal_info,0,4号线
ZZM_CN_0625bad26e9a,ZZS_93f56b73b3,果树所,0.35,line_propagated,4号线,0,normal_info,0,4号线
ZZM_CN_0625bad26e9a,ZZS_95fb90b688,杨君刘,0.35,line_propagated,4号线,0,normal_info,0,4号线
ZZM_CN_0625bad26e9a,ZZS_9965eccc39,龙湖中环北,0.35,line_propagated,4号线,0,normal_info,0,4号线
ZZM_CN_0625bad26e9a,ZZS_aa3686fb6d,金融岛南,0.35,line_propagated,4号线,0,normal_info,0,4号线
ZZM_CN_0625bad26e9a,ZZS_ccf9ac5267,清华附中,0.35,line_propagated,4号线,0,normal_info,0,4号线
ZZM_CN_0625bad26e9a,ZZS_d86c49fbed,农业东路,0.35,line_propagated,4号线,0,normal_info,0,4号线
ZZM_CN_0625bad26e9a,ZZS_dbb2385d18,龙湖北,0.35,line_propagated,4号线,0,normal_info,0,4号线
ZZM_CN_0625bad26e9a,ZZS_eca427650a,张家村,0.35,line_propagated,4号线,0,normal_info,0,4号线
ZZM_CN_0625bad26e9a,ZZS_eda0ec6e78,龙湖中环南,0.35,line_propagated,4号线,0,normal_info,0,4号线
ZZM_CN_076655d5e202,ZZS_00f55fa149,碧沙岗,0.35,line_propagated,1号线,0,normal_info,0,1号线
ZZM_CN_076655d5e202,ZZS_065e638aef,东风南路,0.35,line_propagated,1号线,0,normal_info,0,1号线
ZZM_CN_076655d5e202,ZZS_0660d199a6,农业南路,0.35,line_propagated,1号线,0,normal_info,0,1号线
ZZM_CN_076655d5e202,ZZS_0ccbb4888d,二七广场,0.35,line_propagated,1号线,0,normal_info,0,1号线
ZZM_CN_076655d5e202,ZZS_1acdaac4ce,铁炉,0.35,line_propagated,1号线,0,normal_info,0,1号线
ZZM_CN_076655d5e202,ZZS_27d32a2e36,五一公园,0.35,line_propagated,1号线,0,normal_info,0,1号线
ZZM_CN_076655d5e202,ZZS_3813354d55,绿城广场,0.35,line_propagated,1号线,0,normal_info,0,1号线
ZZM_CN_076655d5e202,ZZS_38180914a0,燕庄,0.35,line_propagated,1号线,0,normal_info,0,1号线
ZZM_CN_076655d5e202,ZZS_52a5a7940c,兰寨,0.35,line_propagated,1号线,0,normal_info,0,1号线
ZZM_CN_076655d5e202,ZZS_5d37b2006d,河南大学新区,0.35,line_propagated,1号线,0,normal_info,0,1号线
ZZM_CN_076655d5e202,ZZS_6c89efbe2c,文苑北路,0.35,line_propagated,1号线,0,normal_info,0,1号线
ZZM_CN_076655d5e202,ZZS_87213b5129,会展中心,0.35,line_propagated,1号线,0,normal_info,0,1号线
ZZM_CN_076655d5e202,ZZS_881a48e5bb,西三环,0.35,line_propagated,1号线,0,normal_info,0,1号线
ZZM_CN_076655d5e202,ZZS_89f2ce9b1d,秦岭路,0.35,line_propagated,1号线,0,normal_info,0,1号线
ZZM_CN_076655d5e202,ZZS_90196f31d6,郑州火车站,0.35,line_propagated,1号线,0,normal_info,0,1号线
ZZM_CN_076655d5e202,ZZS_a14df2d44f,紫荆山,0.35,line_propagated,1号线,0,normal_info,0,1号线
ZZM_CN_076655d5e202,ZZS_ae1b2afcad,梧桐街,0.35,line_propagated,1号线,0,normal_info,0,1号线
ZZM_CN_076655d5e202,ZZS_aed2ee7bb7,河南工业大学,0.35,line_propagated,1号线,0,normal_info,0,1号线
ZZM_CN_076655d5e202,ZZS_b0ac143899,龙子湖,0.35,line_propagated,1号线,0,normal_info,0,1号线
ZZM_CN_076655d5e202,ZZS_b37a0bcf35,郑大科技园,0.35,line_propagated,1号线,0,normal_info,0,1号线
ZZM_CN_076655d5e202,ZZS_b8d795b006,黄河南路,0.35,line_propagated,1号线,0,normal_info,0,1号线
ZZM_CN_076655d5e202,ZZS_bb3c17098a,人民路,0.35,line_propagated,1号线,0,normal_info,0,1号线
ZZM_CN_076655d5e202,ZZS_bf7f2bfbd0,博学路,0.35,line_propagated,1号线,0,normal_info,0,1号线
ZZM_CN_076655d5e202,ZZS_c9109d3d9f,医学院,0.35,line_propagated,1号线,0,normal_info,0,1号线
ZZM_CN_076655d5e202,ZZS_cc61daaced,市体育中心,0.35,line_propagated,1号线,0,normal_info,0,1号线
ZZM_CN_076655d5e202,ZZS_d61a964e41,市民中心,0.35,line_propagated,1号线,0,normal_info,0,1号线
ZZM_CN_076655d5e202,ZZS_e4b35b2f4d,郑州大学,0.35,line_propagated,1号线,0,normal_info,0,1号线
ZZM_CN_076655d5e202,ZZS_e67ffc082e,西流湖,0.35,line_propagated,1号线,0,normal_info,0,1号线
ZZM_CN_076655d5e202,ZZS_ff2a277828,民航路,0.35,line_propagated,1号线,0,normal_info,0,1号线
ZZM_CN_076655d5e202,ZZS_ff6940526d,郑州东站,0.35,line_propagated,1号线,0,normal_info,0,1号线
ZZM_CN_07888babfa59,ZZS_00f55fa149,碧沙岗,0.35,line_propagated,1号线,3,facility_equipment,0,1号线
ZZM_CN_07888babfa59,ZZS_065e638aef,东风南路,0.35,line_propagated,1号线,3,facility_equipment,0,1号线
ZZM_CN_07888babfa59,ZZS_0660d199a6,农业南路,0.35,line_propagated,1号线,3,facility_equipment,0,1号线
ZZM_CN_07888babfa59,ZZS_0ccbb4888d,二七广场,0.35,line_propagated,1号线,3,facility_equipment,0,1号线
ZZM_CN_07888babfa59,ZZS_1acdaac4ce,铁炉,0.35,line_propagated,1号线,3,facility_equipment,0,1号线
ZZM_CN_07888babfa59,ZZS_27d32a2e36,五一公园,0.35,line_propagated,1号线,3,facility_equipment,0,1号线
ZZM_CN_07888babfa59,ZZS_3813354d55,绿城广场,0.35,line_propagated,1号线,3,facility_equipment,0,1号线
ZZM_CN_07888babfa59,ZZS_38180914a0,燕庄,0.35,line_propagated,1号线,3,facility_equipment,0,1号线
ZZM_CN_07888babfa59,ZZS_52a5a7940c,兰寨,0.35,line_propagated,1号线,3,facility_equipment,0,1号线
ZZM_CN_07888babfa59,ZZS_5d37b2006d,河南大学新区,0.35,line_propagated,1号线,3,facility_equipment,0,1号线
ZZM_CN_07888babfa59,ZZS_6c89efbe2c,文苑北路,0.35,line_propagated,1号线,3,facility_equipment,0,1号线
ZZM_CN_07888babfa59,ZZS_87213b5129,会展中心,0.35,line_propagated,1号线,3,facility_equipment,0,1号线
ZZM_CN_07888babfa59,ZZS_881a48e5bb,西三环,0.35,line_propagated,1号线,3,facility_equipment,0,1号线
ZZM_CN_07888babfa59,ZZS_89f2ce9b1d,秦岭路,0.35,line_propagated,1号线,3,facility_equipment,0,1号线
ZZM_CN_07888babfa59,ZZS_90196f31d6,郑州火车站,0.35,line_propagated,1号线,3,facility_equipment,0,1号线
ZZM_CN_07888babfa59,ZZS_a14df2d44f,紫荆山,0.35,line_propagated,1号线,3,facility_equipment,0,1号线
ZZM_CN_07888babfa59,ZZS_ae1b2afcad,梧桐街,0.35,line_propagated,1号线,3,facility_equipment,0,1号线
ZZM_CN_07888babfa59,ZZS_aed2ee7bb7,河南工业大学,0.35,line_propagated,1号线,3,facility_equipment,0,1号线
ZZM_CN_07888babfa59,ZZS_b0ac143899,龙子湖,0.35,line_propagated,1号线,3,facility_equipment,0,1号线
ZZM_CN_07888babfa59,ZZS_b37a0bcf35,郑大科技园,0.35,line_propagated,1号线,3,facility_equipment,0,1号线
ZZM_CN_07888babfa59,ZZS_b8d795b006,黄河南路,0.35,line_propagated,1号线,3,facility_equipment,0,1号线
ZZM_CN_07888babfa59,ZZS_bb3c17098a,人民路,0.35,line_propagated,1号线,3,facility_equipment,0,1号线
ZZM_CN_07888babfa59,ZZS_bf7f2bfbd0,博学路,0.35,line_propagated,1号线,3,facility_equipment,0,1号线
ZZM_CN_07888babfa59,ZZS_c87aa9753c,体育中心,0.9,exact,体育中心,3,facility_equipment,0,1号线
ZZM_CN_07888babfa59,ZZS_c9109d3d9f,医学院,0.35,line_propagated,1号线,3,facility_equipment,0,1号线
ZZM_CN_07888babfa59,ZZS_cc61daaced,市体育中心,0.9,exact+line,1号线|市体育中心,3,facility_equipment,0,1号线
ZZM_CN_07888babfa59,ZZS_d61a964e41,市民中心,0.35,line_propagated,1号线,3,facility_equipment,0,1号线
ZZM_CN_07888babfa59,ZZS_e4b35b2f4d,郑州大学,0.35,line_propagated,1号线,3,facility_equipment,0,1号线
ZZM_CN_07888babfa59,ZZS_e67ffc082e,西流湖,0.35,line_propagated,1号线,3,facility_equipment,0,1号线
ZZM_CN_07888babfa59,ZZS_ff2a277828,民航路,0.35,line_propagated,1号线,3,facility_equipment,0,1号线
ZZM_CN_07888babfa59,ZZS_ff6940526d,郑州东站,0.35,line_propagated,1号线,3,facility_equipment,0,1号线
ZZM_CN_0840ef13a984,ZZS_02cf3e4cf5,南三环,0.35,line_propagated,2号线,0,normal_info,0,2号线
ZZM_CN_0840ef13a984,ZZS_1a5721a427,毛庄,0.35,line_propagated,2号线,0,normal_info,0,2号线
ZZM_CN_0840ef13a984,ZZS_20262a52f0,南五里堡,0.35,line_propagated,2号线,0,normal_info,0,2号线
ZZM_CN_0840ef13a984,ZZS_2bd57be00d,关虎屯,0.35,line_propagated,2号线,0,normal_info,0,2号线
ZZM_CN_0840ef13a984,ZZS_43a808507b,金洼,0.35,line_propagated,2号线,0,normal_info,0,2号线
ZZM_CN_0840ef13a984,ZZS_4d258fdd50,金达路,0.35,line_propagated,2号线,0,normal_info,0,2号线
ZZM_CN_0840ef13a984,ZZS_51e572c7c3,东大街,0.35,line_propagated,2号线,0,normal_info,0,2号线
ZZM_CN_0840ef13a984,ZZS_54adf32b6c,南四环,0.35,line_propagated,2号线,0,normal_info,0,2号线
ZZM_CN_0840ef13a984,ZZS_6b600b7696,刘庄,0.35,line_propagated,2号线,0,normal_info,0,2号线
ZZM_CN_0840ef13a984,ZZS_72de4f5f66,惠济区政府,0.35,line_propagated,2号线,0,normal_info,0,2号线
ZZM_CN_0840ef13a984,ZZS_7dd13fd23f,黄河路,0.35,line_propagated,2号线,0,normal_info,0,2号线
ZZM_CN_0840ef13a984,ZZS_90c4ce1eb7,沙门,0.35,line_propagated,2号线,0,normal_info,0,2号线
ZZM_CN_0840ef13a984,ZZS_93b9249040,二里岗,0.35,line_propagated,2号线,0,normal_info,0,2号线
ZZM_CN_0840ef13a984,ZZS_9660c27c11,站马屯,0.35,line_propagated,2号线,0,normal_info,0,2号线
ZZM_CN_0840ef13a984,ZZS_9f383e1427,花寨,0.35,line_propagated,2号线,0,normal_info,0,2号线
ZZM_CN_0840ef13a984,ZZS_a14df2d44f,紫荆山,0.9,exact+line,2号线|紫荆山,0,normal_info,0,2号线
ZZM_CN_0840ef13a984,ZZS_a7b91da4c7,陇海东路,0.35,line_propagated,2号线,0,normal_info,0,2号线
ZZM_CN_0840ef13a984,ZZS_abc078ccd5,黄河迎宾馆,0.35,line_propagated,2号线,0,normal_info,0,2号线
ZZM_CN_0840ef13a984,ZZS_bdc2a71da9,柳林,0.35,line_propagated,2号线,0,normal_info,0,2号线
ZZM_CN_0840ef13a984,ZZS_c180efc575,贾河,0.35,line_propagated,2号线,0,normal_info,0,2号线
ZZM_CN_0840ef13a984,ZZS_ff256e6634,北三环,0.35,line_propagated,2号线,0,normal_info,0,2号线
ZZM_CN_0840ef13a984,ZZS_ff491e6fdf,东风路,0.35,line_propagated,2号线,0,normal_info,0,2号线
ZZM_CN_0953d1fa6b10,ZZS_e4b35b2f4d,郑州大学,0.9,exact,郑州大学,0,normal_info,0,
ZZM_CN_0a089f49f5b1,ZZS_87213b5129,会展中心,0.9,exact,会展中心,0,normal_info,0,
ZZM_CN_0a548b6c79f1,ZZS_012609616a,金汇桥,0.35,line_propagated,6号线,0,normal_info,0,6号线
ZZM_CN_0a548b6c79f1,ZZS_1f9e3949c9,小营,0.35,line_propagated,6号线,0,normal_info,0,6号线
ZZM_CN_0a548b6c79f1,ZZS_20d2a84fd8,火车头体育场,0.35,line_propagated,6号线,0,normal_info,0,6号线
ZZM_CN_0a548b6c79f1,ZZS_2f6e9b8cad,贾峪,0.35,line_propagated,6号线,0,normal_info,0,6号线
ZZM_CN_0a548b6c79f1,ZZS_38180914a0,燕庄,0.35,line_propagated,6号线,0,normal_info,0,6号线
ZZM_CN_0a548b6c79f1,ZZS_388ac52a0a,大学中路,0.35,line_propagated,6号线,0,normal_info,0,6号线
ZZM_CN_0a548b6c79f1,ZZS_485552a0e0,马寨,0.35,line_propagated,6号线,0,normal_info,0,6号线
ZZM_CN_0a548b6c79f1,ZZS_50d016b586,二里岗东,0.35,line_propagated,6号线,0,normal_info,0,6号线
ZZM_CN_0a548b6c79f1,ZZS_5479c586b4,奥体中心,0.35,line_propagated,6号线,0,normal_info,0,6号线
ZZM_CN_0a548b6c79f1,ZZS_5d10963dfa,冯湾,0.35,line_propagated,6号线,0,normal_info,0,6号线
ZZM_CN_0a548b6c79f1,ZZS_5d76a54f7e,卧龙岗,0.35,line_propagated,6号线,0,normal_info,0,6号线
ZZM_CN_0a548b6c79f1,ZZS_7027bf40e7,金融岛西,0.35,line_propagated,6号线,0,normal_info,0,6号线
ZZM_CN_0a548b6c79f1,ZZS_77acb25c9b,洞林寺,0.35,line_propagated,6号线,0,normal_info,0,6号线
ZZM_CN_0a548b6c79f1,ZZS_7af1d05702,奥体中心西,0.35,line_propagated,6号线,0,normal_info,0,6号线
ZZM_CN_0a548b6c79f1,ZZS_920af7f7b2,陇秀公园,0.35,line_propagated,6号线,0,normal_info,0,6号线
ZZM_CN_0a548b6c79f1,ZZS_93b9249040,二里岗,0.35,line_propagated,6号线,0,normal_info,0,6号线
ZZM_CN_0a548b6c79f1,ZZS_9e03ca5f4c,常庄,0.35,line_propagated,6号线,0,normal_info,0,6号线
ZZM_CN_0a548b6c79f1,ZZS_ba70aa715e,博览中心,0.35,line_propagated,6号线,0,normal_info,0,6号线
ZZM_CN_0a548b6c79f1,ZZS_be7c73e65a,河南建院,0.35,line_propagated,6号线,0,normal_info,0,6号线
ZZM_CN_0a548b6c79f1,ZZS_c684a04cd3,李江沟,0.35,line_propagated,6号线,0,normal_info,0,6号线
ZZM_CN_0a548b6c79f1,ZZS_c720567666,桐淮,0.35,line_propagated,6号线,0,normal_info,0,6号线
ZZM_CN_0a548b6c79f1,ZZS_cb2e15cfa0,姚砦,0.35,line_propagated,6号线,0,normal_info,0,6号线
ZZM_CN_0a548b6c79f1,ZZS_ccf9ac5267,清华附中,0.35,line_propagated,6号线,0,normal_info,0,6号线
ZZM_CN_0a548b6c79f1,ZZS_d657129917,嵩淮,0.35,line_propagated,6号线,0,normal_info,0,6号线
ZZM_CN_0a548b6c79f1,ZZS_e6a9c90243,安宁路,0.35,line_propagated,6号线,0,normal_info,0,6号线
ZZM_CN_0a548b6c79f1,ZZS_eab04601b0,洞林湖,0.35,line_propagated,6号线,0,normal_info,0,6号线
ZZM_CN_0a548b6c79f1,ZZS_f593248d09,金桢路,0.35,line_propagated,6号线,0,normal_info,0,6号线
ZZM_CN_0a548b6c79f1,ZZS_fab270f5e2,凤凰台南,0.35,line_propagated,6号线,0,normal_info,0,6号线
ZZM_CN_0a72307888f2,ZZS_001bf66fc1,陇海西路,0.35,line_propagated,5号线,0,normal_info,0,5号线
ZZM_CN_0a72307888f2,ZZS_1236ed80e3,中央商务区,0.35,line_propagated,5号线,0,normal_info,0,5号线
ZZM_CN_0a72307888f2,ZZS_1246e07d02,城东南路,0.35,line_propagated,5号线,0,normal_info,0,5号线
ZZM_CN_0a72307888f2,ZZS_136c32a256,市中心医院,0.35,line_propagated,5号线,0,normal_info,0,5号线
ZZM_CN_0a72307888f2,ZZS_14efbdcc1b,福塔东,0.35,line_propagated,5号线,0,normal_info,0,5号线
ZZM_CN_0a72307888f2,ZZS_190cc56901,金水东路,0.35,line_propagated,5号线,0,normal_info,0,5号线
ZZM_CN_0a72307888f2,ZZS_20262a52f0,南五里堡,0.35,line_propagated,5号线,0,normal_info,0,5号线
ZZM_CN_0a72307888f2,ZZS_20dcf363fc,康宁街,0.35,line_propagated,5号线,0,normal_info,0,5号线
ZZM_CN_0a72307888f2,ZZS_27d32a2e36,五一公园,0.35,line_propagated,5号线,0,normal_info,0,5号线
ZZM_CN_0a72307888f2,ZZS_2db8e2eabe,经北二路,0.35,line_propagated,5号线,0,normal_info,0,5号线
ZZM_CN_0a72307888f2,ZZS_31a002aa03,海滩寺,0.35,line_propagated,5号线,0,normal_info,0,5号线
ZZM_CN_0a72307888f2,ZZS_386438745b,祭城,0.35,line_propagated,5号线,0,normal_info,0,5号线
ZZM_CN_0a72307888f2,ZZS_3ada9c57dc,众意西路,0.35,line_propagated,5号线,0,normal_info,0,5号线
ZZM_CN_0a72307888f2,ZZS_45679e4fc0,七里河,0.35,line_propagated,5号线,0,normal_info,0,5号线
ZZM_CN_0a72307888f2,ZZS_4dd2360957,京广南路,0.35,line_propagated,5号线,0,normal_info,0,5号线
ZZM_CN_0a72307888f2,ZZS_5b6c4f8186,郑州人民医院,0.35,line_propagated,5号线,0,normal_info,0,5号线
ZZM_CN_0a72307888f2,ZZS_5babce6145,中原福塔,0.35,line_propagated,5号线,0,normal_info,0,5号线
ZZM_CN_0a72307888f2,ZZS_5dc87121c2,市第二人民医院,0.35,line_propagated,5号线,0,normal_info,0,5号线
ZZM_CN_0a72307888f2,ZZS_7dd13fd23f,黄河路,0.35,line_propagated,5号线,0,normal_info,0,5号线
ZZM_CN_0a72307888f2,ZZS_9a26907088,齐礼阎,0.35,line_propagated,5号线,0,normal_info,0,5号线
ZZM_CN_0a72307888f2,ZZS_9d8185e03c,省人民医院,0.35,line_propagated,5号线,0,normal_info,0,5号线
ZZM_CN_0a72307888f2,ZZS_a3cc0229f4,省骨科医院,0.35,line_propagated,5号线,0,normal_info,0,5号线
ZZM_CN_0a72307888f2,ZZS_ae7cc361da,月季公园,0.35,line_propagated,5号线,0,normal_info,0,5号线
ZZM_CN_0a72307888f2,ZZS_bd17c52fa6,儿童医院,0.35,line_propagated,5号线,0,normal_info,0,5号线
ZZM_CN_0a72307888f2,ZZS_c720567666,桐淮,0.35,line_propagated,5号线,0,normal_info,0,5号线
ZZM_CN_0a72307888f2,ZZS_c94675c30b,后河芦,0.35,line_propagated,5号线,0,normal_info,0,5号线
ZZM_CN_0a72307888f2,ZZS_c995bf7092,经开中心广场,0.35,line_propagated,5号线,0,normal_info,0,5号线
ZZM_CN_0a72307888f2,ZZS_cb2e15cfa0,姚砦,0.35,line_propagated,5号线,0,normal_info,0,5号线
ZZM_CN_0a72307888f2,ZZS_deb2edc4a2,沙口路,0.35,line_propagated,5号线,0,normal_info,0,5号线
ZZM_CN_0a72307888f2,ZZS_f095e9678f,航海广场,0.35,line_propagated,5号线,0,normal_info,0,5号线
ZZM_CN_0a72307888f2,ZZS_f97030e2b9,冯庄,0.35,line_propagated,5号线,0,normal_info,0,5号线
ZZM_CN_0a72307888f2,ZZS_ff6940526d,郑州东站,0.35,line_propagated,5号线,0,normal_info,0,5号线
ZZM_CN_0aa89e5a2aaa,ZZS_02cf3e4cf5,南三环,0.35,line_propagated,2号线,0,normal_info,0,2号线
ZZM_CN_0aa89e5a2aaa,ZZS_1a5721a427,毛庄,0.35,line_propagated,2号线,0,normal_info,0,2号线
ZZM_CN_0aa89e5a2aaa,ZZS_20262a52f0,南五里堡,0.35,line_propagated,2号线,0,normal_info,0,2号线
ZZM_CN_0aa89e5a2aaa,ZZS_2bd57be00d,关虎屯,0.35,line_propagated,2号线,0,normal_info,0,2号线
ZZM_CN_0aa89e5a2aaa,ZZS_43a808507b,金洼,0.35,line_propagated,2号线,0,normal_info,0,2号线
ZZM_CN_0aa89e5a2aaa,ZZS_4d258fdd50,金达路,0.35,line_propagated,2号线,0,normal_info,0,2号线
ZZM_CN_0aa89e5a2aaa,ZZS_51e572c7c3,东大街,0.35,line_propagated,2号线,0,normal_info,0,2号线
ZZM_CN_0aa89e5a2aaa,ZZS_54adf32b6c,南四环,0.35,line_propagated,2号线,0,normal_info,0,2号线
ZZM_CN_0aa89e5a2aaa,ZZS_6b600b7696,刘庄,0.35,line_propagated,2号线,0,normal_info,0,2号线
ZZM_CN_0aa89e5a2aaa,ZZS_72de4f5f66,惠济区政府,0.35,line_propagated,2号线,0,normal_info,0,2号线
ZZM_CN_0aa89e5a2aaa,ZZS_7dd13fd23f,黄河路,0.35,line_propagated,2号线,0,normal_info,0,2号线
ZZM_CN_0aa89e5a2aaa,ZZS_90c4ce1eb7,沙门,0.35,line_propagated,2号线,0,normal_info,0,2号线
ZZM_CN_0aa89e5a2aaa,ZZS_93b9249040,二里岗,0.35,line_propagated,2号线,0,normal_info,0,2号线
ZZM_CN_0aa89e5a2aaa,ZZS_9660c27c11,站马屯,0.35,line_propagated,2号线,0,normal_info,0,2号线
ZZM_CN_0aa89e5a2aaa,ZZS_9f383e1427,花寨,0.35,line_propagated,2号线,0,normal_info,0,2号线
ZZM_CN_0aa89e5a2aaa,ZZS_a14df2d44f,紫荆山,0.9,exact+line,2号线|紫荆山,0,normal_info,0,2号线
ZZM_CN_0aa89e5a2aaa,ZZS_a7b91da4c7,陇海东路,0.35,line_propagated,2号线,0,normal_info,0,2号线
ZZM_CN_0aa89e5a2aaa,ZZS_abc078ccd5,黄河迎宾馆,0.35,line_propagated,2号线,0,normal_info,0,2号线
ZZM_CN_0aa89e5a2aaa,ZZS_bdc2a71da9,柳林,0.35,line_propagated,2号线,0,normal_info,0,2号线
ZZM_CN_0aa89e5a2aaa,ZZS_c180efc575,贾河,0.35,line_propagated,2号线,0,normal_info,0,2号线
ZZM_CN_0aa89e5a2aaa,ZZS_ff256e6634,北三环,0.35,line_propagated,2号线,0,normal_info,0,2号线
ZZM_CN_0aa89e5a2aaa,ZZS_ff491e6fdf,东风路,0.35,line_propagated,2号线,0,normal_info,0,2号线
ZZM_CN_0af7c48fb6eb,ZZS_012609616a,金汇桥,0.35,line_propagated,6号线,0,normal_info,3,6号线
ZZM_CN_0af7c48fb6eb,ZZS_1f9e3949c9,小营,0.35,line_propagated,6号线,0,normal_info,3,6号线
ZZM_CN_0af7c48fb6eb,ZZS_20d2a84fd8,火车头体育场,0.35,line_propagated,6号线,0,normal_info,3,6号线
ZZM_CN_0af7c48fb6eb,ZZS_2f6e9b8cad,贾峪,0.35,line_propagated,6号线,0,normal_info,3,6号线
ZZM_CN_0af7c48fb6eb,ZZS_38180914a0,燕庄,0.35,line_propagated,6号线,0,normal_info,3,6号线
ZZM_CN_0af7c48fb6eb,ZZS_388ac52a0a,大学中路,0.35,line_propagated,6号线,0,normal_info,3,6号线
ZZM_CN_0af7c48fb6eb,ZZS_485552a0e0,马寨,0.35,line_propagated,6号线,0,normal_info,3,6号线
ZZM_CN_0af7c48fb6eb,ZZS_50d016b586,二里岗东,0.35,line_propagated,6号线,0,normal_info,3,6号线
ZZM_CN_0af7c48fb6eb,ZZS_5479c586b4,奥体中心,0.35,line_propagated,6号线,0,normal_info,3,6号线
ZZM_CN_0af7c48fb6eb,ZZS_5d10963dfa,冯湾,0.35,line_propagated,6号线,0,normal_info,3,6号线
ZZM_CN_0af7c48fb6eb,ZZS_5d76a54f7e,卧龙岗,0.35,line_propagated,6号线,0,normal_info,3,6号线
ZZM_CN_0af7c48fb6eb,ZZS_7027bf40e7,金融岛西,0.35,line_propagated,6号线,0,normal_info,3,6号线
ZZM_CN_0af7c48fb6eb,ZZS_77acb25c9b,洞林寺,0.35,line_propagated,6号线,0,normal_info,3,6号线
ZZM_CN_0af7c48fb6eb,ZZS_7af1d05702,奥体中心西,0.35,line_propagated,6号线,0,normal_info,3,6号线
ZZM_CN_0af7c48fb6eb,ZZS_920af7f7b2,陇秀公园,0.35,line_propagated,6号线,0,normal_info,3,6号线
ZZM_CN_0af7c48fb6eb,ZZS_93b9249040,二里岗,0.35,line_propagated,6号线,0,normal_info,3,6号线
ZZM_CN_0af7c48fb6eb,ZZS_9e03ca5f4c,常庄,0.35,line_propagated,6号线,0,normal_info,3,6号线
ZZM_CN_0af7c48fb6eb,ZZS_ba70aa715e,博览中心,0.35,line_propagated,6号线,0,normal_info,3,6号线
ZZM_CN_0af7c48fb6eb,ZZS_be7c73e65a,河南建院,0.35,line_propagated,6号线,0,normal_info,3,6号线
ZZM_CN_0af7c48fb6eb,ZZS_c684a04cd3,李江沟,0.35,line_propagated,6号线,0,normal_info,3,6号线
ZZM_CN_0af7c48fb6eb,ZZS_c720567666,桐淮,0.35,line_propagated,6号线,0,normal_info,3,6号线
ZZM_CN_0af7c48fb6eb,ZZS_cb2e15cfa0,姚砦,0.35,line_propagated,6号线,0,normal_info,3,6号线
ZZM_CN_0af7c48fb6eb,ZZS_ccf9ac5267,清华附中,0.35,line_propagated,6号线,0,normal_info,3,6号线
ZZM_CN_0af7c48fb6eb,ZZS_d657129917,嵩淮,0.35,line_propagated,6号线,0,normal_info,3,6号线
ZZM_CN_0af7c48fb6eb,ZZS_e6a9c90243,安宁路,0.35,line_propagated,6号线,0,normal_info,3,6号线
ZZM_CN_0af7c48fb6eb,ZZS_eab04601b0,洞林湖,0.35,line_propagated,6号线,0,normal_info,3,6号线
ZZM_CN_0af7c48fb6eb,ZZS_f593248d09,金桢路,0.35,line_propagated,6号线,0,normal_info,3,6号线
ZZM_CN_0af7c48fb6eb,ZZS_fab270f5e2,凤凰台南,0.35,line_propagated,6号线,0,normal_info,3,6号线
ZZM_CN_0b2077459cc2,ZZS_00f55fa149,碧沙岗,0.35,line_propagated,1号线,0,normal_info,0,1号线
ZZM_CN_0b2077459cc2,ZZS_065e638aef,东风南路,0.35,line_propagated,1号线,0,normal_info,0,1号线
ZZM_CN_0b2077459cc2,ZZS_0660d199a6,农业南路,0.35,line_propagated,1号线,0,normal_info,0,1号线
ZZM_CN_0b2077459cc2,ZZS_0ccbb4888d,二七广场,0.35,line_propagated,1号线,0,normal_info,0,1号线
ZZM_CN_0b2077459cc2,ZZS_1acdaac4ce,铁炉,0.35,line_propagated,1号线,0,normal_info,0,1号线
ZZM_CN_0b2077459cc2,ZZS_27d32a2e36,五一公园,0.35,line_propagated,1号线,0,normal_info,0,1号线
ZZM_CN_0b2077459cc2,ZZS_3813354d55,绿城广场,0.35,line_propagated,1号线,0,normal_info,0,1号线
ZZM_CN_0b2077459cc2,ZZS_38180914a0,燕庄,0.35,line_propagated,1号线,0,normal_info,0,1号线
ZZM_CN_0b2077459cc2,ZZS_52a5a7940c,兰寨,0.35,line_propagated,1号线,0,normal_info,0,1号线
ZZM_CN_0b2077459cc2,ZZS_5d37b2006d,河南大学新区,0.35,line_propagated,1号线,0,normal_info,0,1号线
ZZM_CN_0b2077459cc2,ZZS_6c89efbe2c,文苑北路,0.35,line_propagated,1号线,0,normal_info,0,1号线
ZZM_CN_0b2077459cc2,ZZS_87213b5129,会展中心,0.35,line_propagated,1号线,0,normal_info,0,1号线
ZZM_CN_0b2077459cc2,ZZS_881a48e5bb,西三环,0.35,line_propagated,1号线,0,normal_info,0,1号线
ZZM_CN_0b2077459cc2,ZZS_89f2ce9b1d,秦岭路,0.35,line_propagated,1号线,0,normal_info,0,1号线
ZZM_CN_0b2077459cc2,ZZS_90196f31d6,郑州火车站,0.35,line_propagated,1号线,0,normal_info,0,1号线
ZZM_CN_0b2077459cc2,ZZS_a14df2d44f,紫荆山,0.9,exact+line,1号线|紫荆山,0,normal_info,0,1号线
ZZM_CN_0b2077459cc2,ZZS_ae1b2afcad,梧桐街,0.35,line_propagated,1号线,0,normal_info,0,1号线
ZZM_CN_0b2077459cc2,ZZS_aed2ee7bb7,河南工业大学,0.35,line_propagated,1号线,0,normal_info,0,1号线
ZZM_CN_0b2077459cc2,ZZS_b0ac143899,龙子湖,0.35,line_propagated,1号线,0,normal_info,0,1号线
ZZM_CN_0b2077459cc2,ZZS_b37a0bcf35,郑大科技园,0.35,line_propagated,1号线,0,normal_info,0,1号线
ZZM_CN_0b2077459cc2,ZZS_b8d795b006,黄河南路,0.35,line_propagated,1号线,0,normal_info,0,1号线
ZZM_CN_0b2077459cc2,ZZS_bb3c17098a,人民路,0.35,line_propagated,1号线,0,normal_info,0,1号线
ZZM_CN_0b2077459cc2,ZZS_bf7f2bfbd0,博学路,0.35,line_propagated,1号线,0,normal_info,0,1号线
ZZM_CN_0b2077459cc2,ZZS_c9109d3d9f,医学院,0.35,line_propagated,1号线,0,normal_info,0,1号线
ZZM_CN_0b2077459cc2,ZZS_cc61daaced,市体育中心,0.35,line_propagated,1号线,0,normal_info,0,1号线
ZZM_CN_0b2077459cc2,ZZS_d61a964e41,市民中心,0.35,line_propagated,1号线,0,normal_info,0,1号线
ZZM_CN_0b2077459cc2,ZZS_e4b35b2f4d,郑州大学,0.35,line_propagated,1号线,0,normal_info,0,1号线
ZZM_CN_0b2077459cc2,ZZS_e67ffc082e,西流湖,0.35,line_propagated,1号线,0,normal_info,0,1号线
ZZM_CN_0b2077459cc2,ZZS_ff2a277828,民航路,0.35,line_propagated,1号线,0,normal_info,0,1号线
ZZM_CN_0b2077459cc2,ZZS_ff6940526d,郑州东站,0.35,line_propagated,1号线,0,normal_info,0,1号线
ZZM_CN_0c0b023c9346,ZZS_012609616a,金汇桥,0.35,line_propagated,6号线,3,facility_equipment,3,6号线
ZZM_CN_0c0b023c9346,ZZS_1f9e3949c9,小营,0.35,line_propagated,6号线,3,facility_equipment,3,6号线
ZZM_CN_0c0b023c9346,ZZS_20d2a84fd8,火车头体育场,0.35,line_propagated,6号线,3,facility_equipment,3,6号线
ZZM_CN_0c0b023c9346,ZZS_2f6e9b8cad,贾峪,0.35,line_propagated,6号线,3,facility_equipment,3,6号线
ZZM_CN_0c0b023c9346,ZZS_38180914a0,燕庄,0.35,line_propagated,6号线,3,facility_equipment,3,6号线
ZZM_CN_0c0b023c9346,ZZS_388ac52a0a,大学中路,0.35,line_propagated,6号线,3,facility_equipment,3,6号线
ZZM_CN_0c0b023c9346,ZZS_485552a0e0,马寨,0.35,line_propagated,6号线,3,facility_equipment,3,6号线
ZZM_CN_0c0b023c9346,ZZS_50d016b586,二里岗东,0.35,line_propagated,6号线,3,facility_equipment,3,6号线
ZZM_CN_0c0b023c9346,ZZS_5479c586b4,奥体中心,0.35,line_propagated,6号线,3,facility_equipment,3,6号线
ZZM_CN_0c0b023c9346,ZZS_5d10963dfa,冯湾,0.35,line_propagated,6号线,3,facility_equipment,3,6号线
ZZM_CN_0c0b023c9346,ZZS_5d76a54f7e,卧龙岗,0.35,line_propagated,6号线,3,facility_equipment,3,6号线
ZZM_CN_0c0b023c9346,ZZS_7027bf40e7,金融岛西,0.35,line_propagated,6号线,3,facility_equipment,3,6号线
ZZM_CN_0c0b023c9346,ZZS_77acb25c9b,洞林寺,0.35,line_propagated,6号线,3,facility_equipment,3,6号线
ZZM_CN_0c0b023c9346,ZZS_7af1d05702,奥体中心西,0.35,line_propagated,6号线,3,facility_equipment,3,6号线
ZZM_CN_0c0b023c9346,ZZS_920af7f7b2,陇秀公园,0.35,line_propagated,6号线,3,facility_equipment,3,6号线
ZZM_CN_0c0b023c9346,ZZS_93b9249040,二里岗,0.35,line_propagated,6号线,3,facility_equipment,3,6号线
ZZM_CN_0c0b023c9346,ZZS_9e03ca5f4c,常庄,0.35,line_propagated,6号线,3,facility_equipment,3,6号线
ZZM_CN_0c0b023c9346,ZZS_ba70aa715e,博览中心,0.35,line_propagated,6号线,3,facility_equipment,3,6号线
ZZM_CN_0c0b023c9346,ZZS_be7c73e65a,河南建院,0.35,line_propagated,6号线,3,facility_equipment,3,6号线
ZZM_CN_0c0b023c9346,ZZS_c684a04cd3,李江沟,0.35,line_propagated,6号线,3,facility_equipment,3,6号线
ZZM_CN_0c0b023c9346,ZZS_c720567666,桐淮,0.35,line_propagated,6号线,3,facility_equipment,3,6号线
ZZM_CN_0c0b023c9346,ZZS_cb2e15cfa0,姚砦,0.35,line_propagated,6号线,3,facility_equipment,3,6号线
ZZM_CN_0c0b023c9346,ZZS_ccf9ac5267,清华附中,0.9,exact+line,6号线|清华附中,3,facility_equipment,3,6号线
ZZM_CN_0c0b023c9346,ZZS_d657129917,嵩淮,0.35,line_propagated,6号线,3,facility_equipment,3,6号线
ZZM_CN_0c0b023c9346,ZZS_e6a9c90243,安宁路,0.35,line_propagated,6号线,3,facility_equipment,3,6号线
ZZM_CN_0c0b023c9346,ZZS_eab04601b0,洞林湖,0.35,line_propagated,6号线,3,facility_equipment,3,6号线
ZZM_CN_0c0b023c9346,ZZS_f593248d09,金桢路,0.35,line_propagated,6号线,3,facility_equipment,3,6号线
ZZM_CN_0c0b023c9346,ZZS_fab270f5e2,凤凰台南,0.35,line_propagated,6号线,3,facility_equipment,3,6号线
ZZM_CN_0d0e73126912,ZZS_c87aa9753c,体育中心,0.9,exact,体育中心,0,normal_info,0,
ZZM_CN_0d5f0d9ca269,ZZS_001bf66fc1,陇海西路,0.35,line_propagated,5号线,0,normal_info,0,5号线
ZZM_CN_0d5f0d9ca269,ZZS_1236ed80e3,中央商务区,0.35,line_propagated,5号线,0,normal_info,0,5号线
ZZM_CN_0d5f0d9ca269,ZZS_1246e07d02,城东南路,0.35,line_propagated,5号线,0,normal_info,0,5号线
ZZM_CN_0d5f0d9ca269,ZZS_136c32a256,市中心医院,0.35,line_propagated,5号线,0,normal_info,0,5号线
ZZM_CN_0d5f0d9ca269,ZZS_14efbdcc1b,福塔东,0.35,line_propagated,5号线,0,normal_info,0,5号线
ZZM_CN_0d5f0d9ca269,ZZS_190cc56901,金水东路,0.35,line_propagated,5号线,0,normal_info,0,5号线
ZZM_CN_0d5f0d9ca269,ZZS_20262a52f0,南五里堡,0.35,line_propagated,5号线,0,normal_info,0,5号线
ZZM_CN_0d5f0d9ca269,ZZS_20dcf363fc,康宁街,0.35,line_propagated,5号线,0,normal_info,0,5号线
ZZM_CN_0d5f0d9ca269,ZZS_27d32a2e36,五一公园,0.35,line_propagated,5号线,0,normal_info,0,5号线
ZZM_CN_0d5f0d9ca269,ZZS_2db8e2eabe,经北二路,0.35,line_propagated,5号线,0,normal_info,0,5号线
ZZM_CN_0d5f0d9ca269,ZZS_31a002aa03,海滩寺,0.35,line_propagated,5号线,0,normal_info,0,5号线
ZZM_CN_0d5f0d9ca269,ZZS_386438745b,祭城,0.35,line_propagated,5号线,0,normal_info,0,5号线
ZZM_CN_0d5f0d9ca269,ZZS_3ada9c57dc,众意西路,0.35,line_propagated,5号线,0,normal_info,0,5号线
ZZM_CN_0d5f0d9ca269,ZZS_45679e4fc0,七里河,0.35,line_propagated,5号线,0,normal_info,0,5号线
ZZM_CN_0d5f0d9ca269,ZZS_4dd2360957,京广南路,0.35,line_propagated,5号线,0,normal_info,0,5号线
ZZM_CN_0d5f0d9ca269,ZZS_5b6c4f8186,郑州人民医院,0.35,line_propagated,5号线,0,normal_info,0,5号线
ZZM_CN_0d5f0d9ca269,ZZS_5babce6145,中原福塔,0.35,line_propagated,5号线,0,normal_info,0,5号线
ZZM_CN_0d5f0d9ca269,ZZS_5dc87121c2,市第二人民医院,0.35,line_propagated,5号线,0,normal_info,0,5号线
ZZM_CN_0d5f0d9ca269,ZZS_7dd13fd23f,黄河路,0.35,line_propagated,5号线,0,normal_info,0,5号线
ZZM_CN_0d5f0d9ca269,ZZS_9a26907088,齐礼阎,0.35,line_propagated,5号线,0,normal_info,0,5号线
ZZM_CN_0d5f0d9ca269,ZZS_9d8185e03c,省人民医院,0.35,line_propagated,5号线,0,normal_info,0,5号线
ZZM_CN_0d5f0d9ca269,ZZS_a3cc0229f4,省骨科医院,0.35,line_propagated,5号线,0,normal_info,0,5号线
ZZM_CN_0d5f0d9ca269,ZZS_ae7cc361da,月季公园,0.35,line_propagated,5号线,0,normal_info,0,5号线
ZZM_CN_0d5f0d9ca269,ZZS_bd17c52fa6,儿童医院,0.35,line_propagated,5号线,0,normal_info,0,5号线
ZZM_CN_0d5f0d9ca269,ZZS_c720567666,桐淮,0.35,line_propagated,5号线,0,normal_info,0,5号线
ZZM_CN_0d5f0d9ca269,ZZS_c94675c30b,后河芦,0.35,line_propagated,5号线,0,normal_info,0,5号线
ZZM_CN_0d5f0d9ca269,ZZS_c995bf7092,经开中心广场,0.35,line_propagated,5号线,0,normal_info,0,5号线
ZZM_CN_0d5f0d9ca269,ZZS_cb2e15cfa0,姚砦,0.35,line_propagated,5号线,0,normal_info,0,5号线
ZZM_CN_0d5f0d9ca269,ZZS_deb2edc4a2,沙口路,0.35,line_propagated,5号线,0,normal_info,0,5号线
ZZM_CN_0d5f0d9ca269,ZZS_f095e9678f,航海广场,0.35,line_propagated,5号线,0,normal_info,0,5号线
ZZM_CN_0d5f0d9ca269,ZZS_f97030e2b9,冯庄,0.35,line_propagated,5号线,0,normal_info,0,5号线
ZZM_CN_0d5f0d9ca269,ZZS_ff6940526d,郑州东站,0.35,line_propagated,5号线,0,normal_info,0,5号线
ZZM_CN_0e58f075df4c,ZZS_00f55fa149,碧沙岗,0.35,line_propagated,1号线,0,normal_info,0,1号线
ZZM_CN_0e58f075df4c,ZZS_065e638aef,东风南路,0.35,line_propagated,1号线,0,normal_info,0,1号线
ZZM_CN_0e58f075df4c,ZZS_0660d199a6,农业南路,0.35,line_propagated,1号线,0,normal_info,0,1号线
ZZM_CN_0e58f075df4c,ZZS_0ccbb4888d,二七广场,0.35,line_propagated,1号线,0,normal_info,0,1号线
ZZM_CN_0e58f075df4c,ZZS_1acdaac4ce,铁炉,0.35,line_propagated,1号线,0,normal_info,0,1号线
ZZM_CN_0e58f075df4c,ZZS_27d32a2e36,五一公园,0.35,line_propagated,1号线,0,normal_info,0,1号线
ZZM_CN_0e58f075df4c,ZZS_3813354d55,绿城广场,0.35,line_propagated,1号线,0,normal_info,0,1号线
ZZM_CN_0e58f075df4c,ZZS_38180914a0,燕庄,0.35,line_propagated,1号线,0,normal_info,0,1号线
ZZM_CN_0e58f075df4c,ZZS_52a5a7940c,兰寨,0.35,line_propagated,1号线,0,normal_info,0,1号线
ZZM_CN_0e58f075df4c,ZZS_5d37b2006d,河南大学新区,0.35,line_propagated,1号线,0,normal_info,0,1号线
ZZM_CN_0e58f075df4c,ZZS_6c89efbe2c,文苑北路,0.35,line_propagated,1号线,0,normal_info,0,1号线
ZZM_CN_0e58f075df4c,ZZS_87213b5129,会展中心,0.35,line_propagated,1号线,0,normal_info,0,1号线
ZZM_CN_0e58f075df4c,ZZS_881a48e5bb,西三环,0.35,line_propagated,1号线,0,normal_info,0,1号线
ZZM_CN_0e58f075df4c,ZZS_89f2ce9b1d,秦岭路,0.35,line_propagated,1号线,0,normal_info,0,1号线
ZZM_CN_0e58f075df4c,ZZS_90196f31d6,郑州火车站,0.35,line_propagated,1号线,0,normal_info,0,1号线
ZZM_CN_0e58f075df4c,ZZS_a14df2d44f,紫荆山,0.35,line_propagated,1号线,0,normal_info,0,1号线
ZZM_CN_0e58f075df4c,ZZS_ae1b2afcad,梧桐街,0.35,line_propagated,1号线,0,normal_info,0,1号线
ZZM_CN_0e58f075df4c,ZZS_aed2ee7bb7,河南工业大学,0.35,line_propagated,1号线,0,normal_info,0,1号线
ZZM_CN_0e58f075df4c,ZZS_b0ac143899,龙子湖,0.35,line_propagated,1号线,0,normal_info,0,1号线
ZZM_CN_0e58f075df4c,ZZS_b37a0bcf35,郑大科技园,0.35,line_propagated,1号线,0,normal_info,0,1号线
ZZM_CN_0e58f075df4c,ZZS_b8d795b006,黄河南路,0.35,line_propagated,1号线,0,normal_info,0,1号线
ZZM_CN_0e58f075df4c,ZZS_bb3c17098a,人民路,0.35,line_propagated,1号线,0,normal_info,0,1号线
ZZM_CN_0e58f075df4c,ZZS_bf7f2bfbd0,博学路,0.35,line_propagated,1号线,0,normal_info,0,1号线
ZZM_CN_0e58f075df4c,ZZS_c9109d3d9f,医学院,0.35,line_propagated,1号线,0,normal_info,0,1号线
ZZM_CN_0e58f075df4c,ZZS_cc61daaced,市体育中心,0.35,line_propagated,1号线,0,normal_info,0,1号线
ZZM_CN_0e58f075df4c,ZZS_d61a964e41,市民中心,0.35,line_propagated,1号线,0,normal_info,0,1号线
ZZM_CN_0e58f075df4c,ZZS_e4b35b2f4d,郑州大学,0.35,line_propagated,1号线,0,normal_info,0,1号线
ZZM_CN_0e58f075df4c,ZZS_e67ffc082e,西流湖,0.35,line_propagated,1号线,0,normal_info,0,1号线
ZZM_CN_0e58f075df4c,ZZS_ff2a277828,民航路,0.35,line_propagated,1号线,0,normal_info,0,1号线
ZZM_CN_0e58f075df4c,ZZS_ff6940526d,郑州东站,0.35,line_propagated,1号线,0,normal_info,0,1号线
ZZM_CN_0ec751c70f57,ZZS_02cf3e4cf5,南三环,0.35,line_propagated,2号线,0,normal_info,3,2号线
ZZM_CN_0ec751c70f57,ZZS_1a5721a427,毛庄,0.35,line_propagated,2号线,0,normal_info,3,2号线
ZZM_CN_0ec751c70f57,ZZS_20262a52f0,南五里堡,0.35,line_propagated,2号线,0,normal_info,3,2号线
ZZM_CN_0ec751c70f57,ZZS_27d32a2e36,五一公园,0.9,exact,五一公园,0,normal_info,3,2号线
ZZM_CN_0ec751c70f57,ZZS_2bd57be00d,关虎屯,0.35,line_propagated,2号线,0,normal_info,3,2号线
ZZM_CN_0ec751c70f57,ZZS_43a808507b,金洼,0.35,line_propagated,2号线,0,normal_info,3,2号线
ZZM_CN_0ec751c70f57,ZZS_4d258fdd50,金达路,0.35,line_propagated,2号线,0,normal_info,3,2号线
ZZM_CN_0ec751c70f57,ZZS_51e572c7c3,东大街,0.35,line_propagated,2号线,0,normal_info,3,2号线
ZZM_CN_0ec751c70f57,ZZS_54adf32b6c,南四环,0.35,line_propagated,2号线,0,normal_info,3,2号线
ZZM_CN_0ec751c70f57,ZZS_6b600b7696,刘庄,0.35,line_propagated,2号线,0,normal_info,3,2号线
ZZM_CN_0ec751c70f57,ZZS_72de4f5f66,惠济区政府,0.35,line_propagated,2号线,0,normal_info,3,2号线
ZZM_CN_0ec751c70f57,ZZS_7dd13fd23f,黄河路,0.35,line_propagated,2号线,0,normal_info,3,2号线
ZZM_CN_0ec751c70f57,ZZS_90c4ce1eb7,沙门,0.35,line_propagated,2号线,0,normal_info,3,2号线
ZZM_CN_0ec751c70f57,ZZS_93b9249040,二里岗,0.35,line_propagated,2号线,0,normal_info,3,2号线
ZZM_CN_0ec751c70f57,ZZS_9660c27c11,站马屯,0.35,line_propagated,2号线,0,normal_info,3,2号线
ZZM_CN_0ec751c70f57,ZZS_9f383e1427,花寨,0.35,line_propagated,2号线,0,normal_info,3,2号线
ZZM_CN_0ec751c70f57,ZZS_a14df2d44f,紫荆山,0.35,line_propagated,2号线,0,normal_info,3,2号线
ZZM_CN_0ec751c70f57,ZZS_a7b91da4c7,陇海东路,0.35,line_propagated,2号线,0,normal_info,3,2号线
ZZM_CN_0ec751c70f57,ZZS_abc078ccd5,黄河迎宾馆,0.35,line_propagated,2号线,0,normal_info,3,2号线
ZZM_CN_0ec751c70f57,ZZS_bdc2a71da9,柳林,0.35,line_propagated,2号线,0,normal_info,3,2号线
ZZM_CN_0ec751c70f57,ZZS_c180efc575,贾河,0.35,line_propagated,2号线,0,normal_info,3,2号线
ZZM_CN_0ec751c70f57,ZZS_ff256e6634,北三环,0.35,line_propagated,2号线,0,normal_info,3,2号线
ZZM_CN_0ec751c70f57,ZZS_ff491e6fdf,东风路,0.35,line_propagated,2号线,0,normal_info,3,2号线
ZZM_CN_0f5c6e3a4817,ZZS_00f55fa149,碧沙岗,0.35,line_propagated,1号线,0,normal_info,0,1号线
ZZM_CN_0f5c6e3a4817,ZZS_065e638aef,东风南路,0.35,line_propagated,1号线,0,normal_info,0,1号线
ZZM_CN_0f5c6e3a4817,ZZS_0660d199a6,农业南路,0.35,line_propagated,1号线,0,normal_info,0,1号线
ZZM_CN_0f5c6e3a4817,ZZS_0ccbb4888d,二七广场,0.35,line_propagated,1号线,0,normal_info,0,1号线
ZZM_CN_0f5c6e3a4817,ZZS_1acdaac4ce,铁炉,0.35,line_propagated,1号线,0,normal_info,0,1号线
ZZM_CN_0f5c6e3a4817,ZZS_27d32a2e36,五一公园,0.35,line_propagated,1号线,0,normal_info,0,1号线
ZZM_CN_0f5c6e3a4817,ZZS_3813354d55,绿城广场,0.35,line_propagated,1号线,0,normal_info,0,1号线
ZZM_CN_0f5c6e3a4817,ZZS_38180914a0,燕庄,0.35,line_propagated,1号线,0,normal_info,0,1号线
ZZM_CN_0f5c6e3a4817,ZZS_52a5a7940c,兰寨,0.35,line_propagated,1号线,0,normal_info,0,1号线
ZZM_CN_0f5c6e3a4817,ZZS_5d37b2006d,河南大学新区,0.35,line_propagated,1号线,0,normal_info,0,1号线
ZZM_CN_0f5c6e3a4817,ZZS_6c89efbe2c,文苑北路,0.35,line_propagated,1号线,0,normal_info,0,1号线
ZZM_CN_0f5c6e3a4817,ZZS_87213b5129,会展中心,0.35,line_propagated,1号线,0,normal_info,0,1号线
ZZM_CN_0f5c6e3a4817,ZZS_881a48e5bb,西三环,0.35,line_propagated,1号线,0,normal_info,0,1号线
ZZM_CN_0f5c6e3a4817,ZZS_89f2ce9b1d,秦岭路,0.35,line_propagated,1号线,0,normal_info,0,1号线
ZZM_CN_0f5c6e3a4817,ZZS_90196f31d6,郑州火车站,0.35,line_propagated,1号线,0,normal_info,0,1号线
ZZM_CN_0f5c6e3a4817,ZZS_a14df2d44f,紫荆山,0.35,line_propagated,1号线,0,normal_info,0,1号线
ZZM_CN_0f5c6e3a4817,ZZS_ae1b2afcad,梧桐街,0.35,line_propagated,1号线,0,normal_info,0,1号线
ZZM_CN_0f5c6e3a4817,ZZS_aed2ee7bb7,河南工业大学,0.35,line_propagated,1号线,0,normal_info,0,1号线
ZZM_CN_0f5c6e3a4817,ZZS_b0ac143899,龙子湖,0.35,line_propagated,1号线,0,normal_info,0,1号线
ZZM_CN_0f5c6e3a4817,ZZS_b37a0bcf35,郑大科技园,0.35,line_propagated,1号线,0,normal_info,0,1号线
ZZM_CN_0f5c6e3a4817,ZZS_b8d795b006,黄河南路,0.35,line_propagated,1号线,0,normal_info,0,1号线
ZZM_CN_0f5c6e3a4817,ZZS_bb3c17098a,人民路,0.35,line_propagated,1号线,0,normal_info,0,1号线
ZZM_CN_0f5c6e3a4817,ZZS_bf7f2bfbd0,博学路,0.35,line_propagated,1号线,0,normal_info,0,1号线
ZZM_CN_0f5c6e3a4817,ZZS_c9109d3d9f,医学院,0.35,line_propagated,1号线,0,normal_info,0,1号线
ZZM_CN_0f5c6e3a4817,ZZS_cc61daaced,市体育中心,0.35,line_propagated,1号线,0,normal_info,0,1号线
ZZM_CN_0f5c6e3a4817,ZZS_d61a964e41,市民中心,0.35,line_propagated,1号线,0,normal_info,0,1号线
ZZM_CN_0f5c6e3a4817,ZZS_e4b35b2f4d,郑州大学,0.35,line_propagated,1号线,0,normal_info,0,1号线
ZZM_CN_0f5c6e3a4817,ZZS_e67ffc082e,西流湖,0.35,line_propagated,1号线,0,normal_info,0,1号线
ZZM_CN_0f5c6e3a4817,ZZS_ff2a277828,民航路,0.35,line_propagated,1号线,0,normal_info,0,1号线
ZZM_CN_0f5c6e3a4817,ZZS_ff6940526d,郑州东站,0.35,line_propagated,1号线,0,normal_info,0,1号线
ZZM_CN_0fc6a7585ec7,ZZS_02cf3e4cf5,南三环,0.35,line_propagated,2号线,0,normal_info,0,2号线
ZZM_CN_0fc6a7585ec7,ZZS_1a5721a427,毛庄,0.35,line_propagated,2号线,0,normal_info,0,2号线
ZZM_CN_0fc6a7585ec7,ZZS_20262a52f0,南五里堡,0.35,line_propagated,2号线,0,normal_info,0,2号线
ZZM_CN_0fc6a7585ec7,ZZS_2bd57be00d,关虎屯,0.35,line_propagated,2号线,0,normal_info,0,2号线
ZZM_CN_0fc6a7585ec7,ZZS_43a808507b,金洼,0.35,line_propagated,2号线,0,normal_info,0,2号线
ZZM_CN_0fc6a7585ec7,ZZS_4d258fdd50,金达路,0.35,line_propagated,2号线,0,normal_info,0,2号线
ZZM_CN_0fc6a7585ec7,ZZS_51e572c7c3,东大街,0.35,line_propagated,2号线,0,normal_info,0,2号线
ZZM_CN_0fc6a7585ec7,ZZS_54adf32b6c,南四环,0.35,line_propagated,2号线,0,normal_info,0,2号线
ZZM_CN_0fc6a7585ec7,ZZS_6b600b7696,刘庄,0.35,line_propagated,2号线,0,normal_info,0,2号线
ZZM_CN_0fc6a7585ec7,ZZS_72de4f5f66,惠济区政府,0.35,line_propagated,2号线,0,normal_info,0,2号线
ZZM_CN_0fc6a7585ec7,ZZS_7dd13fd23f,黄河路,0.35,line_propagated,2号线,0,normal_info,0,2号线
ZZM_CN_0fc6a7585ec7,ZZS_90c4ce1eb7,沙门,0.35,line_propagated,2号线,0,normal_info,0,2号线
ZZM_CN_0fc6a7585ec7,ZZS_93b9249040,二里岗,0.35,line_propagated,2号线,0,normal_info,0,2号线
ZZM_CN_0fc6a7585ec7,ZZS_9660c27c11,站马屯,0.35,line_propagated,2号线,0,normal_info,0,2号线
ZZM_CN_0fc6a7585ec7,ZZS_9f383e1427,花寨,0.35,line_propagated,2号线,0,normal_info,0,2号线
ZZM_CN_0fc6a7585ec7,ZZS_a14df2d44f,紫荆山,0.35,line_propagated,2号线,0,normal_info,0,2号线
ZZM_CN_0fc6a7585ec7,ZZS_a7b91da4c7,陇海东路,0.35,line_propagated,2号线,0,normal_info,0,2号线
ZZM_CN_0fc6a7585ec7,ZZS_abc078ccd5,黄河迎宾馆,0.35,line_propagated,2号线,0,normal_info,0,2号线
ZZM_CN_0fc6a7585ec7,ZZS_bdc2a71da9,柳林,0.35,line_propagated,2号线,0,normal_info,0,2号线
ZZM_CN_0fc6a7585ec7,ZZS_c180efc575,贾河,0.35,line_propagated,2号线,0,normal_info,0,2号线
ZZM_CN_0fc6a7585ec7,ZZS_ff256e6634,北三环,0.35,line_propagated,2号线,0,normal_info,0,2号线
ZZM_CN_0fc6a7585ec7,ZZS_ff491e6fdf,东风路,0.35,line_propagated,2号线,0,normal_info,0,2号线
ZZM_CN_0fda20b3e3eb,ZZS_00f55fa149,碧沙岗,0.35,line_propagated,1号线,0,normal_info,0,1号线
ZZM_CN_0fda20b3e3eb,ZZS_065e638aef,东风南路,0.35,line_propagated,1号线,0,normal_info,0,1号线
ZZM_CN_0fda20b3e3eb,ZZS_0660d199a6,农业南路,0.35,line_propagated,1号线,0,normal_info,0,1号线
ZZM_CN_0fda20b3e3eb,ZZS_0ccbb4888d,二七广场,0.35,line_propagated,1号线,0,normal_info,0,1号线
ZZM_CN_0fda20b3e3eb,ZZS_1acdaac4ce,铁炉,0.35,line_propagated,1号线,0,normal_info,0,1号线
ZZM_CN_0fda20b3e3eb,ZZS_27d32a2e36,五一公园,0.35,line_propagated,1号线,0,normal_info,0,1号线
ZZM_CN_0fda20b3e3eb,ZZS_3813354d55,绿城广场,0.35,line_propagated,1号线,0,normal_info,0,1号线
ZZM_CN_0fda20b3e3eb,ZZS_38180914a0,燕庄,0.35,line_propagated,1号线,0,normal_info,0,1号线
ZZM_CN_0fda20b3e3eb,ZZS_52a5a7940c,兰寨,0.35,line_propagated,1号线,0,normal_info,0,1号线
ZZM_CN_0fda20b3e3eb,ZZS_5d37b2006d,河南大学新区,0.35,line_propagated,1号线,0,normal_info,0,1号线
ZZM_CN_0fda20b3e3eb,ZZS_6c89efbe2c,文苑北路,0.35,line_propagated,1号线,0,normal_info,0,1号线
ZZM_CN_0fda20b3e3eb,ZZS_87213b5129,会展中心,0.35,line_propagated,1号线,0,normal_info,0,1号线
ZZM_CN_0fda20b3e3eb,ZZS_881a48e5bb,西三环,0.35,line_propagated,1号线,0,normal_info,0,1号线
ZZM_CN_0fda20b3e3eb,ZZS_89f2ce9b1d,秦岭路,0.35,line_propagated,1号线,0,normal_info,0,1号线
ZZM_CN_0fda20b3e3eb,ZZS_90196f31d6,郑州火车站,0.35,line_propagated,1号线,0,normal_info,0,1号线
ZZM_CN_0fda20b3e3eb,ZZS_a14df2d44f,紫荆山,0.35,line_propagated,1号线,0,normal_info,0,1号线
ZZM_CN_0fda20b3e3eb,ZZS_ae1b2afcad,梧桐街,0.35,line_propagated,1号线,0,normal_info,0,1号线
ZZM_CN_0fda20b3e3eb,ZZS_aed2ee7bb7,河南工业大学,0.35,line_propagated,1号线,0,normal_info,0,1号线
ZZM_CN_0fda20b3e3eb,ZZS_b0ac143899,龙子湖,0.35,line_propagated,1号线,0,normal_info,0,1号线
ZZM_CN_0fda20b3e3eb,ZZS_b37a0bcf35,郑大科技园,0.35,line_propagated,1号线,0,normal_info,0,1号线
ZZM_CN_0fda20b3e3eb,ZZS_b8d795b006,黄河南路,0.35,line_propagated,1号线,0,normal_info,0,1号线
ZZM_CN_0fda20b3e3eb,ZZS_bb3c17098a,人民路,0.35,line_propagated,1号线,0,normal_info,0,1号线
ZZM_CN_0fda20b3e3eb,ZZS_bf7f2bfbd0,博学路,0.35,line_propagated,1号线,0,normal_info,0,1号线
ZZM_CN_0fda20b3e3eb,ZZS_c9109d3d9f,医学院,0.35,line_propagated,1号线,0,normal_info,0,1号线
ZZM_CN_0fda20b3e3eb,ZZS_cc61daaced,市体育中心,0.35,line_propagated,1号线,0,normal_info,0,1号线
ZZM_CN_0fda20b3e3eb,ZZS_d61a964e41,市民中心,0.35,line_propagated,1号线,0,normal_info,0,1号线
ZZM_CN_0fda20b3e3eb,ZZS_e4b35b2f4d,郑州大学,0.35,line_propagated,1号线,0,normal_info,0,1号线
ZZM_CN_0fda20b3e3eb,ZZS_e67ffc082e,西流湖,0.35,line_propagated,1号线,0,normal_info,0,1号线
ZZM_CN_0fda20b3e3eb,ZZS_ff2a277828,民航路,0.35,line_propagated,1号线,0,normal_info,0,1号线
ZZM_CN_0fda20b3e3eb,ZZS_ff6940526d,郑州东站,0.35,line_propagated,1号线,0,normal_info,0,1号线
ZZM_CN_0ff7131adce6,ZZS_00f55fa149,碧沙岗,0.35,line_propagated,1号线,1,service_disruption,0,1号线
ZZM_CN_0ff7131adce6,ZZS_065e638aef,东风南路,0.35,line_propagated,1号线,1,service_disruption,0,1号线
ZZM_CN_0ff7131adce6,ZZS_0660d199a6,农业南路,0.35,line_propagated,1号线,1,service_disruption,0,1号线
ZZM_CN_0ff7131adce6,ZZS_0ccbb4888d,二七广场,0.35,line_propagated,1号线,1,service_disruption,0,1号线
ZZM_CN_0ff7131adce6,ZZS_1acdaac4ce,铁炉,0.35,line_propagated,1号线,1,service_disruption,0,1号线
ZZM_CN_0ff7131adce6,ZZS_27d32a2e36,五一公园,0.35,line_propagated,1号线,1,service_disruption,0,1号线
ZZM_CN_0ff7131adce6,ZZS_3813354d55,绿城广场,0.35,line_propagated,1号线,1,service_disruption,0,1号线
ZZM_CN_0ff7131adce6,ZZS_38180914a0,燕庄,0.35,line_propagated,1号线,1,service_disruption,0,1号线
ZZM_CN_0ff7131adce6,ZZS_52a5a7940c,兰寨,0.35,line_propagated,1号线,1,service_disruption,0,1号线
ZZM_CN_0ff7131adce6,ZZS_5d37b2006d,河南大学新区,0.35,line_propagated,1号线,1,service_disruption,0,1号线
ZZM_CN_0ff7131adce6,ZZS_6c89efbe2c,文苑北路,0.35,line_propagated,1号线,1,service_disruption,0,1号线
ZZM_CN_0ff7131adce6,ZZS_87213b5129,会展中心,0.35,line_propagated,1号线,1,service_disruption,0,1号线
ZZM_CN_0ff7131adce6,ZZS_881a48e5bb,西三环,0.35,line_propagated,1号线,1,service_disruption,0,1号线
ZZM_CN_0ff7131adce6,ZZS_89f2ce9b1d,秦岭路,0.35,line_propagated,1号线,1,service_disruption,0,1号线
ZZM_CN_0ff7131adce6,ZZS_90196f31d6,郑州火车站,0.35,line_propagated,1号线,1,service_disruption,0,1号线
ZZM_CN_0ff7131adce6,ZZS_a14df2d44f,紫荆山,0.35,line_propagated,1号线,1,service_disruption,0,1号线
ZZM_CN_0ff7131adce6,ZZS_ae1b2afcad,梧桐街,0.35,line_propagated,1号线,1,service_disruption,0,1号线
ZZM_CN_0ff7131adce6,ZZS_aed2ee7bb7,河南工业大学,0.35,line_propagated,1号线,1,service_disruption,0,1号线
ZZM_CN_0ff7131adce6,ZZS_b0ac143899,龙子湖,0.35,line_propagated,1号线,1,service_disruption,0,1号线
ZZM_CN_0ff7131adce6,ZZS_b37a0bcf35,郑大科技园,0.35,line_propagated,1号线,1,service_disruption,0,1号线
ZZM_CN_0ff7131adce6,ZZS_b8d795b006,黄河南路,0.35,line_propagated,1号线,1,service_disruption,0,1号线
ZZM_CN_0ff7131adce6,ZZS_bb3c17098a,人民路,0.35,line_propagated,1号线,1,service_disruption,0,1号线
ZZM_CN_0ff7131adce6,ZZS_bf7f2bfbd0,博学路,0.35,line_propagated,1号线,1,service_disruption,0,1号线
ZZM_CN_0ff7131adce6,ZZS_c87aa9753c,体育中心,0.9,exact,体育中心,1,service_disruption,0,1号线
ZZM_CN_0ff7131adce6,ZZS_c9109d3d9f,医学院,0.35,line_propagated,1号线,1,service_disruption,0,1号线
ZZM_CN_0ff7131adce6,ZZS_cc61daaced,市体育中心,0.9,exact+line,1号线|市体育中心,1,service_disruption,0,1号线
ZZM_CN_0ff7131adce6,ZZS_d61a964e41,市民中心,0.35,line_propagated,1号线,1,service_disruption,0,1号线
ZZM_CN_0ff7131adce6,ZZS_e4b35b2f4d,郑州大学,0.35,line_propagated,1号线,1,service_disruption,0,1号线
ZZM_CN_0ff7131adce6,ZZS_e67ffc082e,西流湖,0.35,line_propagated,1号线,1,service_disruption,0,1号线
ZZM_CN_0ff7131adce6,ZZS_ff2a277828,民航路,0.35,line_propagated,1号线,1,service_disruption,0,1号线
ZZM_CN_0ff7131adce6,ZZS_ff6940526d,郑州东站,0.35,line_propagated,1号线,1,service_disruption,0,1号线
ZZM_CN_123711d2f734,ZZS_ff6940526d,郑州东站,0.9,exact,郑州东站,0,normal_info,0,
ZZM_CN_1295b53662d3,ZZS_02cf3e4cf5,南三环,0.35,line_propagated,2号线,0,normal_info,0,2号线
ZZM_CN_1295b53662d3,ZZS_1a5721a427,毛庄,0.35,line_propagated,2号线,0,normal_info,0,2号线
ZZM_CN_1295b53662d3,ZZS_20262a52f0,南五里堡,0.35,line_propagated,2号线,0,normal_info,0,2号线
ZZM_CN_1295b53662d3,ZZS_2bd57be00d,关虎屯,0.35,line_propagated,2号线,0,normal_info,0,2号线
ZZM_CN_1295b53662d3,ZZS_43a808507b,金洼,0.35,line_propagated,2号线,0,normal_info,0,2号线
ZZM_CN_1295b53662d3,ZZS_4d258fdd50,金达路,0.35,line_propagated,2号线,0,normal_info,0,2号线
ZZM_CN_1295b53662d3,ZZS_51e572c7c3,东大街,0.35,line_propagated,2号线,0,normal_info,0,2号线
ZZM_CN_1295b53662d3,ZZS_54adf32b6c,南四环,0.35,line_propagated,2号线,0,normal_info,0,2号线
ZZM_CN_1295b53662d3,ZZS_6b600b7696,刘庄,0.35,line_propagated,2号线,0,normal_info,0,2号线
ZZM_CN_1295b53662d3,ZZS_72de4f5f66,惠济区政府,0.35,line_propagated,2号线,0,normal_info,0,2号线
ZZM_CN_1295b53662d3,ZZS_7dd13fd23f,黄河路,0.35,line_propagated,2号线,0,normal_info,0,2号线
ZZM_CN_1295b53662d3,ZZS_90c4ce1eb7,沙门,0.35,line_propagated,2号线,0,normal_info,0,2号线
ZZM_CN_1295b53662d3,ZZS_93b9249040,二里岗,0.35,line_propagated,2号线,0,normal_info,0,2号线
ZZM_CN_1295b53662d3,ZZS_9660c27c11,站马屯,0.35,line_propagated,2号线,0,normal_info,0,2号线
ZZM_CN_1295b53662d3,ZZS_9f383e1427,花寨,0.35,line_propagated,2号线,0,normal_info,0,2号线
ZZM_CN_1295b53662d3,ZZS_a14df2d44f,紫荆山,0.35,line_propagated,2号线,0,normal_info,0,2号线
ZZM_CN_1295b53662d3,ZZS_a7b91da4c7,陇海东路,0.35,line_propagated,2号线,0,normal_info,0,2号线
ZZM_CN_1295b53662d3,ZZS_abc078ccd5,黄河迎宾馆,0.35,line_propagated,2号线,0,normal_info,0,2号线
ZZM_CN_1295b53662d3,ZZS_bdc2a71da9,柳林,0.35,line_propagated,2号线,0,normal_info,0,2号线
ZZM_CN_1295b53662d3,ZZS_c180efc575,贾河,0.35,line_propagated,2号线,0,normal_info,0,2号线
ZZM_CN_1295b53662d3,ZZS_ff256e6634,北三环,0.35,line_propagated,2号线,0,normal_info,0,2号线
ZZM_CN_1295b53662d3,ZZS_ff491e6fdf,东风路,0.35,line_propagated,2号线,0,normal_info,0,2号线
ZZM_CN_12bfc3e83924,ZZS_00f55fa149,碧沙岗,0.35,line_propagated,1号线,0,normal_info,0,1号线
ZZM_CN_12bfc3e83924,ZZS_065e638aef,东风南路,0.35,line_propagated,1号线,0,normal_info,0,1号线
ZZM_CN_12bfc3e83924,ZZS_0660d199a6,农业南路,0.35,line_propagated,1号线,0,normal_info,0,1号线
ZZM_CN_12bfc3e83924,ZZS_0ccbb4888d,二七广场,0.35,line_propagated,1号线,0,normal_info,0,1号线
ZZM_CN_12bfc3e83924,ZZS_1acdaac4ce,铁炉,0.35,line_propagated,1号线,0,normal_info,0,1号线
ZZM_CN_12bfc3e83924,ZZS_27d32a2e36,五一公园,0.35,line_propagated,1号线,0,normal_info,0,1号线
ZZM_CN_12bfc3e83924,ZZS_3813354d55,绿城广场,0.35,line_propagated,1号线,0,normal_info,0,1号线
ZZM_CN_12bfc3e83924,ZZS_38180914a0,燕庄,0.35,line_propagated,1号线,0,normal_info,0,1号线
ZZM_CN_12bfc3e83924,ZZS_52a5a7940c,兰寨,0.35,line_propagated,1号线,0,normal_info,0,1号线
ZZM_CN_12bfc3e83924,ZZS_5d37b2006d,河南大学新区,0.35,line_propagated,1号线,0,normal_info,0,1号线
ZZM_CN_12bfc3e83924,ZZS_6c89efbe2c,文苑北路,0.35,line_propagated,1号线,0,normal_info,0,1号线
ZZM_CN_12bfc3e83924,ZZS_87213b5129,会展中心,0.35,line_propagated,1号线,0,normal_info,0,1号线
ZZM_CN_12bfc3e83924,ZZS_881a48e5bb,西三环,0.35,line_propagated,1号线,0,normal_info,0,1号线
ZZM_CN_12bfc3e83924,ZZS_89f2ce9b1d,秦岭路,0.35,line_propagated,1号线,0,normal_info,0,1号线
ZZM_CN_12bfc3e83924,ZZS_90196f31d6,郑州火车站,0.35,line_propagated,1号线,0,normal_info,0,1号线
ZZM_CN_12bfc3e83924,ZZS_a14df2d44f,紫荆山,0.35,line_propagated,1号线,0,normal_info,0,1号线
ZZM_CN_12bfc3e83924,ZZS_ae1b2afcad,梧桐街,0.35,line_propagated,1号线,0,normal_info,0,1号线
ZZM_CN_12bfc3e83924,ZZS_aed2ee7bb7,河南工业大学,0.35,line_propagated,1号线,0,normal_info,0,1号线
ZZM_CN_12bfc3e83924,ZZS_b0ac143899,龙子湖,0.35,line_propagated,1号线,0,normal_info,0,1号线
ZZM_CN_12bfc3e83924,ZZS_b37a0bcf35,郑大科技园,0.35,line_propagated,1号线,0,normal_info,0,1号线
ZZM_CN_12bfc3e83924,ZZS_b8d795b006,黄河南路,0.35,line_propagated,1号线,0,normal_info,0,1号线
ZZM_CN_12bfc3e83924,ZZS_bb3c17098a,人民路,0.35,line_propagated,1号线,0,normal_info,0,1号线
ZZM_CN_12bfc3e83924,ZZS_bf7f2bfbd0,博学路,0.35,line_propagated,1号线,0,normal_info,0,1号线
ZZM_CN_12bfc3e83924,ZZS_c9109d3d9f,医学院,0.35,line_propagated,1号线,0,normal_info,0,1号线
ZZM_CN_12bfc3e83924,ZZS_cc61daaced,市体育中心,0.35,line_propagated,1号线,0,normal_info,0,1号线
ZZM_CN_12bfc3e83924,ZZS_d61a964e41,市民中心,0.35,line_propagated,1号线,0,normal_info,0,1号线
ZZM_CN_12bfc3e83924,ZZS_e4b35b2f4d,郑州大学,0.35,line_propagated,1号线,0,normal_info,0,1号线
ZZM_CN_12bfc3e83924,ZZS_e67ffc082e,西流湖,0.35,line_propagated,1号线,0,normal_info,0,1号线
ZZM_CN_12bfc3e83924,ZZS_ff2a277828,民航路,0.35,line_propagated,1号线,0,normal_info,0,1号线
ZZM_CN_12bfc3e83924,ZZS_ff6940526d,郑州东站,0.35,line_propagated,1号线,0,normal_info,0,1号线
ZZM_CN_13c359099ac3,ZZS_00f55fa149,碧沙岗,0.35,line_propagated,1号线,0,normal_info,0,1号线
ZZM_CN_13c359099ac3,ZZS_065e638aef,东风南路,0.35,line_propagated,1号线,0,normal_info,0,1号线
ZZM_CN_13c359099ac3,ZZS_0660d199a6,农业南路,0.35,line_propagated,1号线,0,normal_info,0,1号线
ZZM_CN_13c359099ac3,ZZS_0ccbb4888d,二七广场,0.35,line_propagated,1号线,0,normal_info,0,1号线
ZZM_CN_13c359099ac3,ZZS_1acdaac4ce,铁炉,0.35,line_propagated,1号线,0,normal_info,0,1号线
ZZM_CN_13c359099ac3,ZZS_27d32a2e36,五一公园,0.35,line_propagated,1号线,0,normal_info,0,1号线
ZZM_CN_13c359099ac3,ZZS_3813354d55,绿城广场,0.35,line_propagated,1号线,0,normal_info,0,1号线
ZZM_CN_13c359099ac3,ZZS_38180914a0,燕庄,0.35,line_propagated,1号线,0,normal_info,0,1号线
ZZM_CN_13c359099ac3,ZZS_52a5a7940c,兰寨,0.35,line_propagated,1号线,0,normal_info,0,1号线
ZZM_CN_13c359099ac3,ZZS_5d37b2006d,河南大学新区,0.35,line_propagated,1号线,0,normal_info,0,1号线
ZZM_CN_13c359099ac3,ZZS_6c89efbe2c,文苑北路,0.35,line_propagated,1号线,0,normal_info,0,1号线
ZZM_CN_13c359099ac3,ZZS_87213b5129,会展中心,0.9,exact+line,1号线|会展中心,0,normal_info,0,1号线
ZZM_CN_13c359099ac3,ZZS_881a48e5bb,西三环,0.35,line_propagated,1号线,0,normal_info,0,1号线
ZZM_CN_13c359099ac3,ZZS_89f2ce9b1d,秦岭路,0.35,line_propagated,1号线,0,normal_info,0,1号线
ZZM_CN_13c359099ac3,ZZS_90196f31d6,郑州火车站,0.35,line_propagated,1号线,0,normal_info,0,1号线
ZZM_CN_13c359099ac3,ZZS_a14df2d44f,紫荆山,0.35,line_propagated,1号线,0,normal_info,0,1号线
ZZM_CN_13c359099ac3,ZZS_ae1b2afcad,梧桐街,0.35,line_propagated,1号线,0,normal_info,0,1号线
ZZM_CN_13c359099ac3,ZZS_aed2ee7bb7,河南工业大学,0.35,line_propagated,1号线,0,normal_info,0,1号线
ZZM_CN_13c359099ac3,ZZS_b0ac143899,龙子湖,0.35,line_propagated,1号线,0,normal_info,0,1号线
ZZM_CN_13c359099ac3,ZZS_b37a0bcf35,郑大科技园,0.35,line_propagated,1号线,0,normal_info,0,1号线
ZZM_CN_13c359099ac3,ZZS_b8d795b006,黄河南路,0.35,line_propagated,1号线,0,normal_info,0,1号线
ZZM_CN_13c359099ac3,ZZS_bb3c17098a,人民路,0.35,line_propagated,1号线,0,normal_info,0,1号线
ZZM_CN_13c359099ac3,ZZS_bf7f2bfbd0,博学路,0.35,line_propagated,1号线,0,normal_info,0,1号线
ZZM_CN_13c359099ac3,ZZS_c9109d3d9f,医学院,0.35,line_propagated,1号线,0,normal_info,0,1号线
ZZM_CN_13c359099ac3,ZZS_cc61daaced,市体育中心,0.35,line_propagated,1号线,0,normal_info,0,1号线
ZZM_CN_13c359099ac3,ZZS_d61a964e41,市民中心,0.35,line_propagated,1号线,0,normal_info,0,1号线
ZZM_CN_13c359099ac3,ZZS_e4b35b2f4d,郑州大学,0.35,line_propagated,1号线,0,normal_info,0,1号线
ZZM_CN_13c359099ac3,ZZS_e67ffc082e,西流湖,0.35,line_propagated,1号线,0,normal_info,0,1号线
ZZM_CN_13c359099ac3,ZZS_ff2a277828,民航路,0.35,line_propagated,1号线,0,normal_info,0,1号线
ZZM_CN_13c359099ac3,ZZS_ff6940526d,郑州东站,0.35,line_propagated,1号线,0,normal_info,0,1号线
ZZM_CN_143e020128b7,ZZS_00f55fa149,碧沙岗,0.35,line_propagated,1号线,0,normal_info,0,1号线
ZZM_CN_143e020128b7,ZZS_065e638aef,东风南路,0.35,line_propagated,1号线,0,normal_info,0,1号线
ZZM_CN_143e020128b7,ZZS_0660d199a6,农业南路,0.35,line_propagated,1号线,0,normal_info,0,1号线
ZZM_CN_143e020128b7,ZZS_0ccbb4888d,二七广场,0.35,line_propagated,1号线,0,normal_info,0,1号线
ZZM_CN_143e020128b7,ZZS_1acdaac4ce,铁炉,0.35,line_propagated,1号线,0,normal_info,0,1号线
ZZM_CN_143e020128b7,ZZS_27d32a2e36,五一公园,0.35,line_propagated,1号线,0,normal_info,0,1号线
ZZM_CN_143e020128b7,ZZS_3813354d55,绿城广场,0.35,line_propagated,1号线,0,normal_info,0,1号线
ZZM_CN_143e020128b7,ZZS_38180914a0,燕庄,0.35,line_propagated,1号线,0,normal_info,0,1号线
ZZM_CN_143e020128b7,ZZS_52a5a7940c,兰寨,0.35,line_propagated,1号线,0,normal_info,0,1号线
ZZM_CN_143e020128b7,ZZS_5d37b2006d,河南大学新区,0.35,line_propagated,1号线,0,normal_info,0,1号线
ZZM_CN_143e020128b7,ZZS_6c89efbe2c,文苑北路,0.35,line_propagated,1号线,0,normal_info,0,1号线
ZZM_CN_143e020128b7,ZZS_87213b5129,会展中心,0.35,line_propagated,1号线,0,normal_info,0,1号线
ZZM_CN_143e020128b7,ZZS_881a48e5bb,西三环,0.35,line_propagated,1号线,0,normal_info,0,1号线
ZZM_CN_143e020128b7,ZZS_89f2ce9b1d,秦岭路,0.35,line_propagated,1号线,0,normal_info,0,1号线
ZZM_CN_143e020128b7,ZZS_90196f31d6,郑州火车站,0.35,line_propagated,1号线,0,normal_info,0,1号线
ZZM_CN_143e020128b7,ZZS_a14df2d44f,紫荆山,0.35,line_propagated,1号线,0,normal_info,0,1号线
ZZM_CN_143e020128b7,ZZS_ae1b2afcad,梧桐街,0.35,line_propagated,1号线,0,normal_info,0,1号线
ZZM_CN_143e020128b7,ZZS_aed2ee7bb7,河南工业大学,0.35,line_propagated,1号线,0,normal_info,0,1号线
ZZM_CN_143e020128b7,ZZS_b0ac143899,龙子湖,0.35,line_propagated,1号线,0,normal_info,0,1号线
ZZM_CN_143e020128b7,ZZS_b37a0bcf35,郑大科技园,0.35,line_propagated,1号线,0,normal_info,0,1号线
ZZM_CN_143e020128b7,ZZS_b8d795b006,黄河南路,0.35,line_propagated,1号线,0,normal_info,0,1号线
ZZM_CN_143e020128b7,ZZS_bb3c17098a,人民路,0.35,line_propagated,1号线,0,normal_info,0,1号线
ZZM_CN_143e020128b7,ZZS_bf7f2bfbd0,博学路,0.35,line_propagated,1号线,0,normal_info,0,1号线
ZZM_CN_143e020128b7,ZZS_c9109d3d9f,医学院,0.35,line_propagated,1号线,0,normal_info,0,1号线
ZZM_CN_143e020128b7,ZZS_cc61daaced,市体育中心,0.35,line_propagated,1号线,0,normal_info,0,1号线
ZZM_CN_143e020128b7,ZZS_d61a964e41,市民中心,0.35,line_propagated,1号线,0,normal_info,0,1号线
ZZM_CN_143e020128b7,ZZS_e4b35b2f4d,郑州大学,0.35,line_propagated,1号线,0,normal_info,0,1号线
ZZM_CN_143e020128b7,ZZS_e67ffc082e,西流湖,0.35,line_propagated,1号线,0,normal_info,0,1号线
ZZM_CN_143e020128b7,ZZS_ff2a277828,民航路,0.35,line_propagated,1号线,0,normal_info,0,1号线
ZZM_CN_143e020128b7,ZZS_ff6940526d,郑州东站,0.35,line_propagated,1号线,0,normal_info,0,1号线
ZZM_CN_14715bd19a41,ZZS_012609616a,金汇桥,0.35,line_propagated,6号线,0,normal_info,0,6号线
ZZM_CN_14715bd19a41,ZZS_1f9e3949c9,小营,0.35,line_propagated,6号线,0,normal_info,0,6号线
ZZM_CN_14715bd19a41,ZZS_20d2a84fd8,火车头体育场,0.35,line_propagated,6号线,0,normal_info,0,6号线
ZZM_CN_14715bd19a41,ZZS_2f6e9b8cad,贾峪,0.35,line_propagated,6号线,0,normal_info,0,6号线
ZZM_CN_14715bd19a41,ZZS_38180914a0,燕庄,0.35,line_propagated,6号线,0,normal_info,0,6号线
ZZM_CN_14715bd19a41,ZZS_388ac52a0a,大学中路,0.35,line_propagated,6号线,0,normal_info,0,6号线
ZZM_CN_14715bd19a41,ZZS_485552a0e0,马寨,0.35,line_propagated,6号线,0,normal_info,0,6号线
ZZM_CN_14715bd19a41,ZZS_50d016b586,二里岗东,0.35,line_propagated,6号线,0,normal_info,0,6号线
ZZM_CN_14715bd19a41,ZZS_5479c586b4,奥体中心,0.35,line_propagated,6号线,0,normal_info,0,6号线
ZZM_CN_14715bd19a41,ZZS_5d10963dfa,冯湾,0.35,line_propagated,6号线,0,normal_info,0,6号线
ZZM_CN_14715bd19a41,ZZS_5d76a54f7e,卧龙岗,0.35,line_propagated,6号线,0,normal_info,0,6号线
ZZM_CN_14715bd19a41,ZZS_7027bf40e7,金融岛西,0.35,line_propagated,6号线,0,normal_info,0,6号线
ZZM_CN_14715bd19a41,ZZS_77acb25c9b,洞林寺,0.35,line_propagated,6号线,0,normal_info,0,6号线
ZZM_CN_14715bd19a41,ZZS_7af1d05702,奥体中心西,0.35,line_propagated,6号线,0,normal_info,0,6号线
ZZM_CN_14715bd19a41,ZZS_920af7f7b2,陇秀公园,0.35,line_propagated,6号线,0,normal_info,0,6号线
ZZM_CN_14715bd19a41,ZZS_93b9249040,二里岗,0.35,line_propagated,6号线,0,normal_info,0,6号线
ZZM_CN_14715bd19a41,ZZS_9e03ca5f4c,常庄,0.35,line_propagated,6号线,0,normal_info,0,6号线
ZZM_CN_14715bd19a41,ZZS_ba70aa715e,博览中心,0.35,line_propagated,6号线,0,normal_info,0,6号线
ZZM_CN_14715bd19a41,ZZS_be7c73e65a,河南建院,0.35,line_propagated,6号线,0,normal_info,0,6号线
ZZM_CN_14715bd19a41,ZZS_c684a04cd3,李江沟,0.35,line_propagated,6号线,0,normal_info,0,6号线
ZZM_CN_14715bd19a41,ZZS_c720567666,桐淮,0.35,line_propagated,6号线,0,normal_info,0,6号线
ZZM_CN_14715bd19a41,ZZS_cb2e15cfa0,姚砦,0.35,line_propagated,6号线,0,normal_info,0,6号线
ZZM_CN_14715bd19a41,ZZS_ccf9ac5267,清华附中,0.35,line_propagated,6号线,0,normal_info,0,6号线
ZZM_CN_14715bd19a41,ZZS_d657129917,嵩淮,0.35,line_propagated,6号线,0,normal_info,0,6号线
ZZM_CN_14715bd19a41,ZZS_e6a9c90243,安宁路,0.35,line_propagated,6号线,0,normal_info,0,6号线
ZZM_CN_14715bd19a41,ZZS_eab04601b0,洞林湖,0.35,line_propagated,6号线,0,normal_info,0,6号线
ZZM_CN_14715bd19a41,ZZS_f593248d09,金桢路,0.35,line_propagated,6号线,0,normal_info,0,6号线
ZZM_CN_14715bd19a41,ZZS_fab270f5e2,凤凰台南,0.35,line_propagated,6号线,0,normal_info,0,6号线
ZZM_CN_14cdf88ae0bd,ZZS_a14df2d44f,紫荆山,0.9,exact,紫荆山,0,normal_info,0,
ZZM_CN_14fa267b909b,ZZS_012609616a,金汇桥,0.35,line_propagated,6号线,0,normal_info,0,6号线
ZZM_CN_14fa267b909b,ZZS_1f9e3949c9,小营,0.35,line_propagated,6号线,0,normal_info,0,6号线
ZZM_CN_14fa267b909b,ZZS_20d2a84fd8,火车头体育场,0.35,line_propagated,6号线,0,normal_info,0,6号线
ZZM_CN_14fa267b909b,ZZS_2f6e9b8cad,贾峪,0.35,line_propagated,6号线,0,normal_info,0,6号线
ZZM_CN_14fa267b909b,ZZS_38180914a0,燕庄,0.35,line_propagated,6号线,0,normal_info,0,6号线
ZZM_CN_14fa267b909b,ZZS_388ac52a0a,大学中路,0.35,line_propagated,6号线,0,normal_info,0,6号线
ZZM_CN_14fa267b909b,ZZS_485552a0e0,马寨,0.35,line_propagated,6号线,0,normal_info,0,6号线
ZZM_CN_14fa267b909b,ZZS_50d016b586,二里岗东,0.35,line_propagated,6号线,0,normal_info,0,6号线
ZZM_CN_14fa267b909b,ZZS_5479c586b4,奥体中心,0.35,line_propagated,6号线,0,normal_info,0,6号线
ZZM_CN_14fa267b909b,ZZS_5d10963dfa,冯湾,0.35,line_propagated,6号线,0,normal_info,0,6号线
ZZM_CN_14fa267b909b,ZZS_5d76a54f7e,卧龙岗,0.35,line_propagated,6号线,0,normal_info,0,6号线
ZZM_CN_14fa267b909b,ZZS_7027bf40e7,金融岛西,0.35,line_propagated,6号线,0,normal_info,0,6号线
ZZM_CN_14fa267b909b,ZZS_77acb25c9b,洞林寺,0.35,line_propagated,6号线,0,normal_info,0,6号线
ZZM_CN_14fa267b909b,ZZS_7af1d05702,奥体中心西,0.35,line_propagated,6号线,0,normal_info,0,6号线
ZZM_CN_14fa267b909b,ZZS_920af7f7b2,陇秀公园,0.35,line_propagated,6号线,0,normal_info,0,6号线
ZZM_CN_14fa267b909b,ZZS_93b9249040,二里岗,0.35,line_propagated,6号线,0,normal_info,0,6号线
ZZM_CN_14fa267b909b,ZZS_9e03ca5f4c,常庄,0.35,line_propagated,6号线,0,normal_info,0,6号线
ZZM_CN_14fa267b909b,ZZS_ba70aa715e,博览中心,0.35,line_propagated,6号线,0,normal_info,0,6号线
ZZM_CN_14fa267b909b,ZZS_be7c73e65a,河南建院,0.35,line_propagated,6号线,0,normal_info,0,6号线
ZZM_CN_14fa267b909b,ZZS_c684a04cd3,李江沟,0.35,line_propagated,6号线,0,normal_info,0,6号线
ZZM_CN_14fa267b909b,ZZS_c720567666,桐淮,0.35,line_propagated,6号线,0,normal_info,0,6号线
ZZM_CN_14fa267b909b,ZZS_cb2e15cfa0,姚砦,0.35,line_propagated,6号线,0,normal_info,0,6号线
ZZM_CN_14fa267b909b,ZZS_ccf9ac5267,清华附中,0.35,line_propagated,6号线,0,normal_info,0,6号线
ZZM_CN_14fa267b909b,ZZS_d657129917,嵩淮,0.35,line_propagated,6号线,0,normal_info,0,6号线
ZZM_CN_14fa267b909b,ZZS_e6a9c90243,安宁路,0.35,line_propagated,6号线,0,normal_info,0,6号线
ZZM_CN_14fa267b909b,ZZS_eab04601b0,洞林湖,0.35,line_propagated,6号线,0,normal_info,0,6号线
ZZM_CN_14fa267b909b,ZZS_f593248d09,金桢路,0.35,line_propagated,6号线,0,normal_info,0,6号线
ZZM_CN_14fa267b909b,ZZS_fab270f5e2,凤凰台南,0.35,line_propagated,6号线,0,normal_info,0,6号线
ZZM_CN_160b34833970,ZZS_00f55fa149,碧沙岗,0.35,line_propagated,1号线,0,normal_info,0,1号线
ZZM_CN_160b34833970,ZZS_065e638aef,东风南路,0.35,line_propagated,1号线,0,normal_info,0,1号线
ZZM_CN_160b34833970,ZZS_0660d199a6,农业南路,0.35,line_propagated,1号线,0,normal_info,0,1号线
ZZM_CN_160b34833970,ZZS_0ccbb4888d,二七广场,0.35,line_propagated,1号线,0,normal_info,0,1号线
ZZM_CN_160b34833970,ZZS_1acdaac4ce,铁炉,0.35,line_propagated,1号线,0,normal_info,0,1号线
ZZM_CN_160b34833970,ZZS_27d32a2e36,五一公园,0.35,line_propagated,1号线,0,normal_info,0,1号线
ZZM_CN_160b34833970,ZZS_3813354d55,绿城广场,0.35,line_propagated,1号线,0,normal_info,0,1号线
ZZM_CN_160b34833970,ZZS_38180914a0,燕庄,0.35,line_propagated,1号线,0,normal_info,0,1号线
ZZM_CN_160b34833970,ZZS_52a5a7940c,兰寨,0.35,line_propagated,1号线,0,normal_info,0,1号线
ZZM_CN_160b34833970,ZZS_5d37b2006d,河南大学新区,0.35,line_propagated,1号线,0,normal_info,0,1号线
ZZM_CN_160b34833970,ZZS_6c89efbe2c,文苑北路,0.35,line_propagated,1号线,0,normal_info,0,1号线
ZZM_CN_160b34833970,ZZS_87213b5129,会展中心,0.35,line_propagated,1号线,0,normal_info,0,1号线
ZZM_CN_160b34833970,ZZS_881a48e5bb,西三环,0.35,line_propagated,1号线,0,normal_info,0,1号线
ZZM_CN_160b34833970,ZZS_89f2ce9b1d,秦岭路,0.35,line_propagated,1号线,0,normal_info,0,1号线
ZZM_CN_160b34833970,ZZS_90196f31d6,郑州火车站,0.35,line_propagated,1号线,0,normal_info,0,1号线
ZZM_CN_160b34833970,ZZS_a14df2d44f,紫荆山,0.35,line_propagated,1号线,0,normal_info,0,1号线
ZZM_CN_160b34833970,ZZS_ae1b2afcad,梧桐街,0.35,line_propagated,1号线,0,normal_info,0,1号线
ZZM_CN_160b34833970,ZZS_aed2ee7bb7,河南工业大学,0.35,line_propagated,1号线,0,normal_info,0,1号线
ZZM_CN_160b34833970,ZZS_b0ac143899,龙子湖,0.35,line_propagated,1号线,0,normal_info,0,1号线
ZZM_CN_160b34833970,ZZS_b37a0bcf35,郑大科技园,0.35,line_propagated,1号线,0,normal_info,0,1号线
ZZM_CN_160b34833970,ZZS_b8d795b006,黄河南路,0.35,line_propagated,1号线,0,normal_info,0,1号线
ZZM_CN_160b34833970,ZZS_bb3c17098a,人民路,0.35,line_propagated,1号线,0,normal_info,0,1号线
ZZM_CN_160b34833970,ZZS_bf7f2bfbd0,博学路,0.35,line_propagated,1号线,0,normal_info,0,1号线
ZZM_CN_160b34833970,ZZS_c9109d3d9f,医学院,0.35,line_propagated,1号线,0,normal_info,0,1号线
ZZM_CN_160b34833970,ZZS_cc61daaced,市体育中心,0.35,line_propagated,1号线,0,normal_info,0,1号线
ZZM_CN_160b34833970,ZZS_d61a964e41,市民中心,0.35,line_propagated,1号线,0,normal_info,0,1号线
ZZM_CN_160b34833970,ZZS_e4b35b2f4d,郑州大学,0.35,line_propagated,1号线,0,normal_info,0,1号线
ZZM_CN_160b34833970,ZZS_e67ffc082e,西流湖,0.35,line_propagated,1号线,0,normal_info,0,1号线
ZZM_CN_160b34833970,ZZS_ff2a277828,民航路,0.35,line_propagated,1号线,0,normal_info,0,1号线
ZZM_CN_160b34833970,ZZS_ff6940526d,郑州东站,0.35,line_propagated,1号线,0,normal_info,0,1号线
ZZM_CN_16599056ad5d,ZZS_a14df2d44f,紫荆山,0.9,exact,紫荆山,0,normal_info,0,
ZZM_CN_1939163de85f,ZZS_00f55fa149,碧沙岗,0.35,line_propagated,1号线,0,normal_info,0,1号线
ZZM_CN_1939163de85f,ZZS_065e638aef,东风南路,0.35,line_propagated,1号线,0,normal_info,0,1号线
ZZM_CN_1939163de85f,ZZS_0660d199a6,农业南路,0.35,line_propagated,1号线,0,normal_info,0,1号线
ZZM_CN_1939163de85f,ZZS_0ccbb4888d,二七广场,0.35,line_propagated,1号线,0,normal_info,0,1号线
ZZM_CN_1939163de85f,ZZS_1acdaac4ce,铁炉,0.35,line_propagated,1号线,0,normal_info,0,1号线
ZZM_CN_1939163de85f,ZZS_27d32a2e36,五一公园,0.35,line_propagated,1号线,0,normal_info,0,1号线
ZZM_CN_1939163de85f,ZZS_3813354d55,绿城广场,0.35,line_propagated,1号线,0,normal_info,0,1号线
ZZM_CN_1939163de85f,ZZS_38180914a0,燕庄,0.35,line_propagated,1号线,0,normal_info,0,1号线
ZZM_CN_1939163de85f,ZZS_52a5a7940c,兰寨,0.35,line_propagated,1号线,0,normal_info,0,1号线
ZZM_CN_1939163de85f,ZZS_5d37b2006d,河南大学新区,0.35,line_propagated,1号线,0,normal_info,0,1号线
ZZM_CN_1939163de85f,ZZS_6c89efbe2c,文苑北路,0.35,line_propagated,1号线,0,normal_info,0,1号线
ZZM_CN_1939163de85f,ZZS_87213b5129,会展中心,0.35,line_propagated,1号线,0,normal_info,0,1号线
ZZM_CN_1939163de85f,ZZS_881a48e5bb,西三环,0.35,line_propagated,1号线,0,normal_info,0,1号线
ZZM_CN_1939163de85f,ZZS_89f2ce9b1d,秦岭路,0.35,line_propagated,1号线,0,normal_info,0,1号线
ZZM_CN_1939163de85f,ZZS_90196f31d6,郑州火车站,0.35,line_propagated,1号线,0,normal_info,0,1号线
ZZM_CN_1939163de85f,ZZS_a14df2d44f,紫荆山,0.35,line_propagated,1号线,0,normal_info,0,1号线
ZZM_CN_1939163de85f,ZZS_ae1b2afcad,梧桐街,0.35,line_propagated,1号线,0,normal_info,0,1号线
ZZM_CN_1939163de85f,ZZS_aed2ee7bb7,河南工业大学,0.35,line_propagated,1号线,0,normal_info,0,1号线
ZZM_CN_1939163de85f,ZZS_b0ac143899,龙子湖,0.35,line_propagated,1号线,0,normal_info,0,1号线
ZZM_CN_1939163de85f,ZZS_b37a0bcf35,郑大科技园,0.35,line_propagated,1号线,0,normal_info,0,1号线
ZZM_CN_1939163de85f,ZZS_b8d795b006,黄河南路,0.35,line_propagated,1号线,0,normal_info,0,1号线
ZZM_CN_1939163de85f,ZZS_bb3c17098a,人民路,0.35,line_propagated,1号线,0,normal_info,0,1号线
ZZM_CN_1939163de85f,ZZS_bf7f2bfbd0,博学路,0.35,line_propagated,1号线,0,normal_info,0,1号线
ZZM_CN_1939163de85f,ZZS_c9109d3d9f,医学院,0.35,line_propagated,1号线,0,normal_info,0,1号线
ZZM_CN_1939163de85f,ZZS_cc61daaced,市体育中心,0.35,line_propagated,1号线,0,normal_info,0,1号线
ZZM_CN_1939163de85f,ZZS_d61a964e41,市民中心,0.35,line_propagated,1号线,0,normal_info,0,1号线
ZZM_CN_1939163de85f,ZZS_d86c49fbed,农业东路,0.9,exact,农业东路,0,normal_info,0,1号线
ZZM_CN_1939163de85f,ZZS_e4b35b2f4d,郑州大学,0.35,line_propagated,1号线,0,normal_info,0,1号线
ZZM_CN_1939163de85f,ZZS_e67ffc082e,西流湖,0.35,line_propagated,1号线,0,normal_info,0,1号线
ZZM_CN_1939163de85f,ZZS_ff2a277828,民航路,0.9,exact+line,1号线|民航路,0,normal_info,0,1号线
ZZM_CN_1939163de85f,ZZS_ff6940526d,郑州东站,0.35,line_propagated,1号线,0,normal_info,0,1号线
ZZM_CN_1a104299f07b,ZZS_00f55fa149,碧沙岗,0.35,line_propagated,1号线,0,normal_info,0,1号线|2号线
ZZM_CN_1a104299f07b,ZZS_02cf3e4cf5,南三环,0.35,line_propagated,2号线,0,normal_info,0,1号线|2号线
ZZM_CN_1a104299f07b,ZZS_065e638aef,东风南路,0.35,line_propagated,1号线,0,normal_info,0,1号线|2号线
ZZM_CN_1a104299f07b,ZZS_0660d199a6,农业南路,0.35,line_propagated,1号线,0,normal_info,0,1号线|2号线
ZZM_CN_1a104299f07b,ZZS_0ccbb4888d,二七广场,0.35,line_propagated,1号线,0,normal_info,0,1号线|2号线
ZZM_CN_1a104299f07b,ZZS_1a5721a427,毛庄,0.35,line_propagated,2号线,0,normal_info,0,1号线|2号线
ZZM_CN_1a104299f07b,ZZS_1acdaac4ce,铁炉,0.35,line_propagated,1号线,0,normal_info,0,1号线|2号线
ZZM_CN_1a104299f07b,ZZS_20262a52f0,南五里堡,0.35,line_propagated,2号线,0,normal_info,0,1号线|2号线
ZZM_CN_1a104299f07b,ZZS_27d32a2e36,五一公园,0.35,line_propagated,1号线,0,normal_info,0,1号线|2号线
ZZM_CN_1a104299f07b,ZZS_2bd57be00d,关虎屯,0.35,line_propagated,2号线,0,normal_info,0,1号线|2号线
ZZM_CN_1a104299f07b,ZZS_3813354d55,绿城广场,0.35,line_propagated,1号线,0,normal_info,0,1号线|2号线
ZZM_CN_1a104299f07b,ZZS_38180914a0,燕庄,0.35,line_propagated,1号线,0,normal_info,0,1号线|2号线
ZZM_CN_1a104299f07b,ZZS_43a808507b,金洼,0.35,line_propagated,2号线,0,normal_info,0,1号线|2号线
ZZM_CN_1a104299f07b,ZZS_4d258fdd50,金达路,0.35,line_propagated,2号线,0,normal_info,0,1号线|2号线
ZZM_CN_1a104299f07b,ZZS_51e572c7c3,东大街,0.35,line_propagated,2号线,0,normal_info,0,1号线|2号线
ZZM_CN_1a104299f07b,ZZS_52a5a7940c,兰寨,0.35,line_propagated,1号线,0,normal_info,0,1号线|2号线
ZZM_CN_1a104299f07b,ZZS_54adf32b6c,南四环,0.35,line_propagated,2号线,0,normal_info,0,1号线|2号线
ZZM_CN_1a104299f07b,ZZS_5d37b2006d,河南大学新区,0.35,line_propagated,1号线,0,normal_info,0,1号线|2号线
ZZM_CN_1a104299f07b,ZZS_6b600b7696,刘庄,0.35,line_propagated,2号线,0,normal_info,0,1号线|2号线
ZZM_CN_1a104299f07b,ZZS_6c89efbe2c,文苑北路,0.35,line_propagated,1号线,0,normal_info,0,1号线|2号线
ZZM_CN_1a104299f07b,ZZS_72de4f5f66,惠济区政府,0.35,line_propagated,2号线,0,normal_info,0,1号线|2号线
ZZM_CN_1a104299f07b,ZZS_7dd13fd23f,黄河路,0.35,line_propagated,2号线,0,normal_info,0,1号线|2号线
ZZM_CN_1a104299f07b,ZZS_87213b5129,会展中心,0.35,line_propagated,1号线,0,normal_info,0,1号线|2号线
ZZM_CN_1a104299f07b,ZZS_881a48e5bb,西三环,0.35,line_propagated,1号线,0,normal_info,0,1号线|2号线
ZZM_CN_1a104299f07b,ZZS_89f2ce9b1d,秦岭路,0.35,line_propagated,1号线,0,normal_info,0,1号线|2号线
ZZM_CN_1a104299f07b,ZZS_90196f31d6,郑州火车站,0.35,line_propagated,1号线,0,normal_info,0,1号线|2号线
ZZM_CN_1a104299f07b,ZZS_90c4ce1eb7,沙门,0.35,line_propagated,2号线,0,normal_info,0,1号线|2号线
ZZM_CN_1a104299f07b,ZZS_93b9249040,二里岗,0.35,line_propagated,2号线,0,normal_info,0,1号线|2号线
ZZM_CN_1a104299f07b,ZZS_9660c27c11,站马屯,0.35,line_propagated,2号线,0,normal_info,0,1号线|2号线
ZZM_CN_1a104299f07b,ZZS_9f383e1427,花寨,0.35,line_propagated,2号线,0,normal_info,0,1号线|2号线
ZZM_CN_1a104299f07b,ZZS_a14df2d44f,紫荆山,0.35,line_propagated,1号线|2号线,0,normal_info,0,1号线|2号线
ZZM_CN_1a104299f07b,ZZS_a7b91da4c7,陇海东路,0.35,line_propagated,2号线,0,normal_info,0,1号线|2号线
ZZM_CN_1a104299f07b,ZZS_abc078ccd5,黄河迎宾馆,0.35,line_propagated,2号线,0,normal_info,0,1号线|2号线
ZZM_CN_1a104299f07b,ZZS_ae1b2afcad,梧桐街,0.35,line_propagated,1号线,0,normal_info,0,1号线|2号线
ZZM_CN_1a104299f07b,ZZS_aed2ee7bb7,河南工业大学,0.35,line_propagated,1号线,0,normal_info,0,1号线|2号线
ZZM_CN_1a104299f07b,ZZS_b0ac143899,龙子湖,0.35,line_propagated,1号线,0,normal_info,0,1号线|2号线
ZZM_CN_1a104299f07b,ZZS_b37a0bcf35,郑大科技园,0.35,line_propagated,1号线,0,normal_info,0,1号线|2号线
ZZM_CN_1a104299f07b,ZZS_b8d795b006,黄河南路,0.35,line_propagated,1号线,0,normal_info,0,1号线|2号线
ZZM_CN_1a104299f07b,ZZS_bb3c17098a,人民路,0.35,line_propagated,1号线,0,normal_info,0,1号线|2号线
ZZM_CN_1a104299f07b,ZZS_bdc2a71da9,柳林,0.35,line_propagated,2号线,0,normal_info,0,1号线|2号线
ZZM_CN_1a104299f07b,ZZS_bf7f2bfbd0,博学路,0.35,line_propagated,1号线,0,normal_info,0,1号线|2号线
ZZM_CN_1a104299f07b,ZZS_c180efc575,贾河,0.35,line_propagated,2号线,0,normal_info,0,1号线|2号线
ZZM_CN_1a104299f07b,ZZS_c9109d3d9f,医学院,0.35,line_propagated,1号线,0,normal_info,0,1号线|2号线
ZZM_CN_1a104299f07b,ZZS_cc61daaced,市体育中心,0.35,line_propagated,1号线,0,normal_info,0,1号线|2号线
ZZM_CN_1a104299f07b,ZZS_d61a964e41,市民中心,0.35,line_propagated,1号线,0,normal_info,0,1号线|2号线
ZZM_CN_1a104299f07b,ZZS_e4b35b2f4d,郑州大学,0.35,line_propagated,1号线,0,normal_info,0,1号线|2号线
ZZM_CN_1a104299f07b,ZZS_e67ffc082e,西流湖,0.35,line_propagated,1号线,0,normal_info,0,1号线|2号线
ZZM_CN_1a104299f07b,ZZS_ff256e6634,北三环,0.35,line_propagated,2号线,0,normal_info,0,1号线|2号线
ZZM_CN_1a104299f07b,ZZS_ff2a277828,民航路,0.35,line_propagated,1号线,0,normal_info,0,1号线|2号线
ZZM_CN_1a104299f07b,ZZS_ff491e6fdf,东风路,0.35,line_propagated,2号线,0,normal_info,0,1号线|2号线
ZZM_CN_1a104299f07b,ZZS_ff6940526d,郑州东站,0.35,line_propagated,1号线,0,normal_info,0,1号线|2号线
ZZM_CN_1a18006537ba,ZZS_00f55fa149,碧沙岗,0.35,line_propagated,1号线,2,safety_emergency,2,1号线
ZZM_CN_1a18006537ba,ZZS_065e638aef,东风南路,0.35,line_propagated,1号线,2,safety_emergency,2,1号线
ZZM_CN_1a18006537ba,ZZS_0660d199a6,农业南路,0.35,line_propagated,1号线,2,safety_emergency,2,1号线
ZZM_CN_1a18006537ba,ZZS_0ccbb4888d,二七广场,0.35,line_propagated,1号线,2,safety_emergency,2,1号线
ZZM_CN_1a18006537ba,ZZS_1acdaac4ce,铁炉,0.35,line_propagated,1号线,2,safety_emergency,2,1号线
ZZM_CN_1a18006537ba,ZZS_27d32a2e36,五一公园,0.35,line_propagated,1号线,2,safety_emergency,2,1号线
ZZM_CN_1a18006537ba,ZZS_3813354d55,绿城广场,0.35,line_propagated,1号线,2,safety_emergency,2,1号线
ZZM_CN_1a18006537ba,ZZS_38180914a0,燕庄,0.35,line_propagated,1号线,2,safety_emergency,2,1号线
ZZM_CN_1a18006537ba,ZZS_52a5a7940c,兰寨,0.35,line_propagated,1号线,2,safety_emergency,2,1号线
ZZM_CN_1a18006537ba,ZZS_5d37b2006d,河南大学新区,0.35,line_propagated,1号线,2,safety_emergency,2,1号线
ZZM_CN_1a18006537ba,ZZS_6c89efbe2c,文苑北路,0.35,line_propagated,1号线,2,safety_emergency,2,1号线
ZZM_CN_1a18006537ba,ZZS_87213b5129,会展中心,0.35,line_propagated,1号线,2,safety_emergency,2,1号线
ZZM_CN_1a18006537ba,ZZS_881a48e5bb,西三环,0.35,line_propagated,1号线,2,safety_emergency,2,1号线
ZZM_CN_1a18006537ba,ZZS_89f2ce9b1d,秦岭路,0.35,line_propagated,1号线,2,safety_emergency,2,1号线
ZZM_CN_1a18006537ba,ZZS_90196f31d6,郑州火车站,0.35,line_propagated,1号线,2,safety_emergency,2,1号线
ZZM_CN_1a18006537ba,ZZS_a14df2d44f,紫荆山,0.9,exact+line,1号线|紫荆山,2,safety_emergency,2,1号线
ZZM_CN_1a18006537ba,ZZS_ae1b2afcad,梧桐街,0.35,line_propagated,1号线,2,safety_emergency,2,1号线
ZZM_CN_1a18006537ba,ZZS_aed2ee7bb7,河南工业大学,0.35,line_propagated,1号线,2,safety_emergency,2,1号线
ZZM_CN_1a18006537ba,ZZS_b0ac143899,龙子湖,0.35,line_propagated,1号线,2,safety_emergency,2,1号线
ZZM_CN_1a18006537ba,ZZS_b37a0bcf35,郑大科技园,0.35,line_propagated,1号线,2,safety_emergency,2,1号线
ZZM_CN_1a18006537ba,ZZS_b8d795b006,黄河南路,0.35,line_propagated,1号线,2,safety_emergency,2,1号线
ZZM_CN_1a18006537ba,ZZS_bb3c17098a,人民路,0.35,line_propagated,1号线,2,safety_emergency,2,1号线
ZZM_CN_1a18006537ba,ZZS_bf7f2bfbd0,博学路,0.35,line_propagated,1号线,2,safety_emergency,2,1号线
ZZM_CN_1a18006537ba,ZZS_c9109d3d9f,医学院,0.35,line_propagated,1号线,2,safety_emergency,2,1号线
ZZM_CN_1a18006537ba,ZZS_cc61daaced,市体育中心,0.35,line_propagated,1号线,2,safety_emergency,2,1号线
ZZM_CN_1a18006537ba,ZZS_d61a964e41,市民中心,0.35,line_propagated,1号线,2,safety_emergency,2,1号线
ZZM_CN_1a18006537ba,ZZS_e4b35b2f4d,郑州大学,0.35,line_propagated,1号线,2,safety_emergency,2,1号线
ZZM_CN_1a18006537ba,ZZS_e67ffc082e,西流湖,0.35,line_propagated,1号线,2,safety_emergency,2,1号线
ZZM_CN_1a18006537ba,ZZS_ff2a277828,民航路,0.35,line_propagated,1号线,2,safety_emergency,2,1号线
ZZM_CN_1a18006537ba,ZZS_ff6940526d,郑州东站,0.35,line_propagated,1号线,2,safety_emergency,2,1号线
ZZM_CN_1a7aab5f8ff9,ZZS_00f55fa149,碧沙岗,0.35,line_propagated,1号线,0,normal_info,0,1号线
ZZM_CN_1a7aab5f8ff9,ZZS_065e638aef,东风南路,0.35,line_propagated,1号线,0,normal_info,0,1号线
ZZM_CN_1a7aab5f8ff9,ZZS_0660d199a6,农业南路,0.35,line_propagated,1号线,0,normal_info,0,1号线
ZZM_CN_1a7aab5f8ff9,ZZS_0ccbb4888d,二七广场,0.35,line_propagated,1号线,0,normal_info,0,1号线
ZZM_CN_1a7aab5f8ff9,ZZS_1acdaac4ce,铁炉,0.35,line_propagated,1号线,0,normal_info,0,1号线
ZZM_CN_1a7aab5f8ff9,ZZS_27d32a2e36,五一公园,0.35,line_propagated,1号线,0,normal_info,0,1号线
ZZM_CN_1a7aab5f8ff9,ZZS_3813354d55,绿城广场,0.35,line_propagated,1号线,0,normal_info,0,1号线
ZZM_CN_1a7aab5f8ff9,ZZS_38180914a0,燕庄,0.35,line_propagated,1号线,0,normal_info,0,1号线
ZZM_CN_1a7aab5f8ff9,ZZS_52a5a7940c,兰寨,0.35,line_propagated,1号线,0,normal_info,0,1号线
ZZM_CN_1a7aab5f8ff9,ZZS_5d37b2006d,河南大学新区,0.35,line_propagated,1号线,0,normal_info,0,1号线
ZZM_CN_1a7aab5f8ff9,ZZS_6c89efbe2c,文苑北路,0.35,line_propagated,1号线,0,normal_info,0,1号线
ZZM_CN_1a7aab5f8ff9,ZZS_87213b5129,会展中心,0.35,line_propagated,1号线,0,normal_info,0,1号线
ZZM_CN_1a7aab5f8ff9,ZZS_881a48e5bb,西三环,0.35,line_propagated,1号线,0,normal_info,0,1号线
ZZM_CN_1a7aab5f8ff9,ZZS_89f2ce9b1d,秦岭路,0.35,line_propagated,1号线,0,normal_info,0,1号线
ZZM_CN_1a7aab5f8ff9,ZZS_90196f31d6,郑州火车站,0.35,line_propagated,1号线,0,normal_info,0,1号线
ZZM_CN_1a7aab5f8ff9,ZZS_a14df2d44f,紫荆山,0.9,exact+line,1号线|紫荆山,0,normal_info,0,1号线
ZZM_CN_1a7aab5f8ff9,ZZS_ae1b2afcad,梧桐街,0.35,line_propagated,1号线,0,normal_info,0,1号线
ZZM_CN_1a7aab5f8ff9,ZZS_aed2ee7bb7,河南工业大学,0.35,line_propagated,1号线,0,normal_info,0,1号线
ZZM_CN_1a7aab5f8ff9,ZZS_b0ac143899,龙子湖,0.35,line_propagated,1号线,0,normal_info,0,1号线
ZZM_CN_1a7aab5f8ff9,ZZS_b37a0bcf35,郑大科技园,0.35,line_propagated,1号线,0,normal_info,0,1号线
ZZM_CN_1a7aab5f8ff9,ZZS_b8d795b006,黄河南路,0.35,line_propagated,1号线,0,normal_info,0,1号线
ZZM_CN_1a7aab5f8ff9,ZZS_bb3c17098a,人民路,0.35,line_propagated,1号线,0,normal_info,0,1号线
ZZM_CN_1a7aab5f8ff9,ZZS_bf7f2bfbd0,博学路,0.35,line_propagated,1号线,0,normal_info,0,1号线
ZZM_CN_1a7aab5f8ff9,ZZS_c9109d3d9f,医学院,0.35,line_propagated,1号线,0,normal_info,0,1号线
ZZM_CN_1a7aab5f8ff9,ZZS_cc61daaced,市体育中心,0.35,line_propagated,1号线,0,normal_info,0,1号线
ZZM_CN_1a7aab5f8ff9,ZZS_d61a964e41,市民中心,0.35,line_propagated,1号线,0,normal_info,0,1号线
ZZM_CN_1a7aab5f8ff9,ZZS_e4b35b2f4d,郑州大学,0.35,line_propagated,1号线,0,normal_info,0,1号线
ZZM_CN_1a7aab5f8ff9,ZZS_e67ffc082e,西流湖,0.35,line_propagated,1号线,0,normal_info,0,1号线
ZZM_CN_1a7aab5f8ff9,ZZS_ff2a277828,民航路,0.35,line_propagated,1号线,0,normal_info,0,1号线
ZZM_CN_1a7aab5f8ff9,ZZS_ff6940526d,郑州东站,0.35,line_propagated,1号线,0,normal_info,0,1号线
ZZM_CN_1b3029c2ca34,ZZS_00f55fa149,碧沙岗,0.35,line_propagated,1号线,1,service_disruption,0,1号线
ZZM_CN_1b3029c2ca34,ZZS_065e638aef,东风南路,0.35,line_propagated,1号线,1,service_disruption,0,1号线
ZZM_CN_1b3029c2ca34,ZZS_0660d199a6,农业南路,0.35,line_propagated,1号线,1,service_disruption,0,1号线
ZZM_CN_1b3029c2ca34,ZZS_0ccbb4888d,二七广场,0.35,line_propagated,1号线,1,service_disruption,0,1号线
ZZM_CN_1b3029c2ca34,ZZS_1acdaac4ce,铁炉,0.35,line_propagated,1号线,1,service_disruption,0,1号线
ZZM_CN_1b3029c2ca34,ZZS_27d32a2e36,五一公园,0.35,line_propagated,1号线,1,service_disruption,0,1号线
ZZM_CN_1b3029c2ca34,ZZS_3813354d55,绿城广场,0.35,line_propagated,1号线,1,service_disruption,0,1号线
ZZM_CN_1b3029c2ca34,ZZS_38180914a0,燕庄,0.35,line_propagated,1号线,1,service_disruption,0,1号线
ZZM_CN_1b3029c2ca34,ZZS_52a5a7940c,兰寨,0.35,line_propagated,1号线,1,service_disruption,0,1号线
ZZM_CN_1b3029c2ca34,ZZS_5d37b2006d,河南大学新区,0.35,line_propagated,1号线,1,service_disruption,0,1号线
ZZM_CN_1b3029c2ca34,ZZS_6c89efbe2c,文苑北路,0.35,line_propagated,1号线,1,service_disruption,0,1号线
ZZM_CN_1b3029c2ca34,ZZS_87213b5129,会展中心,0.35,line_propagated,1号线,1,service_disruption,0,1号线
ZZM_CN_1b3029c2ca34,ZZS_881a48e5bb,西三环,0.35,line_propagated,1号线,1,service_disruption,0,1号线
ZZM_CN_1b3029c2ca34,ZZS_89f2ce9b1d,秦岭路,0.35,line_propagated,1号线,1,service_disruption,0,1号线
ZZM_CN_1b3029c2ca34,ZZS_90196f31d6,郑州火车站,0.35,line_propagated,1号线,1,service_disruption,0,1号线
ZZM_CN_1b3029c2ca34,ZZS_a14df2d44f,紫荆山,0.35,line_propagated,1号线,1,service_disruption,0,1号线
ZZM_CN_1b3029c2ca34,ZZS_ae1b2afcad,梧桐街,0.35,line_propagated,1号线,1,service_disruption,0,1号线
ZZM_CN_1b3029c2ca34,ZZS_aed2ee7bb7,河南工业大学,0.35,line_propagated,1号线,1,service_disruption,0,1号线
ZZM_CN_1b3029c2ca34,ZZS_b0ac143899,龙子湖,0.35,line_propagated,1号线,1,service_disruption,0,1号线
ZZM_CN_1b3029c2ca34,ZZS_b37a0bcf35,郑大科技园,0.35,line_propagated,1号线,1,service_disruption,0,1号线
ZZM_CN_1b3029c2ca34,ZZS_b8d795b006,黄河南路,0.35,line_propagated,1号线,1,service_disruption,0,1号线
ZZM_CN_1b3029c2ca34,ZZS_bb3c17098a,人民路,0.35,line_propagated,1号线,1,service_disruption,0,1号线
ZZM_CN_1b3029c2ca34,ZZS_bf7f2bfbd0,博学路,0.35,line_propagated,1号线,1,service_disruption,0,1号线
ZZM_CN_1b3029c2ca34,ZZS_c9109d3d9f,医学院,0.35,line_propagated,1号线,1,service_disruption,0,1号线
ZZM_CN_1b3029c2ca34,ZZS_cc61daaced,市体育中心,0.35,line_propagated,1号线,1,service_disruption,0,1号线
ZZM_CN_1b3029c2ca34,ZZS_d61a964e41,市民中心,0.35,line_propagated,1号线,1,service_disruption,0,1号线
ZZM_CN_1b3029c2ca34,ZZS_e4b35b2f4d,郑州大学,0.35,line_propagated,1号线,1,service_disruption,0,1号线
ZZM_CN_1b3029c2ca34,ZZS_e67ffc082e,西流湖,0.35,line_propagated,1号线,1,service_disruption,0,1号线
ZZM_CN_1b3029c2ca34,ZZS_ff2a277828,民航路,0.35,line_propagated,1号线,1,service_disruption,0,1号线
ZZM_CN_1b3029c2ca34,ZZS_ff6940526d,郑州东站,0.35,line_propagated,1号线,1,service_disruption,0,1号线
ZZM_CN_1bcb6ef33930,ZZS_047175b6e2,老鸦陈,0.35,line_propagated,4号线,0,normal_info,0,4号线
ZZM_CN_1bcb6ef33930,ZZS_06c5d1c11c,商鼎路,0.35,line_propagated,4号线,0,normal_info,0,4号线
ZZM_CN_1bcb6ef33930,ZZS_1236ed80e3,中央商务区,0.35,line_propagated,4号线,0,normal_info,0,4号线
ZZM_CN_1bcb6ef33930,ZZS_184971fb41,郎庄,0.35,line_propagated,4号线,0,normal_info,0,4号线
ZZM_CN_1bcb6ef33930,ZZS_1acd4fa835,金岱,0.35,line_propagated,4号线,0,normal_info,0,4号线
ZZM_CN_1bcb6ef33930,ZZS_1e911360df,姚庄,0.35,line_propagated,4号线,0,normal_info,0,4号线
ZZM_CN_1bcb6ef33930,ZZS_25a4eab92b,龙湖南,0.35,line_propagated,4号线,0,normal_info,0,4号线
ZZM_CN_1bcb6ef33930,ZZS_28ee7061d7,东十里铺,0.35,line_propagated,4号线,0,normal_info,0,4号线
ZZM_CN_1bcb6ef33930,ZZS_3546d6d127,丰庆路,0.35,line_propagated,4号线,0,normal_info,0,4号线
ZZM_CN_1bcb6ef33930,ZZS_45679e4fc0,七里河,0.35,line_propagated,4号线,0,normal_info,0,4号线
ZZM_CN_1bcb6ef33930,ZZS_542d10f6f0,金融岛北,0.35,line_propagated,4号线,0,normal_info,0,4号线
ZZM_CN_1bcb6ef33930,ZZS_548bc6fa98,陈寨东,0.35,line_propagated,4号线,0,normal_info,0,4号线
ZZM_CN_1bcb6ef33930,ZZS_55f9aea406,森林公园北,0.35,line_propagated,4号线,0,normal_info,0,4号线
ZZM_CN_1bcb6ef33930,ZZS_6605be2a4e,省体育中心,0.35,line_propagated,4号线,0,normal_info,0,4号线
ZZM_CN_1bcb6ef33930,ZZS_6a9a14f197,北二十里铺,0.35,line_propagated,4号线,0,normal_info,0,4号线
ZZM_CN_1bcb6ef33930,ZZS_87213b5129,会展中心,0.35,line_propagated,4号线,0,normal_info,0,4号线
ZZM_CN_1bcb6ef33930,ZZS_90c4ce1eb7,沙门,0.35,line_propagated,4号线,0,normal_info,0,4号线
ZZM_CN_1bcb6ef33930,ZZS_90de6fab35,货站街,0.35,line_propagated,4号线,0,normal_info,0,4号线
ZZM_CN_1bcb6ef33930,ZZS_93f56b73b3,果树所,0.35,line_propagated,4号线,0,normal_info,0,4号线
ZZM_CN_1bcb6ef33930,ZZS_95fb90b688,杨君刘,0.35,line_propagated,4号线,0,normal_info,0,4号线
ZZM_CN_1bcb6ef33930,ZZS_9965eccc39,龙湖中环北,0.35,line_propagated,4号线,0,normal_info,0,4号线
ZZM_CN_1bcb6ef33930,ZZS_aa3686fb6d,金融岛南,0.35,line_propagated,4号线,0,normal_info,0,4号线
ZZM_CN_1bcb6ef33930,ZZS_ccf9ac5267,清华附中,0.35,line_propagated,4号线,0,normal_info,0,4号线
ZZM_CN_1bcb6ef33930,ZZS_d86c49fbed,农业东路,0.35,line_propagated,4号线,0,normal_info,0,4号线
ZZM_CN_1bcb6ef33930,ZZS_dbb2385d18,龙湖北,0.35,line_propagated,4号线,0,normal_info,0,4号线
ZZM_CN_1bcb6ef33930,ZZS_eca427650a,张家村,0.35,line_propagated,4号线,0,normal_info,0,4号线
ZZM_CN_1bcb6ef33930,ZZS_eda0ec6e78,龙湖中环南,0.35,line_propagated,4号线,0,normal_info,0,4号线
ZZM_CN_1beb5638e8a6,ZZS_001bf66fc1,陇海西路,0.35,line_propagated,5号线,1,service_disruption,0,1号线|5号线
ZZM_CN_1beb5638e8a6,ZZS_00f55fa149,碧沙岗,0.35,line_propagated,1号线,1,service_disruption,0,1号线|5号线
ZZM_CN_1beb5638e8a6,ZZS_065e638aef,东风南路,0.35,line_propagated,1号线,1,service_disruption,0,1号线|5号线
ZZM_CN_1beb5638e8a6,ZZS_0660d199a6,农业南路,0.35,line_propagated,1号线,1,service_disruption,0,1号线|5号线
ZZM_CN_1beb5638e8a6,ZZS_0ccbb4888d,二七广场,0.35,line_propagated,1号线,1,service_disruption,0,1号线|5号线
ZZM_CN_1beb5638e8a6,ZZS_1236ed80e3,中央商务区,0.35,line_propagated,5号线,1,service_disruption,0,1号线|5号线
ZZM_CN_1beb5638e8a6,ZZS_1246e07d02,城东南路,0.35,line_propagated,5号线,1,service_disruption,0,1号线|5号线
ZZM_CN_1beb5638e8a6,ZZS_136c32a256,市中心医院,0.35,line_propagated,5号线,1,service_disruption,0,1号线|5号线
ZZM_CN_1beb5638e8a6,ZZS_14efbdcc1b,福塔东,0.35,line_propagated,5号线,1,service_disruption,0,1号线|5号线
ZZM_CN_1beb5638e8a6,ZZS_190cc56901,金水东路,0.35,line_propagated,5号线,1,service_disruption,0,1号线|5号线
ZZM_CN_1beb5638e8a6,ZZS_1acdaac4ce,铁炉,0.35,line_propagated,1号线,1,service_disruption,0,1号线|5号线
ZZM_CN_1beb5638e8a6,ZZS_20262a52f0,南五里堡,0.35,line_propagated,5号线,1,service_disruption,0,1号线|5号线
ZZM_CN_1beb5638e8a6,ZZS_20dcf363fc,康宁街,0.35,line_propagated,5号线,1,service_disruption,0,1号线|5号线
ZZM_CN_1beb5638e8a6,ZZS_27d32a2e36,五一公园,0.35,line_propagated,1号线|5号线,1,service_disruption,0,1号线|5号线
ZZM_CN_1beb5638e8a6,ZZS_2db8e2eabe,经北二路,0.35,line_propagated,5号线,1,service_disruption,0,1号线|5号线
ZZM_CN_1beb5638e8a6,ZZS_31a002aa03,海滩寺,0.35,line_propagated,5号线,1,service_disruption,0,1号线|5号线
ZZM_CN_1beb5638e8a6,ZZS_3813354d55,绿城广场,0.35,line_propagated,1号线,1,service_disruption,0,1号线|5号线
ZZM_CN_1beb5638e8a6,ZZS_38180914a0,燕庄,0.35,line_propagated,1号线,1,service_disruption,0,1号线|5号线
ZZM_CN_1beb5638e8a6,ZZS_386438745b,祭城,0.35,line_propagated,5号线,1,service_disruption,0,1号线|5号线
ZZM_CN_1beb5638e8a6,ZZS_3ada9c57dc,众意西路,0.35,line_propagated,5号线,1,service_disruption,0,1号线|5号线
ZZM_CN_1beb5638e8a6,ZZS_45679e4fc0,七里河,0.9,exact+line,5号线|七里河,1,service_disruption,0,1号线|5号线
ZZM_CN_1beb5638e8a6,ZZS_4dd2360957,京广南路,0.35,line_propagated,5号线,1,service_disruption,0,1号线|5号线
ZZM_CN_1beb5638e8a6,ZZS_52a5a7940c,兰寨,0.35,line_propagated,1号线,1,service_disruption,0,1号线|5号线
ZZM_CN_1beb5638e8a6,ZZS_5b6c4f8186,郑州人民医院,0.35,line_propagated,5号线,1,service_disruption,0,1号线|5号线
ZZM_CN_1beb5638e8a6,ZZS_5babce6145,中原福塔,0.35,line_propagated,5号线,1,service_disruption,0,1号线|5号线
ZZM_CN_1beb5638e8a6,ZZS_5d37b2006d,河南大学新区,0.35,line_propagated,1号线,1,service_disruption,0,1号线|5号线
ZZM_CN_1beb5638e8a6,ZZS_5dc87121c2,市第二人民医院,0.35,line_propagated,5号线,1,service_disruption,0,1号线|5号线
ZZM_CN_1beb5638e8a6,ZZS_6c89efbe2c,文苑北路,0.35,line_propagated,1号线,1,service_disruption,0,1号线|5号线
ZZM_CN_1beb5638e8a6,ZZS_7dd13fd23f,黄河路,0.35,line_propagated,5号线,1,service_disruption,0,1号线|5号线
ZZM_CN_1beb5638e8a6,ZZS_87213b5129,会展中心,0.35,line_propagated,1号线,1,service_disruption,0,1号线|5号线
ZZM_CN_1beb5638e8a6,ZZS_881a48e5bb,西三环,0.35,line_propagated,1号线,1,service_disruption,0,1号线|5号线
ZZM_CN_1beb5638e8a6,ZZS_89f2ce9b1d,秦岭路,0.35,line_propagated,1号线,1,service_disruption,0,1号线|5号线
ZZM_CN_1beb5638e8a6,ZZS_90196f31d6,郑州火车站,0.35,line_propagated,1号线,1,service_disruption,0,1号线|5号线
ZZM_CN_1beb5638e8a6,ZZS_9a26907088,齐礼阎,0.35,line_propagated,5号线,1,service_disruption,0,1号线|5号线
ZZM_CN_1beb5638e8a6,ZZS_9d8185e03c,省人民医院,0.35,line_propagated,5号线,1,service_disruption,0,1号线|5号线
ZZM_CN_1beb5638e8a6,ZZS_a14df2d44f,紫荆山,0.35,line_propagated,1号线,1,service_disruption,0,1号线|5号线
ZZM_CN_1beb5638e8a6,ZZS_a3cc0229f4,省骨科医院,0.35,line_propagated,5号线,1,service_disruption,0,1号线|5号线
ZZM_CN_1beb5638e8a6,ZZS_ae1b2afcad,梧桐街,0.35,line_propagated,1号线,1,service_disruption,0,1号线|5号线
ZZM_CN_1beb5638e8a6,ZZS_ae7cc361da,月季公园,0.35,line_propagated,5号线,1,service_disruption,0,1号线|5号线
ZZM_CN_1beb5638e8a6,ZZS_aed2ee7bb7,河南工业大学,0.35,line_propagated,1号线,1,service_disruption,0,1号线|5号线
ZZM_CN_1beb5638e8a6,ZZS_b0ac143899,龙子湖,0.35,line_propagated,1号线,1,service_disruption,0,1号线|5号线
ZZM_CN_1beb5638e8a6,ZZS_b37a0bcf35,郑大科技园,0.35,line_propagated,1号线,1,service_disruption,0,1号线|5号线
ZZM_CN_1beb5638e8a6,ZZS_b8d795b006,黄河南路,0.35,line_propagated,1号线,1,service_disruption,0,1号线|5号线
ZZM_CN_1beb5638e8a6,ZZS_bb3c17098a,人民路,0.35,line_propagated,1号线,1,service_disruption,0,1号线|5号线
ZZM_CN_1beb5638e8a6,ZZS_bd17c52fa6,儿童医院,0.35,line_propagated,5号线,1,service_disruption,0,1号线|5号线
ZZM_CN_1beb5638e8a6,ZZS_bf7f2bfbd0,博学路,0.35,line_propagated,1号线,1,service_disruption,0,1号线|5号线
ZZM_CN_1beb5638e8a6,ZZS_c720567666,桐淮,0.35,line_propagated,5号线,1,service_disruption,0,1号线|5号线
ZZM_CN_1beb5638e8a6,ZZS_c9109d3d9f,医学院,0.35,line_propagated,1号线,1,service_disruption,0,1号线|5号线
ZZM_CN_1beb5638e8a6,ZZS_c94675c30b,后河芦,0.35,line_propagated,5号线,1,service_disruption,0,1号线|5号线
ZZM_CN_1beb5638e8a6,ZZS_c995bf7092,经开中心广场,0.35,line_propagated,5号线,1,service_disruption,0,1号线|5号线
ZZM_CN_1beb5638e8a6,ZZS_cb2e15cfa0,姚砦,0.35,line_propagated,5号线,1,service_disruption,0,1号线|5号线
ZZM_CN_1beb5638e8a6,ZZS_cc61daaced,市体育中心,0.35,line_propagated,1号线,1,service_disruption,0,1号线|5号线
ZZM_CN_1beb5638e8a6,ZZS_d61a964e41,市民中心,0.35,line_propagated,1号线,1,service_disruption,0,1号线|5号线
ZZM_CN_1beb5638e8a6,ZZS_deb2edc4a2,沙口路,0.35,line_propagated,5号线,1,service_disruption,0,1号线|5号线
ZZM_CN_1beb5638e8a6,ZZS_e4b35b2f4d,郑州大学,0.35,line_propagated,1号线,1,service_disruption,0,1号线|5号线
ZZM_CN_1beb5638e8a6,ZZS_e67ffc082e,西流湖,0.35,line_propagated,1号线,1,service_disruption,0,1号线|5号线
ZZM_CN_1beb5638e8a6,ZZS_f095e9678f,航海广场,0.35,line_propagated,5号线,1,service_disruption,0,1号线|5号线
ZZM_CN_1beb5638e8a6,ZZS_f97030e2b9,冯庄,0.35,line_propagated,5号线,1,service_disruption,0,1号线|5号线
ZZM_CN_1beb5638e8a6,ZZS_ff2a277828,民航路,0.35,line_propagated,1号线,1,service_disruption,0,1号线|5号线
ZZM_CN_1beb5638e8a6,ZZS_ff6940526d,郑州东站,0.35,line_propagated,1号线|5号线,1,service_disruption,0,1号线|5号线
ZZM_CN_1c67e004d972,ZZS_05d97db6f2,司赵,0.35,line_propagated,3号线,0,normal_info,3,3号线|郑许线
ZZM_CN_1c67e004d972,ZZS_0ccbb4888d,二七广场,0.35,line_propagated,3号线,0,normal_info,3,3号线|郑许线
ZZM_CN_1c67e004d972,ZZS_0f8adc1496,苑陵故城西,0.35,line_propagated,郑许线,0,normal_info,3,3号线|郑许线
ZZM_CN_1c67e004d972,ZZS_102923cded,电气谷,0.35,line_propagated,郑许线,0,normal_info,3,3号线|郑许线
ZZM_CN_1c67e004d972,ZZS_1371fabdab,西大街,0.35,line_propagated,3号线,0,normal_info,3,3号线|郑许线
ZZM_CN_1c67e004d972,ZZS_13fc13c558,郑州文庙,0.35,line_propagated,3号线,0,normal_info,3,3号线|郑许线
ZZM_CN_1c67e004d972,ZZS_1f7dc8a65a,文体中心,0.35,line_propagated,郑许线,0,normal_info,3,3号线|郑许线
ZZM_CN_1c67e004d972,ZZS_25a45ff011,东周,0.35,line_propagated,3号线,0,normal_info,3,3号线|郑许线
ZZM_CN_1c67e004d972,ZZS_28ee7061d7,东十里铺,0.35,line_propagated,3号线,0,normal_info,3,3号线|郑许线
ZZM_CN_1c67e004d972,ZZS_29284451da,凤凰台,0.35,line_propagated,3号线,0,normal_info,3,3号线|郑许线
ZZM_CN_1c67e004d972,ZZS_31a002aa03,海滩寺,0.35,line_propagated,3号线,0,normal_info,3,3号线|郑许线
ZZM_CN_1c67e004d972,ZZS_34069e58e5,双鹤湖南,0.35,line_propagated,郑许线,0,normal_info,3,3号线|郑许线
ZZM_CN_1c67e004d972,ZZS_34a20fb268,双鹤湖,0.35,line_propagated,郑许线,0,normal_info,3,3号线|郑许线
ZZM_CN_1c67e004d972,ZZS_44eab6c022,南阳新村,0.35,line_propagated,3号线,0,normal_info,3,3号线|郑许线
ZZM_CN_1c67e004d972,ZZS_45b435a34a,龙王,0.35,line_propagated,郑许线,0,normal_info,3,3号线|郑许线
ZZM_CN_1c67e004d972,ZZS_4c088f0629,港区北,0.35,line_propagated,郑许线,0,normal_info,3,3号线|郑许线
ZZM_CN_1c67e004d972,ZZS_51e572c7c3,东大街,0.35,line_propagated,3号线,0,normal_info,3,3号线|郑许线
ZZM_CN_1c67e004d972,ZZS_5563728074,营岗,0.35,line_propagated,3号线,0,normal_info,3,3号线|郑许线
ZZM_CN_1c67e004d972,ZZS_559f31d846,许昌东,0.35,line_propagated,郑许线,0,normal_info,3,3号线|郑许线
ZZM_CN_1c67e004d972,ZZS_5c63070ae3,鹿鸣湖,0.35,line_propagated,郑许线,0,normal_info,3,3号线|郑许线
ZZM_CN_1c67e004d972,ZZS_5d8826907f,翱翔路,0.35,line_propagated,郑许线,0,normal_info,3,3号线|郑许线
ZZM_CN_1c67e004d972,ZZS_6183e5bf7e,农大路,0.35,line_propagated,郑许线,0,normal_info,3,3号线|郑许线
ZZM_CN_1c67e004d972,ZZS_6605be2a4e,省体育中心,0.35,line_propagated,3号线,0,normal_info,3,3号线|郑许线
ZZM_CN_1c67e004d972,ZZS_662c95b759,王砦,0.35,line_propagated,3号线,0,normal_info,3,3号线|郑许线
ZZM_CN_1c67e004d972,ZZS_6a0a21f658,通泰路,0.35,line_propagated,3号线,0,normal_info,3,3号线|郑许线
ZZM_CN_1c67e004d972,ZZS_6dc0109470,八千,0.35,line_propagated,郑许线,0,normal_info,3,3号线|郑许线
ZZM_CN_1c67e004d972,ZZS_721efabad4,遵大路,0.35,line_propagated,郑许线,0,normal_info,3,3号线|郑许线
ZZM_CN_1c67e004d972,ZZS_74b7b3e8db,芙蓉湖,0.35,line_propagated,郑许线,0,normal_info,3,3号线|郑许线
ZZM_CN_1c67e004d972,ZZS_7af2d857e7,双鹤湖北,0.35,line_propagated,郑许线,0,normal_info,3,3号线|郑许线
ZZM_CN_1c67e004d972,ZZS_8838532f74,龙王南,0.35,line_propagated,郑许线,0,normal_info,3,3号线|郑许线
ZZM_CN_1c67e004d972,ZZS_8a7aa5c8f9,大周,0.35,line_propagated,郑许线,0,normal_info,3,3号线|郑许线
ZZM_CN_1c67e004d972,ZZS_8fd42d1a04,洵美路,0.35,line_propagated,郑许线,0,normal_info,3,3号线|郑许线
ZZM_CN_1c67e004d972,ZZS_9148507447,颍川路,0.35,line_propagated,郑许线,0,normal_info,3,3号线|郑许线
ZZM_CN_1c67e004d972,ZZS_973f67bf8a,同乐,0.35,line_propagated,3号线,0,normal_info,3,3号线|郑许线
ZZM_CN_1c67e004d972,ZZS_9a0290117b,新郑机场,0.35,line_propagated,郑许线,0,normal_info,3,3号线|郑许线
ZZM_CN_1c67e004d972,ZZS_9a51a2fe83,兴隆铺,0.35,line_propagated,3号线,0,normal_info,3,3号线|郑许线
ZZM_CN_1c67e004d972,ZZS_a3cc0229f4,省骨科医院,0.35,line_propagated,3号线,0,normal_info,3,3号线|郑许线
ZZM_CN_1c67e004d972,ZZS_a9af1749e0,西周,0.35,line_propagated,3号线,0,normal_info,3,3号线|郑许线
ZZM_CN_1c67e004d972,ZZS_b07727d50b,葛天源,0.35,line_propagated,郑许线,0,normal_info,3,3号线|郑许线
ZZM_CN_1c67e004d972,ZZS_b5c4192440,圃田西,0.35,line_propagated,3号线,0,normal_info,3,3号线|郑许线
ZZM_CN_1c67e004d972,ZZS_b9cd9992ce,人民公园,0.35,line_propagated,3号线,0,normal_info,3,3号线|郑许线
ZZM_CN_1c67e004d972,ZZS_ba70aa715e,博览中心,0.35,line_propagated,3号线,0,normal_info,3,3号线|郑许线
ZZM_CN_1c67e004d972,ZZS_bbbbcdb24d,长安路北,0.35,line_propagated,郑许线,0,normal_info,3,3号线|郑许线
ZZM_CN_1c67e004d972,ZZS_c5943bbf34,滨河新城,0.35,line_propagated,3号线,0,normal_info,3,3号线|郑许线
ZZM_CN_1c67e004d972,ZZS_c87aa9753c,体育中心,0.35,line_propagated,郑许线,0,normal_info,3,3号线|郑许线
ZZM_CN_1c67e004d972,ZZS_c8f4a267a6,大石桥,0.35,line_propagated,3号线,0,normal_info,3,3号线|郑许线
ZZM_CN_1c67e004d972,ZZS_e951174f12,长安路南,0.35,line_propagated,郑许线,0,normal_info,3,3号线|郑许线
ZZM_CN_1c67e004d972,ZZS_e9c14949ec,滨河新城南,0.35,line_propagated,3号线,0,normal_info,3,3号线|郑许线
ZZM_CN_1c67e004d972,ZZS_ebaef5d27b,枣园,0.35,line_propagated,郑许线,0,normal_info,3,3号线|郑许线
ZZM_CN_1c67e004d972,ZZS_ef6263ba13,潮河,0.35,line_propagated,3号线,0,normal_info,3,3号线|郑许线
ZZM_CN_1c67e004d972,ZZS_f158b4d09f,永和路,0.35,line_propagated,郑许线,0,normal_info,3,3号线|郑许线
ZZM_CN_1c67e004d972,ZZS_f8022f5ac8,双庙李,0.35,line_propagated,郑许线,0,normal_info,3,3号线|郑许线
ZZM_CN_1df6012afa5d,ZZS_00f55fa149,碧沙岗,0.35,line_propagated,1号线,0,normal_info,0,1号线
ZZM_CN_1df6012afa5d,ZZS_065e638aef,东风南路,0.35,line_propagated,1号线,0,normal_info,0,1号线
ZZM_CN_1df6012afa5d,ZZS_0660d199a6,农业南路,0.35,line_propagated,1号线,0,normal_info,0,1号线
ZZM_CN_1df6012afa5d,ZZS_0ccbb4888d,二七广场,0.35,line_propagated,1号线,0,normal_info,0,1号线
ZZM_CN_1df6012afa5d,ZZS_1acdaac4ce,铁炉,0.35,line_propagated,1号线,0,normal_info,0,1号线
ZZM_CN_1df6012afa5d,ZZS_27d32a2e36,五一公园,0.35,line_propagated,1号线,0,normal_info,0,1号线
ZZM_CN_1df6012afa5d,ZZS_3813354d55,绿城广场,0.35,line_propagated,1号线,0,normal_info,0,1号线
ZZM_CN_1df6012afa5d,ZZS_38180914a0,燕庄,0.35,line_propagated,1号线,0,normal_info,0,1号线
ZZM_CN_1df6012afa5d,ZZS_52a5a7940c,兰寨,0.35,line_propagated,1号线,0,normal_info,0,1号线
ZZM_CN_1df6012afa5d,ZZS_5d37b2006d,河南大学新区,0.35,line_propagated,1号线,0,normal_info,0,1号线
ZZM_CN_1df6012afa5d,ZZS_6c89efbe2c,文苑北路,0.35,line_propagated,1号线,0,normal_info,0,1号线
ZZM_CN_1df6012afa5d,ZZS_87213b5129,会展中心,0.35,line_propagated,1号线,0,normal_info,0,1号线
ZZM_CN_1df6012afa5d,ZZS_881a48e5bb,西三环,0.35,line_propagated,1号线,0,normal_info,0,1号线
ZZM_CN_1df6012afa5d,ZZS_89f2ce9b1d,秦岭路,0.35,line_propagated,1号线,0,normal_info,0,1号线
ZZM_CN_1df6012afa5d,ZZS_90196f31d6,郑州火车站,0.35,line_propagated,1号线,0,normal_info,0,1号线
ZZM_CN_1df6012afa5d,ZZS_a14df2d44f,紫荆山,0.35,line_propagated,1号线,0,normal_info,0,1号线
ZZM_CN_1df6012afa5d,ZZS_ae1b2afcad,梧桐街,0.35,line_propagated,1号线,0,normal_info,0,1号线
ZZM_CN_1df6012afa5d,ZZS_aed2ee7bb7,河南工业大学,0.35,line_propagated,1号线,0,normal_info,0,1号线
ZZM_CN_1df6012afa5d,ZZS_b0ac143899,龙子湖,0.35,line_propagated,1号线,0,normal_info,0,1号线
ZZM_CN_1df6012afa5d,ZZS_b37a0bcf35,郑大科技园,0.35,line_propagated,1号线,0,normal_info,0,1号线
ZZM_CN_1df6012afa5d,ZZS_b8d795b006,黄河南路,0.35,line_propagated,1号线,0,normal_info,0,1号线
ZZM_CN_1df6012afa5d,ZZS_bb3c17098a,人民路,0.35,line_propagated,1号线,0,normal_info,0,1号线
ZZM_CN_1df6012afa5d,ZZS_bf7f2bfbd0,博学路,0.35,line_propagated,1号线,0,normal_info,0,1号线
ZZM_CN_1df6012afa5d,ZZS_c9109d3d9f,医学院,0.35,line_propagated,1号线,0,normal_info,0,1号线
ZZM_CN_1df6012afa5d,ZZS_cc61daaced,市体育中心,0.35,line_propagated,1号线,0,normal_info,0,1号线
ZZM_CN_1df6012afa5d,ZZS_d61a964e41,市民中心,0.35,line_propagated,1号线,0,normal_info,0,1号线
ZZM_CN_1df6012afa5d,ZZS_e4b35b2f4d,郑州大学,0.35,line_propagated,1号线,0,normal_info,0,1号线
ZZM_CN_1df6012afa5d,ZZS_e67ffc082e,西流湖,0.35,line_propagated,1号线,0,normal_info,0,1号线
ZZM_CN_1df6012afa5d,ZZS_ff2a277828,民航路,0.35,line_propagated,1号线,0,normal_info,0,1号线
ZZM_CN_1df6012afa5d,ZZS_ff6940526d,郑州东站,0.35,line_propagated,1号线,0,normal_info,0,1号线
ZZM_CN_1ebe8fdc3399,ZZS_6b600b7696,刘庄,0.9,exact,刘庄,0,normal_info,0,
ZZM_CN_1f15b102a8f3,ZZS_ff6940526d,郑州东站,0.9,exact,郑州东站,0,normal_info,0,
ZZM_CN_1f98260ded24,ZZS_05d97db6f2,司赵,0.35,line_propagated,3号线,0,normal_info,0,3号线
ZZM_CN_1f98260ded24,ZZS_0ccbb4888d,二七广场,0.35,line_propagated,3号线,0,normal_info,0,3号线
ZZM_CN_1f98260ded24,ZZS_1371fabdab,西大街,0.35,line_propagated,3号线,0,normal_info,0,3号线
ZZM_CN_1f98260ded24,ZZS_13fc13c558,郑州文庙,0.35,line_propagated,3号线,0,normal_info,0,3号线
ZZM_CN_1f98260ded24,ZZS_25a45ff011,东周,0.35,line_propagated,3号线,0,normal_info,0,3号线
ZZM_CN_1f98260ded24,ZZS_28ee7061d7,东十里铺,0.35,line_propagated,3号线,0,normal_info,0,3号线
ZZM_CN_1f98260ded24,ZZS_29284451da,凤凰台,0.35,line_propagated,3号线,0,normal_info,0,3号线
ZZM_CN_1f98260ded24,ZZS_31a002aa03,海滩寺,0.35,line_propagated,3号线,0,normal_info,0,3号线
ZZM_CN_1f98260ded24,ZZS_44eab6c022,南阳新村,0.35,line_propagated,3号线,0,normal_info,0,3号线
ZZM_CN_1f98260ded24,ZZS_51e572c7c3,东大街,0.35,line_propagated,3号线,0,normal_info,0,3号线
ZZM_CN_1f98260ded24,ZZS_5563728074,营岗,0.35,line_propagated,3号线,0,normal_info,0,3号线
ZZM_CN_1f98260ded24,ZZS_6605be2a4e,省体育中心,0.35,line_propagated,3号线,0,normal_info,0,3号线
ZZM_CN_1f98260ded24,ZZS_662c95b759,王砦,0.35,line_propagated,3号线,0,normal_info,0,3号线
ZZM_CN_1f98260ded24,ZZS_6a0a21f658,通泰路,0.35,line_propagated,3号线,0,normal_info,0,3号线
ZZM_CN_1f98260ded24,ZZS_973f67bf8a,同乐,0.35,line_propagated,3号线,0,normal_info,0,3号线
ZZM_CN_1f98260ded24,ZZS_9a51a2fe83,兴隆铺,0.35,line_propagated,3号线,0,normal_info,0,3号线
ZZM_CN_1f98260ded24,ZZS_a3cc0229f4,省骨科医院,0.35,line_propagated,3号线,0,normal_info,0,3号线
ZZM_CN_1f98260ded24,ZZS_a9af1749e0,西周,0.35,line_propagated,3号线,0,normal_info,0,3号线
ZZM_CN_1f98260ded24,ZZS_b5c4192440,圃田西,0.35,line_propagated,3号线,0,normal_info,0,3号线
ZZM_CN_1f98260ded24,ZZS_b9cd9992ce,人民公园,0.35,line_propagated,3号线,0,normal_info,0,3号线
ZZM_CN_1f98260ded24,ZZS_ba70aa715e,博览中心,0.35,line_propagated,3号线,0,normal_info,0,3号线
ZZM_CN_1f98260ded24,ZZS_c5943bbf34,滨河新城,0.35,line_propagated,3号线,0,normal_info,0,3号线
ZZM_CN_1f98260ded24,ZZS_c8f4a267a6,大石桥,0.35,line_propagated,3号线,0,normal_info,0,3号线
ZZM_CN_1f98260ded24,ZZS_e9c14949ec,滨河新城南,0.35,line_propagated,3号线,0,normal_info,0,3号线
ZZM_CN_1f98260ded24,ZZS_ef6263ba13,潮河,0.35,line_propagated,3号线,0,normal_info,0,3号线
ZZM_CN_210e464e425d,ZZS_00f55fa149,碧沙岗,0.35,line_propagated,1号线,0,normal_info,0,1号线
ZZM_CN_210e464e425d,ZZS_065e638aef,东风南路,0.35,line_propagated,1号线,0,normal_info,0,1号线
ZZM_CN_210e464e425d,ZZS_0660d199a6,农业南路,0.35,line_propagated,1号线,0,normal_info,0,1号线
ZZM_CN_210e464e425d,ZZS_0ccbb4888d,二七广场,0.35,line_propagated,1号线,0,normal_info,0,1号线
ZZM_CN_210e464e425d,ZZS_1acdaac4ce,铁炉,0.35,line_propagated,1号线,0,normal_info,0,1号线
ZZM_CN_210e464e425d,ZZS_27d32a2e36,五一公园,0.35,line_propagated,1号线,0,normal_info,0,1号线
ZZM_CN_210e464e425d,ZZS_3813354d55,绿城广场,0.35,line_propagated,1号线,0,normal_info,0,1号线
ZZM_CN_210e464e425d,ZZS_38180914a0,燕庄,0.35,line_propagated,1号线,0,normal_info,0,1号线
ZZM_CN_210e464e425d,ZZS_52a5a7940c,兰寨,0.35,line_propagated,1号线,0,normal_info,0,1号线
ZZM_CN_210e464e425d,ZZS_5d37b2006d,河南大学新区,0.9,exact+line,1号线|河南大学新区,0,normal_info,0,1号线
ZZM_CN_210e464e425d,ZZS_6c89efbe2c,文苑北路,0.35,line_propagated,1号线,0,normal_info,0,1号线
ZZM_CN_210e464e425d,ZZS_87213b5129,会展中心,0.35,line_propagated,1号线,0,normal_info,0,1号线
ZZM_CN_210e464e425d,ZZS_881a48e5bb,西三环,0.35,line_propagated,1号线,0,normal_info,0,1号线
ZZM_CN_210e464e425d,ZZS_89f2ce9b1d,秦岭路,0.35,line_propagated,1号线,0,normal_info,0,1号线
ZZM_CN_210e464e425d,ZZS_90196f31d6,郑州火车站,0.35,line_propagated,1号线,0,normal_info,0,1号线
ZZM_CN_210e464e425d,ZZS_a14df2d44f,紫荆山,0.35,line_propagated,1号线,0,normal_info,0,1号线
ZZM_CN_210e464e425d,ZZS_ae1b2afcad,梧桐街,0.35,line_propagated,1号线,0,normal_info,0,1号线
ZZM_CN_210e464e425d,ZZS_aed2ee7bb7,河南工业大学,0.35,line_propagated,1号线,0,normal_info,0,1号线
ZZM_CN_210e464e425d,ZZS_b0ac143899,龙子湖,0.35,line_propagated,1号线,0,normal_info,0,1号线
ZZM_CN_210e464e425d,ZZS_b37a0bcf35,郑大科技园,0.35,line_propagated,1号线,0,normal_info,0,1号线
ZZM_CN_210e464e425d,ZZS_b8d795b006,黄河南路,0.35,line_propagated,1号线,0,normal_info,0,1号线
ZZM_CN_210e464e425d,ZZS_bb3c17098a,人民路,0.35,line_propagated,1号线,0,normal_info,0,1号线
ZZM_CN_210e464e425d,ZZS_bf7f2bfbd0,博学路,0.35,line_propagated,1号线,0,normal_info,0,1号线
ZZM_CN_210e464e425d,ZZS_c9109d3d9f,医学院,0.35,line_propagated,1号线,0,normal_info,0,1号线
ZZM_CN_210e464e425d,ZZS_cc61daaced,市体育中心,0.35,line_propagated,1号线,0,normal_info,0,1号线
ZZM_CN_210e464e425d,ZZS_d61a964e41,市民中心,0.35,line_propagated,1号线,0,normal_info,0,1号线
ZZM_CN_210e464e425d,ZZS_e4b35b2f4d,郑州大学,0.35,line_propagated,1号线,0,normal_info,0,1号线
ZZM_CN_210e464e425d,ZZS_e67ffc082e,西流湖,0.35,line_propagated,1号线,0,normal_info,0,1号线
ZZM_CN_210e464e425d,ZZS_ff2a277828,民航路,0.35,line_propagated,1号线,0,normal_info,0,1号线
ZZM_CN_210e464e425d,ZZS_ff6940526d,郑州东站,0.35,line_propagated,1号线,0,normal_info,0,1号线
ZZM_CN_231b2a7ff3b9,ZZS_00f55fa149,碧沙岗,0.35,line_propagated,1号线,0,normal_info,0,1号线
ZZM_CN_231b2a7ff3b9,ZZS_065e638aef,东风南路,0.35,line_propagated,1号线,0,normal_info,0,1号线
ZZM_CN_231b2a7ff3b9,ZZS_0660d199a6,农业南路,0.35,line_propagated,1号线,0,normal_info,0,1号线
ZZM_CN_231b2a7ff3b9,ZZS_0ccbb4888d,二七广场,0.35,line_propagated,1号线,0,normal_info,0,1号线
ZZM_CN_231b2a7ff3b9,ZZS_1acdaac4ce,铁炉,0.35,line_propagated,1号线,0,normal_info,0,1号线
ZZM_CN_231b2a7ff3b9,ZZS_27d32a2e36,五一公园,0.35,line_propagated,1号线,0,normal_info,0,1号线
ZZM_CN_231b2a7ff3b9,ZZS_3813354d55,绿城广场,0.35,line_propagated,1号线,0,normal_info,0,1号线
ZZM_CN_231b2a7ff3b9,ZZS_38180914a0,燕庄,0.35,line_propagated,1号线,0,normal_info,0,1号线
ZZM_CN_231b2a7ff3b9,ZZS_52a5a7940c,兰寨,0.35,line_propagated,1号线,0,normal_info,0,1号线
ZZM_CN_231b2a7ff3b9,ZZS_5d37b2006d,河南大学新区,0.35,line_propagated,1号线,0,normal_info,0,1号线
ZZM_CN_231b2a7ff3b9,ZZS_6c89efbe2c,文苑北路,0.35,line_propagated,1号线,0,normal_info,0,1号线
ZZM_CN_231b2a7ff3b9,ZZS_87213b5129,会展中心,0.35,line_propagated,1号线,0,normal_info,0,1号线
ZZM_CN_231b2a7ff3b9,ZZS_881a48e5bb,西三环,0.35,line_propagated,1号线,0,normal_info,0,1号线
ZZM_CN_231b2a7ff3b9,ZZS_89f2ce9b1d,秦岭路,0.35,line_propagated,1号线,0,normal_info,0,1号线
ZZM_CN_231b2a7ff3b9,ZZS_90196f31d6,郑州火车站,0.35,line_propagated,1号线,0,normal_info,0,1号线
ZZM_CN_231b2a7ff3b9,ZZS_a14df2d44f,紫荆山,0.35,line_propagated,1号线,0,normal_info,0,1号线
ZZM_CN_231b2a7ff3b9,ZZS_ae1b2afcad,梧桐街,0.35,line_propagated,1号线,0,normal_info,0,1号线
ZZM_CN_231b2a7ff3b9,ZZS_aed2ee7bb7,河南工业大学,0.35,line_propagated,1号线,0,normal_info,0,1号线
ZZM_CN_231b2a7ff3b9,ZZS_b0ac143899,龙子湖,0.35,line_propagated,1号线,0,normal_info,0,1号线
ZZM_CN_231b2a7ff3b9,ZZS_b37a0bcf35,郑大科技园,0.35,line_propagated,1号线,0,normal_info,0,1号线
ZZM_CN_231b2a7ff3b9,ZZS_b8d795b006,黄河南路,0.35,line_propagated,1号线,0,normal_info,0,1号线
ZZM_CN_231b2a7ff3b9,ZZS_bb3c17098a,人民路,0.35,line_propagated,1号线,0,normal_info,0,1号线
ZZM_CN_231b2a7ff3b9,ZZS_bf7f2bfbd0,博学路,0.35,line_propagated,1号线,0,normal_info,0,1号线
ZZM_CN_231b2a7ff3b9,ZZS_c9109d3d9f,医学院,0.35,line_propagated,1号线,0,normal_info,0,1号线
ZZM_CN_231b2a7ff3b9,ZZS_cc61daaced,市体育中心,0.35,line_propagated,1号线,0,normal_info,0,1号线
ZZM_CN_231b2a7ff3b9,ZZS_d61a964e41,市民中心,0.35,line_propagated,1号线,0,normal_info,0,1号线
ZZM_CN_231b2a7ff3b9,ZZS_e4b35b2f4d,郑州大学,0.35,line_propagated,1号线,0,normal_info,0,1号线
ZZM_CN_231b2a7ff3b9,ZZS_e67ffc082e,西流湖,0.35,line_propagated,1号线,0,normal_info,0,1号线
ZZM_CN_231b2a7ff3b9,ZZS_ff2a277828,民航路,0.35,line_propagated,1号线,0,normal_info,0,1号线
ZZM_CN_231b2a7ff3b9,ZZS_ff6940526d,郑州东站,0.35,line_propagated,1号线,0,normal_info,0,1号线
ZZM_CN_24b6f9328e07,ZZS_012609616a,金汇桥,0.35,line_propagated,6号线,0,normal_info,0,6号线|7号线|8号线
ZZM_CN_24b6f9328e07,ZZS_017f9f7875,东赵,0.35,line_propagated,7号线,0,normal_info,0,6号线|7号线|8号线
ZZM_CN_24b6f9328e07,ZZS_05998450f4,龙王庙,0.35,line_propagated,8号线,0,normal_info,0,6号线|7号线|8号线
ZZM_CN_24b6f9328e07,ZZS_05baea497e,北大学城,0.35,line_propagated,7号线,0,normal_info,0,6号线|7号线|8号线
ZZM_CN_24b6f9328e07,ZZS_14975bb40b,大学科技园,0.35,line_propagated,8号线,0,normal_info,0,6号线|7号线|8号线
ZZM_CN_24b6f9328e07,ZZS_1798713287,枣庄,0.35,line_propagated,8号线,0,normal_info,0,6号线|7号线|8号线
ZZM_CN_24b6f9328e07,ZZS_183636a902,圃田,0.35,line_propagated,8号线,0,normal_info,0,6号线|7号线|8号线
ZZM_CN_24b6f9328e07,ZZS_1da410d5c4,五龙口,0.35,line_propagated,8号线,0,normal_info,0,6号线|7号线|8号线
ZZM_CN_24b6f9328e07,ZZS_1f9e3949c9,小营,0.35,line_propagated,6号线|8号线,0,normal_info,0,6号线|7号线|8号线
ZZM_CN_24b6f9328e07,ZZS_20d2a84fd8,火车头体育场,0.35,line_propagated,6号线,0,normal_info,0,6号线|7号线|8号线
ZZM_CN_24b6f9328e07,ZZS_21cd47bbd9,农业大学,0.35,line_propagated,7号线,0,normal_info,0,6号线|7号线|8号线
ZZM_CN_24b6f9328e07,ZZS_2696ac305b,天健湖,0.35,line_propagated,8号线,0,normal_info,0,6号线|7号线|8号线
ZZM_CN_24b6f9328e07,ZZS_2dccccd192,李湖桥,0.35,line_propagated,8号线,0,normal_info,0,6号线|7号线|8号线
ZZM_CN_24b6f9328e07,ZZS_2f6e9b8cad,贾峪,0.35,line_propagated,6号线,0,normal_info,0,6号线|7号线|8号线
ZZM_CN_24b6f9328e07,ZZS_371844c59b,高铁公园,0.35,line_propagated,8号线,0,normal_info,0,6号线|7号线|8号线
ZZM_CN_24b6f9328e07,ZZS_38180914a0,燕庄,0.35,line_propagated,6号线,0,normal_info,0,6号线|7号线|8号线
ZZM_CN_24b6f9328e07,ZZS_388ac52a0a,大学中路,0.35,line_propagated,6号线|7号线,0,normal_info,0,6号线|7号线|8号线
ZZM_CN_24b6f9328e07,ZZS_479fe26d80,省中医院,0.35,line_propagated,8号线,0,normal_info,0,6号线|7号线|8号线
ZZM_CN_24b6f9328e07,ZZS_485552a0e0,马寨,0.35,line_propagated,6号线,0,normal_info,0,6号线|7号线|8号线
ZZM_CN_24b6f9328e07,ZZS_4b22562d02,祥营,0.35,line_propagated,8号线,0,normal_info,0,6号线|7号线|8号线
ZZM_CN_24b6f9328e07,ZZS_50d016b586,二里岗东,0.35,line_propagated,6号线,0,normal_info,0,6号线|7号线|8号线
ZZM_CN_24b6f9328e07,ZZS_53800581f9,郑大一附院东区,0.35,line_propagated,8号线,0,normal_info,0,6号线|7号线|8号线
ZZM_CN_24b6f9328e07,ZZS_5479c586b4,奥体中心,0.35,line_propagated,6号线,0,normal_info,0,6号线|7号线|8号线
ZZM_CN_24b6f9328e07,ZZS_5649ff9c65,市骨科医院,0.35,line_propagated,7号线,0,normal_info,0,6号线|7号线|8号线
ZZM_CN_24b6f9328e07,ZZS_5b6c4f8186,郑州人民医院,0.35,line_propagated,7号线,0,normal_info,0,6号线|7号线|8号线
ZZM_CN_24b6f9328e07,ZZS_5d10963dfa,冯湾,0.35,line_propagated,6号线,0,normal_info,0,6号线|7号线|8号线
ZZM_CN_24b6f9328e07,ZZS_5d76a54f7e,卧龙岗,0.35,line_propagated,6号线,0,normal_info,0,6号线|7号线|8号线
ZZM_CN_24b6f9328e07,ZZS_5dc87121c2,市第二人民医院,0.35,line_propagated,7号线,0,normal_info,0,6号线|7号线|8号线
ZZM_CN_24b6f9328e07,ZZS_69db9cfc46,绿博园,0.35,line_propagated,8号线,0,normal_info,0,6号线|7号线|8号线
ZZM_CN_24b6f9328e07,ZZS_6cce175bd4,南岗刘,0.35,line_propagated,7号线,0,normal_info,0,6号线|7号线|8号线
ZZM_CN_24b6f9328e07,ZZS_7027bf40e7,金融岛西,0.35,line_propagated,6号线,0,normal_info,0,6号线|7号线|8号线
ZZM_CN_24b6f9328e07,ZZS_77acb25c9b,洞林寺,0.35,line_propagated,6号线,0,normal_info,0,6号线|7号线|8号线
ZZM_CN_24b6f9328e07,ZZS_7af1d05702,奥体中心西,0.35,line_propagated,6号线,0,normal_info,0,6号线|7号线|8号线
ZZM_CN_24b6f9328e07,ZZS_7cc440f48e,郑大一附院,0.35,line_propagated,7号线,0,normal_info,0,6号线|7号线|8号线
ZZM_CN_24b6f9328e07,ZZS_8613b32067,省社科院,0.35,line_propagated,8号线,0,normal_info,0,6号线|7号线|8号线
ZZM_CN_24b6f9328e07,ZZS_8a189aa278,南环公园,0.35,line_propagated,7号线,0,normal_info,0,6号线|7号线|8号线
ZZM_CN_24b6f9328e07,ZZS_8e500de2da,南流,0.35,line_propagated,8号线,0,normal_info,0,6号线|7号线|8号线
ZZM_CN_24b6f9328e07,ZZS_920af7f7b2,陇秀公园,0.35,line_propagated,6号线,0,normal_info,0,6号线|7号线|8号线
ZZM_CN_24b6f9328e07,ZZS_92917e47af,福泽路,0.35,line_propagated,8号线,0,normal_info,0,6号线|7号线|8号线
ZZM_CN_24b6f9328e07,ZZS_93b9249040,二里岗,0.35,line_propagated,6号线,0,normal_info,0,6号线|7号线|8号线
ZZM_CN_24b6f9328e07,ZZS_96226bcc6f,王胡寨,0.35,line_propagated,7号线,0,normal_info,0,6号线|7号线|8号线
ZZM_CN_24b6f9328e07,ZZS_973f67bf8a,同乐,0.35,line_propagated,8号线,0,normal_info,0,6号线|7号线|8号线
ZZM_CN_24b6f9328e07,ZZS_9e03ca5f4c,常庄,0.35,line_propagated,6号线,0,normal_info,0,6号线|7号线|8号线
ZZM_CN_24b6f9328e07,ZZS_a6984fc653,冬青街,0.35,line_propagated,8号线,0,normal_info,0,6号线|7号线|8号线
ZZM_CN_24b6f9328e07,ZZS_abc078ccd5,黄河迎宾馆,0.35,line_propagated,7号线,0,normal_info,0,6号线|7号线|8号线
ZZM_CN_24b6f9328e07,ZZS_acc81fc7cf,刘李寺,0.35,line_propagated,7号线,0,normal_info,0,6号线|7号线|8号线
ZZM_CN_24b6f9328e07,ZZS_afbafd2356,银屏路,0.35,line_propagated,8号线,0,normal_info,0,6号线|7号线|8号线
ZZM_CN_24b6f9328e07,ZZS_b2a66125f0,鲁庙,0.35,line_propagated,8号线,0,normal_info,0,6号线|7号线|8号线
ZZM_CN_24b6f9328e07,ZZS_b5c4192440,圃田西,0.35,line_propagated,8号线,0,normal_info,0,6号线|7号线|8号线
ZZM_CN_24b6f9328e07,ZZS_ba70aa715e,博览中心,0.35,line_propagated,6号线,0,normal_info,0,6号线|7号线|8号线
ZZM_CN_24b6f9328e07,ZZS_be7c73e65a,河南建院,0.35,line_propagated,6号线,0,normal_info,0,6号线|7号线|8号线
ZZM_CN_24b6f9328e07,ZZS_c684a04cd3,李江沟,0.35,line_propagated,6号线,0,normal_info,0,6号线|7号线|8号线
ZZM_CN_24b6f9328e07,ZZS_c720567666,桐淮,0.35,line_propagated,6号线,0,normal_info,0,6号线|7号线|8号线
ZZM_CN_24b6f9328e07,ZZS_c8f4a267a6,大石桥,0.35,line_propagated,7号线,0,normal_info,0,6号线|7号线|8号线
ZZM_CN_24b6f9328e07,ZZS_c9109d3d9f,医学院,0.35,line_propagated,7号线,0,normal_info,0,6号线|7号线|8号线
ZZM_CN_24b6f9328e07,ZZS_cb2e15cfa0,姚砦,0.35,line_propagated,6号线,0,normal_info,0,6号线|7号线|8号线
ZZM_CN_24b6f9328e07,ZZS_ccf9ac5267,清华附中,0.35,line_propagated,6号线,0,normal_info,0,6号线|7号线|8号线
ZZM_CN_24b6f9328e07,ZZS_d42cc93ba3,畅和街,0.35,line_propagated,8号线,0,normal_info,0,6号线|7号线|8号线
ZZM_CN_24b6f9328e07,ZZS_d5ccc1f8fe,李江路,0.35,line_propagated,7号线,0,normal_info,0,6号线|7号线|8号线
ZZM_CN_24b6f9328e07,ZZS_d657129917,嵩淮,0.35,line_propagated,6号线,0,normal_info,0,6号线|7号线|8号线
ZZM_CN_24b6f9328e07,ZZS_d8521d5c3b,陈寨,0.35,line_propagated,7号线,0,normal_info,0,6号线|7号线|8号线
ZZM_CN_24b6f9328e07,ZZS_d86aaedd03,白庙,0.35,line_propagated,7号线|8号线,0,normal_info,0,6号线|7号线|8号线
ZZM_CN_24b6f9328e07,ZZS_d9b30933bc,轻工业大学,0.35,line_propagated,8号线,0,normal_info,0,6号线|7号线|8号线
ZZM_CN_24b6f9328e07,ZZS_e4b35b2f4d,郑州大学,0.35,line_propagated,8号线,0,normal_info,0,6号线|7号线|8号线
ZZM_CN_24b6f9328e07,ZZS_e6a9c90243,安宁路,0.35,line_propagated,6号线,0,normal_info,0,6号线|7号线|8号线
ZZM_CN_24b6f9328e07,ZZS_e93055a2d4,京广路,0.35,line_propagated,7号线,0,normal_info,0,6号线|7号线|8号线
ZZM_CN_24b6f9328e07,ZZS_eab04601b0,洞林湖,0.35,line_propagated,6号线,0,normal_info,0,6号线|7号线|8号线
ZZM_CN_24b6f9328e07,ZZS_eca427650a,张家村,0.35,line_propagated,7号线,0,normal_info,0,6号线|7号线|8号线
ZZM_CN_24b6f9328e07,ZZS_eda0ec6e78,龙湖中环南,0.35,line_propagated,8号线,0,normal_info,0,6号线|7号线|8号线
ZZM_CN_24b6f9328e07,ZZS_f593248d09,金桢路,0.35,line_propagated,6号线,0,normal_info,0,6号线|7号线|8号线
ZZM_CN_24b6f9328e07,ZZS_fab270f5e2,凤凰台南,0.35,line_propagated,6号线,0,normal_info,0,6号线|7号线|8号线
ZZM_CN_24b6f9328e07,ZZS_ff491e6fdf,东风路,0.35,line_propagated,8号线,0,normal_info,0,6号线|7号线|8号线
ZZM_CN_24b6f9328e07,ZZS_ff6940526d,郑州东站,0.35,line_propagated,8号线,0,normal_info,0,6号线|7号线|8号线
ZZM_CN_27d93b78fbfa,ZZS_02cf3e4cf5,南三环,0.35,line_propagated,2号线,0,normal_info,0,2号线
ZZM_CN_27d93b78fbfa,ZZS_1a5721a427,毛庄,0.35,line_propagated,2号线,0,normal_info,0,2号线
ZZM_CN_27d93b78fbfa,ZZS_20262a52f0,南五里堡,0.35,line_propagated,2号线,0,normal_info,0,2号线
ZZM_CN_27d93b78fbfa,ZZS_2bd57be00d,关虎屯,0.35,line_propagated,2号线,0,normal_info,0,2号线
ZZM_CN_27d93b78fbfa,ZZS_43a808507b,金洼,0.35,line_propagated,2号线,0,normal_info,0,2号线
ZZM_CN_27d93b78fbfa,ZZS_4d258fdd50,金达路,0.35,line_propagated,2号线,0,normal_info,0,2号线
ZZM_CN_27d93b78fbfa,ZZS_51e572c7c3,东大街,0.35,line_propagated,2号线,0,normal_info,0,2号线
ZZM_CN_27d93b78fbfa,ZZS_54adf32b6c,南四环,0.35,line_propagated,2号线,0,normal_info,0,2号线
ZZM_CN_27d93b78fbfa,ZZS_6b600b7696,刘庄,0.35,line_propagated,2号线,0,normal_info,0,2号线
ZZM_CN_27d93b78fbfa,ZZS_72de4f5f66,惠济区政府,0.35,line_propagated,2号线,0,normal_info,0,2号线
ZZM_CN_27d93b78fbfa,ZZS_7dd13fd23f,黄河路,0.35,line_propagated,2号线,0,normal_info,0,2号线
ZZM_CN_27d93b78fbfa,ZZS_90c4ce1eb7,沙门,0.35,line_propagated,2号线,0,normal_info,0,2号线
ZZM_CN_27d93b78fbfa,ZZS_93b9249040,二里岗,0.35,line_propagated,2号线,0,normal_info,0,2号线
ZZM_CN_27d93b78fbfa,ZZS_9660c27c11,站马屯,0.9,exact+line,2号线|站马屯,0,normal_info,0,2号线
ZZM_CN_27d93b78fbfa,ZZS_9f383e1427,花寨,0.35,line_propagated,2号线,0,normal_info,0,2号线
ZZM_CN_27d93b78fbfa,ZZS_a14df2d44f,紫荆山,0.35,line_propagated,2号线,0,normal_info,0,2号线
ZZM_CN_27d93b78fbfa,ZZS_a7b91da4c7,陇海东路,0.35,line_propagated,2号线,0,normal_info,0,2号线
ZZM_CN_27d93b78fbfa,ZZS_abc078ccd5,黄河迎宾馆,0.35,line_propagated,2号线,0,normal_info,0,2号线
ZZM_CN_27d93b78fbfa,ZZS_bdc2a71da9,柳林,0.35,line_propagated,2号线,0,normal_info,0,2号线
ZZM_CN_27d93b78fbfa,ZZS_c180efc575,贾河,0.35,line_propagated,2号线,0,normal_info,0,2号线
ZZM_CN_27d93b78fbfa,ZZS_ff256e6634,北三环,0.35,line_propagated,2号线,0,normal_info,0,2号线
ZZM_CN_27d93b78fbfa,ZZS_ff491e6fdf,东风路,0.35,line_propagated,2号线,0,normal_info,0,2号线
ZZM_CN_28849a95b4b0,ZZS_00f55fa149,碧沙岗,0.35,line_propagated,1号线,0,normal_info,0,1号线
ZZM_CN_28849a95b4b0,ZZS_065e638aef,东风南路,0.35,line_propagated,1号线,0,normal_info,0,1号线
ZZM_CN_28849a95b4b0,ZZS_0660d199a6,农业南路,0.35,line_propagated,1号线,0,normal_info,0,1号线
ZZM_CN_28849a95b4b0,ZZS_0ccbb4888d,二七广场,0.35,line_propagated,1号线,0,normal_info,0,1号线
ZZM_CN_28849a95b4b0,ZZS_1acdaac4ce,铁炉,0.35,line_propagated,1号线,0,normal_info,0,1号线
ZZM_CN_28849a95b4b0,ZZS_27d32a2e36,五一公园,0.35,line_propagated,1号线,0,normal_info,0,1号线
ZZM_CN_28849a95b4b0,ZZS_3813354d55,绿城广场,0.35,line_propagated,1号线,0,normal_info,0,1号线
ZZM_CN_28849a95b4b0,ZZS_38180914a0,燕庄,0.35,line_propagated,1号线,0,normal_info,0,1号线
ZZM_CN_28849a95b4b0,ZZS_52a5a7940c,兰寨,0.35,line_propagated,1号线,0,normal_info,0,1号线
ZZM_CN_28849a95b4b0,ZZS_5d37b2006d,河南大学新区,0.35,line_propagated,1号线,0,normal_info,0,1号线
ZZM_CN_28849a95b4b0,ZZS_6c89efbe2c,文苑北路,0.35,line_propagated,1号线,0,normal_info,0,1号线
ZZM_CN_28849a95b4b0,ZZS_87213b5129,会展中心,0.35,line_propagated,1号线,0,normal_info,0,1号线
ZZM_CN_28849a95b4b0,ZZS_881a48e5bb,西三环,0.35,line_propagated,1号线,0,normal_info,0,1号线
ZZM_CN_28849a95b4b0,ZZS_89f2ce9b1d,秦岭路,0.35,line_propagated,1号线,0,normal_info,0,1号线
ZZM_CN_28849a95b4b0,ZZS_90196f31d6,郑州火车站,0.35,line_propagated,1号线,0,normal_info,0,1号线
ZZM_CN_28849a95b4b0,ZZS_a14df2d44f,紫荆山,0.35,line_propagated,1号线,0,normal_info,0,1号线
ZZM_CN_28849a95b4b0,ZZS_ae1b2afcad,梧桐街,0.35,line_propagated,1号线,0,normal_info,0,1号线
ZZM_CN_28849a95b4b0,ZZS_aed2ee7bb7,河南工业大学,0.35,line_propagated,1号线,0,normal_info,0,1号线
ZZM_CN_28849a95b4b0,ZZS_b0ac143899,龙子湖,0.35,line_propagated,1号线,0,normal_info,0,1号线
ZZM_CN_28849a95b4b0,ZZS_b37a0bcf35,郑大科技园,0.35,line_propagated,1号线,0,normal_info,0,1号线
ZZM_CN_28849a95b4b0,ZZS_b8d795b006,黄河南路,0.35,line_propagated,1号线,0,normal_info,0,1号线
ZZM_CN_28849a95b4b0,ZZS_bb3c17098a,人民路,0.35,line_propagated,1号线,0,normal_info,0,1号线
ZZM_CN_28849a95b4b0,ZZS_bf7f2bfbd0,博学路,0.35,line_propagated,1号线,0,normal_info,0,1号线
ZZM_CN_28849a95b4b0,ZZS_c9109d3d9f,医学院,0.35,line_propagated,1号线,0,normal_info,0,1号线
ZZM_CN_28849a95b4b0,ZZS_cc61daaced,市体育中心,0.35,line_propagated,1号线,0,normal_info,0,1号线
ZZM_CN_28849a95b4b0,ZZS_d61a964e41,市民中心,0.35,line_propagated,1号线,0,normal_info,0,1号线
ZZM_CN_28849a95b4b0,ZZS_e4b35b2f4d,郑州大学,0.9,exact+line,1号线|郑州大学,0,normal_info,0,1号线
ZZM_CN_28849a95b4b0,ZZS_e67ffc082e,西流湖,0.35,line_propagated,1号线,0,normal_info,0,1号线
ZZM_CN_28849a95b4b0,ZZS_ff2a277828,民航路,0.35,line_propagated,1号线,0,normal_info,0,1号线
ZZM_CN_28849a95b4b0,ZZS_ff6940526d,郑州东站,0.35,line_propagated,1号线,0,normal_info,0,1号线
ZZM_CN_2946ce4335e1,ZZS_00f55fa149,碧沙岗,0.35,line_propagated,1号线,0,normal_info,0,1号线
ZZM_CN_2946ce4335e1,ZZS_065e638aef,东风南路,0.35,line_propagated,1号线,0,normal_info,0,1号线
ZZM_CN_2946ce4335e1,ZZS_0660d199a6,农业南路,0.35,line_propagated,1号线,0,normal_info,0,1号线
ZZM_CN_2946ce4335e1,ZZS_0ccbb4888d,二七广场,0.35,line_propagated,1号线,0,normal_info,0,1号线
ZZM_CN_2946ce4335e1,ZZS_1acdaac4ce,铁炉,0.35,line_propagated,1号线,0,normal_info,0,1号线
ZZM_CN_2946ce4335e1,ZZS_27d32a2e36,五一公园,0.35,line_propagated,1号线,0,normal_info,0,1号线
ZZM_CN_2946ce4335e1,ZZS_3813354d55,绿城广场,0.35,line_propagated,1号线,0,normal_info,0,1号线
ZZM_CN_2946ce4335e1,ZZS_38180914a0,燕庄,0.35,line_propagated,1号线,0,normal_info,0,1号线
ZZM_CN_2946ce4335e1,ZZS_52a5a7940c,兰寨,0.35,line_propagated,1号线,0,normal_info,0,1号线
ZZM_CN_2946ce4335e1,ZZS_5d37b2006d,河南大学新区,0.35,line_propagated,1号线,0,normal_info,0,1号线
ZZM_CN_2946ce4335e1,ZZS_6c89efbe2c,文苑北路,0.35,line_propagated,1号线,0,normal_info,0,1号线
ZZM_CN_2946ce4335e1,ZZS_87213b5129,会展中心,0.35,line_propagated,1号线,0,normal_info,0,1号线
ZZM_CN_2946ce4335e1,ZZS_881a48e5bb,西三环,0.35,line_propagated,1号线,0,normal_info,0,1号线
ZZM_CN_2946ce4335e1,ZZS_89f2ce9b1d,秦岭路,0.35,line_propagated,1号线,0,normal_info,0,1号线
ZZM_CN_2946ce4335e1,ZZS_90196f31d6,郑州火车站,0.35,line_propagated,1号线,0,normal_info,0,1号线
ZZM_CN_2946ce4335e1,ZZS_a14df2d44f,紫荆山,0.35,line_propagated,1号线,0,normal_info,0,1号线
ZZM_CN_2946ce4335e1,ZZS_ae1b2afcad,梧桐街,0.35,line_propagated,1号线,0,normal_info,0,1号线
ZZM_CN_2946ce4335e1,ZZS_aed2ee7bb7,河南工业大学,0.35,line_propagated,1号线,0,normal_info,0,1号线
ZZM_CN_2946ce4335e1,ZZS_b0ac143899,龙子湖,0.35,line_propagated,1号线,0,normal_info,0,1号线
ZZM_CN_2946ce4335e1,ZZS_b37a0bcf35,郑大科技园,0.35,line_propagated,1号线,0,normal_info,0,1号线
ZZM_CN_2946ce4335e1,ZZS_b8d795b006,黄河南路,0.35,line_propagated,1号线,0,normal_info,0,1号线
ZZM_CN_2946ce4335e1,ZZS_bb3c17098a,人民路,0.35,line_propagated,1号线,0,normal_info,0,1号线
ZZM_CN_2946ce4335e1,ZZS_bf7f2bfbd0,博学路,0.35,line_propagated,1号线,0,normal_info,0,1号线
ZZM_CN_2946ce4335e1,ZZS_c9109d3d9f,医学院,0.35,line_propagated,1号线,0,normal_info,0,1号线
ZZM_CN_2946ce4335e1,ZZS_cc61daaced,市体育中心,0.35,line_propagated,1号线,0,normal_info,0,1号线
ZZM_CN_2946ce4335e1,ZZS_d61a964e41,市民中心,0.35,line_propagated,1号线,0,normal_info,0,1号线
ZZM_CN_2946ce4335e1,ZZS_e4b35b2f4d,郑州大学,0.35,line_propagated,1号线,0,normal_info,0,1号线
ZZM_CN_2946ce4335e1,ZZS_e67ffc082e,西流湖,0.35,line_propagated,1号线,0,normal_info,0,1号线
ZZM_CN_2946ce4335e1,ZZS_ff2a277828,民航路,0.35,line_propagated,1号线,0,normal_info,0,1号线
ZZM_CN_2946ce4335e1,ZZS_ff6940526d,郑州东站,0.35,line_propagated,1号线,0,normal_info,0,1号线
ZZM_CN_2af3443a187a,ZZS_05d97db6f2,司赵,0.35,line_propagated,3号线,0,normal_info,0,3号线
ZZM_CN_2af3443a187a,ZZS_0ccbb4888d,二七广场,0.35,line_propagated,3号线,0,normal_info,0,3号线
ZZM_CN_2af3443a187a,ZZS_1371fabdab,西大街,0.35,line_propagated,3号线,0,normal_info,0,3号线
ZZM_CN_2af3443a187a,ZZS_13fc13c558,郑州文庙,0.35,line_propagated,3号线,0,normal_info,0,3号线
ZZM_CN_2af3443a187a,ZZS_25a45ff011,东周,0.35,line_propagated,3号线,0,normal_info,0,3号线
ZZM_CN_2af3443a187a,ZZS_28ee7061d7,东十里铺,0.35,line_propagated,3号线,0,normal_info,0,3号线
ZZM_CN_2af3443a187a,ZZS_29284451da,凤凰台,0.35,line_propagated,3号线,0,normal_info,0,3号线
ZZM_CN_2af3443a187a,ZZS_31a002aa03,海滩寺,0.35,line_propagated,3号线,0,normal_info,0,3号线
ZZM_CN_2af3443a187a,ZZS_44eab6c022,南阳新村,0.35,line_propagated,3号线,0,normal_info,0,3号线
ZZM_CN_2af3443a187a,ZZS_51e572c7c3,东大街,0.35,line_propagated,3号线,0,normal_info,0,3号线
ZZM_CN_2af3443a187a,ZZS_5563728074,营岗,0.35,line_propagated,3号线,0,normal_info,0,3号线
ZZM_CN_2af3443a187a,ZZS_6605be2a4e,省体育中心,0.35,line_propagated,3号线,0,normal_info,0,3号线
ZZM_CN_2af3443a187a,ZZS_662c95b759,王砦,0.35,line_propagated,3号线,0,normal_info,0,3号线
ZZM_CN_2af3443a187a,ZZS_6a0a21f658,通泰路,0.35,line_propagated,3号线,0,normal_info,0,3号线
ZZM_CN_2af3443a187a,ZZS_973f67bf8a,同乐,0.35,line_propagated,3号线,0,normal_info,0,3号线
ZZM_CN_2af3443a187a,ZZS_9a51a2fe83,兴隆铺,0.35,line_propagated,3号线,0,normal_info,0,3号线
ZZM_CN_2af3443a187a,ZZS_a3cc0229f4,省骨科医院,0.35,line_propagated,3号线,0,normal_info,0,3号线
ZZM_CN_2af3443a187a,ZZS_a9af1749e0,西周,0.35,line_propagated,3号线,0,normal_info,0,3号线
ZZM_CN_2af3443a187a,ZZS_b5c4192440,圃田西,0.35,line_propagated,3号线,0,normal_info,0,3号线
ZZM_CN_2af3443a187a,ZZS_b9cd9992ce,人民公园,0.35,line_propagated,3号线,0,normal_info,0,3号线
ZZM_CN_2af3443a187a,ZZS_ba70aa715e,博览中心,0.35,line_propagated,3号线,0,normal_info,0,3号线
ZZM_CN_2af3443a187a,ZZS_c5943bbf34,滨河新城,0.35,line_propagated,3号线,0,normal_info,0,3号线
ZZM_CN_2af3443a187a,ZZS_c8f4a267a6,大石桥,0.35,line_propagated,3号线,0,normal_info,0,3号线
ZZM_CN_2af3443a187a,ZZS_e9c14949ec,滨河新城南,0.35,line_propagated,3号线,0,normal_info,0,3号线
ZZM_CN_2af3443a187a,ZZS_ef6263ba13,潮河,0.35,line_propagated,3号线,0,normal_info,0,3号线
ZZM_CN_2b3b490828d2,ZZS_001bf66fc1,陇海西路,0.35,line_propagated,5号线,1,service_disruption,0,1号线|5号线
ZZM_CN_2b3b490828d2,ZZS_00f55fa149,碧沙岗,0.35,line_propagated,1号线,1,service_disruption,0,1号线|5号线
ZZM_CN_2b3b490828d2,ZZS_065e638aef,东风南路,0.35,line_propagated,1号线,1,service_disruption,0,1号线|5号线
ZZM_CN_2b3b490828d2,ZZS_0660d199a6,农业南路,0.35,line_propagated,1号线,1,service_disruption,0,1号线|5号线
ZZM_CN_2b3b490828d2,ZZS_0ccbb4888d,二七广场,0.35,line_propagated,1号线,1,service_disruption,0,1号线|5号线
ZZM_CN_2b3b490828d2,ZZS_1236ed80e3,中央商务区,0.35,line_propagated,5号线,1,service_disruption,0,1号线|5号线
ZZM_CN_2b3b490828d2,ZZS_1246e07d02,城东南路,0.35,line_propagated,5号线,1,service_disruption,0,1号线|5号线
ZZM_CN_2b3b490828d2,ZZS_136c32a256,市中心医院,0.35,line_propagated,5号线,1,service_disruption,0,1号线|5号线
ZZM_CN_2b3b490828d2,ZZS_14efbdcc1b,福塔东,0.35,line_propagated,5号线,1,service_disruption,0,1号线|5号线
ZZM_CN_2b3b490828d2,ZZS_190cc56901,金水东路,0.35,line_propagated,5号线,1,service_disruption,0,1号线|5号线
ZZM_CN_2b3b490828d2,ZZS_1acdaac4ce,铁炉,0.35,line_propagated,1号线,1,service_disruption,0,1号线|5号线
ZZM_CN_2b3b490828d2,ZZS_20262a52f0,南五里堡,0.35,line_propagated,5号线,1,service_disruption,0,1号线|5号线
ZZM_CN_2b3b490828d2,ZZS_20dcf363fc,康宁街,0.35,line_propagated,5号线,1,service_disruption,0,1号线|5号线
ZZM_CN_2b3b490828d2,ZZS_27d32a2e36,五一公园,0.35,line_propagated,1号线|5号线,1,service_disruption,0,1号线|5号线
ZZM_CN_2b3b490828d2,ZZS_2db8e2eabe,经北二路,0.35,line_propagated,5号线,1,service_disruption,0,1号线|5号线
ZZM_CN_2b3b490828d2,ZZS_31a002aa03,海滩寺,0.35,line_propagated,5号线,1,service_disruption,0,1号线|5号线
ZZM_CN_2b3b490828d2,ZZS_3813354d55,绿城广场,0.35,line_propagated,1号线,1,service_disruption,0,1号线|5号线
ZZM_CN_2b3b490828d2,ZZS_38180914a0,燕庄,0.35,line_propagated,1号线,1,service_disruption,0,1号线|5号线
ZZM_CN_2b3b490828d2,ZZS_386438745b,祭城,0.35,line_propagated,5号线,1,service_disruption,0,1号线|5号线
ZZM_CN_2b3b490828d2,ZZS_3ada9c57dc,众意西路,0.35,line_propagated,5号线,1,service_disruption,0,1号线|5号线
ZZM_CN_2b3b490828d2,ZZS_45679e4fc0,七里河,0.9,exact+line,5号线|七里河,1,service_disruption,0,1号线|5号线
ZZM_CN_2b3b490828d2,ZZS_4dd2360957,京广南路,0.35,line_propagated,5号线,1,service_disruption,0,1号线|5号线
ZZM_CN_2b3b490828d2,ZZS_52a5a7940c,兰寨,0.35,line_propagated,1号线,1,service_disruption,0,1号线|5号线
ZZM_CN_2b3b490828d2,ZZS_5b6c4f8186,郑州人民医院,0.35,line_propagated,5号线,1,service_disruption,0,1号线|5号线
ZZM_CN_2b3b490828d2,ZZS_5babce6145,中原福塔,0.35,line_propagated,5号线,1,service_disruption,0,1号线|5号线
ZZM_CN_2b3b490828d2,ZZS_5d37b2006d,河南大学新区,0.35,line_propagated,1号线,1,service_disruption,0,1号线|5号线
ZZM_CN_2b3b490828d2,ZZS_5dc87121c2,市第二人民医院,0.35,line_propagated,5号线,1,service_disruption,0,1号线|5号线
ZZM_CN_2b3b490828d2,ZZS_6c89efbe2c,文苑北路,0.35,line_propagated,1号线,1,service_disruption,0,1号线|5号线
ZZM_CN_2b3b490828d2,ZZS_7dd13fd23f,黄河路,0.35,line_propagated,5号线,1,service_disruption,0,1号线|5号线
ZZM_CN_2b3b490828d2,ZZS_87213b5129,会展中心,0.35,line_propagated,1号线,1,service_disruption,0,1号线|5号线
ZZM_CN_2b3b490828d2,ZZS_881a48e5bb,西三环,0.35,line_propagated,1号线,1,service_disruption,0,1号线|5号线
ZZM_CN_2b3b490828d2,ZZS_89f2ce9b1d,秦岭路,0.35,line_propagated,1号线,1,service_disruption,0,1号线|5号线
ZZM_CN_2b3b490828d2,ZZS_90196f31d6,郑州火车站,0.35,line_propagated,1号线,1,service_disruption,0,1号线|5号线
ZZM_CN_2b3b490828d2,ZZS_9a26907088,齐礼阎,0.35,line_propagated,5号线,1,service_disruption,0,1号线|5号线
ZZM_CN_2b3b490828d2,ZZS_9d8185e03c,省人民医院,0.35,line_propagated,5号线,1,service_disruption,0,1号线|5号线
ZZM_CN_2b3b490828d2,ZZS_a14df2d44f,紫荆山,0.35,line_propagated,1号线,1,service_disruption,0,1号线|5号线
ZZM_CN_2b3b490828d2,ZZS_a3cc0229f4,省骨科医院,0.35,line_propagated,5号线,1,service_disruption,0,1号线|5号线
ZZM_CN_2b3b490828d2,ZZS_ae1b2afcad,梧桐街,0.35,line_propagated,1号线,1,service_disruption,0,1号线|5号线
ZZM_CN_2b3b490828d2,ZZS_ae7cc361da,月季公园,0.35,line_propagated,5号线,1,service_disruption,0,1号线|5号线
ZZM_CN_2b3b490828d2,ZZS_aed2ee7bb7,河南工业大学,0.35,line_propagated,1号线,1,service_disruption,0,1号线|5号线
ZZM_CN_2b3b490828d2,ZZS_b0ac143899,龙子湖,0.35,line_propagated,1号线,1,service_disruption,0,1号线|5号线
ZZM_CN_2b3b490828d2,ZZS_b37a0bcf35,郑大科技园,0.35,line_propagated,1号线,1,service_disruption,0,1号线|5号线
ZZM_CN_2b3b490828d2,ZZS_b8d795b006,黄河南路,0.35,line_propagated,1号线,1,service_disruption,0,1号线|5号线
ZZM_CN_2b3b490828d2,ZZS_bb3c17098a,人民路,0.35,line_propagated,1号线,1,service_disruption,0,1号线|5号线
ZZM_CN_2b3b490828d2,ZZS_bd17c52fa6,儿童医院,0.35,line_propagated,5号线,1,service_disruption,0,1号线|5号线
ZZM_CN_2b3b490828d2,ZZS_bf7f2bfbd0,博学路,0.35,line_propagated,1号线,1,service_disruption,0,1号线|5号线
ZZM_CN_2b3b490828d2,ZZS_c720567666,桐淮,0.35,line_propagated,5号线,1,service_disruption,0,1号线|5号线
ZZM_CN_2b3b490828d2,ZZS_c9109d3d9f,医学院,0.35,line_propagated,1号线,1,service_disruption,0,1号线|5号线
ZZM_CN_2b3b490828d2,ZZS_c94675c30b,后河芦,0.35,line_propagated,5号线,1,service_disruption,0,1号线|5号线
ZZM_CN_2b3b490828d2,ZZS_c995bf7092,经开中心广场,0.35,line_propagated,5号线,1,service_disruption,0,1号线|5号线
ZZM_CN_2b3b490828d2,ZZS_cb2e15cfa0,姚砦,0.35,line_propagated,5号线,1,service_disruption,0,1号线|5号线
ZZM_CN_2b3b490828d2,ZZS_cc61daaced,市体育中心,0.35,line_propagated,1号线,1,service_disruption,0,1号线|5号线
ZZM_CN_2b3b490828d2,ZZS_d61a964e41,市民中心,0.35,line_propagated,1号线,1,service_disruption,0,1号线|5号线
ZZM_CN_2b3b490828d2,ZZS_deb2edc4a2,沙口路,0.35,line_propagated,5号线,1,service_disruption,0,1号线|5号线
ZZM_CN_2b3b490828d2,ZZS_e4b35b2f4d,郑州大学,0.35,line_propagated,1号线,1,service_disruption,0,1号线|5号线
ZZM_CN_2b3b490828d2,ZZS_e67ffc082e,西流湖,0.35,line_propagated,1号线,1,service_disruption,0,1号线|5号线
ZZM_CN_2b3b490828d2,ZZS_f095e9678f,航海广场,0.35,line_propagated,5号线,1,service_disruption,0,1号线|5号线
ZZM_CN_2b3b490828d2,ZZS_f97030e2b9,冯庄,0.35,line_propagated,5号线,1,service_disruption,0,1号线|5号线
ZZM_CN_2b3b490828d2,ZZS_ff2a277828,民航路,0.35,line_propagated,1号线,1,service_disruption,0,1号线|5号线
ZZM_CN_2b3b490828d2,ZZS_ff6940526d,郑州东站,0.35,line_propagated,1号线|5号线,1,service_disruption,0,1号线|5号线
ZZM_CN_2d1ca062fc54,ZZS_00f55fa149,碧沙岗,0.35,line_propagated,1号线,0,normal_info,0,1号线
ZZM_CN_2d1ca062fc54,ZZS_065e638aef,东风南路,0.35,line_propagated,1号线,0,normal_info,0,1号线
ZZM_CN_2d1ca062fc54,ZZS_0660d199a6,农业南路,0.35,line_propagated,1号线,0,normal_info,0,1号线
ZZM_CN_2d1ca062fc54,ZZS_0ccbb4888d,二七广场,0.35,line_propagated,1号线,0,normal_info,0,1号线
ZZM_CN_2d1ca062fc54,ZZS_1acdaac4ce,铁炉,0.35,line_propagated,1号线,0,normal_info,0,1号线
ZZM_CN_2d1ca062fc54,ZZS_27d32a2e36,五一公园,0.35,line_propagated,1号线,0,normal_info,0,1号线
ZZM_CN_2d1ca062fc54,ZZS_3813354d55,绿城广场,0.35,line_propagated,1号线,0,normal_info,0,1号线
ZZM_CN_2d1ca062fc54,ZZS_38180914a0,燕庄,0.35,line_propagated,1号线,0,normal_info,0,1号线
ZZM_CN_2d1ca062fc54,ZZS_52a5a7940c,兰寨,0.35,line_propagated,1号线,0,normal_info,0,1号线
ZZM_CN_2d1ca062fc54,ZZS_5d37b2006d,河南大学新区,0.35,line_propagated,1号线,0,normal_info,0,1号线
ZZM_CN_2d1ca062fc54,ZZS_6c89efbe2c,文苑北路,0.35,line_propagated,1号线,0,normal_info,0,1号线
ZZM_CN_2d1ca062fc54,ZZS_87213b5129,会展中心,0.35,line_propagated,1号线,0,normal_info,0,1号线
ZZM_CN_2d1ca062fc54,ZZS_881a48e5bb,西三环,0.35,line_propagated,1号线,0,normal_info,0,1号线
ZZM_CN_2d1ca062fc54,ZZS_89f2ce9b1d,秦岭路,0.35,line_propagated,1号线,0,normal_info,0,1号线
ZZM_CN_2d1ca062fc54,ZZS_90196f31d6,郑州火车站,0.35,line_propagated,1号线,0,normal_info,0,1号线
ZZM_CN_2d1ca062fc54,ZZS_a14df2d44f,紫荆山,0.9,exact+line,1号线|紫荆山,0,normal_info,0,1号线
ZZM_CN_2d1ca062fc54,ZZS_ae1b2afcad,梧桐街,0.35,line_propagated,1号线,0,normal_info,0,1号线
ZZM_CN_2d1ca062fc54,ZZS_aed2ee7bb7,河南工业大学,0.35,line_propagated,1号线,0,normal_info,0,1号线
ZZM_CN_2d1ca062fc54,ZZS_b0ac143899,龙子湖,0.35,line_propagated,1号线,0,normal_info,0,1号线
ZZM_CN_2d1ca062fc54,ZZS_b37a0bcf35,郑大科技园,0.35,line_propagated,1号线,0,normal_info,0,1号线
ZZM_CN_2d1ca062fc54,ZZS_b8d795b006,黄河南路,0.35,line_propagated,1号线,0,normal_info,0,1号线
ZZM_CN_2d1ca062fc54,ZZS_bb3c17098a,人民路,0.35,line_propagated,1号线,0,normal_info,0,1号线
ZZM_CN_2d1ca062fc54,ZZS_bf7f2bfbd0,博学路,0.35,line_propagated,1号线,0,normal_info,0,1号线
ZZM_CN_2d1ca062fc54,ZZS_c9109d3d9f,医学院,0.35,line_propagated,1号线,0,normal_info,0,1号线
ZZM_CN_2d1ca062fc54,ZZS_cc61daaced,市体育中心,0.35,line_propagated,1号线,0,normal_info,0,1号线
ZZM_CN_2d1ca062fc54,ZZS_d61a964e41,市民中心,0.35,line_propagated,1号线,0,normal_info,0,1号线
ZZM_CN_2d1ca062fc54,ZZS_e4b35b2f4d,郑州大学,0.35,line_propagated,1号线,0,normal_info,0,1号线
ZZM_CN_2d1ca062fc54,ZZS_e67ffc082e,西流湖,0.35,line_propagated,1号线,0,normal_info,0,1号线
ZZM_CN_2d1ca062fc54,ZZS_ff2a277828,民航路,0.35,line_propagated,1号线,0,normal_info,0,1号线
ZZM_CN_2d1ca062fc54,ZZS_ff6940526d,郑州东站,0.35,line_propagated,1号线,0,normal_info,0,1号线
ZZM_CN_2eab25dac155,ZZS_001bf66fc1,陇海西路,0.35,line_propagated,5号线,0,normal_info,0,5号线
ZZM_CN_2eab25dac155,ZZS_1236ed80e3,中央商务区,0.35,line_propagated,5号线,0,normal_info,0,5号线
ZZM_CN_2eab25dac155,ZZS_1246e07d02,城东南路,0.35,line_propagated,5号线,0,normal_info,0,5号线
ZZM_CN_2eab25dac155,ZZS_136c32a256,市中心医院,0.35,line_propagated,5号线,0,normal_info,0,5号线
ZZM_CN_2eab25dac155,ZZS_14efbdcc1b,福塔东,0.35,line_propagated,5号线,0,normal_info,0,5号线
ZZM_CN_2eab25dac155,ZZS_190cc56901,金水东路,0.35,line_propagated,5号线,0,normal_info,0,5号线
ZZM_CN_2eab25dac155,ZZS_20262a52f0,南五里堡,0.35,line_propagated,5号线,0,normal_info,0,5号线
ZZM_CN_2eab25dac155,ZZS_20dcf363fc,康宁街,0.35,line_propagated,5号线,0,normal_info,0,5号线
ZZM_CN_2eab25dac155,ZZS_27d32a2e36,五一公园,0.35,line_propagated,5号线,0,normal_info,0,5号线
ZZM_CN_2eab25dac155,ZZS_2db8e2eabe,经北二路,0.35,line_propagated,5号线,0,normal_info,0,5号线
ZZM_CN_2eab25dac155,ZZS_31a002aa03,海滩寺,0.35,line_propagated,5号线,0,normal_info,0,5号线
ZZM_CN_2eab25dac155,ZZS_386438745b,祭城,0.35,line_propagated,5号线,0,normal_info,0,5号线
ZZM_CN_2eab25dac155,ZZS_3ada9c57dc,众意西路,0.35,line_propagated,5号线,0,normal_info,0,5号线
ZZM_CN_2eab25dac155,ZZS_45679e4fc0,七里河,0.35,line_propagated,5号线,0,normal_info,0,5号线
ZZM_CN_2eab25dac155,ZZS_4dd2360957,京广南路,0.35,line_propagated,5号线,0,normal_info,0,5号线
ZZM_CN_2eab25dac155,ZZS_5b6c4f8186,郑州人民医院,0.35,line_propagated,5号线,0,normal_info,0,5号线
ZZM_CN_2eab25dac155,ZZS_5babce6145,中原福塔,0.35,line_propagated,5号线,0,normal_info,0,5号线
ZZM_CN_2eab25dac155,ZZS_5dc87121c2,市第二人民医院,0.35,line_propagated,5号线,0,normal_info,0,5号线
ZZM_CN_2eab25dac155,ZZS_7dd13fd23f,黄河路,0.35,line_propagated,5号线,0,normal_info,0,5号线
ZZM_CN_2eab25dac155,ZZS_9a26907088,齐礼阎,0.9,exact+line,5号线|齐礼阎,0,normal_info,0,5号线
ZZM_CN_2eab25dac155,ZZS_9d8185e03c,省人民医院,0.35,line_propagated,5号线,0,normal_info,0,5号线
ZZM_CN_2eab25dac155,ZZS_a3cc0229f4,省骨科医院,0.35,line_propagated,5号线,0,normal_info,0,5号线
ZZM_CN_2eab25dac155,ZZS_ae7cc361da,月季公园,0.35,line_propagated,5号线,0,normal_info,0,5号线
ZZM_CN_2eab25dac155,ZZS_bd17c52fa6,儿童医院,0.35,line_propagated,5号线,0,normal_info,0,5号线
ZZM_CN_2eab25dac155,ZZS_c720567666,桐淮,0.35,line_propagated,5号线,0,normal_info,0,5号线
ZZM_CN_2eab25dac155,ZZS_c94675c30b,后河芦,0.35,line_propagated,5号线,0,normal_info,0,5号线
ZZM_CN_2eab25dac155,ZZS_c995bf7092,经开中心广场,0.35,line_propagated,5号线,0,normal_info,0,5号线
ZZM_CN_2eab25dac155,ZZS_cb2e15cfa0,姚砦,0.35,line_propagated,5号线,0,normal_info,0,5号线
ZZM_CN_2eab25dac155,ZZS_deb2edc4a2,沙口路,0.35,line_propagated,5号线,0,normal_info,0,5号线
ZZM_CN_2eab25dac155,ZZS_f095e9678f,航海广场,0.35,line_propagated,5号线,0,normal_info,0,5号线
ZZM_CN_2eab25dac155,ZZS_f97030e2b9,冯庄,0.35,line_propagated,5号线,0,normal_info,0,5号线
ZZM_CN_2eab25dac155,ZZS_ff6940526d,郑州东站,0.35,line_propagated,5号线,0,normal_info,0,5号线
ZZM_CN_2ed60ccdcd09,ZZS_05d97db6f2,司赵,0.35,line_propagated,3号线,0,normal_info,0,3号线
ZZM_CN_2ed60ccdcd09,ZZS_0ccbb4888d,二七广场,0.35,line_propagated,3号线,0,normal_info,0,3号线
ZZM_CN_2ed60ccdcd09,ZZS_1371fabdab,西大街,0.35,line_propagated,3号线,0,normal_info,0,3号线
ZZM_CN_2ed60ccdcd09,ZZS_13fc13c558,郑州文庙,0.35,line_propagated,3号线,0,normal_info,0,3号线
ZZM_CN_2ed60ccdcd09,ZZS_25a45ff011,东周,0.35,line_propagated,3号线,0,normal_info,0,3号线
ZZM_CN_2ed60ccdcd09,ZZS_28ee7061d7,东十里铺,0.35,line_propagated,3号线,0,normal_info,0,3号线
ZZM_CN_2ed60ccdcd09,ZZS_29284451da,凤凰台,0.35,line_propagated,3号线,0,normal_info,0,3号线
ZZM_CN_2ed60ccdcd09,ZZS_31a002aa03,海滩寺,0.35,line_propagated,3号线,0,normal_info,0,3号线
ZZM_CN_2ed60ccdcd09,ZZS_44eab6c022,南阳新村,0.35,line_propagated,3号线,0,normal_info,0,3号线
ZZM_CN_2ed60ccdcd09,ZZS_51e572c7c3,东大街,0.35,line_propagated,3号线,0,normal_info,0,3号线
ZZM_CN_2ed60ccdcd09,ZZS_5563728074,营岗,0.35,line_propagated,3号线,0,normal_info,0,3号线
ZZM_CN_2ed60ccdcd09,ZZS_6605be2a4e,省体育中心,0.35,line_propagated,3号线,0,normal_info,0,3号线
ZZM_CN_2ed60ccdcd09,ZZS_662c95b759,王砦,0.35,line_propagated,3号线,0,normal_info,0,3号线
ZZM_CN_2ed60ccdcd09,ZZS_6a0a21f658,通泰路,0.35,line_propagated,3号线,0,normal_info,0,3号线
ZZM_CN_2ed60ccdcd09,ZZS_973f67bf8a,同乐,0.35,line_propagated,3号线,0,normal_info,0,3号线
ZZM_CN_2ed60ccdcd09,ZZS_9a51a2fe83,兴隆铺,0.35,line_propagated,3号线,0,normal_info,0,3号线
ZZM_CN_2ed60ccdcd09,ZZS_a3cc0229f4,省骨科医院,0.35,line_propagated,3号线,0,normal_info,0,3号线
ZZM_CN_2ed60ccdcd09,ZZS_a9af1749e0,西周,0.35,line_propagated,3号线,0,normal_info,0,3号线
ZZM_CN_2ed60ccdcd09,ZZS_b5c4192440,圃田西,0.35,line_propagated,3号线,0,normal_info,0,3号线
ZZM_CN_2ed60ccdcd09,ZZS_b9cd9992ce,人民公园,0.35,line_propagated,3号线,0,normal_info,0,3号线
ZZM_CN_2ed60ccdcd09,ZZS_ba70aa715e,博览中心,0.35,line_propagated,3号线,0,normal_info,0,3号线
ZZM_CN_2ed60ccdcd09,ZZS_c5943bbf34,滨河新城,0.35,line_propagated,3号线,0,normal_info,0,3号线
ZZM_CN_2ed60ccdcd09,ZZS_c8f4a267a6,大石桥,0.35,line_propagated,3号线,0,normal_info,0,3号线
ZZM_CN_2ed60ccdcd09,ZZS_e9c14949ec,滨河新城南,0.35,line_propagated,3号线,0,normal_info,0,3号线
ZZM_CN_2ed60ccdcd09,ZZS_ef6263ba13,潮河,0.35,line_propagated,3号线,0,normal_info,0,3号线
ZZM_CN_2f093d09f236,ZZS_047175b6e2,老鸦陈,0.35,line_propagated,4号线,2,safety_emergency,2,4号线
ZZM_CN_2f093d09f236,ZZS_06c5d1c11c,商鼎路,0.35,line_propagated,4号线,2,safety_emergency,2,4号线
ZZM_CN_2f093d09f236,ZZS_1236ed80e3,中央商务区,0.35,line_propagated,4号线,2,safety_emergency,2,4号线
ZZM_CN_2f093d09f236,ZZS_184971fb41,郎庄,0.35,line_propagated,4号线,2,safety_emergency,2,4号线
ZZM_CN_2f093d09f236,ZZS_1acd4fa835,金岱,0.35,line_propagated,4号线,2,safety_emergency,2,4号线
ZZM_CN_2f093d09f236,ZZS_1e911360df,姚庄,0.35,line_propagated,4号线,2,safety_emergency,2,4号线
ZZM_CN_2f093d09f236,ZZS_25a4eab92b,龙湖南,0.35,line_propagated,4号线,2,safety_emergency,2,4号线
ZZM_CN_2f093d09f236,ZZS_28ee7061d7,东十里铺,0.35,line_propagated,4号线,2,safety_emergency,2,4号线
ZZM_CN_2f093d09f236,ZZS_3546d6d127,丰庆路,0.35,line_propagated,4号线,2,safety_emergency,2,4号线
ZZM_CN_2f093d09f236,ZZS_45679e4fc0,七里河,0.35,line_propagated,4号线,2,safety_emergency,2,4号线
ZZM_CN_2f093d09f236,ZZS_542d10f6f0,金融岛北,0.35,line_propagated,4号线,2,safety_emergency,2,4号线
ZZM_CN_2f093d09f236,ZZS_548bc6fa98,陈寨东,0.35,line_propagated,4号线,2,safety_emergency,2,4号线
ZZM_CN_2f093d09f236,ZZS_55f9aea406,森林公园北,0.35,line_propagated,4号线,2,safety_emergency,2,4号线
ZZM_CN_2f093d09f236,ZZS_6605be2a4e,省体育中心,0.35,line_propagated,4号线,2,safety_emergency,2,4号线
ZZM_CN_2f093d09f236,ZZS_6a9a14f197,北二十里铺,0.35,line_propagated,4号线,2,safety_emergency,2,4号线
ZZM_CN_2f093d09f236,ZZS_87213b5129,会展中心,0.35,line_propagated,4号线,2,safety_emergency,2,4号线
ZZM_CN_2f093d09f236,ZZS_90c4ce1eb7,沙门,0.35,line_propagated,4号线,2,safety_emergency,2,4号线
ZZM_CN_2f093d09f236,ZZS_90de6fab35,货站街,0.35,line_propagated,4号线,2,safety_emergency,2,4号线
ZZM_CN_2f093d09f236,ZZS_93f56b73b3,果树所,0.35,line_propagated,4号线,2,safety_emergency,2,4号线
ZZM_CN_2f093d09f236,ZZS_95fb90b688,杨君刘,0.35,line_propagated,4号线,2,safety_emergency,2,4号线
ZZM_CN_2f093d09f236,ZZS_9965eccc39,龙湖中环北,0.35,line_propagated,4号线,2,safety_emergency,2,4号线
ZZM_CN_2f093d09f236,ZZS_aa3686fb6d,金融岛南,0.35,line_propagated,4号线,2,safety_emergency,2,4号线
ZZM_CN_2f093d09f236,ZZS_ccf9ac5267,清华附中,0.35,line_propagated,4号线,2,safety_emergency,2,4号线
ZZM_CN_2f093d09f236,ZZS_d86c49fbed,农业东路,0.35,line_propagated,4号线,2,safety_emergency,2,4号线
ZZM_CN_2f093d09f236,ZZS_dbb2385d18,龙湖北,0.35,line_propagated,4号线,2,safety_emergency,2,4号线
ZZM_CN_2f093d09f236,ZZS_eca427650a,张家村,0.35,line_propagated,4号线,2,safety_emergency,2,4号线
ZZM_CN_2f093d09f236,ZZS_eda0ec6e78,龙湖中环南,0.35,line_propagated,4号线,2,safety_emergency,2,4号线
ZZM_CN_2ff007ceb7df,ZZS_00f55fa149,碧沙岗,0.35,line_propagated,1号线,0,normal_info,0,1号线
ZZM_CN_2ff007ceb7df,ZZS_065e638aef,东风南路,0.35,line_propagated,1号线,0,normal_info,0,1号线
ZZM_CN_2ff007ceb7df,ZZS_0660d199a6,农业南路,0.35,line_propagated,1号线,0,normal_info,0,1号线
ZZM_CN_2ff007ceb7df,ZZS_0ccbb4888d,二七广场,0.35,line_propagated,1号线,0,normal_info,0,1号线
ZZM_CN_2ff007ceb7df,ZZS_1acdaac4ce,铁炉,0.35,line_propagated,1号线,0,normal_info,0,1号线
ZZM_CN_2ff007ceb7df,ZZS_27d32a2e36,五一公园,0.35,line_propagated,1号线,0,normal_info,0,1号线
ZZM_CN_2ff007ceb7df,ZZS_3813354d55,绿城广场,0.35,line_propagated,1号线,0,normal_info,0,1号线
ZZM_CN_2ff007ceb7df,ZZS_38180914a0,燕庄,0.35,line_propagated,1号线,0,normal_info,0,1号线
ZZM_CN_2ff007ceb7df,ZZS_52a5a7940c,兰寨,0.35,line_propagated,1号线,0,normal_info,0,1号线
ZZM_CN_2ff007ceb7df,ZZS_5d37b2006d,河南大学新区,0.35,line_propagated,1号线,0,normal_info,0,1号线
ZZM_CN_2ff007ceb7df,ZZS_6c89efbe2c,文苑北路,0.35,line_propagated,1号线,0,normal_info,0,1号线
ZZM_CN_2ff007ceb7df,ZZS_87213b5129,会展中心,0.35,line_propagated,1号线,0,normal_info,0,1号线
ZZM_CN_2ff007ceb7df,ZZS_881a48e5bb,西三环,0.35,line_propagated,1号线,0,normal_info,0,1号线
ZZM_CN_2ff007ceb7df,ZZS_89f2ce9b1d,秦岭路,0.35,line_propagated,1号线,0,normal_info,0,1号线
ZZM_CN_2ff007ceb7df,ZZS_90196f31d6,郑州火车站,0.35,line_propagated,1号线,0,normal_info,0,1号线
ZZM_CN_2ff007ceb7df,ZZS_a14df2d44f,紫荆山,0.35,line_propagated,1号线,0,normal_info,0,1号线
ZZM_CN_2ff007ceb7df,ZZS_ae1b2afcad,梧桐街,0.35,line_propagated,1号线,0,normal_info,0,1号线
ZZM_CN_2ff007ceb7df,ZZS_aed2ee7bb7,河南工业大学,0.35,line_propagated,1号线,0,normal_info,0,1号线
ZZM_CN_2ff007ceb7df,ZZS_b0ac143899,龙子湖,0.35,line_propagated,1号线,0,normal_info,0,1号线
ZZM_CN_2ff007ceb7df,ZZS_b37a0bcf35,郑大科技园,0.35,line_propagated,1号线,0,normal_info,0,1号线
ZZM_CN_2ff007ceb7df,ZZS_b8d795b006,黄河南路,0.35,line_propagated,1号线,0,normal_info,0,1号线
ZZM_CN_2ff007ceb7df,ZZS_bb3c17098a,人民路,0.35,line_propagated,1号线,0,normal_info,0,1号线
ZZM_CN_2ff007ceb7df,ZZS_bf7f2bfbd0,博学路,0.35,line_propagated,1号线,0,normal_info,0,1号线
ZZM_CN_2ff007ceb7df,ZZS_c9109d3d9f,医学院,0.35,line_propagated,1号线,0,normal_info,0,1号线
ZZM_CN_2ff007ceb7df,ZZS_cc61daaced,市体育中心,0.35,line_propagated,1号线,0,normal_info,0,1号线
ZZM_CN_2ff007ceb7df,ZZS_d61a964e41,市民中心,0.35,line_propagated,1号线,0,normal_info,0,1号线
ZZM_CN_2ff007ceb7df,ZZS_e4b35b2f4d,郑州大学,0.35,line_propagated,1号线,0,normal_info,0,1号线
ZZM_CN_2ff007ceb7df,ZZS_e67ffc082e,西流湖,0.35,line_propagated,1号线,0,normal_info,0,1号线
ZZM_CN_2ff007ceb7df,ZZS_ff2a277828,民航路,0.35,line_propagated,1号线,0,normal_info,0,1号线
ZZM_CN_2ff007ceb7df,ZZS_ff6940526d,郑州东站,0.35,line_propagated,1号线,0,normal_info,0,1号线
ZZM_CN_30c78138cc35,ZZS_00f55fa149,碧沙岗,0.35,line_propagated,1号线,0,normal_info,0,1号线
ZZM_CN_30c78138cc35,ZZS_065e638aef,东风南路,0.35,line_propagated,1号线,0,normal_info,0,1号线
ZZM_CN_30c78138cc35,ZZS_0660d199a6,农业南路,0.35,line_propagated,1号线,0,normal_info,0,1号线
ZZM_CN_30c78138cc35,ZZS_0ccbb4888d,二七广场,0.9,exact+line,1号线|二七广场,0,normal_info,0,1号线
ZZM_CN_30c78138cc35,ZZS_1acdaac4ce,铁炉,0.35,line_propagated,1号线,0,normal_info,0,1号线
ZZM_CN_30c78138cc35,ZZS_27d32a2e36,五一公园,0.35,line_propagated,1号线,0,normal_info,0,1号线
ZZM_CN_30c78138cc35,ZZS_3813354d55,绿城广场,0.35,line_propagated,1号线,0,normal_info,0,1号线
ZZM_CN_30c78138cc35,ZZS_38180914a0,燕庄,0.35,line_propagated,1号线,0,normal_info,0,1号线
ZZM_CN_30c78138cc35,ZZS_52a5a7940c,兰寨,0.35,line_propagated,1号线,0,normal_info,0,1号线
ZZM_CN_30c78138cc35,ZZS_5d37b2006d,河南大学新区,0.35,line_propagated,1号线,0,normal_info,0,1号线
ZZM_CN_30c78138cc35,ZZS_6c89efbe2c,文苑北路,0.35,line_propagated,1号线,0,normal_info,0,1号线
ZZM_CN_30c78138cc35,ZZS_87213b5129,会展中心,0.35,line_propagated,1号线,0,normal_info,0,1号线
ZZM_CN_30c78138cc35,ZZS_881a48e5bb,西三环,0.35,line_propagated,1号线,0,normal_info,0,1号线
ZZM_CN_30c78138cc35,ZZS_89f2ce9b1d,秦岭路,0.35,line_propagated,1号线,0,normal_info,0,1号线
ZZM_CN_30c78138cc35,ZZS_90196f31d6,郑州火车站,0.35,line_propagated,1号线,0,normal_info,0,1号线
ZZM_CN_30c78138cc35,ZZS_a14df2d44f,紫荆山,0.35,line_propagated,1号线,0,normal_info,0,1号线
ZZM_CN_30c78138cc35,ZZS_ae1b2afcad,梧桐街,0.35,line_propagated,1号线,0,normal_info,0,1号线
ZZM_CN_30c78138cc35,ZZS_aed2ee7bb7,河南工业大学,0.35,line_propagated,1号线,0,normal_info,0,1号线
ZZM_CN_30c78138cc35,ZZS_b0ac143899,龙子湖,0.35,line_propagated,1号线,0,normal_info,0,1号线
ZZM_CN_30c78138cc35,ZZS_b37a0bcf35,郑大科技园,0.35,line_propagated,1号线,0,normal_info,0,1号线
ZZM_CN_30c78138cc35,ZZS_b8d795b006,黄河南路,0.35,line_propagated,1号线,0,normal_info,0,1号线
ZZM_CN_30c78138cc35,ZZS_bb3c17098a,人民路,0.35,line_propagated,1号线,0,normal_info,0,1号线
ZZM_CN_30c78138cc35,ZZS_bf7f2bfbd0,博学路,0.35,line_propagated,1号线,0,normal_info,0,1号线
ZZM_CN_30c78138cc35,ZZS_c9109d3d9f,医学院,0.35,line_propagated,1号线,0,normal_info,0,1号线
ZZM_CN_30c78138cc35,ZZS_cc61daaced,市体育中心,0.35,line_propagated,1号线,0,normal_info,0,1号线
ZZM_CN_30c78138cc35,ZZS_d61a964e41,市民中心,0.35,line_propagated,1号线,0,normal_info,0,1号线
ZZM_CN_30c78138cc35,ZZS_e4b35b2f4d,郑州大学,0.35,line_propagated,1号线,0,normal_info,0,1号线
ZZM_CN_30c78138cc35,ZZS_e67ffc082e,西流湖,0.9,exact+line,1号线|西流湖,0,normal_info,0,1号线
ZZM_CN_30c78138cc35,ZZS_ff2a277828,民航路,0.35,line_propagated,1号线,0,normal_info,0,1号线
ZZM_CN_30c78138cc35,ZZS_ff6940526d,郑州东站,0.35,line_propagated,1号线,0,normal_info,0,1号线
ZZM_CN_31b62fac985e,ZZS_00f55fa149,碧沙岗,0.35,line_propagated,1号线,0,normal_info,0,1号线
ZZM_CN_31b62fac985e,ZZS_065e638aef,东风南路,0.35,line_propagated,1号线,0,normal_info,0,1号线
ZZM_CN_31b62fac985e,ZZS_0660d199a6,农业南路,0.35,line_propagated,1号线,0,normal_info,0,1号线
ZZM_CN_31b62fac985e,ZZS_0ccbb4888d,二七广场,0.35,line_propagated,1号线,0,normal_info,0,1号线
ZZM_CN_31b62fac985e,ZZS_1acdaac4ce,铁炉,0.35,line_propagated,1号线,0,normal_info,0,1号线
ZZM_CN_31b62fac985e,ZZS_27d32a2e36,五一公园,0.35,line_propagated,1号线,0,normal_info,0,1号线
ZZM_CN_31b62fac985e,ZZS_3813354d55,绿城广场,0.35,line_propagated,1号线,0,normal_info,0,1号线
ZZM_CN_31b62fac985e,ZZS_38180914a0,燕庄,0.35,line_propagated,1号线,0,normal_info,0,1号线
ZZM_CN_31b62fac985e,ZZS_52a5a7940c,兰寨,0.35,line_propagated,1号线,0,normal_info,0,1号线
ZZM_CN_31b62fac985e,ZZS_5d37b2006d,河南大学新区,0.35,line_propagated,1号线,0,normal_info,0,1号线
ZZM_CN_31b62fac985e,ZZS_6c89efbe2c,文苑北路,0.35,line_propagated,1号线,0,normal_info,0,1号线
ZZM_CN_31b62fac985e,ZZS_87213b5129,会展中心,0.35,line_propagated,1号线,0,normal_info,0,1号线
ZZM_CN_31b62fac985e,ZZS_881a48e5bb,西三环,0.35,line_propagated,1号线,0,normal_info,0,1号线
ZZM_CN_31b62fac985e,ZZS_89f2ce9b1d,秦岭路,0.35,line_propagated,1号线,0,normal_info,0,1号线
ZZM_CN_31b62fac985e,ZZS_90196f31d6,郑州火车站,0.35,line_propagated,1号线,0,normal_info,0,1号线
ZZM_CN_31b62fac985e,ZZS_a14df2d44f,紫荆山,0.35,line_propagated,1号线,0,normal_info,0,1号线
ZZM_CN_31b62fac985e,ZZS_ae1b2afcad,梧桐街,0.35,line_propagated,1号线,0,normal_info,0,1号线
ZZM_CN_31b62fac985e,ZZS_aed2ee7bb7,河南工业大学,0.35,line_propagated,1号线,0,normal_info,0,1号线
ZZM_CN_31b62fac985e,ZZS_b0ac143899,龙子湖,0.35,line_propagated,1号线,0,normal_info,0,1号线
ZZM_CN_31b62fac985e,ZZS_b37a0bcf35,郑大科技园,0.35,line_propagated,1号线,0,normal_info,0,1号线
ZZM_CN_31b62fac985e,ZZS_b8d795b006,黄河南路,0.35,line_propagated,1号线,0,normal_info,0,1号线
ZZM_CN_31b62fac985e,ZZS_bb3c17098a,人民路,0.35,line_propagated,1号线,0,normal_info,0,1号线
ZZM_CN_31b62fac985e,ZZS_bf7f2bfbd0,博学路,0.35,line_propagated,1号线,0,normal_info,0,1号线
ZZM_CN_31b62fac985e,ZZS_c9109d3d9f,医学院,0.35,line_propagated,1号线,0,normal_info,0,1号线
ZZM_CN_31b62fac985e,ZZS_cc61daaced,市体育中心,0.35,line_propagated,1号线,0,normal_info,0,1号线
ZZM_CN_31b62fac985e,ZZS_d61a964e41,市民中心,0.35,line_propagated,1号线,0,normal_info,0,1号线
ZZM_CN_31b62fac985e,ZZS_e4b35b2f4d,郑州大学,0.35,line_propagated,1号线,0,normal_info,0,1号线
ZZM_CN_31b62fac985e,ZZS_e67ffc082e,西流湖,0.35,line_propagated,1号线,0,normal_info,0,1号线
ZZM_CN_31b62fac985e,ZZS_ff2a277828,民航路,0.35,line_propagated,1号线,0,normal_info,0,1号线
ZZM_CN_31b62fac985e,ZZS_ff6940526d,郑州东站,0.35,line_propagated,1号线,0,normal_info,0,1号线
ZZM_CN_335c520241b3,ZZS_02cf3e4cf5,南三环,0.35,line_propagated,2号线,0,normal_info,0,2号线
ZZM_CN_335c520241b3,ZZS_1a5721a427,毛庄,0.35,line_propagated,2号线,0,normal_info,0,2号线
ZZM_CN_335c520241b3,ZZS_20262a52f0,南五里堡,0.35,line_propagated,2号线,0,normal_info,0,2号线
ZZM_CN_335c520241b3,ZZS_2bd57be00d,关虎屯,0.35,line_propagated,2号线,0,normal_info,0,2号线
ZZM_CN_335c520241b3,ZZS_43a808507b,金洼,0.35,line_propagated,2号线,0,normal_info,0,2号线
ZZM_CN_335c520241b3,ZZS_4d258fdd50,金达路,0.35,line_propagated,2号线,0,normal_info,0,2号线
ZZM_CN_335c520241b3,ZZS_51e572c7c3,东大街,0.35,line_propagated,2号线,0,normal_info,0,2号线
ZZM_CN_335c520241b3,ZZS_54adf32b6c,南四环,0.35,line_propagated,2号线,0,normal_info,0,2号线
ZZM_CN_335c520241b3,ZZS_6b600b7696,刘庄,0.35,line_propagated,2号线,0,normal_info,0,2号线
ZZM_CN_335c520241b3,ZZS_72de4f5f66,惠济区政府,0.35,line_propagated,2号线,0,normal_info,0,2号线
ZZM_CN_335c520241b3,ZZS_7dd13fd23f,黄河路,0.35,line_propagated,2号线,0,normal_info,0,2号线
ZZM_CN_335c520241b3,ZZS_90c4ce1eb7,沙门,0.35,line_propagated,2号线,0,normal_info,0,2号线
ZZM_CN_335c520241b3,ZZS_93b9249040,二里岗,0.35,line_propagated,2号线,0,normal_info,0,2号线
ZZM_CN_335c520241b3,ZZS_9660c27c11,站马屯,0.35,line_propagated,2号线,0,normal_info,0,2号线
ZZM_CN_335c520241b3,ZZS_9f383e1427,花寨,0.35,line_propagated,2号线,0,normal_info,0,2号线
ZZM_CN_335c520241b3,ZZS_a14df2d44f,紫荆山,0.35,line_propagated,2号线,0,normal_info,0,2号线
ZZM_CN_335c520241b3,ZZS_a7b91da4c7,陇海东路,0.35,line_propagated,2号线,0,normal_info,0,2号线
ZZM_CN_335c520241b3,ZZS_abc078ccd5,黄河迎宾馆,0.35,line_propagated,2号线,0,normal_info,0,2号线
ZZM_CN_335c520241b3,ZZS_bdc2a71da9,柳林,0.35,line_propagated,2号线,0,normal_info,0,2号线
ZZM_CN_335c520241b3,ZZS_c180efc575,贾河,0.35,line_propagated,2号线,0,normal_info,0,2号线
ZZM_CN_335c520241b3,ZZS_ff256e6634,北三环,0.35,line_propagated,2号线,0,normal_info,0,2号线
ZZM_CN_335c520241b3,ZZS_ff491e6fdf,东风路,0.35,line_propagated,2号线,0,normal_info,0,2号线
ZZM_CN_3365c1826ba1,ZZS_00f55fa149,碧沙岗,0.35,line_propagated,1号线,0,normal_info,0,1号线
ZZM_CN_3365c1826ba1,ZZS_065e638aef,东风南路,0.35,line_propagated,1号线,0,normal_info,0,1号线
ZZM_CN_3365c1826ba1,ZZS_0660d199a6,农业南路,0.35,line_propagated,1号线,0,normal_info,0,1号线
ZZM_CN_3365c1826ba1,ZZS_0ccbb4888d,二七广场,0.35,line_propagated,1号线,0,normal_info,0,1号线
ZZM_CN_3365c1826ba1,ZZS_1acdaac4ce,铁炉,0.35,line_propagated,1号线,0,normal_info,0,1号线
ZZM_CN_3365c1826ba1,ZZS_27d32a2e36,五一公园,0.35,line_propagated,1号线,0,normal_info,0,1号线
ZZM_CN_3365c1826ba1,ZZS_3813354d55,绿城广场,0.35,line_propagated,1号线,0,normal_info,0,1号线
ZZM_CN_3365c1826ba1,ZZS_38180914a0,燕庄,0.35,line_propagated,1号线,0,normal_info,0,1号线
ZZM_CN_3365c1826ba1,ZZS_52a5a7940c,兰寨,0.35,line_propagated,1号线,0,normal_info,0,1号线
ZZM_CN_3365c1826ba1,ZZS_5d37b2006d,河南大学新区,0.35,line_propagated,1号线,0,normal_info,0,1号线
ZZM_CN_3365c1826ba1,ZZS_6c89efbe2c,文苑北路,0.35,line_propagated,1号线,0,normal_info,0,1号线
ZZM_CN_3365c1826ba1,ZZS_87213b5129,会展中心,0.35,line_propagated,1号线,0,normal_info,0,1号线
ZZM_CN_3365c1826ba1,ZZS_881a48e5bb,西三环,0.35,line_propagated,1号线,0,normal_info,0,1号线
ZZM_CN_3365c1826ba1,ZZS_89f2ce9b1d,秦岭路,0.35,line_propagated,1号线,0,normal_info,0,1号线
ZZM_CN_3365c1826ba1,ZZS_90196f31d6,郑州火车站,0.35,line_propagated,1号线,0,normal_info,0,1号线
ZZM_CN_3365c1826ba1,ZZS_a14df2d44f,紫荆山,0.35,line_propagated,1号线,0,normal_info,0,1号线
ZZM_CN_3365c1826ba1,ZZS_ae1b2afcad,梧桐街,0.35,line_propagated,1号线,0,normal_info,0,1号线
ZZM_CN_3365c1826ba1,ZZS_aed2ee7bb7,河南工业大学,0.35,line_propagated,1号线,0,normal_info,0,1号线
ZZM_CN_3365c1826ba1,ZZS_b0ac143899,龙子湖,0.35,line_propagated,1号线,0,normal_info,0,1号线
ZZM_CN_3365c1826ba1,ZZS_b37a0bcf35,郑大科技园,0.35,line_propagated,1号线,0,normal_info,0,1号线
ZZM_CN_3365c1826ba1,ZZS_b8d795b006,黄河南路,0.35,line_propagated,1号线,0,normal_info,0,1号线
ZZM_CN_3365c1826ba1,ZZS_bb3c17098a,人民路,0.35,line_propagated,1号线,0,normal_info,0,1号线
ZZM_CN_3365c1826ba1,ZZS_bf7f2bfbd0,博学路,0.35,line_propagated,1号线,0,normal_info,0,1号线
ZZM_CN_3365c1826ba1,ZZS_c9109d3d9f,医学院,0.35,line_propagated,1号线,0,normal_info,0,1号线
ZZM_CN_3365c1826ba1,ZZS_cc61daaced,市体育中心,0.35,line_propagated,1号线,0,normal_info,0,1号线
ZZM_CN_3365c1826ba1,ZZS_d61a964e41,市民中心,0.35,line_propagated,1号线,0,normal_info,0,1号线
ZZM_CN_3365c1826ba1,ZZS_e4b35b2f4d,郑州大学,0.35,line_propagated,1号线,0,normal_info,0,1号线
ZZM_CN_3365c1826ba1,ZZS_e67ffc082e,西流湖,0.35,line_propagated,1号线,0,normal_info,0,1号线
ZZM_CN_3365c1826ba1,ZZS_ff2a277828,民航路,0.35,line_propagated,1号线,0,normal_info,0,1号线
ZZM_CN_3365c1826ba1,ZZS_ff6940526d,郑州东站,0.35,line_propagated,1号线,0,normal_info,0,1号线
ZZM_CN_33b1f3d7d08e,ZZS_001bf66fc1,陇海西路,0.35,line_propagated,5号线,0,normal_info,0,5号线
ZZM_CN_33b1f3d7d08e,ZZS_1236ed80e3,中央商务区,0.9,exact+line,5号线|中央商务区,0,normal_info,0,5号线
ZZM_CN_33b1f3d7d08e,ZZS_1246e07d02,城东南路,0.35,line_propagated,5号线,0,normal_info,0,5号线
ZZM_CN_33b1f3d7d08e,ZZS_136c32a256,市中心医院,0.35,line_propagated,5号线,0,normal_info,0,5号线
ZZM_CN_33b1f3d7d08e,ZZS_14efbdcc1b,福塔东,0.35,line_propagated,5号线,0,normal_info,0,5号线
ZZM_CN_33b1f3d7d08e,ZZS_190cc56901,金水东路,0.35,line_propagated,5号线,0,normal_info,0,5号线
ZZM_CN_33b1f3d7d08e,ZZS_20262a52f0,南五里堡,0.35,line_propagated,5号线,0,normal_info,0,5号线
ZZM_CN_33b1f3d7d08e,ZZS_20dcf363fc,康宁街,0.35,line_propagated,5号线,0,normal_info,0,5号线
ZZM_CN_33b1f3d7d08e,ZZS_27d32a2e36,五一公园,0.35,line_propagated,5号线,0,normal_info,0,5号线
ZZM_CN_33b1f3d7d08e,ZZS_2db8e2eabe,经北二路,0.35,line_propagated,5号线,0,normal_info,0,5号线
ZZM_CN_33b1f3d7d08e,ZZS_31a002aa03,海滩寺,0.35,line_propagated,5号线,0,normal_info,0,5号线
ZZM_CN_33b1f3d7d08e,ZZS_386438745b,祭城,0.35,line_propagated,5号线,0,normal_info,0,5号线
ZZM_CN_33b1f3d7d08e,ZZS_3ada9c57dc,众意西路,0.35,line_propagated,5号线,0,normal_info,0,5号线
ZZM_CN_33b1f3d7d08e,ZZS_45679e4fc0,七里河,0.35,line_propagated,5号线,0,normal_info,0,5号线
ZZM_CN_33b1f3d7d08e,ZZS_4dd2360957,京广南路,0.35,line_propagated,5号线,0,normal_info,0,5号线
ZZM_CN_33b1f3d7d08e,ZZS_5b6c4f8186,郑州人民医院,0.35,line_propagated,5号线,0,normal_info,0,5号线
ZZM_CN_33b1f3d7d08e,ZZS_5babce6145,中原福塔,0.35,line_propagated,5号线,0,normal_info,0,5号线
ZZM_CN_33b1f3d7d08e,ZZS_5dc87121c2,市第二人民医院,0.35,line_propagated,5号线,0,normal_info,0,5号线
ZZM_CN_33b1f3d7d08e,ZZS_7dd13fd23f,黄河路,0.35,line_propagated,5号线,0,normal_info,0,5号线
ZZM_CN_33b1f3d7d08e,ZZS_9a26907088,齐礼阎,0.35,line_propagated,5号线,0,normal_info,0,5号线
ZZM_CN_33b1f3d7d08e,ZZS_9d8185e03c,省人民医院,0.35,line_propagated,5号线,0,normal_info,0,5号线
ZZM_CN_33b1f3d7d08e,ZZS_a3cc0229f4,省骨科医院,0.35,line_propagated,5号线,0,normal_info,0,5号线
ZZM_CN_33b1f3d7d08e,ZZS_ae7cc361da,月季公园,0.35,line_propagated,5号线,0,normal_info,0,5号线
ZZM_CN_33b1f3d7d08e,ZZS_bd17c52fa6,儿童医院,0.35,line_propagated,5号线,0,normal_info,0,5号线
ZZM_CN_33b1f3d7d08e,ZZS_c720567666,桐淮,0.35,line_propagated,5号线,0,normal_info,0,5号线
ZZM_CN_33b1f3d7d08e,ZZS_c94675c30b,后河芦,0.35,line_propagated,5号线,0,normal_info,0,5号线
ZZM_CN_33b1f3d7d08e,ZZS_c995bf7092,经开中心广场,0.35,line_propagated,5号线,0,normal_info,0,5号线
ZZM_CN_33b1f3d7d08e,ZZS_cb2e15cfa0,姚砦,0.35,line_propagated,5号线,0,normal_info,0,5号线
ZZM_CN_33b1f3d7d08e,ZZS_deb2edc4a2,沙口路,0.35,line_propagated,5号线,0,normal_info,0,5号线
ZZM_CN_33b1f3d7d08e,ZZS_f095e9678f,航海广场,0.35,line_propagated,5号线,0,normal_info,0,5号线
ZZM_CN_33b1f3d7d08e,ZZS_f97030e2b9,冯庄,0.35,line_propagated,5号线,0,normal_info,0,5号线
ZZM_CN_33b1f3d7d08e,ZZS_ff6940526d,郑州东站,0.35,line_propagated,5号线,0,normal_info,0,5号线
ZZM_CN_33c556cccca0,ZZS_001bf66fc1,陇海西路,0.35,line_propagated,5号线,0,normal_info,0,1号线|2号线|4号线|5号线
ZZM_CN_33c556cccca0,ZZS_00f55fa149,碧沙岗,0.35,line_propagated,1号线,0,normal_info,0,1号线|2号线|4号线|5号线
ZZM_CN_33c556cccca0,ZZS_02cf3e4cf5,南三环,0.35,line_propagated,2号线,0,normal_info,0,1号线|2号线|4号线|5号线
ZZM_CN_33c556cccca0,ZZS_047175b6e2,老鸦陈,0.35,line_propagated,4号线,0,normal_info,0,1号线|2号线|4号线|5号线
ZZM_CN_33c556cccca0,ZZS_065e638aef,东风南路,0.35,line_propagated,1号线,0,normal_info,0,1号线|2号线|4号线|5号线
ZZM_CN_33c556cccca0,ZZS_0660d199a6,农业南路,0.35,line_propagated,1号线,0,normal_info,0,1号线|2号线|4号线|5号线
ZZM_CN_33c556cccca0,ZZS_06c5d1c11c,商鼎路,0.35,line_propagated,4号线,0,normal_info,0,1号线|2号线|4号线|5号线
ZZM_CN_33c556cccca0,ZZS_0ccbb4888d,二七广场,0.35,line_propagated,1号线,0,normal_info,0,1号线|2号线|4号线|5号线
ZZM_CN_33c556cccca0,ZZS_1236ed80e3,中央商务区,0.35,line_propagated,4号线|5号线,0,normal_info,0,1号线|2号线|4号线|5号线
ZZM_CN_33c556cccca0,ZZS_1246e07d02,城东南路,0.35,line_propagated,5号线,0,normal_info,0,1号线|2号线|4号线|5号线
ZZM_CN_33c556cccca0,ZZS_136c32a256,市中心医院,0.35,line_propagated,5号线,0,normal_info,0,1号线|2号线|4号线|5号线
ZZM_CN_33c556cccca0,ZZS_14efbdcc1b,福塔东,0.35,line_propagated,5号线,0,normal_info,0,1号线|2号线|4号线|5号线
ZZM_CN_33c556cccca0,ZZS_184971fb41,郎庄,0.35,line_propagated,4号线,0,normal_info,0,1号线|2号线|4号线|5号线
ZZM_CN_33c556cccca0,ZZS_190cc56901,金水东路,0.35,line_propagated,5号线,0,normal_info,0,1号线|2号线|4号线|5号线
ZZM_CN_33c556cccca0,ZZS_1a5721a427,毛庄,0.35,line_propagated,2号线,0,normal_info,0,1号线|2号线|4号线|5号线
ZZM_CN_33c556cccca0,ZZS_1acd4fa835,金岱,0.35,line_propagated,4号线,0,normal_info,0,1号线|2号线|4号线|5号线
ZZM_CN_33c556cccca0,ZZS_1acdaac4ce,铁炉,0.35,line_propagated,1号线,0,normal_info,0,1号线|2号线|4号线|5号线
ZZM_CN_33c556cccca0,ZZS_1e911360df,姚庄,0.35,line_propagated,4号线,0,normal_info,0,1号线|2号线|4号线|5号线
ZZM_CN_33c556cccca0,ZZS_20262a52f0,南五里堡,0.35,line_propagated,2号线|5号线,0,normal_info,0,1号线|2号线|4号线|5号线
ZZM_CN_33c556cccca0,ZZS_20dcf363fc,康宁街,0.35,line_propagated,5号线,0,normal_info,0,1号线|2号线|4号线|5号线
ZZM_CN_33c556cccca0,ZZS_25a4eab92b,龙湖南,0.35,line_propagated,4号线,0,normal_info,0,1号线|2号线|4号线|5号线
ZZM_CN_33c556cccca0,ZZS_27d32a2e36,五一公园,0.35,line_propagated,1号线|5号线,0,normal_info,0,1号线|2号线|4号线|5号线
ZZM_CN_33c556cccca0,ZZS_28ee7061d7,东十里铺,0.35,line_propagated,4号线,0,normal_info,0,1号线|2号线|4号线|5号线
ZZM_CN_33c556cccca0,ZZS_2bd57be00d,关虎屯,0.35,line_propagated,2号线,0,normal_info,0,1号线|2号线|4号线|5号线
ZZM_CN_33c556cccca0,ZZS_2db8e2eabe,经北二路,0.35,line_propagated,5号线,0,normal_info,0,1号线|2号线|4号线|5号线
ZZM_CN_33c556cccca0,ZZS_31a002aa03,海滩寺,0.35,line_propagated,5号线,0,normal_info,0,1号线|2号线|4号线|5号线
ZZM_CN_33c556cccca0,ZZS_3546d6d127,丰庆路,0.35,line_propagated,4号线,0,normal_info,0,1号线|2号线|4号线|5号线
ZZM_CN_33c556cccca0,ZZS_3813354d55,绿城广场,0.35,line_propagated,1号线,0,normal_info,0,1号线|2号线|4号线|5号线
ZZM_CN_33c556cccca0,ZZS_38180914a0,燕庄,0.35,line_propagated,1号线,0,normal_info,0,1号线|2号线|4号线|5号线
ZZM_CN_33c556cccca0,ZZS_386438745b,祭城,0.35,line_propagated,5号线,0,normal_info,0,1号线|2号线|4号线|5号线
ZZM_CN_33c556cccca0,ZZS_3ada9c57dc,众意西路,0.35,line_propagated,5号线,0,normal_info,0,1号线|2号线|4号线|5号线
ZZM_CN_33c556cccca0,ZZS_43a808507b,金洼,0.35,line_propagated,2号线,0,normal_info,0,1号线|2号线|4号线|5号线
ZZM_CN_33c556cccca0,ZZS_45679e4fc0,七里河,0.35,line_propagated,4号线|5号线,0,normal_info,0,1号线|2号线|4号线|5号线
ZZM_CN_33c556cccca0,ZZS_4d258fdd50,金达路,0.35,line_propagated,2号线,0,normal_info,0,1号线|2号线|4号线|5号线
ZZM_CN_33c556cccca0,ZZS_4dd2360957,京广南路,0.35,line_propagated,5号线,0,normal_info,0,1号线|2号线|4号线|5号线
ZZM_CN_33c556cccca0,ZZS_51e572c7c3,东大街,0.35,line_propagated,2号线,0,normal_info,0,1号线|2号线|4号线|5号线
ZZM_CN_33c556cccca0,ZZS_52a5a7940c,兰寨,0.35,line_propagated,1号线,0,normal_info,0,1号线|2号线|4号线|5号线
ZZM_CN_33c556cccca0,ZZS_542d10f6f0,金融岛北,0.35,line_propagated,4号线,0,normal_info,0,1号线|2号线|4号线|5号线
ZZM_CN_33c556cccca0,ZZS_548bc6fa98,陈寨东,0.35,line_propagated,4号线,0,normal_info,0,1号线|2号线|4号线|5号线
ZZM_CN_33c556cccca0,ZZS_54adf32b6c,南四环,0.35,line_propagated,2号线,0,normal_info,0,1号线|2号线|4号线|5号线
ZZM_CN_33c556cccca0,ZZS_55f9aea406,森林公园北,0.35,line_propagated,4号线,0,normal_info,0,1号线|2号线|4号线|5号线
ZZM_CN_33c556cccca0,ZZS_5b6c4f8186,郑州人民医院,0.35,line_propagated,5号线,0,normal_info,0,1号线|2号线|4号线|5号线
ZZM_CN_33c556cccca0,ZZS_5babce6145,中原福塔,0.35,line_propagated,5号线,0,normal_info,0,1号线|2号线|4号线|5号线
ZZM_CN_33c556cccca0,ZZS_5d37b2006d,河南大学新区,0.35,line_propagated,1号线,0,normal_info,0,1号线|2号线|4号线|5号线
ZZM_CN_33c556cccca0,ZZS_5dc87121c2,市第二人民医院,0.35,line_propagated,5号线,0,normal_info,0,1号线|2号线|4号线|5号线
ZZM_CN_33c556cccca0,ZZS_6605be2a4e,省体育中心,0.35,line_propagated,4号线,0,normal_info,0,1号线|2号线|4号线|5号线
ZZM_CN_33c556cccca0,ZZS_6a9a14f197,北二十里铺,0.35,line_propagated,4号线,0,normal_info,0,1号线|2号线|4号线|5号线
ZZM_CN_33c556cccca0,ZZS_6b600b7696,刘庄,0.35,line_propagated,2号线,0,normal_info,0,1号线|2号线|4号线|5号线
ZZM_CN_33c556cccca0,ZZS_6c89efbe2c,文苑北路,0.35,line_propagated,1号线,0,normal_info,0,1号线|2号线|4号线|5号线
ZZM_CN_33c556cccca0,ZZS_72de4f5f66,惠济区政府,0.35,line_propagated,2号线,0,normal_info,0,1号线|2号线|4号线|5号线
ZZM_CN_33c556cccca0,ZZS_7dd13fd23f,黄河路,0.35,line_propagated,2号线|5号线,0,normal_info,0,1号线|2号线|4号线|5号线
ZZM_CN_33c556cccca0,ZZS_87213b5129,会展中心,0.35,line_propagated,1号线|4号线,0,normal_info,0,1号线|2号线|4号线|5号线
ZZM_CN_33c556cccca0,ZZS_881a48e5bb,西三环,0.35,line_propagated,1号线,0,normal_info,0,1号线|2号线|4号线|5号线
ZZM_CN_33c556cccca0,ZZS_89f2ce9b1d,秦岭路,0.35,line_propagated,1号线,0,normal_info,0,1号线|2号线|4号线|5号线
ZZM_CN_33c556cccca0,ZZS_90196f31d6,郑州火车站,0.35,line_propagated,1号线,0,normal_info,0,1号线|2号线|4号线|5号线
ZZM_CN_33c556cccca0,ZZS_90c4ce1eb7,沙门,0.35,line_propagated,2号线|4号线,0,normal_info,0,1号线|2号线|4号线|5号线
ZZM_CN_33c556cccca0,ZZS_90de6fab35,货站街,0.35,line_propagated,4号线,0,normal_info,0,1号线|2号线|4号线|5号线
ZZM_CN_33c556cccca0,ZZS_93b9249040,二里岗,0.35,line_propagated,2号线,0,normal_info,0,1号线|2号线|4号线|5号线
ZZM_CN_33c556cccca0,ZZS_93f56b73b3,果树所,0.35,line_propagated,4号线,0,normal_info,0,1号线|2号线|4号线|5号线
ZZM_CN_33c556cccca0,ZZS_95fb90b688,杨君刘,0.35,line_propagated,4号线,0,normal_info,0,1号线|2号线|4号线|5号线
ZZM_CN_33c556cccca0,ZZS_9660c27c11,站马屯,0.35,line_propagated,2号线,0,normal_info,0,1号线|2号线|4号线|5号线
ZZM_CN_33c556cccca0,ZZS_9965eccc39,龙湖中环北,0.35,line_propagated,4号线,0,normal_info,0,1号线|2号线|4号线|5号线
ZZM_CN_33c556cccca0,ZZS_9a26907088,齐礼阎,0.35,line_propagated,5号线,0,normal_info,0,1号线|2号线|4号线|5号线
ZZM_CN_33c556cccca0,ZZS_9d8185e03c,省人民医院,0.35,line_propagated,5号线,0,normal_info,0,1号线|2号线|4号线|5号线
ZZM_CN_33c556cccca0,ZZS_9f383e1427,花寨,0.35,line_propagated,2号线,0,normal_info,0,1号线|2号线|4号线|5号线
ZZM_CN_33c556cccca0,ZZS_a14df2d44f,紫荆山,0.35,line_propagated,1号线|2号线,0,normal_info,0,1号线|2号线|4号线|5号线
ZZM_CN_33c556cccca0,ZZS_a3cc0229f4,省骨科医院,0.35,line_propagated,5号线,0,normal_info,0,1号线|2号线|4号线|5号线
ZZM_CN_33c556cccca0,ZZS_a7b91da4c7,陇海东路,0.35,line_propagated,2号线,0,normal_info,0,1号线|2号线|4号线|5号线
ZZM_CN_33c556cccca0,ZZS_aa3686fb6d,金融岛南,0.35,line_propagated,4号线,0,normal_info,0,1号线|2号线|4号线|5号线
ZZM_CN_33c556cccca0,ZZS_abc078ccd5,黄河迎宾馆,0.35,line_propagated,2号线,0,normal_info,0,1号线|2号线|4号线|5号线
ZZM_CN_33c556cccca0,ZZS_ae1b2afcad,梧桐街,0.35,line_propagated,1号线,0,normal_info,0,1号线|2号线|4号线|5号线
ZZM_CN_33c556cccca0,ZZS_ae7cc361da,月季公园,0.35,line_propagated,5号线,0,normal_info,0,1号线|2号线|4号线|5号线
ZZM_CN_33c556cccca0,ZZS_aed2ee7bb7,河南工业大学,0.35,line_propagated,1号线,0,normal_info,0,1号线|2号线|4号线|5号线
ZZM_CN_33c556cccca0,ZZS_b0ac143899,龙子湖,0.35,line_propagated,1号线,0,normal_info,0,1号线|2号线|4号线|5号线
ZZM_CN_33c556cccca0,ZZS_b37a0bcf35,郑大科技园,0.35,line_propagated,1号线,0,normal_info,0,1号线|2号线|4号线|5号线
ZZM_CN_33c556cccca0,ZZS_b8d795b006,黄河南路,0.35,line_propagated,1号线,0,normal_info,0,1号线|2号线|4号线|5号线
ZZM_CN_33c556cccca0,ZZS_bb3c17098a,人民路,0.35,line_propagated,1号线,0,normal_info,0,1号线|2号线|4号线|5号线
ZZM_CN_33c556cccca0,ZZS_bd17c52fa6,儿童医院,0.35,line_propagated,5号线,0,normal_info,0,1号线|2号线|4号线|5号线
ZZM_CN_33c556cccca0,ZZS_bdc2a71da9,柳林,0.35,line_propagated,2号线,0,normal_info,0,1号线|2号线|4号线|5号线
ZZM_CN_33c556cccca0,ZZS_bf7f2bfbd0,博学路,0.35,line_propagated,1号线,0,normal_info,0,1号线|2号线|4号线|5号线
ZZM_CN_33c556cccca0,ZZS_c180efc575,贾河,0.35,line_propagated,2号线,0,normal_info,0,1号线|2号线|4号线|5号线
ZZM_CN_33c556cccca0,ZZS_c720567666,桐淮,0.35,line_propagated,5号线,0,normal_info,0,1号线|2号线|4号线|5号线
ZZM_CN_33c556cccca0,ZZS_c9109d3d9f,医学院,0.35,line_propagated,1号线,0,normal_info,0,1号线|2号线|4号线|5号线
ZZM_CN_33c556cccca0,ZZS_c94675c30b,后河芦,0.35,line_propagated,5号线,0,normal_info,0,1号线|2号线|4号线|5号线
ZZM_CN_33c556cccca0,ZZS_c995bf7092,经开中心广场,0.35,line_propagated,5号线,0,normal_info,0,1号线|2号线|4号线|5号线
ZZM_CN_33c556cccca0,ZZS_cb2e15cfa0,姚砦,0.35,line_propagated,5号线,0,normal_info,0,1号线|2号线|4号线|5号线
ZZM_CN_33c556cccca0,ZZS_cc61daaced,市体育中心,0.35,line_propagated,1号线,0,normal_info,0,1号线|2号线|4号线|5号线
ZZM_CN_33c556cccca0,ZZS_ccf9ac5267,清华附中,0.35,line_propagated,4号线,0,normal_info,0,1号线|2号线|4号线|5号线
ZZM_CN_33c556cccca0,ZZS_d61a964e41,市民中心,0.35,line_propagated,1号线,0,normal_info,0,1号线|2号线|4号线|5号线
ZZM_CN_33c556cccca0,ZZS_d86c49fbed,农业东路,0.35,line_propagated,4号线,0,normal_info,0,1号线|2号线|4号线|5号线
ZZM_CN_33c556cccca0,ZZS_dbb2385d18,龙湖北,0.35,line_propagated,4号线,0,normal_info,0,1号线|2号线|4号线|5号线
ZZM_CN_33c556cccca0,ZZS_deb2edc4a2,沙口路,0.35,line_propagated,5号线,0,normal_info,0,1号线|2号线|4号线|5号线
ZZM_CN_33c556cccca0,ZZS_e4b35b2f4d,郑州大学,0.35,line_propagated,1号线,0,normal_info,0,1号线|2号线|4号线|5号线
ZZM_CN_33c556cccca0,ZZS_e67ffc082e,西流湖,0.35,line_propagated,1号线,0,normal_info,0,1号线|2号线|4号线|5号线
ZZM_CN_33c556cccca0,ZZS_eca427650a,张家村,0.35,line_propagated,4号线,0,normal_info,0,1号线|2号线|4号线|5号线
ZZM_CN_33c556cccca0,ZZS_eda0ec6e78,龙湖中环南,0.35,line_propagated,4号线,0,normal_info,0,1号线|2号线|4号线|5号线
ZZM_CN_33c556cccca0,ZZS_f095e9678f,航海广场,0.35,line_propagated,5号线,0,normal_info,0,1号线|2号线|4号线|5号线
ZZM_CN_33c556cccca0,ZZS_f97030e2b9,冯庄,0.35,line_propagated,5号线,0,normal_info,0,1号线|2号线|4号线|5号线
ZZM_CN_33c556cccca0,ZZS_ff256e6634,北三环,0.35,line_propagated,2号线,0,normal_info,0,1号线|2号线|4号线|5号线
ZZM_CN_33c556cccca0,ZZS_ff2a277828,民航路,0.35,line_propagated,1号线,0,normal_info,0,1号线|2号线|4号线|5号线
ZZM_CN_33c556cccca0,ZZS_ff491e6fdf,东风路,0.35,line_propagated,2号线,0,normal_info,0,1号线|2号线|4号线|5号线
ZZM_CN_33c556cccca0,ZZS_ff6940526d,郑州东站,0.35,line_propagated,1号线|5号线,0,normal_info,0,1号线|2号线|4号线|5号线
ZZM_CN_34f0c4ec86bc,ZZS_00f55fa149,碧沙岗,0.35,line_propagated,1号线,4,crowd_weather_external,2,1号线
ZZM_CN_34f0c4ec86bc,ZZS_065e638aef,东风南路,0.35,line_propagated,1号线,4,crowd_weather_external,2,1号线
ZZM_CN_34f0c4ec86bc,ZZS_0660d199a6,农业南路,0.35,line_propagated,1号线,4,crowd_weather_external,2,1号线
ZZM_CN_34f0c4ec86bc,ZZS_0ccbb4888d,二七广场,0.35,line_propagated,1号线,4,crowd_weather_external,2,1号线
ZZM_CN_34f0c4ec86bc,ZZS_1acdaac4ce,铁炉,0.35,line_propagated,1号线,4,crowd_weather_external,2,1号线
ZZM_CN_34f0c4ec86bc,ZZS_27d32a2e36,五一公园,0.35,line_propagated,1号线,4,crowd_weather_external,2,1号线
ZZM_CN_34f0c4ec86bc,ZZS_3813354d55,绿城广场,0.35,line_propagated,1号线,4,crowd_weather_external,2,1号线
ZZM_CN_34f0c4ec86bc,ZZS_38180914a0,燕庄,0.35,line_propagated,1号线,4,crowd_weather_external,2,1号线
ZZM_CN_34f0c4ec86bc,ZZS_52a5a7940c,兰寨,0.35,line_propagated,1号线,4,crowd_weather_external,2,1号线
ZZM_CN_34f0c4ec86bc,ZZS_5d37b2006d,河南大学新区,0.35,line_propagated,1号线,4,crowd_weather_external,2,1号线
ZZM_CN_34f0c4ec86bc,ZZS_6c89efbe2c,文苑北路,0.35,line_propagated,1号线,4,crowd_weather_external,2,1号线
ZZM_CN_34f0c4ec86bc,ZZS_87213b5129,会展中心,0.35,line_propagated,1号线,4,crowd_weather_external,2,1号线
ZZM_CN_34f0c4ec86bc,ZZS_881a48e5bb,西三环,0.35,line_propagated,1号线,4,crowd_weather_external,2,1号线
ZZM_CN_34f0c4ec86bc,ZZS_89f2ce9b1d,秦岭路,0.35,line_propagated,1号线,4,crowd_weather_external,2,1号线
ZZM_CN_34f0c4ec86bc,ZZS_90196f31d6,郑州火车站,0.35,line_propagated,1号线,4,crowd_weather_external,2,1号线
ZZM_CN_34f0c4ec86bc,ZZS_a14df2d44f,紫荆山,0.35,line_propagated,1号线,4,crowd_weather_external,2,1号线
ZZM_CN_34f0c4ec86bc,ZZS_ae1b2afcad,梧桐街,0.35,line_propagated,1号线,4,crowd_weather_external,2,1号线
ZZM_CN_34f0c4ec86bc,ZZS_aed2ee7bb7,河南工业大学,0.35,line_propagated,1号线,4,crowd_weather_external,2,1号线
ZZM_CN_34f0c4ec86bc,ZZS_b0ac143899,龙子湖,0.35,line_propagated,1号线,4,crowd_weather_external,2,1号线
ZZM_CN_34f0c4ec86bc,ZZS_b37a0bcf35,郑大科技园,0.35,line_propagated,1号线,4,crowd_weather_external,2,1号线
ZZM_CN_34f0c4ec86bc,ZZS_b8d795b006,黄河南路,0.35,line_propagated,1号线,4,crowd_weather_external,2,1号线
ZZM_CN_34f0c4ec86bc,ZZS_bb3c17098a,人民路,0.35,line_propagated,1号线,4,crowd_weather_external,2,1号线
ZZM_CN_34f0c4ec86bc,ZZS_bf7f2bfbd0,博学路,0.35,line_propagated,1号线,4,crowd_weather_external,2,1号线
ZZM_CN_34f0c4ec86bc,ZZS_c9109d3d9f,医学院,0.35,line_propagated,1号线,4,crowd_weather_external,2,1号线
ZZM_CN_34f0c4ec86bc,ZZS_cc61daaced,市体育中心,0.35,line_propagated,1号线,4,crowd_weather_external,2,1号线
ZZM_CN_34f0c4ec86bc,ZZS_d61a964e41,市民中心,0.35,line_propagated,1号线,4,crowd_weather_external,2,1号线
ZZM_CN_34f0c4ec86bc,ZZS_e4b35b2f4d,郑州大学,0.35,line_propagated,1号线,4,crowd_weather_external,2,1号线
ZZM_CN_34f0c4ec86bc,ZZS_e67ffc082e,西流湖,0.35,line_propagated,1号线,4,crowd_weather_external,2,1号线
ZZM_CN_34f0c4ec86bc,ZZS_ff2a277828,民航路,0.35,line_propagated,1号线,4,crowd_weather_external,2,1号线
ZZM_CN_34f0c4ec86bc,ZZS_ff6940526d,郑州东站,0.35,line_propagated,1号线,4,crowd_weather_external,2,1号线
ZZM_CN_36e3dc203d97,ZZS_00f55fa149,碧沙岗,0.35,line_propagated,1号线,0,normal_info,0,1号线
ZZM_CN_36e3dc203d97,ZZS_065e638aef,东风南路,0.35,line_propagated,1号线,0,normal_info,0,1号线
ZZM_CN_36e3dc203d97,ZZS_0660d199a6,农业南路,0.35,line_propagated,1号线,0,normal_info,0,1号线
ZZM_CN_36e3dc203d97,ZZS_0ccbb4888d,二七广场,0.35,line_propagated,1号线,0,normal_info,0,1号线
ZZM_CN_36e3dc203d97,ZZS_1acdaac4ce,铁炉,0.35,line_propagated,1号线,0,normal_info,0,1号线
ZZM_CN_36e3dc203d97,ZZS_27d32a2e36,五一公园,0.35,line_propagated,1号线,0,normal_info,0,1号线
ZZM_CN_36e3dc203d97,ZZS_3813354d55,绿城广场,0.35,line_propagated,1号线,0,normal_info,0,1号线
ZZM_CN_36e3dc203d97,ZZS_38180914a0,燕庄,0.35,line_propagated,1号线,0,normal_info,0,1号线
ZZM_CN_36e3dc203d97,ZZS_52a5a7940c,兰寨,0.35,line_propagated,1号线,0,normal_info,0,1号线
ZZM_CN_36e3dc203d97,ZZS_5d37b2006d,河南大学新区,0.35,line_propagated,1号线,0,normal_info,0,1号线
ZZM_CN_36e3dc203d97,ZZS_6c89efbe2c,文苑北路,0.35,line_propagated,1号线,0,normal_info,0,1号线
ZZM_CN_36e3dc203d97,ZZS_87213b5129,会展中心,0.35,line_propagated,1号线,0,normal_info,0,1号线
ZZM_CN_36e3dc203d97,ZZS_881a48e5bb,西三环,0.35,line_propagated,1号线,0,normal_info,0,1号线
ZZM_CN_36e3dc203d97,ZZS_89f2ce9b1d,秦岭路,0.35,line_propagated,1号线,0,normal_info,0,1号线
ZZM_CN_36e3dc203d97,ZZS_90196f31d6,郑州火车站,0.35,line_propagated,1号线,0,normal_info,0,1号线
ZZM_CN_36e3dc203d97,ZZS_a14df2d44f,紫荆山,0.35,line_propagated,1号线,0,normal_info,0,1号线
ZZM_CN_36e3dc203d97,ZZS_ae1b2afcad,梧桐街,0.35,line_propagated,1号线,0,normal_info,0,1号线
ZZM_CN_36e3dc203d97,ZZS_aed2ee7bb7,河南工业大学,0.35,line_propagated,1号线,0,normal_info,0,1号线
ZZM_CN_36e3dc203d97,ZZS_b0ac143899,龙子湖,0.35,line_propagated,1号线,0,normal_info,0,1号线
ZZM_CN_36e3dc203d97,ZZS_b37a0bcf35,郑大科技园,0.35,line_propagated,1号线,0,normal_info,0,1号线
ZZM_CN_36e3dc203d97,ZZS_b8d795b006,黄河南路,0.35,line_propagated,1号线,0,normal_info,0,1号线
ZZM_CN_36e3dc203d97,ZZS_bb3c17098a,人民路,0.35,line_propagated,1号线,0,normal_info,0,1号线
ZZM_CN_36e3dc203d97,ZZS_bf7f2bfbd0,博学路,0.35,line_propagated,1号线,0,normal_info,0,1号线
ZZM_CN_36e3dc203d97,ZZS_c9109d3d9f,医学院,0.35,line_propagated,1号线,0,normal_info,0,1号线
ZZM_CN_36e3dc203d97,ZZS_cc61daaced,市体育中心,0.35,line_propagated,1号线,0,normal_info,0,1号线
ZZM_CN_36e3dc203d97,ZZS_d61a964e41,市民中心,0.35,line_propagated,1号线,0,normal_info,0,1号线
ZZM_CN_36e3dc203d97,ZZS_e4b35b2f4d,郑州大学,0.35,line_propagated,1号线,0,normal_info,0,1号线
ZZM_CN_36e3dc203d97,ZZS_e67ffc082e,西流湖,0.35,line_propagated,1号线,0,normal_info,0,1号线
ZZM_CN_36e3dc203d97,ZZS_ff2a277828,民航路,0.35,line_propagated,1号线,0,normal_info,0,1号线
ZZM_CN_36e3dc203d97,ZZS_ff6940526d,郑州东站,0.35,line_propagated,1号线,0,normal_info,0,1号线
ZZM_CN_36e61f45c1a3,ZZS_05d97db6f2,司赵,0.35,line_propagated,3号线,0,normal_info,0,3号线
ZZM_CN_36e61f45c1a3,ZZS_0ccbb4888d,二七广场,0.9,exact+line,3号线|二七广场,0,normal_info,0,3号线
ZZM_CN_36e61f45c1a3,ZZS_1371fabdab,西大街,0.35,line_propagated,3号线,0,normal_info,0,3号线
ZZM_CN_36e61f45c1a3,ZZS_13fc13c558,郑州文庙,0.35,line_propagated,3号线,0,normal_info,0,3号线
ZZM_CN_36e61f45c1a3,ZZS_25a45ff011,东周,0.35,line_propagated,3号线,0,normal_info,0,3号线
ZZM_CN_36e61f45c1a3,ZZS_28ee7061d7,东十里铺,0.35,line_propagated,3号线,0,normal_info,0,3号线
ZZM_CN_36e61f45c1a3,ZZS_29284451da,凤凰台,0.35,line_propagated,3号线,0,normal_info,0,3号线
ZZM_CN_36e61f45c1a3,ZZS_31a002aa03,海滩寺,0.35,line_propagated,3号线,0,normal_info,0,3号线
ZZM_CN_36e61f45c1a3,ZZS_44eab6c022,南阳新村,0.35,line_propagated,3号线,0,normal_info,0,3号线
ZZM_CN_36e61f45c1a3,ZZS_51e572c7c3,东大街,0.9,exact+line,3号线|东大街,0,normal_info,0,3号线
ZZM_CN_36e61f45c1a3,ZZS_5563728074,营岗,0.9,exact+line,3号线|营岗,0,normal_info,0,3号线
ZZM_CN_36e61f45c1a3,ZZS_6605be2a4e,省体育中心,0.35,line_propagated,3号线,0,normal_info,0,3号线
ZZM_CN_36e61f45c1a3,ZZS_662c95b759,王砦,0.35,line_propagated,3号线,0,normal_info,0,3号线
ZZM_CN_36e61f45c1a3,ZZS_6a0a21f658,通泰路,0.35,line_propagated,3号线,0,normal_info,0,3号线
ZZM_CN_36e61f45c1a3,ZZS_973f67bf8a,同乐,0.35,line_propagated,3号线,0,normal_info,0,3号线
ZZM_CN_36e61f45c1a3,ZZS_9a51a2fe83,兴隆铺,0.35,line_propagated,3号线,0,normal_info,0,3号线
ZZM_CN_36e61f45c1a3,ZZS_a3cc0229f4,省骨科医院,0.35,line_propagated,3号线,0,normal_info,0,3号线
ZZM_CN_36e61f45c1a3,ZZS_a9af1749e0,西周,0.9,exact+line,3号线|西周,0,normal_info,0,3号线
ZZM_CN_36e61f45c1a3,ZZS_b5c4192440,圃田西,0.35,line_propagated,3号线,0,normal_info,0,3号线
ZZM_CN_36e61f45c1a3,ZZS_b9cd9992ce,人民公园,0.35,line_propagated,3号线,0,normal_info,0,3号线
ZZM_CN_36e61f45c1a3,ZZS_ba70aa715e,博览中心,0.35,line_propagated,3号线,0,normal_info,0,3号线
ZZM_CN_36e61f45c1a3,ZZS_c5943bbf34,滨河新城,0.35,line_propagated,3号线,0,normal_info,0,3号线
ZZM_CN_36e61f45c1a3,ZZS_c8f4a267a6,大石桥,0.35,line_propagated,3号线,0,normal_info,0,3号线
ZZM_CN_36e61f45c1a3,ZZS_e9c14949ec,滨河新城南,0.35,line_propagated,3号线,0,normal_info,0,3号线
ZZM_CN_36e61f45c1a3,ZZS_ef6263ba13,潮河,0.35,line_propagated,3号线,0,normal_info,0,3号线
ZZM_CN_38f69b53e48b,ZZS_001bf66fc1,陇海西路,0.35,line_propagated,5号线,0,normal_info,0,2号线|5号线
ZZM_CN_38f69b53e48b,ZZS_02cf3e4cf5,南三环,0.35,line_propagated,2号线,0,normal_info,0,2号线|5号线
ZZM_CN_38f69b53e48b,ZZS_1236ed80e3,中央商务区,0.35,line_propagated,5号线,0,normal_info,0,2号线|5号线
ZZM_CN_38f69b53e48b,ZZS_1246e07d02,城东南路,0.35,line_propagated,5号线,0,normal_info,0,2号线|5号线
ZZM_CN_38f69b53e48b,ZZS_136c32a256,市中心医院,0.35,line_propagated,5号线,0,normal_info,0,2号线|5号线
ZZM_CN_38f69b53e48b,ZZS_14efbdcc1b,福塔东,0.35,line_propagated,5号线,0,normal_info,0,2号线|5号线
ZZM_CN_38f69b53e48b,ZZS_190cc56901,金水东路,0.35,line_propagated,5号线,0,normal_info,0,2号线|5号线
ZZM_CN_38f69b53e48b,ZZS_1a5721a427,毛庄,0.35,line_propagated,2号线,0,normal_info,0,2号线|5号线
ZZM_CN_38f69b53e48b,ZZS_20262a52f0,南五里堡,0.35,line_propagated,2号线|5号线,0,normal_info,0,2号线|5号线
ZZM_CN_38f69b53e48b,ZZS_20dcf363fc,康宁街,0.35,line_propagated,5号线,0,normal_info,0,2号线|5号线
ZZM_CN_38f69b53e48b,ZZS_27d32a2e36,五一公园,0.35,line_propagated,5号线,0,normal_info,0,2号线|5号线
ZZM_CN_38f69b53e48b,ZZS_2bd57be00d,关虎屯,0.35,line_propagated,2号线,0,normal_info,0,2号线|5号线
ZZM_CN_38f69b53e48b,ZZS_2db8e2eabe,经北二路,0.35,line_propagated,5号线,0,normal_info,0,2号线|5号线
ZZM_CN_38f69b53e48b,ZZS_31a002aa03,海滩寺,0.35,line_propagated,5号线,0,normal_info,0,2号线|5号线
ZZM_CN_38f69b53e48b,ZZS_386438745b,祭城,0.35,line_propagated,5号线,0,normal_info,0,2号线|5号线
ZZM_CN_38f69b53e48b,ZZS_3ada9c57dc,众意西路,0.35,line_propagated,5号线,0,normal_info,0,2号线|5号线
ZZM_CN_38f69b53e48b,ZZS_43a808507b,金洼,0.35,line_propagated,2号线,0,normal_info,0,2号线|5号线
ZZM_CN_38f69b53e48b,ZZS_45679e4fc0,七里河,0.35,line_propagated,5号线,0,normal_info,0,2号线|5号线
ZZM_CN_38f69b53e48b,ZZS_4d258fdd50,金达路,0.35,line_propagated,2号线,0,normal_info,0,2号线|5号线
ZZM_CN_38f69b53e48b,ZZS_4dd2360957,京广南路,0.35,line_propagated,5号线,0,normal_info,0,2号线|5号线
ZZM_CN_38f69b53e48b,ZZS_51e572c7c3,东大街,0.35,line_propagated,2号线,0,normal_info,0,2号线|5号线
ZZM_CN_38f69b53e48b,ZZS_54adf32b6c,南四环,0.35,line_propagated,2号线,0,normal_info,0,2号线|5号线
ZZM_CN_38f69b53e48b,ZZS_5b6c4f8186,郑州人民医院,0.35,line_propagated,5号线,0,normal_info,0,2号线|5号线
ZZM_CN_38f69b53e48b,ZZS_5babce6145,中原福塔,0.35,line_propagated,5号线,0,normal_info,0,2号线|5号线
ZZM_CN_38f69b53e48b,ZZS_5dc87121c2,市第二人民医院,0.35,line_propagated,5号线,0,normal_info,0,2号线|5号线
ZZM_CN_38f69b53e48b,ZZS_6b600b7696,刘庄,0.35,line_propagated,2号线,0,normal_info,0,2号线|5号线
ZZM_CN_38f69b53e48b,ZZS_72de4f5f66,惠济区政府,0.35,line_propagated,2号线,0,normal_info,0,2号线|5号线
ZZM_CN_38f69b53e48b,ZZS_7dd13fd23f,黄河路,0.35,line_propagated,2号线|5号线,0,normal_info,0,2号线|5号线
ZZM_CN_38f69b53e48b,ZZS_90c4ce1eb7,沙门,0.35,line_propagated,2号线,0,normal_info,0,2号线|5号线
ZZM_CN_38f69b53e48b,ZZS_93b9249040,二里岗,0.35,line_propagated,2号线,0,normal_info,0,2号线|5号线
ZZM_CN_38f69b53e48b,ZZS_9660c27c11,站马屯,0.35,line_propagated,2号线,0,normal_info,0,2号线|5号线
ZZM_CN_38f69b53e48b,ZZS_9a26907088,齐礼阎,0.35,line_propagated,5号线,0,normal_info,0,2号线|5号线
ZZM_CN_38f69b53e48b,ZZS_9d8185e03c,省人民医院,0.35,line_propagated,5号线,0,normal_info,0,2号线|5号线
ZZM_CN_38f69b53e48b,ZZS_9f383e1427,花寨,0.35,line_propagated,2号线,0,normal_info,0,2号线|5号线
ZZM_CN_38f69b53e48b,ZZS_a14df2d44f,紫荆山,0.35,line_propagated,2号线,0,normal_info,0,2号线|5号线
ZZM_CN_38f69b53e48b,ZZS_a3cc0229f4,省骨科医院,0.35,line_propagated,5号线,0,normal_info,0,2号线|5号线
ZZM_CN_38f69b53e48b,ZZS_a7b91da4c7,陇海东路,0.35,line_propagated,2号线,0,normal_info,0,2号线|5号线
ZZM_CN_38f69b53e48b,ZZS_abc078ccd5,黄河迎宾馆,0.35,line_propagated,2号线,0,normal_info,0,2号线|5号线
ZZM_CN_38f69b53e48b,ZZS_ae7cc361da,月季公园,0.35,line_propagated,5号线,0,normal_info,0,2号线|5号线
ZZM_CN_38f69b53e48b,ZZS_bd17c52fa6,儿童医院,0.35,line_propagated,5号线,0,normal_info,0,2号线|5号线
ZZM_CN_38f69b53e48b,ZZS_bdc2a71da9,柳林,0.35,line_propagated,2号线,0,normal_info,0,2号线|5号线
ZZM_CN_38f69b53e48b,ZZS_c180efc575,贾河,0.35,line_propagated,2号线,0,normal_info,0,2号线|5号线
ZZM_CN_38f69b53e48b,ZZS_c720567666,桐淮,0.35,line_propagated,5号线,0,normal_info,0,2号线|5号线
ZZM_CN_38f69b53e48b,ZZS_c94675c30b,后河芦,0.35,line_propagated,5号线,0,normal_info,0,2号线|5号线
ZZM_CN_38f69b53e48b,ZZS_c995bf7092,经开中心广场,0.35,line_propagated,5号线,0,normal_info,0,2号线|5号线
ZZM_CN_38f69b53e48b,ZZS_cb2e15cfa0,姚砦,0.35,line_propagated,5号线,0,normal_info,0,2号线|5号线
ZZM_CN_38f69b53e48b,ZZS_deb2edc4a2,沙口路,0.35,line_propagated,5号线,0,normal_info,0,2号线|5号线
ZZM_CN_38f69b53e48b,ZZS_f095e9678f,航海广场,0.35,line_propagated,5号线,0,normal_info,0,2号线|5号线
ZZM_CN_38f69b53e48b,ZZS_f97030e2b9,冯庄,0.35,line_propagated,5号线,0,normal_info,0,2号线|5号线
ZZM_CN_38f69b53e48b,ZZS_ff256e6634,北三环,0.35,line_propagated,2号线,0,normal_info,0,2号线|5号线
ZZM_CN_38f69b53e48b,ZZS_ff491e6fdf,东风路,0.35,line_propagated,2号线,0,normal_info,0,2号线|5号线
ZZM_CN_38f69b53e48b,ZZS_ff6940526d,郑州东站,0.35,line_propagated,5号线,0,normal_info,0,2号线|5号线
ZZM_CN_3934b80da142,ZZS_00f55fa149,碧沙岗,0.35,line_propagated,1号线,0,normal_info,0,1号线
ZZM_CN_3934b80da142,ZZS_065e638aef,东风南路,0.35,line_propagated,1号线,0,normal_info,0,1号线
ZZM_CN_3934b80da142,ZZS_0660d199a6,农业南路,0.35,line_propagated,1号线,0,normal_info,0,1号线
ZZM_CN_3934b80da142,ZZS_0ccbb4888d,二七广场,0.35,line_propagated,1号线,0,normal_info,0,1号线
ZZM_CN_3934b80da142,ZZS_1acdaac4ce,铁炉,0.35,line_propagated,1号线,0,normal_info,0,1号线
ZZM_CN_3934b80da142,ZZS_27d32a2e36,五一公园,0.35,line_propagated,1号线,0,normal_info,0,1号线
ZZM_CN_3934b80da142,ZZS_3813354d55,绿城广场,0.35,line_propagated,1号线,0,normal_info,0,1号线
ZZM_CN_3934b80da142,ZZS_38180914a0,燕庄,0.35,line_propagated,1号线,0,normal_info,0,1号线
ZZM_CN_3934b80da142,ZZS_52a5a7940c,兰寨,0.35,line_propagated,1号线,0,normal_info,0,1号线
ZZM_CN_3934b80da142,ZZS_5d37b2006d,河南大学新区,0.35,line_propagated,1号线,0,normal_info,0,1号线
ZZM_CN_3934b80da142,ZZS_6c89efbe2c,文苑北路,0.35,line_propagated,1号线,0,normal_info,0,1号线
ZZM_CN_3934b80da142,ZZS_87213b5129,会展中心,0.35,line_propagated,1号线,0,normal_info,0,1号线
ZZM_CN_3934b80da142,ZZS_881a48e5bb,西三环,0.35,line_propagated,1号线,0,normal_info,0,1号线
ZZM_CN_3934b80da142,ZZS_89f2ce9b1d,秦岭路,0.35,line_propagated,1号线,0,normal_info,0,1号线
ZZM_CN_3934b80da142,ZZS_90196f31d6,郑州火车站,0.35,line_propagated,1号线,0,normal_info,0,1号线
ZZM_CN_3934b80da142,ZZS_a14df2d44f,紫荆山,0.35,line_propagated,1号线,0,normal_info,0,1号线
ZZM_CN_3934b80da142,ZZS_ae1b2afcad,梧桐街,0.35,line_propagated,1号线,0,normal_info,0,1号线
ZZM_CN_3934b80da142,ZZS_aed2ee7bb7,河南工业大学,0.35,line_propagated,1号线,0,normal_info,0,1号线
ZZM_CN_3934b80da142,ZZS_b0ac143899,龙子湖,0.35,line_propagated,1号线,0,normal_info,0,1号线
ZZM_CN_3934b80da142,ZZS_b37a0bcf35,郑大科技园,0.35,line_propagated,1号线,0,normal_info,0,1号线
ZZM_CN_3934b80da142,ZZS_b8d795b006,黄河南路,0.35,line_propagated,1号线,0,normal_info,0,1号线
ZZM_CN_3934b80da142,ZZS_bb3c17098a,人民路,0.35,line_propagated,1号线,0,normal_info,0,1号线
ZZM_CN_3934b80da142,ZZS_bf7f2bfbd0,博学路,0.35,line_propagated,1号线,0,normal_info,0,1号线
ZZM_CN_3934b80da142,ZZS_c9109d3d9f,医学院,0.35,line_propagated,1号线,0,normal_info,0,1号线
ZZM_CN_3934b80da142,ZZS_cc61daaced,市体育中心,0.35,line_propagated,1号线,0,normal_info,0,1号线
ZZM_CN_3934b80da142,ZZS_d61a964e41,市民中心,0.35,line_propagated,1号线,0,normal_info,0,1号线
ZZM_CN_3934b80da142,ZZS_e4b35b2f4d,郑州大学,0.35,line_propagated,1号线,0,normal_info,0,1号线
ZZM_CN_3934b80da142,ZZS_e67ffc082e,西流湖,0.35,line_propagated,1号线,0,normal_info,0,1号线
ZZM_CN_3934b80da142,ZZS_ff2a277828,民航路,0.35,line_propagated,1号线,0,normal_info,0,1号线
ZZM_CN_3934b80da142,ZZS_ff6940526d,郑州东站,0.35,line_propagated,1号线,0,normal_info,0,1号线
ZZM_CN_395cfbc9a046,ZZS_136c32a256,市中心医院,0.35,line_propagated,10号线,0,normal_info,0,10号线
ZZM_CN_395cfbc9a046,ZZS_193238e3af,李商隐公园,0.35,line_propagated,10号线,0,normal_info,0,10号线
ZZM_CN_395cfbc9a046,ZZS_3813354d55,绿城广场,0.35,line_propagated,10号线,0,normal_info,0,10号线
ZZM_CN_395cfbc9a046,ZZS_5925b9eaa7,柳湖,0.35,line_propagated,10号线,0,normal_info,0,10号线
ZZM_CN_395cfbc9a046,ZZS_6497dca4fb,庙王,0.35,line_propagated,10号线,0,normal_info,0,10号线
ZZM_CN_395cfbc9a046,ZZS_6f9fa1c519,西流湖公园南,0.35,line_propagated,10号线,0,normal_info,0,10号线
ZZM_CN_395cfbc9a046,ZZS_8b4f322227,郑州一中,0.35,line_propagated,10号线,0,normal_info,0,10号线
ZZM_CN_395cfbc9a046,ZZS_90196f31d6,郑州火车站,0.35,line_propagated,10号线,0,normal_info,0,10号线
ZZM_CN_395cfbc9a046,ZZS_90377f53c5,二砂,0.35,line_propagated,10号线,0,normal_info,0,10号线
ZZM_CN_395cfbc9a046,ZZS_9d546847d5,郑州西站,0.35,line_propagated,10号线,0,normal_info,0,10号线
ZZM_CN_395cfbc9a046,ZZS_c9109d3d9f,医学院,0.35,line_propagated,10号线,0,normal_info,0,10号线
ZZM_CN_395cfbc9a046,ZZS_f453749a84,市委党校,0.35,line_propagated,10号线,0,normal_info,0,10号线
ZZM_CN_39ef36fed15d,ZZS_2bd57be00d,关虎屯,0.9,exact,关虎屯,0,normal_info,0,
ZZM_CN_3a33295278a2,ZZS_00f55fa149,碧沙岗,0.35,line_propagated,1号线,0,normal_info,0,1号线
ZZM_CN_3a33295278a2,ZZS_065e638aef,东风南路,0.35,line_propagated,1号线,0,normal_info,0,1号线
ZZM_CN_3a33295278a2,ZZS_0660d199a6,农业南路,0.35,line_propagated,1号线,0,normal_info,0,1号线
ZZM_CN_3a33295278a2,ZZS_0ccbb4888d,二七广场,0.35,line_propagated,1号线,0,normal_info,0,1号线
ZZM_CN_3a33295278a2,ZZS_1acdaac4ce,铁炉,0.35,line_propagated,1号线,0,normal_info,0,1号线
ZZM_CN_3a33295278a2,ZZS_27d32a2e36,五一公园,0.35,line_propagated,1号线,0,normal_info,0,1号线
ZZM_CN_3a33295278a2,ZZS_3813354d55,绿城广场,0.35,line_propagated,1号线,0,normal_info,0,1号线
ZZM_CN_3a33295278a2,ZZS_38180914a0,燕庄,0.35,line_propagated,1号线,0,normal_info,0,1号线
ZZM_CN_3a33295278a2,ZZS_52a5a7940c,兰寨,0.35,line_propagated,1号线,0,normal_info,0,1号线
ZZM_CN_3a33295278a2,ZZS_5d37b2006d,河南大学新区,0.35,line_propagated,1号线,0,normal_info,0,1号线
ZZM_CN_3a33295278a2,ZZS_6c89efbe2c,文苑北路,0.35,line_propagated,1号线,0,normal_info,0,1号线
ZZM_CN_3a33295278a2,ZZS_87213b5129,会展中心,0.35,line_propagated,1号线,0,normal_info,0,1号线
ZZM_CN_3a33295278a2,ZZS_881a48e5bb,西三环,0.35,line_propagated,1号线,0,normal_info,0,1号线
ZZM_CN_3a33295278a2,ZZS_89f2ce9b1d,秦岭路,0.35,line_propagated,1号线,0,normal_info,0,1号线
ZZM_CN_3a33295278a2,ZZS_90196f31d6,郑州火车站,0.35,line_propagated,1号线,0,normal_info,0,1号线
ZZM_CN_3a33295278a2,ZZS_a14df2d44f,紫荆山,0.35,line_propagated,1号线,0,normal_info,0,1号线
ZZM_CN_3a33295278a2,ZZS_ae1b2afcad,梧桐街,0.35,line_propagated,1号线,0,normal_info,0,1号线
ZZM_CN_3a33295278a2,ZZS_aed2ee7bb7,河南工业大学,0.35,line_propagated,1号线,0,normal_info,0,1号线
ZZM_CN_3a33295278a2,ZZS_b0ac143899,龙子湖,0.35,line_propagated,1号线,0,normal_info,0,1号线
ZZM_CN_3a33295278a2,ZZS_b37a0bcf35,郑大科技园,0.35,line_propagated,1号线,0,normal_info,0,1号线
ZZM_CN_3a33295278a2,ZZS_b8d795b006,黄河南路,0.35,line_propagated,1号线,0,normal_info,0,1号线
ZZM_CN_3a33295278a2,ZZS_bb3c17098a,人民路,0.35,line_propagated,1号线,0,normal_info,0,1号线
ZZM_CN_3a33295278a2,ZZS_bf7f2bfbd0,博学路,0.35,line_propagated,1号线,0,normal_info,0,1号线
ZZM_CN_3a33295278a2,ZZS_c9109d3d9f,医学院,0.35,line_propagated,1号线,0,normal_info,0,1号线
ZZM_CN_3a33295278a2,ZZS_cc61daaced,市体育中心,0.35,line_propagated,1号线,0,normal_info,0,1号线
ZZM_CN_3a33295278a2,ZZS_d61a964e41,市民中心,0.35,line_propagated,1号线,0,normal_info,0,1号线
ZZM_CN_3a33295278a2,ZZS_e4b35b2f4d,郑州大学,0.35,line_propagated,1号线,0,normal_info,0,1号线
ZZM_CN_3a33295278a2,ZZS_e67ffc082e,西流湖,0.35,line_propagated,1号线,0,normal_info,0,1号线
ZZM_CN_3a33295278a2,ZZS_ff2a277828,民航路,0.35,line_propagated,1号线,0,normal_info,0,1号线
ZZM_CN_3a33295278a2,ZZS_ff6940526d,郑州东站,0.35,line_propagated,1号线,0,normal_info,0,1号线
ZZM_CN_3a3dd8a5572d,ZZS_00f55fa149,碧沙岗,0.35,line_propagated,1号线,0,normal_info,0,1号线
ZZM_CN_3a3dd8a5572d,ZZS_065e638aef,东风南路,0.35,line_propagated,1号线,0,normal_info,0,1号线
ZZM_CN_3a3dd8a5572d,ZZS_0660d199a6,农业南路,0.35,line_propagated,1号线,0,normal_info,0,1号线
ZZM_CN_3a3dd8a5572d,ZZS_0ccbb4888d,二七广场,0.35,line_propagated,1号线,0,normal_info,0,1号线
ZZM_CN_3a3dd8a5572d,ZZS_1acdaac4ce,铁炉,0.35,line_propagated,1号线,0,normal_info,0,1号线
ZZM_CN_3a3dd8a5572d,ZZS_27d32a2e36,五一公园,0.35,line_propagated,1号线,0,normal_info,0,1号线
ZZM_CN_3a3dd8a5572d,ZZS_3813354d55,绿城广场,0.35,line_propagated,1号线,0,normal_info,0,1号线
ZZM_CN_3a3dd8a5572d,ZZS_38180914a0,燕庄,0.35,line_propagated,1号线,0,normal_info,0,1号线
ZZM_CN_3a3dd8a5572d,ZZS_52a5a7940c,兰寨,0.35,line_propagated,1号线,0,normal_info,0,1号线
ZZM_CN_3a3dd8a5572d,ZZS_5d37b2006d,河南大学新区,0.35,line_propagated,1号线,0,normal_info,0,1号线
ZZM_CN_3a3dd8a5572d,ZZS_6c89efbe2c,文苑北路,0.35,line_propagated,1号线,0,normal_info,0,1号线
ZZM_CN_3a3dd8a5572d,ZZS_87213b5129,会展中心,0.35,line_propagated,1号线,0,normal_info,0,1号线
ZZM_CN_3a3dd8a5572d,ZZS_881a48e5bb,西三环,0.35,line_propagated,1号线,0,normal_info,0,1号线
ZZM_CN_3a3dd8a5572d,ZZS_89f2ce9b1d,秦岭路,0.35,line_propagated,1号线,0,normal_info,0,1号线
ZZM_CN_3a3dd8a5572d,ZZS_90196f31d6,郑州火车站,0.35,line_propagated,1号线,0,normal_info,0,1号线
ZZM_CN_3a3dd8a5572d,ZZS_a14df2d44f,紫荆山,0.35,line_propagated,1号线,0,normal_info,0,1号线
ZZM_CN_3a3dd8a5572d,ZZS_ae1b2afcad,梧桐街,0.35,line_propagated,1号线,0,normal_info,0,1号线
ZZM_CN_3a3dd8a5572d,ZZS_aed2ee7bb7,河南工业大学,0.35,line_propagated,1号线,0,normal_info,0,1号线
ZZM_CN_3a3dd8a5572d,ZZS_b0ac143899,龙子湖,0.35,line_propagated,1号线,0,normal_info,0,1号线
ZZM_CN_3a3dd8a5572d,ZZS_b37a0bcf35,郑大科技园,0.35,line_propagated,1号线,0,normal_info,0,1号线
ZZM_CN_3a3dd8a5572d,ZZS_b8d795b006,黄河南路,0.35,line_propagated,1号线,0,normal_info,0,1号线
ZZM_CN_3a3dd8a5572d,ZZS_bb3c17098a,人民路,0.35,line_propagated,1号线,0,normal_info,0,1号线
ZZM_CN_3a3dd8a5572d,ZZS_bf7f2bfbd0,博学路,0.35,line_propagated,1号线,0,normal_info,0,1号线
ZZM_CN_3a3dd8a5572d,ZZS_c9109d3d9f,医学院,0.35,line_propagated,1号线,0,normal_info,0,1号线
ZZM_CN_3a3dd8a5572d,ZZS_cc61daaced,市体育中心,0.35,line_propagated,1号线,0,normal_info,0,1号线
ZZM_CN_3a3dd8a5572d,ZZS_d61a964e41,市民中心,0.35,line_propagated,1号线,0,normal_info,0,1号线
ZZM_CN_3a3dd8a5572d,ZZS_e4b35b2f4d,郑州大学,0.35,line_propagated,1号线,0,normal_info,0,1号线
ZZM_CN_3a3dd8a5572d,ZZS_e67ffc082e,西流湖,0.35,line_propagated,1号线,0,normal_info,0,1号线
ZZM_CN_3a3dd8a5572d,ZZS_ff2a277828,民航路,0.35,line_propagated,1号线,0,normal_info,0,1号线
ZZM_CN_3a3dd8a5572d,ZZS_ff6940526d,郑州东站,0.35,line_propagated,1号线,0,normal_info,0,1号线
ZZM_CN_3a63dca3dfb9,ZZS_00f55fa149,碧沙岗,0.35,line_propagated,1号线,0,normal_info,0,1号线
ZZM_CN_3a63dca3dfb9,ZZS_065e638aef,东风南路,0.35,line_propagated,1号线,0,normal_info,0,1号线
ZZM_CN_3a63dca3dfb9,ZZS_0660d199a6,农业南路,0.35,line_propagated,1号线,0,normal_info,0,1号线
ZZM_CN_3a63dca3dfb9,ZZS_0ccbb4888d,二七广场,0.35,line_propagated,1号线,0,normal_info,0,1号线
ZZM_CN_3a63dca3dfb9,ZZS_1acdaac4ce,铁炉,0.35,line_propagated,1号线,0,normal_info,0,1号线
ZZM_CN_3a63dca3dfb9,ZZS_27d32a2e36,五一公园,0.35,line_propagated,1号线,0,normal_info,0,1号线
ZZM_CN_3a63dca3dfb9,ZZS_3813354d55,绿城广场,0.35,line_propagated,1号线,0,normal_info,0,1号线
ZZM_CN_3a63dca3dfb9,ZZS_38180914a0,燕庄,0.35,line_propagated,1号线,0,normal_info,0,1号线
ZZM_CN_3a63dca3dfb9,ZZS_52a5a7940c,兰寨,0.35,line_propagated,1号线,0,normal_info,0,1号线
ZZM_CN_3a63dca3dfb9,ZZS_5d37b2006d,河南大学新区,0.35,line_propagated,1号线,0,normal_info,0,1号线
ZZM_CN_3a63dca3dfb9,ZZS_6c89efbe2c,文苑北路,0.35,line_propagated,1号线,0,normal_info,0,1号线
ZZM_CN_3a63dca3dfb9,ZZS_87213b5129,会展中心,0.35,line_propagated,1号线,0,normal_info,0,1号线
ZZM_CN_3a63dca3dfb9,ZZS_881a48e5bb,西三环,0.35,line_propagated,1号线,0,normal_info,0,1号线
ZZM_CN_3a63dca3dfb9,ZZS_89f2ce9b1d,秦岭路,0.35,line_propagated,1号线,0,normal_info,0,1号线
ZZM_CN_3a63dca3dfb9,ZZS_90196f31d6,郑州火车站,0.35,line_propagated,1号线,0,normal_info,0,1号线
ZZM_CN_3a63dca3dfb9,ZZS_a14df2d44f,紫荆山,0.35,line_propagated,1号线,0,normal_info,0,1号线
ZZM_CN_3a63dca3dfb9,ZZS_ae1b2afcad,梧桐街,0.35,line_propagated,1号线,0,normal_info,0,1号线
ZZM_CN_3a63dca3dfb9,ZZS_aed2ee7bb7,河南工业大学,0.35,line_propagated,1号线,0,normal_info,0,1号线
ZZM_CN_3a63dca3dfb9,ZZS_b0ac143899,龙子湖,0.35,line_propagated,1号线,0,normal_info,0,1号线
ZZM_CN_3a63dca3dfb9,ZZS_b37a0bcf35,郑大科技园,0.35,line_propagated,1号线,0,normal_info,0,1号线
ZZM_CN_3a63dca3dfb9,ZZS_b8d795b006,黄河南路,0.35,line_propagated,1号线,0,normal_info,0,1号线
ZZM_CN_3a63dca3dfb9,ZZS_bb3c17098a,人民路,0.35,line_propagated,1号线,0,normal_info,0,1号线
ZZM_CN_3a63dca3dfb9,ZZS_bf7f2bfbd0,博学路,0.35,line_propagated,1号线,0,normal_info,0,1号线
ZZM_CN_3a63dca3dfb9,ZZS_c9109d3d9f,医学院,0.35,line_propagated,1号线,0,normal_info,0,1号线
ZZM_CN_3a63dca3dfb9,ZZS_cc61daaced,市体育中心,0.35,line_propagated,1号线,0,normal_info,0,1号线
ZZM_CN_3a63dca3dfb9,ZZS_d61a964e41,市民中心,0.35,line_propagated,1号线,0,normal_info,0,1号线
ZZM_CN_3a63dca3dfb9,ZZS_e4b35b2f4d,郑州大学,0.35,line_propagated,1号线,0,normal_info,0,1号线
ZZM_CN_3a63dca3dfb9,ZZS_e67ffc082e,西流湖,0.35,line_propagated,1号线,0,normal_info,0,1号线
ZZM_CN_3a63dca3dfb9,ZZS_ff2a277828,民航路,0.35,line_propagated,1号线,0,normal_info,0,1号线
ZZM_CN_3a63dca3dfb9,ZZS_ff6940526d,郑州东站,0.35,line_propagated,1号线,0,normal_info,0,1号线
ZZM_CN_3b85db1aba0b,ZZS_00f55fa149,碧沙岗,0.35,line_propagated,1号线,0,normal_info,0,1号线|2号线|城郊线
ZZM_CN_3b85db1aba0b,ZZS_02cf3e4cf5,南三环,0.6,interval_inferred,interval,0,normal_info,0,1号线|2号线|城郊线
ZZM_CN_3b85db1aba0b,ZZS_065e638aef,东风南路,0.35,line_propagated,1号线,0,normal_info,0,1号线|2号线|城郊线
ZZM_CN_3b85db1aba0b,ZZS_0660d199a6,农业南路,0.35,line_propagated,1号线,0,normal_info,0,1号线|2号线|城郊线
ZZM_CN_3b85db1aba0b,ZZS_0ccbb4888d,二七广场,0.35,line_propagated,1号线,0,normal_info,0,1号线|2号线|城郊线
ZZM_CN_3b85db1aba0b,ZZS_1a5721a427,毛庄,0.35,line_propagated,2号线,0,normal_info,0,1号线|2号线|城郊线
ZZM_CN_3b85db1aba0b,ZZS_1acdaac4ce,铁炉,0.35,line_propagated,1号线,0,normal_info,0,1号线|2号线|城郊线
ZZM_CN_3b85db1aba0b,ZZS_1d568209e2,康平湖,0.35,line_propagated,城郊线,0,normal_info,0,1号线|2号线|城郊线
ZZM_CN_3b85db1aba0b,ZZS_20262a52f0,南五里堡,0.6,interval_inferred,interval,0,normal_info,0,1号线|2号线|城郊线
ZZM_CN_3b85db1aba0b,ZZS_21e3ae133c,华南城西,0.35,line_propagated,城郊线,0,normal_info,0,1号线|2号线|城郊线
ZZM_CN_3b85db1aba0b,ZZS_27d32a2e36,五一公园,0.35,line_propagated,1号线,0,normal_info,0,1号线|2号线|城郊线
ZZM_CN_3b85db1aba0b,ZZS_2b74f7ecc4,综合保税区,0.35,line_propagated,城郊线,0,normal_info,0,1号线|2号线|城郊线
ZZM_CN_3b85db1aba0b,ZZS_2bd57be00d,关虎屯,0.6,interval_inferred,interval,0,normal_info,0,1号线|2号线|城郊线
ZZM_CN_3b85db1aba0b,ZZS_3258f191b1,港区会展,0.35,line_propagated,城郊线,0,normal_info,0,1号线|2号线|城郊线
ZZM_CN_3b85db1aba0b,ZZS_3813354d55,绿城广场,0.35,line_propagated,1号线,0,normal_info,0,1号线|2号线|城郊线
ZZM_CN_3b85db1aba0b,ZZS_38180914a0,燕庄,0.35,line_propagated,1号线,0,normal_info,0,1号线|2号线|城郊线
ZZM_CN_3b85db1aba0b,ZZS_3e49b8e765,恩平湖,0.35,line_propagated,城郊线,0,normal_info,0,1号线|2号线|城郊线
ZZM_CN_3b85db1aba0b,ZZS_43a808507b,金洼,0.35,line_propagated,2号线,0,normal_info,0,1号线|2号线|城郊线
ZZM_CN_3b85db1aba0b,ZZS_4c088f0629,港区北,0.35,line_propagated,城郊线,0,normal_info,0,1号线|2号线|城郊线
ZZM_CN_3b85db1aba0b,ZZS_4d258fdd50,金达路,0.35,line_propagated,2号线,0,normal_info,0,1号线|2号线|城郊线
ZZM_CN_3b85db1aba0b,ZZS_4db99ddb57,华南城,0.35,line_propagated,城郊线,0,normal_info,0,1号线|2号线|城郊线
ZZM_CN_3b85db1aba0b,ZZS_4ff5935177,兰河公园,0.35,line_propagated,城郊线,0,normal_info,0,1号线|2号线|城郊线
ZZM_CN_3b85db1aba0b,ZZS_51e572c7c3,东大街,0.6,interval_inferred,interval,0,normal_info,0,1号线|2号线|城郊线
ZZM_CN_3b85db1aba0b,ZZS_52a5a7940c,兰寨,0.35,line_propagated,1号线,0,normal_info,0,1号线|2号线|城郊线
ZZM_CN_3b85db1aba0b,ZZS_54adf32b6c,南四环,0.9,exact+line,2号线|南四环|城郊线,0,normal_info,0,1号线|2号线|城郊线
ZZM_CN_3b85db1aba0b,ZZS_5ce22f5450,小乔,0.35,line_propagated,城郊线,0,normal_info,0,1号线|2号线|城郊线
ZZM_CN_3b85db1aba0b,ZZS_5d37b2006d,河南大学新区,0.35,line_propagated,1号线,0,normal_info,0,1号线|2号线|城郊线
ZZM_CN_3b85db1aba0b,ZZS_63fa0eb855,双湖大道,0.35,line_propagated,城郊线,0,normal_info,0,1号线|2号线|城郊线
ZZM_CN_3b85db1aba0b,ZZS_6b600b7696,刘庄,0.9,exact+line,2号线|刘庄,0,normal_info,0,1号线|2号线|城郊线
ZZM_CN_3b85db1aba0b,ZZS_6c89efbe2c,文苑北路,0.35,line_propagated,1号线,0,normal_info,0,1号线|2号线|城郊线
ZZM_CN_3b85db1aba0b,ZZS_6e6f33dc37,华南城东,0.35,line_propagated,城郊线,0,normal_info,0,1号线|2号线|城郊线
ZZM_CN_3b85db1aba0b,ZZS_72de4f5f66,惠济区政府,0.35,line_propagated,2号线,0,normal_info,0,1号线|2号线|城郊线
ZZM_CN_3b85db1aba0b,ZZS_7a33fc56d1,十八里河,0.35,line_propagated,城郊线,0,normal_info,0,1号线|2号线|城郊线
ZZM_CN_3b85db1aba0b,ZZS_7dd13fd23f,黄河路,0.6,interval_inferred,interval,0,normal_info,0,1号线|2号线|城郊线
ZZM_CN_3b85db1aba0b,ZZS_87213b5129,会展中心,0.35,line_propagated,1号线,0,normal_info,0,1号线|2号线|城郊线
ZZM_CN_3b85db1aba0b,ZZS_881a48e5bb,西三环,0.35,line_propagated,1号线,0,normal_info,0,1号线|2号线|城郊线
ZZM_CN_3b85db1aba0b,ZZS_89f2ce9b1d,秦岭路,0.35,line_propagated,1号线,0,normal_info,0,1号线|2号线|城郊线
ZZM_CN_3b85db1aba0b,ZZS_90196f31d6,郑州火车站,0.35,line_propagated,1号线,0,normal_info,0,1号线|2号线|城郊线
ZZM_CN_3b85db1aba0b,ZZS_90c4ce1eb7,沙门,0.6,interval_inferred,interval,0,normal_info,0,1号线|2号线|城郊线
ZZM_CN_3b85db1aba0b,ZZS_93b9249040,二里岗,0.6,interval_inferred,interval,0,normal_info,0,1号线|2号线|城郊线
ZZM_CN_3b85db1aba0b,ZZS_9660c27c11,站马屯,0.6,interval_inferred,interval,0,normal_info,0,1号线|2号线|城郊线
ZZM_CN_3b85db1aba0b,ZZS_9a0290117b,新郑机场,0.35,line_propagated,城郊线,0,normal_info,0,1号线|2号线|城郊线
ZZM_CN_3b85db1aba0b,ZZS_9f383e1427,花寨,0.6,interval_inferred,interval,0,normal_info,0,1号线|2号线|城郊线
ZZM_CN_3b85db1aba0b,ZZS_a14df2d44f,紫荆山,0.6,interval_inferred,interval,0,normal_info,0,1号线|2号线|城郊线
ZZM_CN_3b85db1aba0b,ZZS_a4bd95d57e,机场东,0.35,line_propagated,城郊线,0,normal_info,0,1号线|2号线|城郊线
ZZM_CN_3b85db1aba0b,ZZS_a7b91da4c7,陇海东路,0.6,interval_inferred,interval,0,normal_info,0,1号线|2号线|城郊线
ZZM_CN_3b85db1aba0b,ZZS_abc078ccd5,黄河迎宾馆,0.35,line_propagated,2号线,0,normal_info,0,1号线|2号线|城郊线
ZZM_CN_3b85db1aba0b,ZZS_ae1b2afcad,梧桐街,0.35,line_propagated,1号线,0,normal_info,0,1号线|2号线|城郊线
ZZM_CN_3b85db1aba0b,ZZS_aed2ee7bb7,河南工业大学,0.35,line_propagated,1号线,0,normal_info,0,1号线|2号线|城郊线
ZZM_CN_3b85db1aba0b,ZZS_afdeac8ac7,沙窝李,0.35,line_propagated,城郊线,0,normal_info,0,1号线|2号线|城郊线
ZZM_CN_3b85db1aba0b,ZZS_b0ac143899,龙子湖,0.35,line_propagated,1号线,0,normal_info,0,1号线|2号线|城郊线
ZZM_CN_3b85db1aba0b,ZZS_b37a0bcf35,郑大科技园,0.35,line_propagated,1号线,0,normal_info,0,1号线|2号线|城郊线
ZZM_CN_3b85db1aba0b,ZZS_b8d795b006,黄河南路,0.35,line_propagated,1号线,0,normal_info,0,1号线|2号线|城郊线
ZZM_CN_3b85db1aba0b,ZZS_bb3c17098a,人民路,0.35,line_propagated,1号线,0,normal_info,0,1号线|2号线|城郊线
ZZM_CN_3b85db1aba0b,ZZS_bdc2a71da9,柳林,0.6,interval_inferred,interval,0,normal_info,0,1号线|2号线|城郊线
ZZM_CN_3b85db1aba0b,ZZS_bf7f2bfbd0,博学路,0.35,line_propagated,1号线,0,normal_info,0,1号线|2号线|城郊线
ZZM_CN_3b85db1aba0b,ZZS_c180efc575,贾河,0.35,line_propagated,2号线,0,normal_info,0,1号线|2号线|城郊线
ZZM_CN_3b85db1aba0b,ZZS_c9109d3d9f,医学院,0.35,line_propagated,1号线,0,normal_info,0,1号线|2号线|城郊线
ZZM_CN_3b85db1aba0b,ZZS_cc61daaced,市体育中心,0.35,line_propagated,1号线,0,normal_info,0,1号线|2号线|城郊线
ZZM_CN_3b85db1aba0b,ZZS_d0e428cc6b,孟庄,0.35,line_propagated,城郊线,0,normal_info,0,1号线|2号线|城郊线
ZZM_CN_3b85db1aba0b,ZZS_d61a964e41,市民中心,0.35,line_propagated,1号线,0,normal_info,0,1号线|2号线|城郊线
ZZM_CN_3b85db1aba0b,ZZS_e4b35b2f4d,郑州大学,0.35,line_propagated,1号线,0,normal_info,0,1号线|2号线|城郊线
ZZM_CN_3b85db1aba0b,ZZS_e67ffc082e,西流湖,0.35,line_propagated,1号线,0,normal_info,0,1号线|2号线|城郊线
ZZM_CN_3b85db1aba0b,ZZS_eef68bcc4f,郑州航空港站,0.35,line_propagated,城郊线,0,normal_info,0,1号线|2号线|城郊线
ZZM_CN_3b85db1aba0b,ZZS_ff256e6634,北三环,0.6,interval_inferred,interval,0,normal_info,0,1号线|2号线|城郊线
ZZM_CN_3b85db1aba0b,ZZS_ff2a277828,民航路,0.35,line_propagated,1号线,0,normal_info,0,1号线|2号线|城郊线
ZZM_CN_3b85db1aba0b,ZZS_ff491e6fdf,东风路,0.6,interval_inferred,interval,0,normal_info,0,1号线|2号线|城郊线
ZZM_CN_3b85db1aba0b,ZZS_ff6940526d,郑州东站,0.35,line_propagated,1号线,0,normal_info,0,1号线|2号线|城郊线
ZZM_CN_3c3e27b94c92,ZZS_00f55fa149,碧沙岗,0.35,line_propagated,1号线,0,normal_info,0,1号线
ZZM_CN_3c3e27b94c92,ZZS_065e638aef,东风南路,0.35,line_propagated,1号线,0,normal_info,0,1号线
ZZM_CN_3c3e27b94c92,ZZS_0660d199a6,农业南路,0.35,line_propagated,1号线,0,normal_info,0,1号线
ZZM_CN_3c3e27b94c92,ZZS_0ccbb4888d,二七广场,0.35,line_propagated,1号线,0,normal_info,0,1号线
ZZM_CN_3c3e27b94c92,ZZS_1acdaac4ce,铁炉,0.35,line_propagated,1号线,0,normal_info,0,1号线
ZZM_CN_3c3e27b94c92,ZZS_27d32a2e36,五一公园,0.35,line_propagated,1号线,0,normal_info,0,1号线
ZZM_CN_3c3e27b94c92,ZZS_3813354d55,绿城广场,0.35,line_propagated,1号线,0,normal_info,0,1号线
ZZM_CN_3c3e27b94c92,ZZS_38180914a0,燕庄,0.35,line_propagated,1号线,0,normal_info,0,1号线
ZZM_CN_3c3e27b94c92,ZZS_52a5a7940c,兰寨,0.35,line_propagated,1号线,0,normal_info,0,1号线
ZZM_CN_3c3e27b94c92,ZZS_5d37b2006d,河南大学新区,0.35,line_propagated,1号线,0,normal_info,0,1号线
ZZM_CN_3c3e27b94c92,ZZS_6c89efbe2c,文苑北路,0.35,line_propagated,1号线,0,normal_info,0,1号线
ZZM_CN_3c3e27b94c92,ZZS_87213b5129,会展中心,0.35,line_propagated,1号线,0,normal_info,0,1号线
ZZM_CN_3c3e27b94c92,ZZS_881a48e5bb,西三环,0.35,line_propagated,1号线,0,normal_info,0,1号线
ZZM_CN_3c3e27b94c92,ZZS_89f2ce9b1d,秦岭路,0.35,line_propagated,1号线,0,normal_info,0,1号线
ZZM_CN_3c3e27b94c92,ZZS_90196f31d6,郑州火车站,0.35,line_propagated,1号线,0,normal_info,0,1号线
ZZM_CN_3c3e27b94c92,ZZS_a14df2d44f,紫荆山,0.35,line_propagated,1号线,0,normal_info,0,1号线
ZZM_CN_3c3e27b94c92,ZZS_ae1b2afcad,梧桐街,0.35,line_propagated,1号线,0,normal_info,0,1号线
ZZM_CN_3c3e27b94c92,ZZS_aed2ee7bb7,河南工业大学,0.35,line_propagated,1号线,0,normal_info,0,1号线
ZZM_CN_3c3e27b94c92,ZZS_b0ac143899,龙子湖,0.35,line_propagated,1号线,0,normal_info,0,1号线
ZZM_CN_3c3e27b94c92,ZZS_b37a0bcf35,郑大科技园,0.35,line_propagated,1号线,0,normal_info,0,1号线
ZZM_CN_3c3e27b94c92,ZZS_b8d795b006,黄河南路,0.35,line_propagated,1号线,0,normal_info,0,1号线
ZZM_CN_3c3e27b94c92,ZZS_bb3c17098a,人民路,0.35,line_propagated,1号线,0,normal_info,0,1号线
ZZM_CN_3c3e27b94c92,ZZS_bf7f2bfbd0,博学路,0.35,line_propagated,1号线,0,normal_info,0,1号线
ZZM_CN_3c3e27b94c92,ZZS_c9109d3d9f,医学院,0.35,line_propagated,1号线,0,normal_info,0,1号线
ZZM_CN_3c3e27b94c92,ZZS_cc61daaced,市体育中心,0.35,line_propagated,1号线,0,normal_info,0,1号线
ZZM_CN_3c3e27b94c92,ZZS_d61a964e41,市民中心,0.35,line_propagated,1号线,0,normal_info,0,1号线
ZZM_CN_3c3e27b94c92,ZZS_e4b35b2f4d,郑州大学,0.35,line_propagated,1号线,0,normal_info,0,1号线
ZZM_CN_3c3e27b94c92,ZZS_e67ffc082e,西流湖,0.35,line_propagated,1号线,0,normal_info,0,1号线
ZZM_CN_3c3e27b94c92,ZZS_ff2a277828,民航路,0.35,line_propagated,1号线,0,normal_info,0,1号线
ZZM_CN_3c3e27b94c92,ZZS_ff6940526d,郑州东站,0.35,line_propagated,1号线,0,normal_info,0,1号线
ZZM_CN_3d4745a0861f,ZZS_00f55fa149,碧沙岗,0.35,line_propagated,1号线,1,service_disruption,2,1号线
ZZM_CN_3d4745a0861f,ZZS_065e638aef,东风南路,0.35,line_propagated,1号线,1,service_disruption,2,1号线
ZZM_CN_3d4745a0861f,ZZS_0660d199a6,农业南路,0.35,line_propagated,1号线,1,service_disruption,2,1号线
ZZM_CN_3d4745a0861f,ZZS_0ccbb4888d,二七广场,0.35,line_propagated,1号线,1,service_disruption,2,1号线
ZZM_CN_3d4745a0861f,ZZS_1acdaac4ce,铁炉,0.35,line_propagated,1号线,1,service_disruption,2,1号线
ZZM_CN_3d4745a0861f,ZZS_27d32a2e36,五一公园,0.35,line_propagated,1号线,1,service_disruption,2,1号线
ZZM_CN_3d4745a0861f,ZZS_3813354d55,绿城广场,0.35,line_propagated,1号线,1,service_disruption,2,1号线
ZZM_CN_3d4745a0861f,ZZS_38180914a0,燕庄,0.35,line_propagated,1号线,1,service_disruption,2,1号线
ZZM_CN_3d4745a0861f,ZZS_52a5a7940c,兰寨,0.35,line_propagated,1号线,1,service_disruption,2,1号线
ZZM_CN_3d4745a0861f,ZZS_5d37b2006d,河南大学新区,0.35,line_propagated,1号线,1,service_disruption,2,1号线
ZZM_CN_3d4745a0861f,ZZS_6c89efbe2c,文苑北路,0.35,line_propagated,1号线,1,service_disruption,2,1号线
ZZM_CN_3d4745a0861f,ZZS_87213b5129,会展中心,0.35,line_propagated,1号线,1,service_disruption,2,1号线
ZZM_CN_3d4745a0861f,ZZS_881a48e5bb,西三环,0.35,line_propagated,1号线,1,service_disruption,2,1号线
ZZM_CN_3d4745a0861f,ZZS_89f2ce9b1d,秦岭路,0.35,line_propagated,1号线,1,service_disruption,2,1号线
ZZM_CN_3d4745a0861f,ZZS_90196f31d6,郑州火车站,0.35,line_propagated,1号线,1,service_disruption,2,1号线
ZZM_CN_3d4745a0861f,ZZS_a14df2d44f,紫荆山,0.35,line_propagated,1号线,1,service_disruption,2,1号线
ZZM_CN_3d4745a0861f,ZZS_ae1b2afcad,梧桐街,0.35,line_propagated,1号线,1,service_disruption,2,1号线
ZZM_CN_3d4745a0861f,ZZS_aed2ee7bb7,河南工业大学,0.35,line_propagated,1号线,1,service_disruption,2,1号线
ZZM_CN_3d4745a0861f,ZZS_b0ac143899,龙子湖,0.35,line_propagated,1号线,1,service_disruption,2,1号线
ZZM_CN_3d4745a0861f,ZZS_b37a0bcf35,郑大科技园,0.35,line_propagated,1号线,1,service_disruption,2,1号线
ZZM_CN_3d4745a0861f,ZZS_b8d795b006,黄河南路,0.35,line_propagated,1号线,1,service_disruption,2,1号线
ZZM_CN_3d4745a0861f,ZZS_bb3c17098a,人民路,0.35,line_propagated,1号线,1,service_disruption,2,1号线
ZZM_CN_3d4745a0861f,ZZS_bf7f2bfbd0,博学路,0.35,line_propagated,1号线,1,service_disruption,2,1号线
ZZM_CN_3d4745a0861f,ZZS_c9109d3d9f,医学院,0.35,line_propagated,1号线,1,service_disruption,2,1号线
ZZM_CN_3d4745a0861f,ZZS_cc61daaced,市体育中心,0.35,line_propagated,1号线,1,service_disruption,2,1号线
ZZM_CN_3d4745a0861f,ZZS_d61a964e41,市民中心,0.35,line_propagated,1号线,1,service_disruption,2,1号线
ZZM_CN_3d4745a0861f,ZZS_e4b35b2f4d,郑州大学,0.35,line_propagated,1号线,1,service_disruption,2,1号线
ZZM_CN_3d4745a0861f,ZZS_e67ffc082e,西流湖,0.35,line_propagated,1号线,1,service_disruption,2,1号线
ZZM_CN_3d4745a0861f,ZZS_ff2a277828,民航路,0.35,line_propagated,1号线,1,service_disruption,2,1号线
ZZM_CN_3d4745a0861f,ZZS_ff6940526d,郑州东站,0.35,line_propagated,1号线,1,service_disruption,2,1号线
ZZM_CN_3dec2b3d4550,ZZS_00f55fa149,碧沙岗,0.35,line_propagated,1号线,0,normal_info,0,1号线
ZZM_CN_3dec2b3d4550,ZZS_065e638aef,东风南路,0.35,line_propagated,1号线,0,normal_info,0,1号线
ZZM_CN_3dec2b3d4550,ZZS_0660d199a6,农业南路,0.35,line_propagated,1号线,0,normal_info,0,1号线
ZZM_CN_3dec2b3d4550,ZZS_0ccbb4888d,二七广场,0.35,line_propagated,1号线,0,normal_info,0,1号线
ZZM_CN_3dec2b3d4550,ZZS_1acdaac4ce,铁炉,0.35,line_propagated,1号线,0,normal_info,0,1号线
ZZM_CN_3dec2b3d4550,ZZS_27d32a2e36,五一公园,0.35,line_propagated,1号线,0,normal_info,0,1号线
ZZM_CN_3dec2b3d4550,ZZS_3813354d55,绿城广场,0.35,line_propagated,1号线,0,normal_info,0,1号线
ZZM_CN_3dec2b3d4550,ZZS_38180914a0,燕庄,0.35,line_propagated,1号线,0,normal_info,0,1号线
ZZM_CN_3dec2b3d4550,ZZS_52a5a7940c,兰寨,0.35,line_propagated,1号线,0,normal_info,0,1号线
ZZM_CN_3dec2b3d4550,ZZS_5d37b2006d,河南大学新区,0.35,line_propagated,1号线,0,normal_info,0,1号线
ZZM_CN_3dec2b3d4550,ZZS_6c89efbe2c,文苑北路,0.35,line_propagated,1号线,0,normal_info,0,1号线
ZZM_CN_3dec2b3d4550,ZZS_87213b5129,会展中心,0.35,line_propagated,1号线,0,normal_info,0,1号线
ZZM_CN_3dec2b3d4550,ZZS_881a48e5bb,西三环,0.35,line_propagated,1号线,0,normal_info,0,1号线
ZZM_CN_3dec2b3d4550,ZZS_89f2ce9b1d,秦岭路,0.35,line_propagated,1号线,0,normal_info,0,1号线
ZZM_CN_3dec2b3d4550,ZZS_90196f31d6,郑州火车站,0.35,line_propagated,1号线,0,normal_info,0,1号线
ZZM_CN_3dec2b3d4550,ZZS_a14df2d44f,紫荆山,0.35,line_propagated,1号线,0,normal_info,0,1号线
ZZM_CN_3dec2b3d4550,ZZS_ae1b2afcad,梧桐街,0.35,line_propagated,1号线,0,normal_info,0,1号线
ZZM_CN_3dec2b3d4550,ZZS_aed2ee7bb7,河南工业大学,0.35,line_propagated,1号线,0,normal_info,0,1号线
ZZM_CN_3dec2b3d4550,ZZS_b0ac143899,龙子湖,0.35,line_propagated,1号线,0,normal_info,0,1号线
ZZM_CN_3dec2b3d4550,ZZS_b37a0bcf35,郑大科技园,0.35,line_propagated,1号线,0,normal_info,0,1号线
ZZM_CN_3dec2b3d4550,ZZS_b8d795b006,黄河南路,0.35,line_propagated,1号线,0,normal_info,0,1号线
ZZM_CN_3dec2b3d4550,ZZS_bb3c17098a,人民路,0.35,line_propagated,1号线,0,normal_info,0,1号线
ZZM_CN_3dec2b3d4550,ZZS_bf7f2bfbd0,博学路,0.35,line_propagated,1号线,0,normal_info,0,1号线
ZZM_CN_3dec2b3d4550,ZZS_c9109d3d9f,医学院,0.35,line_propagated,1号线,0,normal_info,0,1号线
ZZM_CN_3dec2b3d4550,ZZS_cc61daaced,市体育中心,0.35,line_propagated,1号线,0,normal_info,0,1号线
ZZM_CN_3dec2b3d4550,ZZS_d61a964e41,市民中心,0.35,line_propagated,1号线,0,normal_info,0,1号线
ZZM_CN_3dec2b3d4550,ZZS_e4b35b2f4d,郑州大学,0.35,line_propagated,1号线,0,normal_info,0,1号线
ZZM_CN_3dec2b3d4550,ZZS_e67ffc082e,西流湖,0.35,line_propagated,1号线,0,normal_info,0,1号线
ZZM_CN_3dec2b3d4550,ZZS_ff2a277828,民航路,0.35,line_propagated,1号线,0,normal_info,0,1号线
ZZM_CN_3dec2b3d4550,ZZS_ff6940526d,郑州东站,0.35,line_propagated,1号线,0,normal_info,0,1号线
ZZM_CN_3f8a008eb1fe,ZZS_05d97db6f2,司赵,0.35,line_propagated,3号线,0,normal_info,0,3号线
ZZM_CN_3f8a008eb1fe,ZZS_0ccbb4888d,二七广场,0.35,line_propagated,3号线,0,normal_info,0,3号线
ZZM_CN_3f8a008eb1fe,ZZS_1371fabdab,西大街,0.35,line_propagated,3号线,0,normal_info,0,3号线
ZZM_CN_3f8a008eb1fe,ZZS_13fc13c558,郑州文庙,0.35,line_propagated,3号线,0,normal_info,0,3号线
ZZM_CN_3f8a008eb1fe,ZZS_25a45ff011,东周,0.35,line_propagated,3号线,0,normal_info,0,3号线
ZZM_CN_3f8a008eb1fe,ZZS_28ee7061d7,东十里铺,0.35,line_propagated,3号线,0,normal_info,0,3号线
ZZM_CN_3f8a008eb1fe,ZZS_29284451da,凤凰台,0.35,line_propagated,3号线,0,normal_info,0,3号线
ZZM_CN_3f8a008eb1fe,ZZS_31a002aa03,海滩寺,0.35,line_propagated,3号线,0,normal_info,0,3号线
ZZM_CN_3f8a008eb1fe,ZZS_44eab6c022,南阳新村,0.35,line_propagated,3号线,0,normal_info,0,3号线
ZZM_CN_3f8a008eb1fe,ZZS_51e572c7c3,东大街,0.35,line_propagated,3号线,0,normal_info,0,3号线
ZZM_CN_3f8a008eb1fe,ZZS_5563728074,营岗,0.35,line_propagated,3号线,0,normal_info,0,3号线
ZZM_CN_3f8a008eb1fe,ZZS_6605be2a4e,省体育中心,0.35,line_propagated,3号线,0,normal_info,0,3号线
ZZM_CN_3f8a008eb1fe,ZZS_662c95b759,王砦,0.35,line_propagated,3号线,0,normal_info,0,3号线
ZZM_CN_3f8a008eb1fe,ZZS_6a0a21f658,通泰路,0.35,line_propagated,3号线,0,normal_info,0,3号线
ZZM_CN_3f8a008eb1fe,ZZS_973f67bf8a,同乐,0.35,line_propagated,3号线,0,normal_info,0,3号线
ZZM_CN_3f8a008eb1fe,ZZS_9a51a2fe83,兴隆铺,0.35,line_propagated,3号线,0,normal_info,0,3号线
ZZM_CN_3f8a008eb1fe,ZZS_a3cc0229f4,省骨科医院,0.35,line_propagated,3号线,0,normal_info,0,3号线
ZZM_CN_3f8a008eb1fe,ZZS_a9af1749e0,西周,0.35,line_propagated,3号线,0,normal_info,0,3号线
ZZM_CN_3f8a008eb1fe,ZZS_b5c4192440,圃田西,0.35,line_propagated,3号线,0,normal_info,0,3号线
ZZM_CN_3f8a008eb1fe,ZZS_b9cd9992ce,人民公园,0.35,line_propagated,3号线,0,normal_info,0,3号线
ZZM_CN_3f8a008eb1fe,ZZS_ba70aa715e,博览中心,0.35,line_propagated,3号线,0,normal_info,0,3号线
ZZM_CN_3f8a008eb1fe,ZZS_c5943bbf34,滨河新城,0.35,line_propagated,3号线,0,normal_info,0,3号线
ZZM_CN_3f8a008eb1fe,ZZS_c8f4a267a6,大石桥,0.35,line_propagated,3号线,0,normal_info,0,3号线
ZZM_CN_3f8a008eb1fe,ZZS_e9c14949ec,滨河新城南,0.35,line_propagated,3号线,0,normal_info,0,3号线
ZZM_CN_3f8a008eb1fe,ZZS_ef6263ba13,潮河,0.35,line_propagated,3号线,0,normal_info,0,3号线
ZZM_CN_3f9135f42d56,ZZS_00f55fa149,碧沙岗,0.35,line_propagated,1号线,0,normal_info,0,1号线
ZZM_CN_3f9135f42d56,ZZS_065e638aef,东风南路,0.35,line_propagated,1号线,0,normal_info,0,1号线
ZZM_CN_3f9135f42d56,ZZS_0660d199a6,农业南路,0.35,line_propagated,1号线,0,normal_info,0,1号线
ZZM_CN_3f9135f42d56,ZZS_0ccbb4888d,二七广场,0.35,line_propagated,1号线,0,normal_info,0,1号线
ZZM_CN_3f9135f42d56,ZZS_1acdaac4ce,铁炉,0.35,line_propagated,1号线,0,normal_info,0,1号线
ZZM_CN_3f9135f42d56,ZZS_27d32a2e36,五一公园,0.35,line_propagated,1号线,0,normal_info,0,1号线
ZZM_CN_3f9135f42d56,ZZS_3813354d55,绿城广场,0.9,exact+line,1号线|绿城广场,0,normal_info,0,1号线
ZZM_CN_3f9135f42d56,ZZS_38180914a0,燕庄,0.35,line_propagated,1号线,0,normal_info,0,1号线
ZZM_CN_3f9135f42d56,ZZS_52a5a7940c,兰寨,0.35,line_propagated,1号线,0,normal_info,0,1号线
ZZM_CN_3f9135f42d56,ZZS_5d37b2006d,河南大学新区,0.35,line_propagated,1号线,0,normal_info,0,1号线
ZZM_CN_3f9135f42d56,ZZS_6c89efbe2c,文苑北路,0.35,line_propagated,1号线,0,normal_info,0,1号线
ZZM_CN_3f9135f42d56,ZZS_87213b5129,会展中心,0.35,line_propagated,1号线,0,normal_info,0,1号线
ZZM_CN_3f9135f42d56,ZZS_881a48e5bb,西三环,0.35,line_propagated,1号线,0,normal_info,0,1号线
ZZM_CN_3f9135f42d56,ZZS_89f2ce9b1d,秦岭路,0.35,line_propagated,1号线,0,normal_info,0,1号线
ZZM_CN_3f9135f42d56,ZZS_90196f31d6,郑州火车站,0.35,line_propagated,1号线,0,normal_info,0,1号线
ZZM_CN_3f9135f42d56,ZZS_a14df2d44f,紫荆山,0.35,line_propagated,1号线,0,normal_info,0,1号线
ZZM_CN_3f9135f42d56,ZZS_ae1b2afcad,梧桐街,0.35,line_propagated,1号线,0,normal_info,0,1号线
ZZM_CN_3f9135f42d56,ZZS_aed2ee7bb7,河南工业大学,0.35,line_propagated,1号线,0,normal_info,0,1号线
ZZM_CN_3f9135f42d56,ZZS_b0ac143899,龙子湖,0.35,line_propagated,1号线,0,normal_info,0,1号线
ZZM_CN_3f9135f42d56,ZZS_b37a0bcf35,郑大科技园,0.35,line_propagated,1号线,0,normal_info,0,1号线
ZZM_CN_3f9135f42d56,ZZS_b8d795b006,黄河南路,0.35,line_propagated,1号线,0,normal_info,0,1号线
ZZM_CN_3f9135f42d56,ZZS_bb3c17098a,人民路,0.35,line_propagated,1号线,0,normal_info,0,1号线
ZZM_CN_3f9135f42d56,ZZS_bf7f2bfbd0,博学路,0.35,line_propagated,1号线,0,normal_info,0,1号线
ZZM_CN_3f9135f42d56,ZZS_c9109d3d9f,医学院,0.35,line_propagated,1号线,0,normal_info,0,1号线
ZZM_CN_3f9135f42d56,ZZS_cc61daaced,市体育中心,0.35,line_propagated,1号线,0,normal_info,0,1号线
ZZM_CN_3f9135f42d56,ZZS_d61a964e41,市民中心,0.35,line_propagated,1号线,0,normal_info,0,1号线
ZZM_CN_3f9135f42d56,ZZS_e4b35b2f4d,郑州大学,0.35,line_propagated,1号线,0,normal_info,0,1号线
ZZM_CN_3f9135f42d56,ZZS_e67ffc082e,西流湖,0.35,line_propagated,1号线,0,normal_info,0,1号线
ZZM_CN_3f9135f42d56,ZZS_ff2a277828,民航路,0.35,line_propagated,1号线,0,normal_info,0,1号线
ZZM_CN_3f9135f42d56,ZZS_ff6940526d,郑州东站,0.35,line_propagated,1号线,0,normal_info,0,1号线
ZZM_CN_3fcd40478016,ZZS_00f55fa149,碧沙岗,0.35,line_propagated,1号线,0,normal_info,0,1号线
ZZM_CN_3fcd40478016,ZZS_065e638aef,东风南路,0.35,line_propagated,1号线,0,normal_info,0,1号线
ZZM_CN_3fcd40478016,ZZS_0660d199a6,农业南路,0.35,line_propagated,1号线,0,normal_info,0,1号线
ZZM_CN_3fcd40478016,ZZS_0ccbb4888d,二七广场,0.35,line_propagated,1号线,0,normal_info,0,1号线
ZZM_CN_3fcd40478016,ZZS_1acdaac4ce,铁炉,0.35,line_propagated,1号线,0,normal_info,0,1号线
ZZM_CN_3fcd40478016,ZZS_27d32a2e36,五一公园,0.35,line_propagated,1号线,0,normal_info,0,1号线
ZZM_CN_3fcd40478016,ZZS_3813354d55,绿城广场,0.35,line_propagated,1号线,0,normal_info,0,1号线
ZZM_CN_3fcd40478016,ZZS_38180914a0,燕庄,0.35,line_propagated,1号线,0,normal_info,0,1号线
ZZM_CN_3fcd40478016,ZZS_52a5a7940c,兰寨,0.35,line_propagated,1号线,0,normal_info,0,1号线
ZZM_CN_3fcd40478016,ZZS_5d37b2006d,河南大学新区,0.35,line_propagated,1号线,0,normal_info,0,1号线
ZZM_CN_3fcd40478016,ZZS_6c89efbe2c,文苑北路,0.35,line_propagated,1号线,0,normal_info,0,1号线
ZZM_CN_3fcd40478016,ZZS_87213b5129,会展中心,0.35,line_propagated,1号线,0,normal_info,0,1号线
ZZM_CN_3fcd40478016,ZZS_881a48e5bb,西三环,0.35,line_propagated,1号线,0,normal_info,0,1号线
ZZM_CN_3fcd40478016,ZZS_89f2ce9b1d,秦岭路,0.35,line_propagated,1号线,0,normal_info,0,1号线
ZZM_CN_3fcd40478016,ZZS_90196f31d6,郑州火车站,0.35,line_propagated,1号线,0,normal_info,0,1号线
ZZM_CN_3fcd40478016,ZZS_a14df2d44f,紫荆山,0.35,line_propagated,1号线,0,normal_info,0,1号线
ZZM_CN_3fcd40478016,ZZS_ae1b2afcad,梧桐街,0.35,line_propagated,1号线,0,normal_info,0,1号线
ZZM_CN_3fcd40478016,ZZS_aed2ee7bb7,河南工业大学,0.35,line_propagated,1号线,0,normal_info,0,1号线
ZZM_CN_3fcd40478016,ZZS_b0ac143899,龙子湖,0.35,line_propagated,1号线,0,normal_info,0,1号线
ZZM_CN_3fcd40478016,ZZS_b37a0bcf35,郑大科技园,0.35,line_propagated,1号线,0,normal_info,0,1号线
ZZM_CN_3fcd40478016,ZZS_b8d795b006,黄河南路,0.35,line_propagated,1号线,0,normal_info,0,1号线
ZZM_CN_3fcd40478016,ZZS_bb3c17098a,人民路,0.35,line_propagated,1号线,0,normal_info,0,1号线
ZZM_CN_3fcd40478016,ZZS_bf7f2bfbd0,博学路,0.35,line_propagated,1号线,0,normal_info,0,1号线
ZZM_CN_3fcd40478016,ZZS_c9109d3d9f,医学院,0.35,line_propagated,1号线,0,normal_info,0,1号线
ZZM_CN_3fcd40478016,ZZS_cc61daaced,市体育中心,0.35,line_propagated,1号线,0,normal_info,0,1号线
ZZM_CN_3fcd40478016,ZZS_d61a964e41,市民中心,0.35,line_propagated,1号线,0,normal_info,0,1号线
ZZM_CN_3fcd40478016,ZZS_e4b35b2f4d,郑州大学,0.35,line_propagated,1号线,0,normal_info,0,1号线
ZZM_CN_3fcd40478016,ZZS_e67ffc082e,西流湖,0.35,line_propagated,1号线,0,normal_info,0,1号线
ZZM_CN_3fcd40478016,ZZS_ff2a277828,民航路,0.35,line_propagated,1号线,0,normal_info,0,1号线
ZZM_CN_3fcd40478016,ZZS_ff6940526d,郑州东站,0.35,line_propagated,1号线,0,normal_info,0,1号线
ZZM_CN_41547ea24423,ZZS_00f55fa149,碧沙岗,0.35,line_propagated,1号线,0,normal_info,0,1号线
ZZM_CN_41547ea24423,ZZS_065e638aef,东风南路,0.35,line_propagated,1号线,0,normal_info,0,1号线
ZZM_CN_41547ea24423,ZZS_0660d199a6,农业南路,0.35,line_propagated,1号线,0,normal_info,0,1号线
ZZM_CN_41547ea24423,ZZS_0ccbb4888d,二七广场,0.35,line_propagated,1号线,0,normal_info,0,1号线
ZZM_CN_41547ea24423,ZZS_1acdaac4ce,铁炉,0.35,line_propagated,1号线,0,normal_info,0,1号线
ZZM_CN_41547ea24423,ZZS_27d32a2e36,五一公园,0.35,line_propagated,1号线,0,normal_info,0,1号线
ZZM_CN_41547ea24423,ZZS_3813354d55,绿城广场,0.35,line_propagated,1号线,0,normal_info,0,1号线
ZZM_CN_41547ea24423,ZZS_38180914a0,燕庄,0.35,line_propagated,1号线,0,normal_info,0,1号线
ZZM_CN_41547ea24423,ZZS_52a5a7940c,兰寨,0.35,line_propagated,1号线,0,normal_info,0,1号线
ZZM_CN_41547ea24423,ZZS_5d37b2006d,河南大学新区,0.35,line_propagated,1号线,0,normal_info,0,1号线
ZZM_CN_41547ea24423,ZZS_6c89efbe2c,文苑北路,0.35,line_propagated,1号线,0,normal_info,0,1号线
ZZM_CN_41547ea24423,ZZS_87213b5129,会展中心,0.35,line_propagated,1号线,0,normal_info,0,1号线
ZZM_CN_41547ea24423,ZZS_881a48e5bb,西三环,0.35,line_propagated,1号线,0,normal_info,0,1号线
ZZM_CN_41547ea24423,ZZS_89f2ce9b1d,秦岭路,0.35,line_propagated,1号线,0,normal_info,0,1号线
ZZM_CN_41547ea24423,ZZS_90196f31d6,郑州火车站,0.35,line_propagated,1号线,0,normal_info,0,1号线
ZZM_CN_41547ea24423,ZZS_a14df2d44f,紫荆山,0.35,line_propagated,1号线,0,normal_info,0,1号线
ZZM_CN_41547ea24423,ZZS_ae1b2afcad,梧桐街,0.35,line_propagated,1号线,0,normal_info,0,1号线
ZZM_CN_41547ea24423,ZZS_aed2ee7bb7,河南工业大学,0.35,line_propagated,1号线,0,normal_info,0,1号线
ZZM_CN_41547ea24423,ZZS_b0ac143899,龙子湖,0.35,line_propagated,1号线,0,normal_info,0,1号线
ZZM_CN_41547ea24423,ZZS_b37a0bcf35,郑大科技园,0.35,line_propagated,1号线,0,normal_info,0,1号线
ZZM_CN_41547ea24423,ZZS_b8d795b006,黄河南路,0.35,line_propagated,1号线,0,normal_info,0,1号线
ZZM_CN_41547ea24423,ZZS_bb3c17098a,人民路,0.35,line_propagated,1号线,0,normal_info,0,1号线
ZZM_CN_41547ea24423,ZZS_bf7f2bfbd0,博学路,0.35,line_propagated,1号线,0,normal_info,0,1号线
ZZM_CN_41547ea24423,ZZS_c9109d3d9f,医学院,0.35,line_propagated,1号线,0,normal_info,0,1号线
ZZM_CN_41547ea24423,ZZS_cc61daaced,市体育中心,0.35,line_propagated,1号线,0,normal_info,0,1号线
ZZM_CN_41547ea24423,ZZS_d61a964e41,市民中心,0.35,line_propagated,1号线,0,normal_info,0,1号线
ZZM_CN_41547ea24423,ZZS_e4b35b2f4d,郑州大学,0.35,line_propagated,1号线,0,normal_info,0,1号线
ZZM_CN_41547ea24423,ZZS_e67ffc082e,西流湖,0.35,line_propagated,1号线,0,normal_info,0,1号线
ZZM_CN_41547ea24423,ZZS_ff2a277828,民航路,0.35,line_propagated,1号线,0,normal_info,0,1号线
ZZM_CN_41547ea24423,ZZS_ff6940526d,郑州东站,0.35,line_propagated,1号线,0,normal_info,0,1号线
ZZM_CN_41e341b4471b,ZZS_02cf3e4cf5,南三环,0.35,line_propagated,2号线,0,normal_info,0,2号线
ZZM_CN_41e341b4471b,ZZS_1a5721a427,毛庄,0.35,line_propagated,2号线,0,normal_info,0,2号线
ZZM_CN_41e341b4471b,ZZS_20262a52f0,南五里堡,0.35,line_propagated,2号线,0,normal_info,0,2号线
ZZM_CN_41e341b4471b,ZZS_2bd57be00d,关虎屯,0.35,line_propagated,2号线,0,normal_info,0,2号线
ZZM_CN_41e341b4471b,ZZS_43a808507b,金洼,0.35,line_propagated,2号线,0,normal_info,0,2号线
ZZM_CN_41e341b4471b,ZZS_4d258fdd50,金达路,0.35,line_propagated,2号线,0,normal_info,0,2号线
ZZM_CN_41e341b4471b,ZZS_51e572c7c3,东大街,0.35,line_propagated,2号线,0,normal_info,0,2号线
ZZM_CN_41e341b4471b,ZZS_54adf32b6c,南四环,0.35,line_propagated,2号线,0,normal_info,0,2号线
ZZM_CN_41e341b4471b,ZZS_6b600b7696,刘庄,0.35,line_propagated,2号线,0,normal_info,0,2号线
ZZM_CN_41e341b4471b,ZZS_72de4f5f66,惠济区政府,0.35,line_propagated,2号线,0,normal_info,0,2号线
ZZM_CN_41e341b4471b,ZZS_7dd13fd23f,黄河路,0.35,line_propagated,2号线,0,normal_info,0,2号线
ZZM_CN_41e341b4471b,ZZS_90c4ce1eb7,沙门,0.35,line_propagated,2号线,0,normal_info,0,2号线
ZZM_CN_41e341b4471b,ZZS_93b9249040,二里岗,0.35,line_propagated,2号线,0,normal_info,0,2号线
ZZM_CN_41e341b4471b,ZZS_9660c27c11,站马屯,0.35,line_propagated,2号线,0,normal_info,0,2号线
ZZM_CN_41e341b4471b,ZZS_9f383e1427,花寨,0.35,line_propagated,2号线,0,normal_info,0,2号线
ZZM_CN_41e341b4471b,ZZS_a14df2d44f,紫荆山,0.35,line_propagated,2号线,0,normal_info,0,2号线
ZZM_CN_41e341b4471b,ZZS_a7b91da4c7,陇海东路,0.35,line_propagated,2号线,0,normal_info,0,2号线
ZZM_CN_41e341b4471b,ZZS_abc078ccd5,黄河迎宾馆,0.35,line_propagated,2号线,0,normal_info,0,2号线
ZZM_CN_41e341b4471b,ZZS_bdc2a71da9,柳林,0.35,line_propagated,2号线,0,normal_info,0,2号线
ZZM_CN_41e341b4471b,ZZS_c180efc575,贾河,0.35,line_propagated,2号线,0,normal_info,0,2号线
ZZM_CN_41e341b4471b,ZZS_ff256e6634,北三环,0.35,line_propagated,2号线,0,normal_info,0,2号线
ZZM_CN_41e341b4471b,ZZS_ff491e6fdf,东风路,0.35,line_propagated,2号线,0,normal_info,0,2号线
ZZM_CN_425018fd42b5,ZZS_00f55fa149,碧沙岗,0.35,line_propagated,1号线,0,normal_info,0,1号线
ZZM_CN_425018fd42b5,ZZS_065e638aef,东风南路,0.35,line_propagated,1号线,0,normal_info,0,1号线
ZZM_CN_425018fd42b5,ZZS_0660d199a6,农业南路,0.35,line_propagated,1号线,0,normal_info,0,1号线
ZZM_CN_425018fd42b5,ZZS_0ccbb4888d,二七广场,0.35,line_propagated,1号线,0,normal_info,0,1号线
ZZM_CN_425018fd42b5,ZZS_1acdaac4ce,铁炉,0.35,line_propagated,1号线,0,normal_info,0,1号线
ZZM_CN_425018fd42b5,ZZS_27d32a2e36,五一公园,0.35,line_propagated,1号线,0,normal_info,0,1号线
ZZM_CN_425018fd42b5,ZZS_3813354d55,绿城广场,0.35,line_propagated,1号线,0,normal_info,0,1号线
ZZM_CN_425018fd42b5,ZZS_38180914a0,燕庄,0.35,line_propagated,1号线,0,normal_info,0,1号线
ZZM_CN_425018fd42b5,ZZS_52a5a7940c,兰寨,0.35,line_propagated,1号线,0,normal_info,0,1号线
ZZM_CN_425018fd42b5,ZZS_5d37b2006d,河南大学新区,0.35,line_propagated,1号线,0,normal_info,0,1号线
ZZM_CN_425018fd42b5,ZZS_6c89efbe2c,文苑北路,0.35,line_propagated,1号线,0,normal_info,0,1号线
ZZM_CN_425018fd42b5,ZZS_87213b5129,会展中心,0.35,line_propagated,1号线,0,normal_info,0,1号线
ZZM_CN_425018fd42b5,ZZS_881a48e5bb,西三环,0.35,line_propagated,1号线,0,normal_info,0,1号线
ZZM_CN_425018fd42b5,ZZS_89f2ce9b1d,秦岭路,0.35,line_propagated,1号线,0,normal_info,0,1号线
ZZM_CN_425018fd42b5,ZZS_90196f31d6,郑州火车站,0.35,line_propagated,1号线,0,normal_info,0,1号线
ZZM_CN_425018fd42b5,ZZS_a14df2d44f,紫荆山,0.35,line_propagated,1号线,0,normal_info,0,1号线
ZZM_CN_425018fd42b5,ZZS_ae1b2afcad,梧桐街,0.35,line_propagated,1号线,0,normal_info,0,1号线
ZZM_CN_425018fd42b5,ZZS_aed2ee7bb7,河南工业大学,0.35,line_propagated,1号线,0,normal_info,0,1号线
ZZM_CN_425018fd42b5,ZZS_b0ac143899,龙子湖,0.35,line_propagated,1号线,0,normal_info,0,1号线
ZZM_CN_425018fd42b5,ZZS_b37a0bcf35,郑大科技园,0.35,line_propagated,1号线,0,normal_info,0,1号线
ZZM_CN_425018fd42b5,ZZS_b8d795b006,黄河南路,0.35,line_propagated,1号线,0,normal_info,0,1号线
ZZM_CN_425018fd42b5,ZZS_bb3c17098a,人民路,0.35,line_propagated,1号线,0,normal_info,0,1号线
ZZM_CN_425018fd42b5,ZZS_bf7f2bfbd0,博学路,0.35,line_propagated,1号线,0,normal_info,0,1号线
ZZM_CN_425018fd42b5,ZZS_c9109d3d9f,医学院,0.35,line_propagated,1号线,0,normal_info,0,1号线
ZZM_CN_425018fd42b5,ZZS_cc61daaced,市体育中心,0.35,line_propagated,1号线,0,normal_info,0,1号线
ZZM_CN_425018fd42b5,ZZS_d61a964e41,市民中心,0.35,line_propagated,1号线,0,normal_info,0,1号线
ZZM_CN_425018fd42b5,ZZS_e4b35b2f4d,郑州大学,0.35,line_propagated,1号线,0,normal_info,0,1号线
ZZM_CN_425018fd42b5,ZZS_e67ffc082e,西流湖,0.35,line_propagated,1号线,0,normal_info,0,1号线
ZZM_CN_425018fd42b5,ZZS_ff2a277828,民航路,0.35,line_propagated,1号线,0,normal_info,0,1号线
ZZM_CN_425018fd42b5,ZZS_ff6940526d,郑州东站,0.35,line_propagated,1号线,0,normal_info,0,1号线
ZZM_CN_42e94640f1ac,ZZS_00f55fa149,碧沙岗,0.35,line_propagated,1号线,0,normal_info,0,1号线|2号线
ZZM_CN_42e94640f1ac,ZZS_02cf3e4cf5,南三环,0.35,line_propagated,2号线,0,normal_info,0,1号线|2号线
ZZM_CN_42e94640f1ac,ZZS_065e638aef,东风南路,0.35,line_propagated,1号线,0,normal_info,0,1号线|2号线
ZZM_CN_42e94640f1ac,ZZS_0660d199a6,农业南路,0.35,line_propagated,1号线,0,normal_info,0,1号线|2号线
ZZM_CN_42e94640f1ac,ZZS_0ccbb4888d,二七广场,0.35,line_propagated,1号线,0,normal_info,0,1号线|2号线
ZZM_CN_42e94640f1ac,ZZS_1a5721a427,毛庄,0.35,line_propagated,2号线,0,normal_info,0,1号线|2号线
ZZM_CN_42e94640f1ac,ZZS_1acdaac4ce,铁炉,0.35,line_propagated,1号线,0,normal_info,0,1号线|2号线
ZZM_CN_42e94640f1ac,ZZS_20262a52f0,南五里堡,0.35,line_propagated,2号线,0,normal_info,0,1号线|2号线
ZZM_CN_42e94640f1ac,ZZS_27d32a2e36,五一公园,0.35,line_propagated,1号线,0,normal_info,0,1号线|2号线
ZZM_CN_42e94640f1ac,ZZS_2bd57be00d,关虎屯,0.35,line_propagated,2号线,0,normal_info,0,1号线|2号线
ZZM_CN_42e94640f1ac,ZZS_3813354d55,绿城广场,0.35,line_propagated,1号线,0,normal_info,0,1号线|2号线
ZZM_CN_42e94640f1ac,ZZS_38180914a0,燕庄,0.35,line_propagated,1号线,0,normal_info,0,1号线|2号线
ZZM_CN_42e94640f1ac,ZZS_43a808507b,金洼,0.35,line_propagated,2号线,0,normal_info,0,1号线|2号线
ZZM_CN_42e94640f1ac,ZZS_4d258fdd50,金达路,0.35,line_propagated,2号线,0,normal_info,0,1号线|2号线
ZZM_CN_42e94640f1ac,ZZS_51e572c7c3,东大街,0.35,line_propagated,2号线,0,normal_info,0,1号线|2号线
ZZM_CN_42e94640f1ac,ZZS_52a5a7940c,兰寨,0.35,line_propagated,1号线,0,normal_info,0,1号线|2号线
ZZM_CN_42e94640f1ac,ZZS_54adf32b6c,南四环,0.35,line_propagated,2号线,0,normal_info,0,1号线|2号线
ZZM_CN_42e94640f1ac,ZZS_5d37b2006d,河南大学新区,0.35,line_propagated,1号线,0,normal_info,0,1号线|2号线
ZZM_CN_42e94640f1ac,ZZS_6b600b7696,刘庄,0.35,line_propagated,2号线,0,normal_info,0,1号线|2号线
ZZM_CN_42e94640f1ac,ZZS_6c89efbe2c,文苑北路,0.35,line_propagated,1号线,0,normal_info,0,1号线|2号线
ZZM_CN_42e94640f1ac,ZZS_72de4f5f66,惠济区政府,0.35,line_propagated,2号线,0,normal_info,0,1号线|2号线
ZZM_CN_42e94640f1ac,ZZS_7dd13fd23f,黄河路,0.35,line_propagated,2号线,0,normal_info,0,1号线|2号线
ZZM_CN_42e94640f1ac,ZZS_87213b5129,会展中心,0.35,line_propagated,1号线,0,normal_info,0,1号线|2号线
ZZM_CN_42e94640f1ac,ZZS_881a48e5bb,西三环,0.35,line_propagated,1号线,0,normal_info,0,1号线|2号线
ZZM_CN_42e94640f1ac,ZZS_89f2ce9b1d,秦岭路,0.35,line_propagated,1号线,0,normal_info,0,1号线|2号线
ZZM_CN_42e94640f1ac,ZZS_90196f31d6,郑州火车站,0.35,line_propagated,1号线,0,normal_info,0,1号线|2号线
ZZM_CN_42e94640f1ac,ZZS_90c4ce1eb7,沙门,0.35,line_propagated,2号线,0,normal_info,0,1号线|2号线
ZZM_CN_42e94640f1ac,ZZS_93b9249040,二里岗,0.35,line_propagated,2号线,0,normal_info,0,1号线|2号线
ZZM_CN_42e94640f1ac,ZZS_9660c27c11,站马屯,0.35,line_propagated,2号线,0,normal_info,0,1号线|2号线
ZZM_CN_42e94640f1ac,ZZS_9f383e1427,花寨,0.35,line_propagated,2号线,0,normal_info,0,1号线|2号线
ZZM_CN_42e94640f1ac,ZZS_a14df2d44f,紫荆山,0.9,exact+line,1号线|2号线|紫荆山,0,normal_info,0,1号线|2号线
ZZM_CN_42e94640f1ac,ZZS_a7b91da4c7,陇海东路,0.35,line_propagated,2号线,0,normal_info,0,1号线|2号线
ZZM_CN_42e94640f1ac,ZZS_abc078ccd5,黄河迎宾馆,0.35,line_propagated,2号线,0,normal_info,0,1号线|2号线
ZZM_CN_42e94640f1ac,ZZS_ae1b2afcad,梧桐街,0.35,line_propagated,1号线,0,normal_info,0,1号线|2号线
ZZM_CN_42e94640f1ac,ZZS_aed2ee7bb7,河南工业大学,0.35,line_propagated,1号线,0,normal_info,0,1号线|2号线
ZZM_CN_42e94640f1ac,ZZS_b0ac143899,龙子湖,0.35,line_propagated,1号线,0,normal_info,0,1号线|2号线
ZZM_CN_42e94640f1ac,ZZS_b37a0bcf35,郑大科技园,0.35,line_propagated,1号线,0,normal_info,0,1号线|2号线
ZZM_CN_42e94640f1ac,ZZS_b8d795b006,黄河南路,0.35,line_propagated,1号线,0,normal_info,0,1号线|2号线
ZZM_CN_42e94640f1ac,ZZS_bb3c17098a,人民路,0.35,line_propagated,1号线,0,normal_info,0,1号线|2号线
ZZM_CN_42e94640f1ac,ZZS_bdc2a71da9,柳林,0.35,line_propagated,2号线,0,normal_info,0,1号线|2号线
ZZM_CN_42e94640f1ac,ZZS_bf7f2bfbd0,博学路,0.35,line_propagated,1号线,0,normal_info,0,1号线|2号线
ZZM_CN_42e94640f1ac,ZZS_c180efc575,贾河,0.35,line_propagated,2号线,0,normal_info,0,1号线|2号线
ZZM_CN_42e94640f1ac,ZZS_c9109d3d9f,医学院,0.35,line_propagated,1号线,0,normal_info,0,1号线|2号线
ZZM_CN_42e94640f1ac,ZZS_cc61daaced,市体育中心,0.35,line_propagated,1号线,0,normal_info,0,1号线|2号线
ZZM_CN_42e94640f1ac,ZZS_d61a964e41,市民中心,0.35,line_propagated,1号线,0,normal_info,0,1号线|2号线
ZZM_CN_42e94640f1ac,ZZS_e4b35b2f4d,郑州大学,0.35,line_propagated,1号线,0,normal_info,0,1号线|2号线
ZZM_CN_42e94640f1ac,ZZS_e67ffc082e,西流湖,0.35,line_propagated,1号线,0,normal_info,0,1号线|2号线
ZZM_CN_42e94640f1ac,ZZS_ff256e6634,北三环,0.35,line_propagated,2号线,0,normal_info,0,1号线|2号线
ZZM_CN_42e94640f1ac,ZZS_ff2a277828,民航路,0.9,exact+line,1号线|民航路,0,normal_info,0,1号线|2号线
ZZM_CN_42e94640f1ac,ZZS_ff491e6fdf,东风路,0.35,line_propagated,2号线,0,normal_info,0,1号线|2号线
ZZM_CN_42e94640f1ac,ZZS_ff6940526d,郑州东站,0.35,line_propagated,1号线,0,normal_info,0,1号线|2号线
ZZM_CN_445cef09a996,ZZS_00f55fa149,碧沙岗,0.35,line_propagated,1号线,2,safety_emergency,3,1号线
ZZM_CN_445cef09a996,ZZS_065e638aef,东风南路,0.35,line_propagated,1号线,2,safety_emergency,3,1号线
ZZM_CN_445cef09a996,ZZS_0660d199a6,农业南路,0.35,line_propagated,1号线,2,safety_emergency,3,1号线
ZZM_CN_445cef09a996,ZZS_0ccbb4888d,二七广场,0.35,line_propagated,1号线,2,safety_emergency,3,1号线
ZZM_CN_445cef09a996,ZZS_1acdaac4ce,铁炉,0.35,line_propagated,1号线,2,safety_emergency,3,1号线
ZZM_CN_445cef09a996,ZZS_27d32a2e36,五一公园,0.35,line_propagated,1号线,2,safety_emergency,3,1号线
ZZM_CN_445cef09a996,ZZS_3813354d55,绿城广场,0.35,line_propagated,1号线,2,safety_emergency,3,1号线
ZZM_CN_445cef09a996,ZZS_38180914a0,燕庄,0.35,line_propagated,1号线,2,safety_emergency,3,1号线
ZZM_CN_445cef09a996,ZZS_52a5a7940c,兰寨,0.35,line_propagated,1号线,2,safety_emergency,3,1号线
ZZM_CN_445cef09a996,ZZS_5d37b2006d,河南大学新区,0.35,line_propagated,1号线,2,safety_emergency,3,1号线
ZZM_CN_445cef09a996,ZZS_6c89efbe2c,文苑北路,0.35,line_propagated,1号线,2,safety_emergency,3,1号线
ZZM_CN_445cef09a996,ZZS_87213b5129,会展中心,0.35,line_propagated,1号线,2,safety_emergency,3,1号线
ZZM_CN_445cef09a996,ZZS_881a48e5bb,西三环,0.35,line_propagated,1号线,2,safety_emergency,3,1号线
ZZM_CN_445cef09a996,ZZS_89f2ce9b1d,秦岭路,0.35,line_propagated,1号线,2,safety_emergency,3,1号线
ZZM_CN_445cef09a996,ZZS_90196f31d6,郑州火车站,0.35,line_propagated,1号线,2,safety_emergency,3,1号线
ZZM_CN_445cef09a996,ZZS_a14df2d44f,紫荆山,0.9,exact+line,1号线|紫荆山,2,safety_emergency,3,1号线
ZZM_CN_445cef09a996,ZZS_ae1b2afcad,梧桐街,0.35,line_propagated,1号线,2,safety_emergency,3,1号线
ZZM_CN_445cef09a996,ZZS_aed2ee7bb7,河南工业大学,0.35,line_propagated,1号线,2,safety_emergency,3,1号线
ZZM_CN_445cef09a996,ZZS_b0ac143899,龙子湖,0.35,line_propagated,1号线,2,safety_emergency,3,1号线
ZZM_CN_445cef09a996,ZZS_b37a0bcf35,郑大科技园,0.35,line_propagated,1号线,2,safety_emergency,3,1号线
ZZM_CN_445cef09a996,ZZS_b8d795b006,黄河南路,0.35,line_propagated,1号线,2,safety_emergency,3,1号线
ZZM_CN_445cef09a996,ZZS_bb3c17098a,人民路,0.35,line_propagated,1号线,2,safety_emergency,3,1号线
ZZM_CN_445cef09a996,ZZS_bf7f2bfbd0,博学路,0.35,line_propagated,1号线,2,safety_emergency,3,1号线
ZZM_CN_445cef09a996,ZZS_c9109d3d9f,医学院,0.35,line_propagated,1号线,2,safety_emergency,3,1号线
ZZM_CN_445cef09a996,ZZS_cc61daaced,市体育中心,0.35,line_propagated,1号线,2,safety_emergency,3,1号线
ZZM_CN_445cef09a996,ZZS_d61a964e41,市民中心,0.35,line_propagated,1号线,2,safety_emergency,3,1号线
ZZM_CN_445cef09a996,ZZS_e4b35b2f4d,郑州大学,0.35,line_propagated,1号线,2,safety_emergency,3,1号线
ZZM_CN_445cef09a996,ZZS_e67ffc082e,西流湖,0.35,line_propagated,1号线,2,safety_emergency,3,1号线
ZZM_CN_445cef09a996,ZZS_ff2a277828,民航路,0.35,line_propagated,1号线,2,safety_emergency,3,1号线
ZZM_CN_445cef09a996,ZZS_ff6940526d,郑州东站,0.35,line_propagated,1号线,2,safety_emergency,3,1号线
ZZM_CN_457d2cff8e93,ZZS_00f55fa149,碧沙岗,0.35,line_propagated,1号线,0,normal_info,0,1号线
ZZM_CN_457d2cff8e93,ZZS_065e638aef,东风南路,0.35,line_propagated,1号线,0,normal_info,0,1号线
ZZM_CN_457d2cff8e93,ZZS_0660d199a6,农业南路,0.35,line_propagated,1号线,0,normal_info,0,1号线
ZZM_CN_457d2cff8e93,ZZS_0ccbb4888d,二七广场,0.35,line_propagated,1号线,0,normal_info,0,1号线
ZZM_CN_457d2cff8e93,ZZS_1acdaac4ce,铁炉,0.35,line_propagated,1号线,0,normal_info,0,1号线
ZZM_CN_457d2cff8e93,ZZS_27d32a2e36,五一公园,0.35,line_propagated,1号线,0,normal_info,0,1号线
ZZM_CN_457d2cff8e93,ZZS_3813354d55,绿城广场,0.35,line_propagated,1号线,0,normal_info,0,1号线
ZZM_CN_457d2cff8e93,ZZS_38180914a0,燕庄,0.35,line_propagated,1号线,0,normal_info,0,1号线
ZZM_CN_457d2cff8e93,ZZS_52a5a7940c,兰寨,0.35,line_propagated,1号线,0,normal_info,0,1号线
ZZM_CN_457d2cff8e93,ZZS_5d37b2006d,河南大学新区,0.35,line_propagated,1号线,0,normal_info,0,1号线
ZZM_CN_457d2cff8e93,ZZS_6c89efbe2c,文苑北路,0.35,line_propagated,1号线,0,normal_info,0,1号线
ZZM_CN_457d2cff8e93,ZZS_87213b5129,会展中心,0.35,line_propagated,1号线,0,normal_info,0,1号线
ZZM_CN_457d2cff8e93,ZZS_881a48e5bb,西三环,0.35,line_propagated,1号线,0,normal_info,0,1号线
ZZM_CN_457d2cff8e93,ZZS_89f2ce9b1d,秦岭路,0.35,line_propagated,1号线,0,normal_info,0,1号线
ZZM_CN_457d2cff8e93,ZZS_90196f31d6,郑州火车站,0.35,line_propagated,1号线,0,normal_info,0,1号线
ZZM_CN_457d2cff8e93,ZZS_a14df2d44f,紫荆山,0.35,line_propagated,1号线,0,normal_info,0,1号线
ZZM_CN_457d2cff8e93,ZZS_ae1b2afcad,梧桐街,0.35,line_propagated,1号线,0,normal_info,0,1号线
ZZM_CN_457d2cff8e93,ZZS_aed2ee7bb7,河南工业大学,0.35,line_propagated,1号线,0,normal_info,0,1号线
ZZM_CN_457d2cff8e93,ZZS_b0ac143899,龙子湖,0.35,line_propagated,1号线,0,normal_info,0,1号线
ZZM_CN_457d2cff8e93,ZZS_b37a0bcf35,郑大科技园,0.35,line_propagated,1号线,0,normal_info,0,1号线
ZZM_CN_457d2cff8e93,ZZS_b8d795b006,黄河南路,0.35,line_propagated,1号线,0,normal_info,0,1号线
ZZM_CN_457d2cff8e93,ZZS_bb3c17098a,人民路,0.35,line_propagated,1号线,0,normal_info,0,1号线
ZZM_CN_457d2cff8e93,ZZS_bf7f2bfbd0,博学路,0.35,line_propagated,1号线,0,normal_info,0,1号线
ZZM_CN_457d2cff8e93,ZZS_c9109d3d9f,医学院,0.35,line_propagated,1号线,0,normal_info,0,1号线
ZZM_CN_457d2cff8e93,ZZS_cc61daaced,市体育中心,0.35,line_propagated,1号线,0,normal_info,0,1号线
ZZM_CN_457d2cff8e93,ZZS_d61a964e41,市民中心,0.35,line_propagated,1号线,0,normal_info,0,1号线
ZZM_CN_457d2cff8e93,ZZS_e4b35b2f4d,郑州大学,0.35,line_propagated,1号线,0,normal_info,0,1号线
ZZM_CN_457d2cff8e93,ZZS_e67ffc082e,西流湖,0.35,line_propagated,1号线,0,normal_info,0,1号线
ZZM_CN_457d2cff8e93,ZZS_ff2a277828,民航路,0.35,line_propagated,1号线,0,normal_info,0,1号线
ZZM_CN_457d2cff8e93,ZZS_ff6940526d,郑州东站,0.35,line_propagated,1号线,0,normal_info,0,1号线
ZZM_CN_45eb6161c71a,ZZS_00f55fa149,碧沙岗,0.35,line_propagated,1号线,0,normal_info,0,1号线|2号线
ZZM_CN_45eb6161c71a,ZZS_02cf3e4cf5,南三环,0.35,line_propagated,2号线,0,normal_info,0,1号线|2号线
ZZM_CN_45eb6161c71a,ZZS_065e638aef,东风南路,0.35,line_propagated,1号线,0,normal_info,0,1号线|2号线
ZZM_CN_45eb6161c71a,ZZS_0660d199a6,农业南路,0.35,line_propagated,1号线,0,normal_info,0,1号线|2号线
ZZM_CN_45eb6161c71a,ZZS_0ccbb4888d,二七广场,0.9,exact+line,1号线|二七广场,0,normal_info,0,1号线|2号线
ZZM_CN_45eb6161c71a,ZZS_1a5721a427,毛庄,0.35,line_propagated,2号线,0,normal_info,0,1号线|2号线
ZZM_CN_45eb6161c71a,ZZS_1acdaac4ce,铁炉,0.35,line_propagated,1号线,0,normal_info,0,1号线|2号线
ZZM_CN_45eb6161c71a,ZZS_20262a52f0,南五里堡,0.35,line_propagated,2号线,0,normal_info,0,1号线|2号线
ZZM_CN_45eb6161c71a,ZZS_27d32a2e36,五一公园,0.35,line_propagated,1号线,0,normal_info,0,1号线|2号线
ZZM_CN_45eb6161c71a,ZZS_2bd57be00d,关虎屯,0.35,line_propagated,2号线,0,normal_info,0,1号线|2号线
ZZM_CN_45eb6161c71a,ZZS_3813354d55,绿城广场,0.35,line_propagated,1号线,0,normal_info,0,1号线|2号线
ZZM_CN_45eb6161c71a,ZZS_38180914a0,燕庄,0.35,line_propagated,1号线,0,normal_info,0,1号线|2号线
ZZM_CN_45eb6161c71a,ZZS_43a808507b,金洼,0.35,line_propagated,2号线,0,normal_info,0,1号线|2号线
ZZM_CN_45eb6161c71a,ZZS_4d258fdd50,金达路,0.35,line_propagated,2号线,0,normal_info,0,1号线|2号线
ZZM_CN_45eb6161c71a,ZZS_51e572c7c3,东大街,0.35,line_propagated,2号线,0,normal_info,0,1号线|2号线
ZZM_CN_45eb6161c71a,ZZS_52a5a7940c,兰寨,0.35,line_propagated,1号线,0,normal_info,0,1号线|2号线
ZZM_CN_45eb6161c71a,ZZS_54adf32b6c,南四环,0.35,line_propagated,2号线,0,normal_info,0,1号线|2号线
ZZM_CN_45eb6161c71a,ZZS_5d37b2006d,河南大学新区,0.35,line_propagated,1号线,0,normal_info,0,1号线|2号线
ZZM_CN_45eb6161c71a,ZZS_6b600b7696,刘庄,0.35,line_propagated,2号线,0,normal_info,0,1号线|2号线
ZZM_CN_45eb6161c71a,ZZS_6c89efbe2c,文苑北路,0.35,line_propagated,1号线,0,normal_info,0,1号线|2号线
ZZM_CN_45eb6161c71a,ZZS_72de4f5f66,惠济区政府,0.35,line_propagated,2号线,0,normal_info,0,1号线|2号线
ZZM_CN_45eb6161c71a,ZZS_7dd13fd23f,黄河路,0.35,line_propagated,2号线,0,normal_info,0,1号线|2号线
ZZM_CN_45eb6161c71a,ZZS_87213b5129,会展中心,0.35,line_propagated,1号线,0,normal_info,0,1号线|2号线
ZZM_CN_45eb6161c71a,ZZS_881a48e5bb,西三环,0.35,line_propagated,1号线,0,normal_info,0,1号线|2号线
ZZM_CN_45eb6161c71a,ZZS_89f2ce9b1d,秦岭路,0.35,line_propagated,1号线,0,normal_info,0,1号线|2号线
ZZM_CN_45eb6161c71a,ZZS_90196f31d6,郑州火车站,0.35,line_propagated,1号线,0,normal_info,0,1号线|2号线
ZZM_CN_45eb6161c71a,ZZS_90c4ce1eb7,沙门,0.35,line_propagated,2号线,0,normal_info,0,1号线|2号线
ZZM_CN_45eb6161c71a,ZZS_93b9249040,二里岗,0.35,line_propagated,2号线,0,normal_info,0,1号线|2号线
ZZM_CN_45eb6161c71a,ZZS_9660c27c11,站马屯,0.35,line_propagated,2号线,0,normal_info,0,1号线|2号线
ZZM_CN_45eb6161c71a,ZZS_9f383e1427,花寨,0.35,line_propagated,2号线,0,normal_info,0,1号线|2号线
ZZM_CN_45eb6161c71a,ZZS_a14df2d44f,紫荆山,0.35,line_propagated,1号线|2号线,0,normal_info,0,1号线|2号线
ZZM_CN_45eb6161c71a,ZZS_a7b91da4c7,陇海东路,0.35,line_propagated,2号线,0,normal_info,0,1号线|2号线
ZZM_CN_45eb6161c71a,ZZS_abc078ccd5,黄河迎宾馆,0.35,line_propagated,2号线,0,normal_info,0,1号线|2号线
ZZM_CN_45eb6161c71a,ZZS_ae1b2afcad,梧桐街,0.35,line_propagated,1号线,0,normal_info,0,1号线|2号线
ZZM_CN_45eb6161c71a,ZZS_aed2ee7bb7,河南工业大学,0.35,line_propagated,1号线,0,normal_info,0,1号线|2号线
ZZM_CN_45eb6161c71a,ZZS_b0ac143899,龙子湖,0.35,line_propagated,1号线,0,normal_info,0,1号线|2号线
ZZM_CN_45eb6161c71a,ZZS_b37a0bcf35,郑大科技园,0.35,line_propagated,1号线,0,normal_info,0,1号线|2号线
ZZM_CN_45eb6161c71a,ZZS_b8d795b006,黄河南路,0.35,line_propagated,1号线,0,normal_info,0,1号线|2号线
ZZM_CN_45eb6161c71a,ZZS_bb3c17098a,人民路,0.35,line_propagated,1号线,0,normal_info,0,1号线|2号线
ZZM_CN_45eb6161c71a,ZZS_bdc2a71da9,柳林,0.35,line_propagated,2号线,0,normal_info,0,1号线|2号线
ZZM_CN_45eb6161c71a,ZZS_bf7f2bfbd0,博学路,0.35,line_propagated,1号线,0,normal_info,0,1号线|2号线
ZZM_CN_45eb6161c71a,ZZS_c180efc575,贾河,0.35,line_propagated,2号线,0,normal_info,0,1号线|2号线
ZZM_CN_45eb6161c71a,ZZS_c87aa9753c,体育中心,0.9,exact,体育中心,0,normal_info,0,1号线|2号线
ZZM_CN_45eb6161c71a,ZZS_c9109d3d9f,医学院,0.35,line_propagated,1号线,0,normal_info,0,1号线|2号线
ZZM_CN_45eb6161c71a,ZZS_cc61daaced,市体育中心,0.35,line_propagated,1号线,0,normal_info,0,1号线|2号线
ZZM_CN_45eb6161c71a,ZZS_d61a964e41,市民中心,0.35,line_propagated,1号线,0,normal_info,0,1号线|2号线
ZZM_CN_45eb6161c71a,ZZS_e4b35b2f4d,郑州大学,0.35,line_propagated,1号线,0,normal_info,0,1号线|2号线
ZZM_CN_45eb6161c71a,ZZS_e67ffc082e,西流湖,0.35,line_propagated,1号线,0,normal_info,0,1号线|2号线
ZZM_CN_45eb6161c71a,ZZS_ff256e6634,北三环,0.35,line_propagated,2号线,0,normal_info,0,1号线|2号线
ZZM_CN_45eb6161c71a,ZZS_ff2a277828,民航路,0.9,exact+line,1号线|民航路,0,normal_info,0,1号线|2号线
ZZM_CN_45eb6161c71a,ZZS_ff491e6fdf,东风路,0.35,line_propagated,2号线,0,normal_info,0,1号线|2号线
ZZM_CN_45eb6161c71a,ZZS_ff6940526d,郑州东站,0.35,line_propagated,1号线,0,normal_info,0,1号线|2号线
ZZM_CN_4680a4791db0,ZZS_00f55fa149,碧沙岗,0.35,line_propagated,1号线,0,normal_info,0,1号线
ZZM_CN_4680a4791db0,ZZS_065e638aef,东风南路,0.35,line_propagated,1号线,0,normal_info,0,1号线
ZZM_CN_4680a4791db0,ZZS_0660d199a6,农业南路,0.35,line_propagated,1号线,0,normal_info,0,1号线
ZZM_CN_4680a4791db0,ZZS_0ccbb4888d,二七广场,0.9,exact+line,1号线|二七广场,0,normal_info,0,1号线
ZZM_CN_4680a4791db0,ZZS_1acdaac4ce,铁炉,0.35,line_propagated,1号线,0,normal_info,0,1号线
ZZM_CN_4680a4791db0,ZZS_27d32a2e36,五一公园,0.35,line_propagated,1号线,0,normal_info,0,1号线
ZZM_CN_4680a4791db0,ZZS_3813354d55,绿城广场,0.35,line_propagated,1号线,0,normal_info,0,1号线
ZZM_CN_4680a4791db0,ZZS_38180914a0,燕庄,0.35,line_propagated,1号线,0,normal_info,0,1号线
ZZM_CN_4680a4791db0,ZZS_52a5a7940c,兰寨,0.35,line_propagated,1号线,0,normal_info,0,1号线
ZZM_CN_4680a4791db0,ZZS_5d37b2006d,河南大学新区,0.35,line_propagated,1号线,0,normal_info,0,1号线
ZZM_CN_4680a4791db0,ZZS_6c89efbe2c,文苑北路,0.35,line_propagated,1号线,0,normal_info,0,1号线
ZZM_CN_4680a4791db0,ZZS_87213b5129,会展中心,0.9,exact+line,1号线|会展中心,0,normal_info,0,1号线
ZZM_CN_4680a4791db0,ZZS_881a48e5bb,西三环,0.35,line_propagated,1号线,0,normal_info,0,1号线
ZZM_CN_4680a4791db0,ZZS_89f2ce9b1d,秦岭路,0.35,line_propagated,1号线,0,normal_info,0,1号线
ZZM_CN_4680a4791db0,ZZS_90196f31d6,郑州火车站,0.35,line_propagated,1号线,0,normal_info,0,1号线
ZZM_CN_4680a4791db0,ZZS_a14df2d44f,紫荆山,0.35,line_propagated,1号线,0,normal_info,0,1号线
ZZM_CN_4680a4791db0,ZZS_ae1b2afcad,梧桐街,0.35,line_propagated,1号线,0,normal_info,0,1号线
ZZM_CN_4680a4791db0,ZZS_aed2ee7bb7,河南工业大学,0.35,line_propagated,1号线,0,normal_info,0,1号线
ZZM_CN_4680a4791db0,ZZS_b0ac143899,龙子湖,0.35,line_propagated,1号线,0,normal_info,0,1号线
ZZM_CN_4680a4791db0,ZZS_b37a0bcf35,郑大科技园,0.35,line_propagated,1号线,0,normal_info,0,1号线
ZZM_CN_4680a4791db0,ZZS_b8d795b006,黄河南路,0.35,line_propagated,1号线,0,normal_info,0,1号线
ZZM_CN_4680a4791db0,ZZS_bb3c17098a,人民路,0.35,line_propagated,1号线,0,normal_info,0,1号线
ZZM_CN_4680a4791db0,ZZS_bf7f2bfbd0,博学路,0.35,line_propagated,1号线,0,normal_info,0,1号线
ZZM_CN_4680a4791db0,ZZS_c9109d3d9f,医学院,0.35,line_propagated,1号线,0,normal_info,0,1号线
ZZM_CN_4680a4791db0,ZZS_cc61daaced,市体育中心,0.35,line_propagated,1号线,0,normal_info,0,1号线
ZZM_CN_4680a4791db0,ZZS_d61a964e41,市民中心,0.35,line_propagated,1号线,0,normal_info,0,1号线
ZZM_CN_4680a4791db0,ZZS_e4b35b2f4d,郑州大学,0.35,line_propagated,1号线,0,normal_info,0,1号线
ZZM_CN_4680a4791db0,ZZS_e67ffc082e,西流湖,0.35,line_propagated,1号线,0,normal_info,0,1号线
ZZM_CN_4680a4791db0,ZZS_ff2a277828,民航路,0.35,line_propagated,1号线,0,normal_info,0,1号线
ZZM_CN_4680a4791db0,ZZS_ff6940526d,郑州东站,0.35,line_propagated,1号线,0,normal_info,0,1号线
ZZM_CN_4696f60ab971,ZZS_00f55fa149,碧沙岗,0.35,line_propagated,1号线,4,crowd_weather_external,1,1号线
ZZM_CN_4696f60ab971,ZZS_065e638aef,东风南路,0.35,line_propagated,1号线,4,crowd_weather_external,1,1号线
ZZM_CN_4696f60ab971,ZZS_0660d199a6,农业南路,0.35,line_propagated,1号线,4,crowd_weather_external,1,1号线
ZZM_CN_4696f60ab971,ZZS_0ccbb4888d,二七广场,0.35,line_propagated,1号线,4,crowd_weather_external,1,1号线
ZZM_CN_4696f60ab971,ZZS_1acdaac4ce,铁炉,0.35,line_propagated,1号线,4,crowd_weather_external,1,1号线
ZZM_CN_4696f60ab971,ZZS_27d32a2e36,五一公园,0.35,line_propagated,1号线,4,crowd_weather_external,1,1号线
ZZM_CN_4696f60ab971,ZZS_3813354d55,绿城广场,0.35,line_propagated,1号线,4,crowd_weather_external,1,1号线
ZZM_CN_4696f60ab971,ZZS_38180914a0,燕庄,0.35,line_propagated,1号线,4,crowd_weather_external,1,1号线
ZZM_CN_4696f60ab971,ZZS_52a5a7940c,兰寨,0.35,line_propagated,1号线,4,crowd_weather_external,1,1号线
ZZM_CN_4696f60ab971,ZZS_5d37b2006d,河南大学新区,0.35,line_propagated,1号线,4,crowd_weather_external,1,1号线
ZZM_CN_4696f60ab971,ZZS_6c89efbe2c,文苑北路,0.35,line_propagated,1号线,4,crowd_weather_external,1,1号线
ZZM_CN_4696f60ab971,ZZS_87213b5129,会展中心,0.35,line_propagated,1号线,4,crowd_weather_external,1,1号线
ZZM_CN_4696f60ab971,ZZS_881a48e5bb,西三环,0.35,line_propagated,1号线,4,crowd_weather_external,1,1号线
ZZM_CN_4696f60ab971,ZZS_89f2ce9b1d,秦岭路,0.35,line_propagated,1号线,4,crowd_weather_external,1,1号线
ZZM_CN_4696f60ab971,ZZS_90196f31d6,郑州火车站,0.9,exact+line,1号线|郑州火车站,4,crowd_weather_external,1,1号线
ZZM_CN_4696f60ab971,ZZS_a14df2d44f,紫荆山,0.35,line_propagated,1号线,4,crowd_weather_external,1,1号线
ZZM_CN_4696f60ab971,ZZS_ae1b2afcad,梧桐街,0.35,line_propagated,1号线,4,crowd_weather_external,1,1号线
ZZM_CN_4696f60ab971,ZZS_aed2ee7bb7,河南工业大学,0.35,line_propagated,1号线,4,crowd_weather_external,1,1号线
ZZM_CN_4696f60ab971,ZZS_b0ac143899,龙子湖,0.35,line_propagated,1号线,4,crowd_weather_external,1,1号线
ZZM_CN_4696f60ab971,ZZS_b37a0bcf35,郑大科技园,0.35,line_propagated,1号线,4,crowd_weather_external,1,1号线
ZZM_CN_4696f60ab971,ZZS_b8d795b006,黄河南路,0.35,line_propagated,1号线,4,crowd_weather_external,1,1号线
ZZM_CN_4696f60ab971,ZZS_bb3c17098a,人民路,0.35,line_propagated,1号线,4,crowd_weather_external,1,1号线
ZZM_CN_4696f60ab971,ZZS_bf7f2bfbd0,博学路,0.35,line_propagated,1号线,4,crowd_weather_external,1,1号线
ZZM_CN_4696f60ab971,ZZS_c9109d3d9f,医学院,0.35,line_propagated,1号线,4,crowd_weather_external,1,1号线
ZZM_CN_4696f60ab971,ZZS_cc61daaced,市体育中心,0.35,line_propagated,1号线,4,crowd_weather_external,1,1号线
ZZM_CN_4696f60ab971,ZZS_d61a964e41,市民中心,0.35,line_propagated,1号线,4,crowd_weather_external,1,1号线
ZZM_CN_4696f60ab971,ZZS_e4b35b2f4d,郑州大学,0.35,line_propagated,1号线,4,crowd_weather_external,1,1号线
ZZM_CN_4696f60ab971,ZZS_e67ffc082e,西流湖,0.35,line_propagated,1号线,4,crowd_weather_external,1,1号线
ZZM_CN_4696f60ab971,ZZS_ff2a277828,民航路,0.35,line_propagated,1号线,4,crowd_weather_external,1,1号线
ZZM_CN_4696f60ab971,ZZS_ff6940526d,郑州东站,0.35,line_propagated,1号线,4,crowd_weather_external,1,1号线
ZZM_CN_46cd2f5d5a0a,ZZS_00f55fa149,碧沙岗,0.35,line_propagated,1号线,0,normal_info,0,1号线
ZZM_CN_46cd2f5d5a0a,ZZS_065e638aef,东风南路,0.35,line_propagated,1号线,0,normal_info,0,1号线
ZZM_CN_46cd2f5d5a0a,ZZS_0660d199a6,农业南路,0.35,line_propagated,1号线,0,normal_info,0,1号线
ZZM_CN_46cd2f5d5a0a,ZZS_0ccbb4888d,二七广场,0.35,line_propagated,1号线,0,normal_info,0,1号线
ZZM_CN_46cd2f5d5a0a,ZZS_1acdaac4ce,铁炉,0.35,line_propagated,1号线,0,normal_info,0,1号线
ZZM_CN_46cd2f5d5a0a,ZZS_27d32a2e36,五一公园,0.35,line_propagated,1号线,0,normal_info,0,1号线
ZZM_CN_46cd2f5d5a0a,ZZS_3813354d55,绿城广场,0.35,line_propagated,1号线,0,normal_info,0,1号线
ZZM_CN_46cd2f5d5a0a,ZZS_38180914a0,燕庄,0.35,line_propagated,1号线,0,normal_info,0,1号线
ZZM_CN_46cd2f5d5a0a,ZZS_52a5a7940c,兰寨,0.35,line_propagated,1号线,0,normal_info,0,1号线
ZZM_CN_46cd2f5d5a0a,ZZS_5d37b2006d,河南大学新区,0.35,line_propagated,1号线,0,normal_info,0,1号线
ZZM_CN_46cd2f5d5a0a,ZZS_6c89efbe2c,文苑北路,0.35,line_propagated,1号线,0,normal_info,0,1号线
ZZM_CN_46cd2f5d5a0a,ZZS_87213b5129,会展中心,0.35,line_propagated,1号线,0,normal_info,0,1号线
ZZM_CN_46cd2f5d5a0a,ZZS_881a48e5bb,西三环,0.35,line_propagated,1号线,0,normal_info,0,1号线
ZZM_CN_46cd2f5d5a0a,ZZS_89f2ce9b1d,秦岭路,0.35,line_propagated,1号线,0,normal_info,0,1号线
ZZM_CN_46cd2f5d5a0a,ZZS_90196f31d6,郑州火车站,0.35,line_propagated,1号线,0,normal_info,0,1号线
ZZM_CN_46cd2f5d5a0a,ZZS_a14df2d44f,紫荆山,0.9,exact+line,1号线|紫荆山,0,normal_info,0,1号线
ZZM_CN_46cd2f5d5a0a,ZZS_ae1b2afcad,梧桐街,0.35,line_propagated,1号线,0,normal_info,0,1号线
ZZM_CN_46cd2f5d5a0a,ZZS_aed2ee7bb7,河南工业大学,0.35,line_propagated,1号线,0,normal_info,0,1号线
ZZM_CN_46cd2f5d5a0a,ZZS_b0ac143899,龙子湖,0.35,line_propagated,1号线,0,normal_info,0,1号线
ZZM_CN_46cd2f5d5a0a,ZZS_b37a0bcf35,郑大科技园,0.35,line_propagated,1号线,0,normal_info,0,1号线
ZZM_CN_46cd2f5d5a0a,ZZS_b8d795b006,黄河南路,0.35,line_propagated,1号线,0,normal_info,0,1号线
ZZM_CN_46cd2f5d5a0a,ZZS_bb3c17098a,人民路,0.35,line_propagated,1号线,0,normal_info,0,1号线
ZZM_CN_46cd2f5d5a0a,ZZS_bf7f2bfbd0,博学路,0.9,exact+line,1号线|博学路,0,normal_info,0,1号线
ZZM_CN_46cd2f5d5a0a,ZZS_c9109d3d9f,医学院,0.35,line_propagated,1号线,0,normal_info,0,1号线
ZZM_CN_46cd2f5d5a0a,ZZS_cc61daaced,市体育中心,0.35,line_propagated,1号线,0,normal_info,0,1号线
ZZM_CN_46cd2f5d5a0a,ZZS_d61a964e41,市民中心,0.35,line_propagated,1号线,0,normal_info,0,1号线
ZZM_CN_46cd2f5d5a0a,ZZS_e4b35b2f4d,郑州大学,0.35,line_propagated,1号线,0,normal_info,0,1号线
ZZM_CN_46cd2f5d5a0a,ZZS_e67ffc082e,西流湖,0.35,line_propagated,1号线,0,normal_info,0,1号线
ZZM_CN_46cd2f5d5a0a,ZZS_ff2a277828,民航路,0.35,line_propagated,1号线,0,normal_info,0,1号线
ZZM_CN_46cd2f5d5a0a,ZZS_ff6940526d,郑州东站,0.35,line_propagated,1号线,0,normal_info,0,1号线
ZZM_CN_46e04972956b,ZZS_00f55fa149,碧沙岗,0.35,line_propagated,1号线,0,normal_info,0,1号线
ZZM_CN_46e04972956b,ZZS_065e638aef,东风南路,0.35,line_propagated,1号线,0,normal_info,0,1号线
ZZM_CN_46e04972956b,ZZS_0660d199a6,农业南路,0.35,line_propagated,1号线,0,normal_info,0,1号线
ZZM_CN_46e04972956b,ZZS_0ccbb4888d,二七广场,0.35,line_propagated,1号线,0,normal_info,0,1号线
ZZM_CN_46e04972956b,ZZS_1acdaac4ce,铁炉,0.35,line_propagated,1号线,0,normal_info,0,1号线
ZZM_CN_46e04972956b,ZZS_27d32a2e36,五一公园,0.35,line_propagated,1号线,0,normal_info,0,1号线
ZZM_CN_46e04972956b,ZZS_3813354d55,绿城广场,0.35,line_propagated,1号线,0,normal_info,0,1号线
ZZM_CN_46e04972956b,ZZS_38180914a0,燕庄,0.35,line_propagated,1号线,0,normal_info,0,1号线
ZZM_CN_46e04972956b,ZZS_52a5a7940c,兰寨,0.35,line_propagated,1号线,0,normal_info,0,1号线
ZZM_CN_46e04972956b,ZZS_5d37b2006d,河南大学新区,0.35,line_propagated,1号线,0,normal_info,0,1号线
ZZM_CN_46e04972956b,ZZS_6c89efbe2c,文苑北路,0.35,line_propagated,1号线,0,normal_info,0,1号线
ZZM_CN_46e04972956b,ZZS_87213b5129,会展中心,0.35,line_propagated,1号线,0,normal_info,0,1号线
ZZM_CN_46e04972956b,ZZS_881a48e5bb,西三环,0.35,line_propagated,1号线,0,normal_info,0,1号线
ZZM_CN_46e04972956b,ZZS_89f2ce9b1d,秦岭路,0.35,line_propagated,1号线,0,normal_info,0,1号线
ZZM_CN_46e04972956b,ZZS_90196f31d6,郑州火车站,0.35,line_propagated,1号线,0,normal_info,0,1号线
ZZM_CN_46e04972956b,ZZS_a14df2d44f,紫荆山,0.35,line_propagated,1号线,0,normal_info,0,1号线
ZZM_CN_46e04972956b,ZZS_ae1b2afcad,梧桐街,0.35,line_propagated,1号线,0,normal_info,0,1号线
ZZM_CN_46e04972956b,ZZS_aed2ee7bb7,河南工业大学,0.35,line_propagated,1号线,0,normal_info,0,1号线
ZZM_CN_46e04972956b,ZZS_b0ac143899,龙子湖,0.35,line_propagated,1号线,0,normal_info,0,1号线
ZZM_CN_46e04972956b,ZZS_b37a0bcf35,郑大科技园,0.35,line_propagated,1号线,0,normal_info,0,1号线
ZZM_CN_46e04972956b,ZZS_b8d795b006,黄河南路,0.35,line_propagated,1号线,0,normal_info,0,1号线
ZZM_CN_46e04972956b,ZZS_bb3c17098a,人民路,0.35,line_propagated,1号线,0,normal_info,0,1号线
ZZM_CN_46e04972956b,ZZS_bf7f2bfbd0,博学路,0.35,line_propagated,1号线,0,normal_info,0,1号线
ZZM_CN_46e04972956b,ZZS_c9109d3d9f,医学院,0.35,line_propagated,1号线,0,normal_info,0,1号线
ZZM_CN_46e04972956b,ZZS_cc61daaced,市体育中心,0.35,line_propagated,1号线,0,normal_info,0,1号线
ZZM_CN_46e04972956b,ZZS_d61a964e41,市民中心,0.35,line_propagated,1号线,0,normal_info,0,1号线
ZZM_CN_46e04972956b,ZZS_e4b35b2f4d,郑州大学,0.35,line_propagated,1号线,0,normal_info,0,1号线
ZZM_CN_46e04972956b,ZZS_e67ffc082e,西流湖,0.35,line_propagated,1号线,0,normal_info,0,1号线
ZZM_CN_46e04972956b,ZZS_ff2a277828,民航路,0.35,line_propagated,1号线,0,normal_info,0,1号线
ZZM_CN_46e04972956b,ZZS_ff6940526d,郑州东站,0.35,line_propagated,1号线,0,normal_info,0,1号线
ZZM_CN_470a75af9b97,ZZS_00f55fa149,碧沙岗,0.6,interval_inferred,interval,0,normal_info,0,1号线
ZZM_CN_470a75af9b97,ZZS_065e638aef,东风南路,0.35,line_propagated,1号线,0,normal_info,0,1号线
ZZM_CN_470a75af9b97,ZZS_0660d199a6,农业南路,0.35,line_propagated,1号线,0,normal_info,0,1号线
ZZM_CN_470a75af9b97,ZZS_0ccbb4888d,二七广场,0.35,line_propagated,1号线,0,normal_info,0,1号线
ZZM_CN_470a75af9b97,ZZS_1acdaac4ce,铁炉,0.35,line_propagated,1号线,0,normal_info,0,1号线
ZZM_CN_470a75af9b97,ZZS_27d32a2e36,五一公园,0.6,interval_inferred,interval,0,normal_info,0,1号线
ZZM_CN_470a75af9b97,ZZS_3813354d55,绿城广场,0.6,interval_inferred,interval,0,normal_info,0,1号线
ZZM_CN_470a75af9b97,ZZS_38180914a0,燕庄,0.35,line_propagated,1号线,0,normal_info,0,1号线
ZZM_CN_470a75af9b97,ZZS_52a5a7940c,兰寨,0.35,line_propagated,1号线,0,normal_info,0,1号线
ZZM_CN_470a75af9b97,ZZS_5d37b2006d,河南大学新区,0.35,line_propagated,1号线,0,normal_info,0,1号线
ZZM_CN_470a75af9b97,ZZS_6c89efbe2c,文苑北路,0.35,line_propagated,1号线,0,normal_info,0,1号线
ZZM_CN_470a75af9b97,ZZS_87213b5129,会展中心,0.35,line_propagated,1号线,0,normal_info,0,1号线
ZZM_CN_470a75af9b97,ZZS_881a48e5bb,西三环,0.6,interval_inferred,interval,0,normal_info,0,1号线
ZZM_CN_470a75af9b97,ZZS_89f2ce9b1d,秦岭路,0.6,interval_inferred,interval,0,normal_info,0,1号线
ZZM_CN_470a75af9b97,ZZS_90196f31d6,郑州火车站,0.35,line_propagated,1号线,0,normal_info,0,1号线
ZZM_CN_470a75af9b97,ZZS_a14df2d44f,紫荆山,0.35,line_propagated,1号线,0,normal_info,0,1号线
ZZM_CN_470a75af9b97,ZZS_ae1b2afcad,梧桐街,0.35,line_propagated,1号线,0,normal_info,0,1号线
ZZM_CN_470a75af9b97,ZZS_aed2ee7bb7,河南工业大学,0.35,line_propagated,1号线,0,normal_info,0,1号线
ZZM_CN_470a75af9b97,ZZS_b0ac143899,龙子湖,0.35,line_propagated,1号线,0,normal_info,0,1号线
ZZM_CN_470a75af9b97,ZZS_b37a0bcf35,郑大科技园,0.35,line_propagated,1号线,0,normal_info,0,1号线
ZZM_CN_470a75af9b97,ZZS_b8d795b006,黄河南路,0.35,line_propagated,1号线,0,normal_info,0,1号线
ZZM_CN_470a75af9b97,ZZS_bb3c17098a,人民路,0.35,line_propagated,1号线,0,normal_info,0,1号线
ZZM_CN_470a75af9b97,ZZS_bf7f2bfbd0,博学路,0.35,line_propagated,1号线,0,normal_info,0,1号线
ZZM_CN_470a75af9b97,ZZS_c9109d3d9f,医学院,0.9,exact+line,1号线|医学院,0,normal_info,0,1号线
ZZM_CN_470a75af9b97,ZZS_cc61daaced,市体育中心,0.35,line_propagated,1号线,0,normal_info,0,1号线
ZZM_CN_470a75af9b97,ZZS_d61a964e41,市民中心,0.35,line_propagated,1号线,0,normal_info,0,1号线
ZZM_CN_470a75af9b97,ZZS_e4b35b2f4d,郑州大学,0.35,line_propagated,1号线,0,normal_info,0,1号线
ZZM_CN_470a75af9b97,ZZS_e67ffc082e,西流湖,0.9,exact+line,1号线|西流湖,0,normal_info,0,1号线
ZZM_CN_470a75af9b97,ZZS_ff2a277828,民航路,0.35,line_propagated,1号线,0,normal_info,0,1号线
ZZM_CN_470a75af9b97,ZZS_ff6940526d,郑州东站,0.35,line_propagated,1号线,0,normal_info,0,1号线
ZZM_CN_4776b7ae33af,ZZS_02cf3e4cf5,南三环,0.35,line_propagated,2号线,0,normal_info,0,2号线|城郊线
ZZM_CN_4776b7ae33af,ZZS_1a5721a427,毛庄,0.35,line_propagated,2号线,0,normal_info,0,2号线|城郊线
ZZM_CN_4776b7ae33af,ZZS_1d568209e2,康平湖,0.35,line_propagated,城郊线,0,normal_info,0,2号线|城郊线
ZZM_CN_4776b7ae33af,ZZS_20262a52f0,南五里堡,0.35,line_propagated,2号线,0,normal_info,0,2号线|城郊线
ZZM_CN_4776b7ae33af,ZZS_21e3ae133c,华南城西,0.35,line_propagated,城郊线,0,normal_info,0,2号线|城郊线
ZZM_CN_4776b7ae33af,ZZS_2b74f7ecc4,综合保税区,0.35,line_propagated,城郊线,0,normal_info,0,2号线|城郊线
ZZM_CN_4776b7ae33af,ZZS_2bd57be00d,关虎屯,0.35,line_propagated,2号线,0,normal_info,0,2号线|城郊线
ZZM_CN_4776b7ae33af,ZZS_3258f191b1,港区会展,0.35,line_propagated,城郊线,0,normal_info,0,2号线|城郊线
ZZM_CN_4776b7ae33af,ZZS_3e49b8e765,恩平湖,0.35,line_propagated,城郊线,0,normal_info,0,2号线|城郊线
ZZM_CN_4776b7ae33af,ZZS_43a808507b,金洼,0.35,line_propagated,2号线,0,normal_info,0,2号线|城郊线
ZZM_CN_4776b7ae33af,ZZS_4c088f0629,港区北,0.35,line_propagated,城郊线,0,normal_info,0,2号线|城郊线
ZZM_CN_4776b7ae33af,ZZS_4d258fdd50,金达路,0.35,line_propagated,2号线,0,normal_info,0,2号线|城郊线
ZZM_CN_4776b7ae33af,ZZS_4db99ddb57,华南城,0.35,line_propagated,城郊线,0,normal_info,0,2号线|城郊线
ZZM_CN_4776b7ae33af,ZZS_4ff5935177,兰河公园,0.35,line_propagated,城郊线,0,normal_info,0,2号线|城郊线
ZZM_CN_4776b7ae33af,ZZS_51e572c7c3,东大街,0.35,line_propagated,2号线,0,normal_info,0,2号线|城郊线
ZZM_CN_4776b7ae33af,ZZS_54adf32b6c,南四环,0.35,line_propagated,2号线|城郊线,0,normal_info,0,2号线|城郊线
ZZM_CN_4776b7ae33af,ZZS_5ce22f5450,小乔,0.35,line_propagated,城郊线,0,normal_info,0,2号线|城郊线
ZZM_CN_4776b7ae33af,ZZS_63fa0eb855,双湖大道,0.35,line_propagated,城郊线,0,normal_info,0,2号线|城郊线
ZZM_CN_4776b7ae33af,ZZS_6b600b7696,刘庄,0.35,line_propagated,2号线,0,normal_info,0,2号线|城郊线
ZZM_CN_4776b7ae33af,ZZS_6e6f33dc37,华南城东,0.35,line_propagated,城郊线,0,normal_info,0,2号线|城郊线
ZZM_CN_4776b7ae33af,ZZS_72de4f5f66,惠济区政府,0.35,line_propagated,2号线,0,normal_info,0,2号线|城郊线
ZZM_CN_4776b7ae33af,ZZS_7a33fc56d1,十八里河,0.35,line_propagated,城郊线,0,normal_info,0,2号线|城郊线
ZZM_CN_4776b7ae33af,ZZS_7dd13fd23f,黄河路,0.35,line_propagated,2号线,0,normal_info,0,2号线|城郊线
ZZM_CN_4776b7ae33af,ZZS_90c4ce1eb7,沙门,0.35,line_propagated,2号线,0,normal_info,0,2号线|城郊线
ZZM_CN_4776b7ae33af,ZZS_93b9249040,二里岗,0.35,line_propagated,2号线,0,normal_info,0,2号线|城郊线
ZZM_CN_4776b7ae33af,ZZS_9660c27c11,站马屯,0.35,line_propagated,2号线,0,normal_info,0,2号线|城郊线
ZZM_CN_4776b7ae33af,ZZS_9a0290117b,新郑机场,0.35,line_propagated,城郊线,0,normal_info,0,2号线|城郊线
ZZM_CN_4776b7ae33af,ZZS_9f383e1427,花寨,0.35,line_propagated,2号线,0,normal_info,0,2号线|城郊线
ZZM_CN_4776b7ae33af,ZZS_a14df2d44f,紫荆山,0.35,line_propagated,2号线,0,normal_info,0,2号线|城郊线
ZZM_CN_4776b7ae33af,ZZS_a4bd95d57e,机场东,0.35,line_propagated,城郊线,0,normal_info,0,2号线|城郊线
ZZM_CN_4776b7ae33af,ZZS_a7b91da4c7,陇海东路,0.35,line_propagated,2号线,0,normal_info,0,2号线|城郊线
ZZM_CN_4776b7ae33af,ZZS_abc078ccd5,黄河迎宾馆,0.35,line_propagated,2号线,0,normal_info,0,2号线|城郊线
ZZM_CN_4776b7ae33af,ZZS_afdeac8ac7,沙窝李,0.35,line_propagated,城郊线,0,normal_info,0,2号线|城郊线
ZZM_CN_4776b7ae33af,ZZS_bdc2a71da9,柳林,0.35,line_propagated,2号线,0,normal_info,0,2号线|城郊线
ZZM_CN_4776b7ae33af,ZZS_c180efc575,贾河,0.35,line_propagated,2号线,0,normal_info,0,2号线|城郊线
ZZM_CN_4776b7ae33af,ZZS_d0e428cc6b,孟庄,0.35,line_propagated,城郊线,0,normal_info,0,2号线|城郊线
ZZM_CN_4776b7ae33af,ZZS_eef68bcc4f,郑州航空港站,0.35,line_propagated,城郊线,0,normal_info,0,2号线|城郊线
ZZM_CN_4776b7ae33af,ZZS_ff256e6634,北三环,0.35,line_propagated,2号线,0,normal_info,0,2号线|城郊线
ZZM_CN_4776b7ae33af,ZZS_ff491e6fdf,东风路,0.35,line_propagated,2号线,0,normal_info,0,2号线|城郊线
ZZM_CN_490a25d55ec0,ZZS_00f55fa149,碧沙岗,0.35,line_propagated,1号线,2,safety_emergency,2,1号线
ZZM_CN_490a25d55ec0,ZZS_065e638aef,东风南路,0.35,line_propagated,1号线,2,safety_emergency,2,1号线
ZZM_CN_490a25d55ec0,ZZS_0660d199a6,农业南路,0.35,line_propagated,1号线,2,safety_emergency,2,1号线
ZZM_CN_490a25d55ec0,ZZS_0ccbb4888d,二七广场,0.35,line_propagated,1号线,2,safety_emergency,2,1号线
ZZM_CN_490a25d55ec0,ZZS_1acdaac4ce,铁炉,0.35,line_propagated,1号线,2,safety_emergency,2,1号线
ZZM_CN_490a25d55ec0,ZZS_27d32a2e36,五一公园,0.35,line_propagated,1号线,2,safety_emergency,2,1号线
ZZM_CN_490a25d55ec0,ZZS_3813354d55,绿城广场,0.35,line_propagated,1号线,2,safety_emergency,2,1号线
ZZM_CN_490a25d55ec0,ZZS_38180914a0,燕庄,0.35,line_propagated,1号线,2,safety_emergency,2,1号线
ZZM_CN_490a25d55ec0,ZZS_52a5a7940c,兰寨,0.35,line_propagated,1号线,2,safety_emergency,2,1号线
ZZM_CN_490a25d55ec0,ZZS_5d37b2006d,河南大学新区,0.35,line_propagated,1号线,2,safety_emergency,2,1号线
ZZM_CN_490a25d55ec0,ZZS_6c89efbe2c,文苑北路,0.35,line_propagated,1号线,2,safety_emergency,2,1号线
ZZM_CN_490a25d55ec0,ZZS_87213b5129,会展中心,0.35,line_propagated,1号线,2,safety_emergency,2,1号线
ZZM_CN_490a25d55ec0,ZZS_881a48e5bb,西三环,0.35,line_propagated,1号线,2,safety_emergency,2,1号线
ZZM_CN_490a25d55ec0,ZZS_89f2ce9b1d,秦岭路,0.35,line_propagated,1号线,2,safety_emergency,2,1号线
ZZM_CN_490a25d55ec0,ZZS_90196f31d6,郑州火车站,0.35,line_propagated,1号线,2,safety_emergency,2,1号线
ZZM_CN_490a25d55ec0,ZZS_a14df2d44f,紫荆山,0.9,exact+line,1号线|紫荆山,2,safety_emergency,2,1号线
ZZM_CN_490a25d55ec0,ZZS_ae1b2afcad,梧桐街,0.35,line_propagated,1号线,2,safety_emergency,2,1号线
ZZM_CN_490a25d55ec0,ZZS_aed2ee7bb7,河南工业大学,0.35,line_propagated,1号线,2,safety_emergency,2,1号线
ZZM_CN_490a25d55ec0,ZZS_b0ac143899,龙子湖,0.35,line_propagated,1号线,2,safety_emergency,2,1号线
ZZM_CN_490a25d55ec0,ZZS_b37a0bcf35,郑大科技园,0.35,line_propagated,1号线,2,safety_emergency,2,1号线
ZZM_CN_490a25d55ec0,ZZS_b8d795b006,黄河南路,0.35,line_propagated,1号线,2,safety_emergency,2,1号线
ZZM_CN_490a25d55ec0,ZZS_bb3c17098a,人民路,0.35,line_propagated,1号线,2,safety_emergency,2,1号线
ZZM_CN_490a25d55ec0,ZZS_bf7f2bfbd0,博学路,0.35,line_propagated,1号线,2,safety_emergency,2,1号线
ZZM_CN_490a25d55ec0,ZZS_c9109d3d9f,医学院,0.35,line_propagated,1号线,2,safety_emergency,2,1号线
ZZM_CN_490a25d55ec0,ZZS_cc61daaced,市体育中心,0.35,line_propagated,1号线,2,safety_emergency,2,1号线
ZZM_CN_490a25d55ec0,ZZS_d61a964e41,市民中心,0.35,line_propagated,1号线,2,safety_emergency,2,1号线
ZZM_CN_490a25d55ec0,ZZS_e4b35b2f4d,郑州大学,0.35,line_propagated,1号线,2,safety_emergency,2,1号线
ZZM_CN_490a25d55ec0,ZZS_e67ffc082e,西流湖,0.35,line_propagated,1号线,2,safety_emergency,2,1号线
ZZM_CN_490a25d55ec0,ZZS_ff2a277828,民航路,0.35,line_propagated,1号线,2,safety_emergency,2,1号线
ZZM_CN_490a25d55ec0,ZZS_ff6940526d,郑州东站,0.35,line_propagated,1号线,2,safety_emergency,2,1号线
ZZM_CN_499a5a3efb7d,ZZS_001bf66fc1,陇海西路,0.35,line_propagated,5号线,0,normal_info,0,5号线
ZZM_CN_499a5a3efb7d,ZZS_1236ed80e3,中央商务区,0.35,line_propagated,5号线,0,normal_info,0,5号线
ZZM_CN_499a5a3efb7d,ZZS_1246e07d02,城东南路,0.35,line_propagated,5号线,0,normal_info,0,5号线
ZZM_CN_499a5a3efb7d,ZZS_136c32a256,市中心医院,0.9,exact+line,5号线|市中心医院,0,normal_info,0,5号线
ZZM_CN_499a5a3efb7d,ZZS_14efbdcc1b,福塔东,0.35,line_propagated,5号线,0,normal_info,0,5号线
ZZM_CN_499a5a3efb7d,ZZS_190cc56901,金水东路,0.35,line_propagated,5号线,0,normal_info,0,5号线
ZZM_CN_499a5a3efb7d,ZZS_20262a52f0,南五里堡,0.35,line_propagated,5号线,0,normal_info,0,5号线
ZZM_CN_499a5a3efb7d,ZZS_20dcf363fc,康宁街,0.35,line_propagated,5号线,0,normal_info,0,5号线
ZZM_CN_499a5a3efb7d,ZZS_27d32a2e36,五一公园,0.35,line_propagated,5号线,0,normal_info,0,5号线
ZZM_CN_499a5a3efb7d,ZZS_2db8e2eabe,经北二路,0.35,line_propagated,5号线,0,normal_info,0,5号线
ZZM_CN_499a5a3efb7d,ZZS_31a002aa03,海滩寺,0.35,line_propagated,5号线,0,normal_info,0,5号线
ZZM_CN_499a5a3efb7d,ZZS_386438745b,祭城,0.35,line_propagated,5号线,0,normal_info,0,5号线
ZZM_CN_499a5a3efb7d,ZZS_3ada9c57dc,众意西路,0.35,line_propagated,5号线,0,normal_info,0,5号线
ZZM_CN_499a5a3efb7d,ZZS_45679e4fc0,七里河,0.35,line_propagated,5号线,0,normal_info,0,5号线
ZZM_CN_499a5a3efb7d,ZZS_4dd2360957,京广南路,0.35,line_propagated,5号线,0,normal_info,0,5号线
ZZM_CN_499a5a3efb7d,ZZS_5b6c4f8186,郑州人民医院,0.35,line_propagated,5号线,0,normal_info,0,5号线
ZZM_CN_499a5a3efb7d,ZZS_5babce6145,中原福塔,0.35,line_propagated,5号线,0,normal_info,0,5号线
ZZM_CN_499a5a3efb7d,ZZS_5dc87121c2,市第二人民医院,0.35,line_propagated,5号线,0,normal_info,0,5号线
ZZM_CN_499a5a3efb7d,ZZS_7dd13fd23f,黄河路,0.35,line_propagated,5号线,0,normal_info,0,5号线
ZZM_CN_499a5a3efb7d,ZZS_9a26907088,齐礼阎,0.35,line_propagated,5号线,0,normal_info,0,5号线
ZZM_CN_499a5a3efb7d,ZZS_9d8185e03c,省人民医院,0.35,line_propagated,5号线,0,normal_info,0,5号线
ZZM_CN_499a5a3efb7d,ZZS_a3cc0229f4,省骨科医院,0.35,line_propagated,5号线,0,normal_info,0,5号线
ZZM_CN_499a5a3efb7d,ZZS_ae7cc361da,月季公园,0.35,line_propagated,5号线,0,normal_info,0,5号线
ZZM_CN_499a5a3efb7d,ZZS_bd17c52fa6,儿童医院,0.35,line_propagated,5号线,0,normal_info,0,5号线
ZZM_CN_499a5a3efb7d,ZZS_c720567666,桐淮,0.35,line_propagated,5号线,0,normal_info,0,5号线
ZZM_CN_499a5a3efb7d,ZZS_c94675c30b,后河芦,0.35,line_propagated,5号线,0,normal_info,0,5号线
ZZM_CN_499a5a3efb7d,ZZS_c995bf7092,经开中心广场,0.35,line_propagated,5号线,0,normal_info,0,5号线
ZZM_CN_499a5a3efb7d,ZZS_cb2e15cfa0,姚砦,0.35,line_propagated,5号线,0,normal_info,0,5号线
ZZM_CN_499a5a3efb7d,ZZS_deb2edc4a2,沙口路,0.35,line_propagated,5号线,0,normal_info,0,5号线
ZZM_CN_499a5a3efb7d,ZZS_f095e9678f,航海广场,0.35,line_propagated,5号线,0,normal_info,0,5号线
ZZM_CN_499a5a3efb7d,ZZS_f97030e2b9,冯庄,0.35,line_propagated,5号线,0,normal_info,0,5号线
ZZM_CN_499a5a3efb7d,ZZS_ff6940526d,郑州东站,0.35,line_propagated,5号线,0,normal_info,0,5号线
ZZM_CN_49c01edff005,ZZS_00f55fa149,碧沙岗,0.35,line_propagated,1号线,0,normal_info,0,1号线|4号线|14号线
ZZM_CN_49c01edff005,ZZS_047175b6e2,老鸦陈,0.35,line_propagated,4号线,0,normal_info,0,1号线|4号线|14号线
ZZM_CN_49c01edff005,ZZS_065e638aef,东风南路,0.35,line_propagated,1号线,0,normal_info,0,1号线|4号线|14号线
ZZM_CN_49c01edff005,ZZS_0660d199a6,农业南路,0.35,line_propagated,1号线,0,normal_info,0,1号线|4号线|14号线
ZZM_CN_49c01edff005,ZZS_06c5d1c11c,商鼎路,0.35,line_propagated,4号线,0,normal_info,0,1号线|4号线|14号线
ZZM_CN_49c01edff005,ZZS_0ccbb4888d,二七广场,0.35,line_propagated,1号线,0,normal_info,0,1号线|4号线|14号线
ZZM_CN_49c01edff005,ZZS_1236ed80e3,中央商务区,0.35,line_propagated,4号线,0,normal_info,0,1号线|4号线|14号线
ZZM_CN_49c01edff005,ZZS_184971fb41,郎庄,0.35,line_propagated,4号线,0,normal_info,0,1号线|4号线|14号线
ZZM_CN_49c01edff005,ZZS_1acd4fa835,金岱,0.35,line_propagated,4号线,0,normal_info,0,1号线|4号线|14号线
ZZM_CN_49c01edff005,ZZS_1acdaac4ce,铁炉,0.35,line_propagated,14号线|1号线,0,normal_info,0,1号线|4号线|14号线
ZZM_CN_49c01edff005,ZZS_1e911360df,姚庄,0.35,line_propagated,4号线,0,normal_info,0,1号线|4号线|14号线
ZZM_CN_49c01edff005,ZZS_25a4eab92b,龙湖南,0.35,line_propagated,4号线,0,normal_info,0,1号线|4号线|14号线
ZZM_CN_49c01edff005,ZZS_27d32a2e36,五一公园,0.35,line_propagated,1号线,0,normal_info,0,1号线|4号线|14号线
ZZM_CN_49c01edff005,ZZS_28ee7061d7,东十里铺,0.35,line_propagated,4号线,0,normal_info,0,1号线|4号线|14号线
ZZM_CN_49c01edff005,ZZS_311ece53d8,莲湖,0.35,line_propagated,14号线,0,normal_info,0,1号线|4号线|14号线
ZZM_CN_49c01edff005,ZZS_3546d6d127,丰庆路,0.35,line_propagated,4号线,0,normal_info,0,1号线|4号线|14号线
ZZM_CN_49c01edff005,ZZS_3813354d55,绿城广场,0.35,line_propagated,1号线,0,normal_info,0,1号线|4号线|14号线
ZZM_CN_49c01edff005,ZZS_38180914a0,燕庄,0.35,line_propagated,1号线,0,normal_info,0,1号线|4号线|14号线
ZZM_CN_49c01edff005,ZZS_45679e4fc0,七里河,0.35,line_propagated,4号线,0,normal_info,0,1号线|4号线|14号线
ZZM_CN_49c01edff005,ZZS_52a5a7940c,兰寨,0.35,line_propagated,1号线,0,normal_info,0,1号线|4号线|14号线
ZZM_CN_49c01edff005,ZZS_542d10f6f0,金融岛北,0.35,line_propagated,4号线,0,normal_info,0,1号线|4号线|14号线
ZZM_CN_49c01edff005,ZZS_5479c586b4,奥体中心,0.35,line_propagated,14号线,0,normal_info,0,1号线|4号线|14号线
ZZM_CN_49c01edff005,ZZS_548bc6fa98,陈寨东,0.35,line_propagated,4号线,0,normal_info,0,1号线|4号线|14号线
ZZM_CN_49c01edff005,ZZS_55f9aea406,森林公园北,0.35,line_propagated,4号线,0,normal_info,0,1号线|4号线|14号线
ZZM_CN_49c01edff005,ZZS_5d37b2006d,河南大学新区,0.35,line_propagated,1号线,0,normal_info,0,1号线|4号线|14号线
ZZM_CN_49c01edff005,ZZS_6605be2a4e,省体育中心,0.35,line_propagated,4号线,0,normal_info,0,1号线|4号线|14号线
ZZM_CN_49c01edff005,ZZS_6a9a14f197,北二十里铺,0.35,line_propagated,4号线,0,normal_info,0,1号线|4号线|14号线
ZZM_CN_49c01edff005,ZZS_6c89efbe2c,文苑北路,0.35,line_propagated,1号线,0,normal_info,0,1号线|4号线|14号线
ZZM_CN_49c01edff005,ZZS_87213b5129,会展中心,0.35,line_propagated,1号线|4号线,0,normal_info,0,1号线|4号线|14号线
ZZM_CN_49c01edff005,ZZS_881a48e5bb,西三环,0.35,line_propagated,1号线,0,normal_info,0,1号线|4号线|14号线
ZZM_CN_49c01edff005,ZZS_89f2ce9b1d,秦岭路,0.35,line_propagated,1号线,0,normal_info,0,1号线|4号线|14号线
ZZM_CN_49c01edff005,ZZS_90196f31d6,郑州火车站,0.35,line_propagated,1号线,0,normal_info,0,1号线|4号线|14号线
ZZM_CN_49c01edff005,ZZS_90c4ce1eb7,沙门,0.35,line_propagated,4号线,0,normal_info,0,1号线|4号线|14号线
ZZM_CN_49c01edff005,ZZS_90de6fab35,货站街,0.35,line_propagated,4号线,0,normal_info,0,1号线|4号线|14号线
ZZM_CN_49c01edff005,ZZS_93f56b73b3,果树所,0.35,line_propagated,4号线,0,normal_info,0,1号线|4号线|14号线
ZZM_CN_49c01edff005,ZZS_95fb90b688,杨君刘,0.35,line_propagated,4号线,0,normal_info,0,1号线|4号线|14号线
ZZM_CN_49c01edff005,ZZS_9965eccc39,龙湖中环北,0.35,line_propagated,4号线,0,normal_info,0,1号线|4号线|14号线
ZZM_CN_49c01edff005,ZZS_a14df2d44f,紫荆山,0.9,exact+line,1号线|紫荆山,0,normal_info,0,1号线|4号线|14号线
ZZM_CN_49c01edff005,ZZS_aa3686fb6d,金融岛南,0.35,line_propagated,4号线,0,normal_info,0,1号线|4号线|14号线
ZZM_CN_49c01edff005,ZZS_ae1b2afcad,梧桐街,0.35,line_propagated,1号线,0,normal_info,0,1号线|4号线|14号线
ZZM_CN_49c01edff005,ZZS_aed2ee7bb7,河南工业大学,0.35,line_propagated,1号线,0,normal_info,0,1号线|4号线|14号线
ZZM_CN_49c01edff005,ZZS_b0ac143899,龙子湖,0.35,line_propagated,1号线,0,normal_info,0,1号线|4号线|14号线
ZZM_CN_49c01edff005,ZZS_b37a0bcf35,郑大科技园,0.35,line_propagated,1号线,0,normal_info,0,1号线|4号线|14号线
ZZM_CN_49c01edff005,ZZS_b8d795b006,黄河南路,0.35,line_propagated,1号线,0,normal_info,0,1号线|4号线|14号线
ZZM_CN_49c01edff005,ZZS_bb3c17098a,人民路,0.35,line_propagated,1号线,0,normal_info,0,1号线|4号线|14号线
ZZM_CN_49c01edff005,ZZS_bf7f2bfbd0,博学路,0.35,line_propagated,1号线,0,normal_info,0,1号线|4号线|14号线
ZZM_CN_49c01edff005,ZZS_c9109d3d9f,医学院,0.35,line_propagated,1号线,0,normal_info,0,1号线|4号线|14号线
ZZM_CN_49c01edff005,ZZS_cc61daaced,市体育中心,0.35,line_propagated,1号线,0,normal_info,0,1号线|4号线|14号线
ZZM_CN_49c01edff005,ZZS_ccf9ac5267,清华附中,0.35,line_propagated,4号线,0,normal_info,0,1号线|4号线|14号线
ZZM_CN_49c01edff005,ZZS_d61a964e41,市民中心,0.35,line_propagated,1号线,0,normal_info,0,1号线|4号线|14号线
ZZM_CN_49c01edff005,ZZS_d86c49fbed,农业东路,0.35,line_propagated,4号线,0,normal_info,0,1号线|4号线|14号线
ZZM_CN_49c01edff005,ZZS_dbb2385d18,龙湖北,0.35,line_propagated,4号线,0,normal_info,0,1号线|4号线|14号线
ZZM_CN_49c01edff005,ZZS_e37b46cf08,市民大道,0.35,line_propagated,14号线,0,normal_info,0,1号线|4号线|14号线
ZZM_CN_49c01edff005,ZZS_e4b35b2f4d,郑州大学,0.35,line_propagated,1号线,0,normal_info,0,1号线|4号线|14号线
ZZM_CN_49c01edff005,ZZS_e67ffc082e,西流湖,0.35,line_propagated,1号线,0,normal_info,0,1号线|4号线|14号线
ZZM_CN_49c01edff005,ZZS_eca427650a,张家村,0.35,line_propagated,4号线,0,normal_info,0,1号线|4号线|14号线
ZZM_CN_49c01edff005,ZZS_eda0ec6e78,龙湖中环南,0.35,line_propagated,4号线,0,normal_info,0,1号线|4号线|14号线
ZZM_CN_49c01edff005,ZZS_f453749a84,市委党校,0.35,line_propagated,14号线,0,normal_info,0,1号线|4号线|14号线
ZZM_CN_49c01edff005,ZZS_ff2a277828,民航路,0.35,line_propagated,1号线,0,normal_info,0,1号线|4号线|14号线
ZZM_CN_49c01edff005,ZZS_ff6940526d,郑州东站,0.35,line_propagated,1号线,0,normal_info,0,1号线|4号线|14号线
ZZM_CN_4a097e5b8987,ZZS_a14df2d44f,紫荆山,0.9,exact,紫荆山,0,normal_info,0,
ZZM_CN_4b011a28ba2d,ZZS_0f8adc1496,苑陵故城西,0.35,line_propagated,郑许线,0,normal_info,0,郑许线
ZZM_CN_4b011a28ba2d,ZZS_102923cded,电气谷,0.35,line_propagated,郑许线,0,normal_info,0,郑许线
ZZM_CN_4b011a28ba2d,ZZS_1f7dc8a65a,文体中心,0.35,line_propagated,郑许线,0,normal_info,0,郑许线
ZZM_CN_4b011a28ba2d,ZZS_34069e58e5,双鹤湖南,0.35,line_propagated,郑许线,0,normal_info,0,郑许线
ZZM_CN_4b011a28ba2d,ZZS_34a20fb268,双鹤湖,0.35,line_propagated,郑许线,0,normal_info,0,郑许线
ZZM_CN_4b011a28ba2d,ZZS_45b435a34a,龙王,0.35,line_propagated,郑许线,0,normal_info,0,郑许线
ZZM_CN_4b011a28ba2d,ZZS_4c088f0629,港区北,0.9,exact+line,港区北|郑许线,0,normal_info,0,郑许线
ZZM_CN_4b011a28ba2d,ZZS_559f31d846,许昌东,0.9,exact+line,许昌东|郑许线,0,normal_info,0,郑许线
ZZM_CN_4b011a28ba2d,ZZS_5c63070ae3,鹿鸣湖,0.35,line_propagated,郑许线,0,normal_info,0,郑许线
ZZM_CN_4b011a28ba2d,ZZS_5d8826907f,翱翔路,0.35,line_propagated,郑许线,0,normal_info,0,郑许线
ZZM_CN_4b011a28ba2d,ZZS_6183e5bf7e,农大路,0.35,line_propagated,郑许线,0,normal_info,0,郑许线
ZZM_CN_4b011a28ba2d,ZZS_6dc0109470,八千,0.35,line_propagated,郑许线,0,normal_info,0,郑许线
ZZM_CN_4b011a28ba2d,ZZS_721efabad4,遵大路,0.35,line_propagated,郑许线,0,normal_info,0,郑许线
ZZM_CN_4b011a28ba2d,ZZS_74b7b3e8db,芙蓉湖,0.35,line_propagated,郑许线,0,normal_info,0,郑许线
ZZM_CN_4b011a28ba2d,ZZS_7af2d857e7,双鹤湖北,0.35,line_propagated,郑许线,0,normal_info,0,郑许线
ZZM_CN_4b011a28ba2d,ZZS_8838532f74,龙王南,0.35,line_propagated,郑许线,0,normal_info,0,郑许线
ZZM_CN_4b011a28ba2d,ZZS_8a7aa5c8f9,大周,0.35,line_propagated,郑许线,0,normal_info,0,郑许线
ZZM_CN_4b011a28ba2d,ZZS_8fd42d1a04,洵美路,0.35,line_propagated,郑许线,0,normal_info,0,郑许线
ZZM_CN_4b011a28ba2d,ZZS_9148507447,颍川路,0.35,line_propagated,郑许线,0,normal_info,0,郑许线
ZZM_CN_4b011a28ba2d,ZZS_9a0290117b,新郑机场,0.35,line_propagated,郑许线,0,normal_info,0,郑许线
ZZM_CN_4b011a28ba2d,ZZS_b07727d50b,葛天源,0.35,line_propagated,郑许线,0,normal_info,0,郑许线
ZZM_CN_4b011a28ba2d,ZZS_bbbbcdb24d,长安路北,0.35,line_propagated,郑许线,0,normal_info,0,郑许线
ZZM_CN_4b011a28ba2d,ZZS_c87aa9753c,体育中心,0.35,line_propagated,郑许线,0,normal_info,0,郑许线
ZZM_CN_4b011a28ba2d,ZZS_e951174f12,长安路南,0.35,line_propagated,郑许线,0,normal_info,0,郑许线
ZZM_CN_4b011a28ba2d,ZZS_ebaef5d27b,枣园,0.35,line_propagated,郑许线,0,normal_info,0,郑许线
ZZM_CN_4b011a28ba2d,ZZS_f158b4d09f,永和路,0.35,line_propagated,郑许线,0,normal_info,0,郑许线
ZZM_CN_4b011a28ba2d,ZZS_f8022f5ac8,双庙李,0.35,line_propagated,郑许线,0,normal_info,0,郑许线
ZZM_CN_4b22f0a3afa1,ZZS_001bf66fc1,陇海西路,0.35,line_propagated,5号线,3,facility_equipment,0,5号线
ZZM_CN_4b22f0a3afa1,ZZS_1236ed80e3,中央商务区,0.35,line_propagated,5号线,3,facility_equipment,0,5号线
ZZM_CN_4b22f0a3afa1,ZZS_1246e07d02,城东南路,0.35,line_propagated,5号线,3,facility_equipment,0,5号线
ZZM_CN_4b22f0a3afa1,ZZS_136c32a256,市中心医院,0.35,line_propagated,5号线,3,facility_equipment,0,5号线
ZZM_CN_4b22f0a3afa1,ZZS_14efbdcc1b,福塔东,0.35,line_propagated,5号线,3,facility_equipment,0,5号线
ZZM_CN_4b22f0a3afa1,ZZS_190cc56901,金水东路,0.35,line_propagated,5号线,3,facility_equipment,0,5号线
ZZM_CN_4b22f0a3afa1,ZZS_20262a52f0,南五里堡,0.35,line_propagated,5号线,3,facility_equipment,0,5号线
ZZM_CN_4b22f0a3afa1,ZZS_20dcf363fc,康宁街,0.9,exact+line,5号线|康宁街,3,facility_equipment,0,5号线
ZZM_CN_4b22f0a3afa1,ZZS_27d32a2e36,五一公园,0.35,line_propagated,5号线,3,facility_equipment,0,5号线
ZZM_CN_4b22f0a3afa1,ZZS_2db8e2eabe,经北二路,0.35,line_propagated,5号线,3,facility_equipment,0,5号线
ZZM_CN_4b22f0a3afa1,ZZS_31a002aa03,海滩寺,0.35,line_propagated,5号线,3,facility_equipment,0,5号线
ZZM_CN_4b22f0a3afa1,ZZS_386438745b,祭城,0.35,line_propagated,5号线,3,facility_equipment,0,5号线
ZZM_CN_4b22f0a3afa1,ZZS_3ada9c57dc,众意西路,0.35,line_propagated,5号线,3,facility_equipment,0,5号线
ZZM_CN_4b22f0a3afa1,ZZS_45679e4fc0,七里河,0.35,line_propagated,5号线,3,facility_equipment,0,5号线
ZZM_CN_4b22f0a3afa1,ZZS_4dd2360957,京广南路,0.35,line_propagated,5号线,3,facility_equipment,0,5号线
ZZM_CN_4b22f0a3afa1,ZZS_5b6c4f8186,郑州人民医院,0.35,line_propagated,5号线,3,facility_equipment,0,5号线
ZZM_CN_4b22f0a3afa1,ZZS_5babce6145,中原福塔,0.35,line_propagated,5号线,3,facility_equipment,0,5号线
ZZM_CN_4b22f0a3afa1,ZZS_5dc87121c2,市第二人民医院,0.35,line_propagated,5号线,3,facility_equipment,0,5号线
ZZM_CN_4b22f0a3afa1,ZZS_7dd13fd23f,黄河路,0.35,line_propagated,5号线,3,facility_equipment,0,5号线
ZZM_CN_4b22f0a3afa1,ZZS_9a26907088,齐礼阎,0.35,line_propagated,5号线,3,facility_equipment,0,5号线
ZZM_CN_4b22f0a3afa1,ZZS_9d8185e03c,省人民医院,0.35,line_propagated,5号线,3,facility_equipment,0,5号线
ZZM_CN_4b22f0a3afa1,ZZS_a3cc0229f4,省骨科医院,0.35,line_propagated,5号线,3,facility_equipment,0,5号线
ZZM_CN_4b22f0a3afa1,ZZS_ae7cc361da,月季公园,0.35,line_propagated,5号线,3,facility_equipment,0,5号线
ZZM_CN_4b22f0a3afa1,ZZS_bd17c52fa6,儿童医院,0.35,line_propagated,5号线,3,facility_equipment,0,5号线
ZZM_CN_4b22f0a3afa1,ZZS_c720567666,桐淮,0.35,line_propagated,5号线,3,facility_equipment,0,5号线
ZZM_CN_4b22f0a3afa1,ZZS_c94675c30b,后河芦,0.35,line_propagated,5号线,3,facility_equipment,0,5号线
ZZM_CN_4b22f0a3afa1,ZZS_c995bf7092,经开中心广场,0.35,line_propagated,5号线,3,facility_equipment,0,5号线
ZZM_CN_4b22f0a3afa1,ZZS_cb2e15cfa0,姚砦,0.35,line_propagated,5号线,3,facility_equipment,0,5号线
ZZM_CN_4b22f0a3afa1,ZZS_deb2edc4a2,沙口路,0.35,line_propagated,5号线,3,facility_equipment,0,5号线
ZZM_CN_4b22f0a3afa1,ZZS_f095e9678f,航海广场,0.35,line_propagated,5号线,3,facility_equipment,0,5号线
ZZM_CN_4b22f0a3afa1,ZZS_f97030e2b9,冯庄,0.35,line_propagated,5号线,3,facility_equipment,0,5号线
ZZM_CN_4b22f0a3afa1,ZZS_ff6940526d,郑州东站,0.35,line_propagated,5号线,3,facility_equipment,0,5号线
ZZM_CN_4c0255acd562,ZZS_00f55fa149,碧沙岗,0.35,line_propagated,1号线,0,normal_info,0,1号线
ZZM_CN_4c0255acd562,ZZS_065e638aef,东风南路,0.35,line_propagated,1号线,0,normal_info,0,1号线
ZZM_CN_4c0255acd562,ZZS_0660d199a6,农业南路,0.35,line_propagated,1号线,0,normal_info,0,1号线
ZZM_CN_4c0255acd562,ZZS_0ccbb4888d,二七广场,0.35,line_propagated,1号线,0,normal_info,0,1号线
ZZM_CN_4c0255acd562,ZZS_1acdaac4ce,铁炉,0.35,line_propagated,1号线,0,normal_info,0,1号线
ZZM_CN_4c0255acd562,ZZS_27d32a2e36,五一公园,0.35,line_propagated,1号线,0,normal_info,0,1号线
ZZM_CN_4c0255acd562,ZZS_3813354d55,绿城广场,0.35,line_propagated,1号线,0,normal_info,0,1号线
ZZM_CN_4c0255acd562,ZZS_38180914a0,燕庄,0.35,line_propagated,1号线,0,normal_info,0,1号线
ZZM_CN_4c0255acd562,ZZS_52a5a7940c,兰寨,0.35,line_propagated,1号线,0,normal_info,0,1号线
ZZM_CN_4c0255acd562,ZZS_5d37b2006d,河南大学新区,0.35,line_propagated,1号线,0,normal_info,0,1号线
ZZM_CN_4c0255acd562,ZZS_6c89efbe2c,文苑北路,0.35,line_propagated,1号线,0,normal_info,0,1号线
ZZM_CN_4c0255acd562,ZZS_87213b5129,会展中心,0.35,line_propagated,1号线,0,normal_info,0,1号线
ZZM_CN_4c0255acd562,ZZS_881a48e5bb,西三环,0.35,line_propagated,1号线,0,normal_info,0,1号线
ZZM_CN_4c0255acd562,ZZS_89f2ce9b1d,秦岭路,0.35,line_propagated,1号线,0,normal_info,0,1号线
ZZM_CN_4c0255acd562,ZZS_90196f31d6,郑州火车站,0.35,line_propagated,1号线,0,normal_info,0,1号线
ZZM_CN_4c0255acd562,ZZS_a14df2d44f,紫荆山,0.35,line_propagated,1号线,0,normal_info,0,1号线
ZZM_CN_4c0255acd562,ZZS_ae1b2afcad,梧桐街,0.35,line_propagated,1号线,0,normal_info,0,1号线
ZZM_CN_4c0255acd562,ZZS_aed2ee7bb7,河南工业大学,0.35,line_propagated,1号线,0,normal_info,0,1号线
ZZM_CN_4c0255acd562,ZZS_b0ac143899,龙子湖,0.35,line_propagated,1号线,0,normal_info,0,1号线
ZZM_CN_4c0255acd562,ZZS_b37a0bcf35,郑大科技园,0.35,line_propagated,1号线,0,normal_info,0,1号线
ZZM_CN_4c0255acd562,ZZS_b8d795b006,黄河南路,0.35,line_propagated,1号线,0,normal_info,0,1号线
ZZM_CN_4c0255acd562,ZZS_bb3c17098a,人民路,0.35,line_propagated,1号线,0,normal_info,0,1号线
ZZM_CN_4c0255acd562,ZZS_bf7f2bfbd0,博学路,0.35,line_propagated,1号线,0,normal_info,0,1号线
ZZM_CN_4c0255acd562,ZZS_c9109d3d9f,医学院,0.35,line_propagated,1号线,0,normal_info,0,1号线
ZZM_CN_4c0255acd562,ZZS_cc61daaced,市体育中心,0.35,line_propagated,1号线,0,normal_info,0,1号线
ZZM_CN_4c0255acd562,ZZS_d61a964e41,市民中心,0.35,line_propagated,1号线,0,normal_info,0,1号线
ZZM_CN_4c0255acd562,ZZS_e4b35b2f4d,郑州大学,0.35,line_propagated,1号线,0,normal_info,0,1号线
ZZM_CN_4c0255acd562,ZZS_e67ffc082e,西流湖,0.35,line_propagated,1号线,0,normal_info,0,1号线
ZZM_CN_4c0255acd562,ZZS_ff2a277828,民航路,0.35,line_propagated,1号线,0,normal_info,0,1号线
ZZM_CN_4c0255acd562,ZZS_ff6940526d,郑州东站,0.35,line_propagated,1号线,0,normal_info,0,1号线
ZZM_CN_4c0c5cded10b,ZZS_02cf3e4cf5,南三环,0.35,line_propagated,2号线,0,normal_info,0,2号线
ZZM_CN_4c0c5cded10b,ZZS_1a5721a427,毛庄,0.35,line_propagated,2号线,0,normal_info,0,2号线
ZZM_CN_4c0c5cded10b,ZZS_20262a52f0,南五里堡,0.35,line_propagated,2号线,0,normal_info,0,2号线
ZZM_CN_4c0c5cded10b,ZZS_2bd57be00d,关虎屯,0.35,line_propagated,2号线,0,normal_info,0,2号线
ZZM_CN_4c0c5cded10b,ZZS_43a808507b,金洼,0.35,line_propagated,2号线,0,normal_info,0,2号线
ZZM_CN_4c0c5cded10b,ZZS_4d258fdd50,金达路,0.35,line_propagated,2号线,0,normal_info,0,2号线
ZZM_CN_4c0c5cded10b,ZZS_51e572c7c3,东大街,0.35,line_propagated,2号线,0,normal_info,0,2号线
ZZM_CN_4c0c5cded10b,ZZS_54adf32b6c,南四环,0.35,line_propagated,2号线,0,normal_info,0,2号线
ZZM_CN_4c0c5cded10b,ZZS_6b600b7696,刘庄,0.35,line_propagated,2号线,0,normal_info,0,2号线
ZZM_CN_4c0c5cded10b,ZZS_72de4f5f66,惠济区政府,0.35,line_propagated,2号线,0,normal_info,0,2号线
ZZM_CN_4c0c5cded10b,ZZS_7dd13fd23f,黄河路,0.35,line_propagated,2号线,0,normal_info,0,2号线
ZZM_CN_4c0c5cded10b,ZZS_90c4ce1eb7,沙门,0.35,line_propagated,2号线,0,normal_info,0,2号线
ZZM_CN_4c0c5cded10b,ZZS_93b9249040,二里岗,0.35,line_propagated,2号线,0,normal_info,0,2号线
ZZM_CN_4c0c5cded10b,ZZS_9660c27c11,站马屯,0.35,line_propagated,2号线,0,normal_info,0,2号线
ZZM_CN_4c0c5cded10b,ZZS_9f383e1427,花寨,0.35,line_propagated,2号线,0,normal_info,0,2号线
ZZM_CN_4c0c5cded10b,ZZS_a14df2d44f,紫荆山,0.35,line_propagated,2号线,0,normal_info,0,2号线
ZZM_CN_4c0c5cded10b,ZZS_a7b91da4c7,陇海东路,0.35,line_propagated,2号线,0,normal_info,0,2号线
ZZM_CN_4c0c5cded10b,ZZS_abc078ccd5,黄河迎宾馆,0.35,line_propagated,2号线,0,normal_info,0,2号线
ZZM_CN_4c0c5cded10b,ZZS_bdc2a71da9,柳林,0.35,line_propagated,2号线,0,normal_info,0,2号线
ZZM_CN_4c0c5cded10b,ZZS_c180efc575,贾河,0.35,line_propagated,2号线,0,normal_info,0,2号线
ZZM_CN_4c0c5cded10b,ZZS_ff256e6634,北三环,0.35,line_propagated,2号线,0,normal_info,0,2号线
ZZM_CN_4c0c5cded10b,ZZS_ff491e6fdf,东风路,0.35,line_propagated,2号线,0,normal_info,0,2号线
ZZM_CN_4ce5950dc257,ZZS_00f55fa149,碧沙岗,0.35,line_propagated,1号线,0,normal_info,0,1号线
ZZM_CN_4ce5950dc257,ZZS_065e638aef,东风南路,0.35,line_propagated,1号线,0,normal_info,0,1号线
ZZM_CN_4ce5950dc257,ZZS_0660d199a6,农业南路,0.35,line_propagated,1号线,0,normal_info,0,1号线
ZZM_CN_4ce5950dc257,ZZS_0ccbb4888d,二七广场,0.35,line_propagated,1号线,0,normal_info,0,1号线
ZZM_CN_4ce5950dc257,ZZS_1acdaac4ce,铁炉,0.35,line_propagated,1号线,0,normal_info,0,1号线
ZZM_CN_4ce5950dc257,ZZS_27d32a2e36,五一公园,0.35,line_propagated,1号线,0,normal_info,0,1号线
ZZM_CN_4ce5950dc257,ZZS_3813354d55,绿城广场,0.35,line_propagated,1号线,0,normal_info,0,1号线
ZZM_CN_4ce5950dc257,ZZS_38180914a0,燕庄,0.35,line_propagated,1号线,0,normal_info,0,1号线
ZZM_CN_4ce5950dc257,ZZS_52a5a7940c,兰寨,0.35,line_propagated,1号线,0,normal_info,0,1号线
ZZM_CN_4ce5950dc257,ZZS_5d37b2006d,河南大学新区,0.35,line_propagated,1号线,0,normal_info,0,1号线
ZZM_CN_4ce5950dc257,ZZS_6c89efbe2c,文苑北路,0.35,line_propagated,1号线,0,normal_info,0,1号线
ZZM_CN_4ce5950dc257,ZZS_87213b5129,会展中心,0.35,line_propagated,1号线,0,normal_info,0,1号线
ZZM_CN_4ce5950dc257,ZZS_881a48e5bb,西三环,0.35,line_propagated,1号线,0,normal_info,0,1号线
ZZM_CN_4ce5950dc257,ZZS_89f2ce9b1d,秦岭路,0.35,line_propagated,1号线,0,normal_info,0,1号线
ZZM_CN_4ce5950dc257,ZZS_90196f31d6,郑州火车站,0.35,line_propagated,1号线,0,normal_info,0,1号线
ZZM_CN_4ce5950dc257,ZZS_a14df2d44f,紫荆山,0.35,line_propagated,1号线,0,normal_info,0,1号线
ZZM_CN_4ce5950dc257,ZZS_ae1b2afcad,梧桐街,0.35,line_propagated,1号线,0,normal_info,0,1号线
ZZM_CN_4ce5950dc257,ZZS_aed2ee7bb7,河南工业大学,0.35,line_propagated,1号线,0,normal_info,0,1号线
ZZM_CN_4ce5950dc257,ZZS_b0ac143899,龙子湖,0.35,line_propagated,1号线,0,normal_info,0,1号线
ZZM_CN_4ce5950dc257,ZZS_b37a0bcf35,郑大科技园,0.35,line_propagated,1号线,0,normal_info,0,1号线
ZZM_CN_4ce5950dc257,ZZS_b8d795b006,黄河南路,0.35,line_propagated,1号线,0,normal_info,0,1号线
ZZM_CN_4ce5950dc257,ZZS_bb3c17098a,人民路,0.35,line_propagated,1号线,0,normal_info,0,1号线
ZZM_CN_4ce5950dc257,ZZS_bf7f2bfbd0,博学路,0.35,line_propagated,1号线,0,normal_info,0,1号线
ZZM_CN_4ce5950dc257,ZZS_c9109d3d9f,医学院,0.35,line_propagated,1号线,0,normal_info,0,1号线
ZZM_CN_4ce5950dc257,ZZS_cc61daaced,市体育中心,0.35,line_propagated,1号线,0,normal_info,0,1号线
ZZM_CN_4ce5950dc257,ZZS_d61a964e41,市民中心,0.35,line_propagated,1号线,0,normal_info,0,1号线
ZZM_CN_4ce5950dc257,ZZS_e4b35b2f4d,郑州大学,0.35,line_propagated,1号线,0,normal_info,0,1号线
ZZM_CN_4ce5950dc257,ZZS_e67ffc082e,西流湖,0.35,line_propagated,1号线,0,normal_info,0,1号线
ZZM_CN_4ce5950dc257,ZZS_ff2a277828,民航路,0.35,line_propagated,1号线,0,normal_info,0,1号线
ZZM_CN_4ce5950dc257,ZZS_ff6940526d,郑州东站,0.35,line_propagated,1号线,0,normal_info,0,1号线
ZZM_CN_4da6724eb650,ZZS_00f55fa149,碧沙岗,0.35,line_propagated,1号线,0,normal_info,0,1号线
ZZM_CN_4da6724eb650,ZZS_065e638aef,东风南路,0.35,line_propagated,1号线,0,normal_info,0,1号线
ZZM_CN_4da6724eb650,ZZS_0660d199a6,农业南路,0.35,line_propagated,1号线,0,normal_info,0,1号线
ZZM_CN_4da6724eb650,ZZS_0ccbb4888d,二七广场,0.35,line_propagated,1号线,0,normal_info,0,1号线
ZZM_CN_4da6724eb650,ZZS_1acdaac4ce,铁炉,0.35,line_propagated,1号线,0,normal_info,0,1号线
ZZM_CN_4da6724eb650,ZZS_27d32a2e36,五一公园,0.35,line_propagated,1号线,0,normal_info,0,1号线
ZZM_CN_4da6724eb650,ZZS_3813354d55,绿城广场,0.35,line_propagated,1号线,0,normal_info,0,1号线
ZZM_CN_4da6724eb650,ZZS_38180914a0,燕庄,0.35,line_propagated,1号线,0,normal_info,0,1号线
ZZM_CN_4da6724eb650,ZZS_52a5a7940c,兰寨,0.35,line_propagated,1号线,0,normal_info,0,1号线
ZZM_CN_4da6724eb650,ZZS_5d37b2006d,河南大学新区,0.35,line_propagated,1号线,0,normal_info,0,1号线
ZZM_CN_4da6724eb650,ZZS_6c89efbe2c,文苑北路,0.35,line_propagated,1号线,0,normal_info,0,1号线
ZZM_CN_4da6724eb650,ZZS_87213b5129,会展中心,0.35,line_propagated,1号线,0,normal_info,0,1号线
ZZM_CN_4da6724eb650,ZZS_881a48e5bb,西三环,0.35,line_propagated,1号线,0,normal_info,0,1号线
ZZM_CN_4da6724eb650,ZZS_89f2ce9b1d,秦岭路,0.35,line_propagated,1号线,0,normal_info,0,1号线
ZZM_CN_4da6724eb650,ZZS_90196f31d6,郑州火车站,0.35,line_propagated,1号线,0,normal_info,0,1号线
ZZM_CN_4da6724eb650,ZZS_a14df2d44f,紫荆山,0.9,exact+line,1号线|紫荆山,0,normal_info,0,1号线
ZZM_CN_4da6724eb650,ZZS_ae1b2afcad,梧桐街,0.35,line_propagated,1号线,0,normal_info,0,1号线
ZZM_CN_4da6724eb650,ZZS_aed2ee7bb7,河南工业大学,0.35,line_propagated,1号线,0,normal_info,0,1号线
ZZM_CN_4da6724eb650,ZZS_b0ac143899,龙子湖,0.35,line_propagated,1号线,0,normal_info,0,1号线
ZZM_CN_4da6724eb650,ZZS_b37a0bcf35,郑大科技园,0.35,line_propagated,1号线,0,normal_info,0,1号线
ZZM_CN_4da6724eb650,ZZS_b8d795b006,黄河南路,0.35,line_propagated,1号线,0,normal_info,0,1号线
ZZM_CN_4da6724eb650,ZZS_bb3c17098a,人民路,0.35,line_propagated,1号线,0,normal_info,0,1号线
ZZM_CN_4da6724eb650,ZZS_bf7f2bfbd0,博学路,0.35,line_propagated,1号线,0,normal_info,0,1号线
ZZM_CN_4da6724eb650,ZZS_c9109d3d9f,医学院,0.35,line_propagated,1号线,0,normal_info,0,1号线
ZZM_CN_4da6724eb650,ZZS_cc61daaced,市体育中心,0.35,line_propagated,1号线,0,normal_info,0,1号线
ZZM_CN_4da6724eb650,ZZS_d61a964e41,市民中心,0.35,line_propagated,1号线,0,normal_info,0,1号线
ZZM_CN_4da6724eb650,ZZS_e4b35b2f4d,郑州大学,0.35,line_propagated,1号线,0,normal_info,0,1号线
ZZM_CN_4da6724eb650,ZZS_e67ffc082e,西流湖,0.35,line_propagated,1号线,0,normal_info,0,1号线
ZZM_CN_4da6724eb650,ZZS_ff2a277828,民航路,0.35,line_propagated,1号线,0,normal_info,0,1号线
ZZM_CN_4da6724eb650,ZZS_ff6940526d,郑州东站,0.35,line_propagated,1号线,0,normal_info,0,1号线
ZZM_CN_4e5184d5f147,ZZS_00f55fa149,碧沙岗,0.35,line_propagated,1号线,0,normal_info,0,1号线
ZZM_CN_4e5184d5f147,ZZS_065e638aef,东风南路,0.35,line_propagated,1号线,0,normal_info,0,1号线
ZZM_CN_4e5184d5f147,ZZS_0660d199a6,农业南路,0.35,line_propagated,1号线,0,normal_info,0,1号线
ZZM_CN_4e5184d5f147,ZZS_0ccbb4888d,二七广场,0.35,line_propagated,1号线,0,normal_info,0,1号线
ZZM_CN_4e5184d5f147,ZZS_1acdaac4ce,铁炉,0.35,line_propagated,1号线,0,normal_info,0,1号线
ZZM_CN_4e5184d5f147,ZZS_27d32a2e36,五一公园,0.35,line_propagated,1号线,0,normal_info,0,1号线
ZZM_CN_4e5184d5f147,ZZS_3813354d55,绿城广场,0.35,line_propagated,1号线,0,normal_info,0,1号线
ZZM_CN_4e5184d5f147,ZZS_38180914a0,燕庄,0.35,line_propagated,1号线,0,normal_info,0,1号线
ZZM_CN_4e5184d5f147,ZZS_52a5a7940c,兰寨,0.35,line_propagated,1号线,0,normal_info,0,1号线
ZZM_CN_4e5184d5f147,ZZS_5d37b2006d,河南大学新区,0.35,line_propagated,1号线,0,normal_info,0,1号线
ZZM_CN_4e5184d5f147,ZZS_6c89efbe2c,文苑北路,0.35,line_propagated,1号线,0,normal_info,0,1号线
ZZM_CN_4e5184d5f147,ZZS_87213b5129,会展中心,0.35,line_propagated,1号线,0,normal_info,0,1号线
ZZM_CN_4e5184d5f147,ZZS_881a48e5bb,西三环,0.35,line_propagated,1号线,0,normal_info,0,1号线
ZZM_CN_4e5184d5f147,ZZS_89f2ce9b1d,秦岭路,0.35,line_propagated,1号线,0,normal_info,0,1号线
ZZM_CN_4e5184d5f147,ZZS_90196f31d6,郑州火车站,0.35,line_propagated,1号线,0,normal_info,0,1号线
ZZM_CN_4e5184d5f147,ZZS_a14df2d44f,紫荆山,0.35,line_propagated,1号线,0,normal_info,0,1号线
ZZM_CN_4e5184d5f147,ZZS_ae1b2afcad,梧桐街,0.35,line_propagated,1号线,0,normal_info,0,1号线
ZZM_CN_4e5184d5f147,ZZS_aed2ee7bb7,河南工业大学,0.35,line_propagated,1号线,0,normal_info,0,1号线
ZZM_CN_4e5184d5f147,ZZS_b0ac143899,龙子湖,0.35,line_propagated,1号线,0,normal_info,0,1号线
ZZM_CN_4e5184d5f147,ZZS_b37a0bcf35,郑大科技园,0.35,line_propagated,1号线,0,normal_info,0,1号线
ZZM_CN_4e5184d5f147,ZZS_b8d795b006,黄河南路,0.35,line_propagated,1号线,0,normal_info,0,1号线
ZZM_CN_4e5184d5f147,ZZS_bb3c17098a,人民路,0.35,line_propagated,1号线,0,normal_info,0,1号线
ZZM_CN_4e5184d5f147,ZZS_bf7f2bfbd0,博学路,0.35,line_propagated,1号线,0,normal_info,0,1号线
ZZM_CN_4e5184d5f147,ZZS_c9109d3d9f,医学院,0.35,line_propagated,1号线,0,normal_info,0,1号线
ZZM_CN_4e5184d5f147,ZZS_cc61daaced,市体育中心,0.35,line_propagated,1号线,0,normal_info,0,1号线
ZZM_CN_4e5184d5f147,ZZS_d61a964e41,市民中心,0.35,line_propagated,1号线,0,normal_info,0,1号线
ZZM_CN_4e5184d5f147,ZZS_e4b35b2f4d,郑州大学,0.35,line_propagated,1号线,0,normal_info,0,1号线
ZZM_CN_4e5184d5f147,ZZS_e67ffc082e,西流湖,0.35,line_propagated,1号线,0,normal_info,0,1号线
ZZM_CN_4e5184d5f147,ZZS_ff2a277828,民航路,0.35,line_propagated,1号线,0,normal_info,0,1号线
ZZM_CN_4e5184d5f147,ZZS_ff6940526d,郑州东站,0.35,line_propagated,1号线,0,normal_info,0,1号线
ZZM_CN_4e83e9d500da,ZZS_047175b6e2,老鸦陈,0.35,line_propagated,4号线,0,normal_info,0,4号线
ZZM_CN_4e83e9d500da,ZZS_06c5d1c11c,商鼎路,0.35,line_propagated,4号线,0,normal_info,0,4号线
ZZM_CN_4e83e9d500da,ZZS_1236ed80e3,中央商务区,0.35,line_propagated,4号线,0,normal_info,0,4号线
ZZM_CN_4e83e9d500da,ZZS_184971fb41,郎庄,0.35,line_propagated,4号线,0,normal_info,0,4号线
ZZM_CN_4e83e9d500da,ZZS_1acd4fa835,金岱,0.35,line_propagated,4号线,0,normal_info,0,4号线
ZZM_CN_4e83e9d500da,ZZS_1e911360df,姚庄,0.35,line_propagated,4号线,0,normal_info,0,4号线
ZZM_CN_4e83e9d500da,ZZS_25a4eab92b,龙湖南,0.35,line_propagated,4号线,0,normal_info,0,4号线
ZZM_CN_4e83e9d500da,ZZS_28ee7061d7,东十里铺,0.35,line_propagated,4号线,0,normal_info,0,4号线
ZZM_CN_4e83e9d500da,ZZS_3546d6d127,丰庆路,0.35,line_propagated,4号线,0,normal_info,0,4号线
ZZM_CN_4e83e9d500da,ZZS_45679e4fc0,七里河,0.35,line_propagated,4号线,0,normal_info,0,4号线
ZZM_CN_4e83e9d500da,ZZS_542d10f6f0,金融岛北,0.35,line_propagated,4号线,0,normal_info,0,4号线
ZZM_CN_4e83e9d500da,ZZS_548bc6fa98,陈寨东,0.35,line_propagated,4号线,0,normal_info,0,4号线
ZZM_CN_4e83e9d500da,ZZS_55f9aea406,森林公园北,0.35,line_propagated,4号线,0,normal_info,0,4号线
ZZM_CN_4e83e9d500da,ZZS_6605be2a4e,省体育中心,0.35,line_propagated,4号线,0,normal_info,0,4号线
ZZM_CN_4e83e9d500da,ZZS_6a9a14f197,北二十里铺,0.35,line_propagated,4号线,0,normal_info,0,4号线
ZZM_CN_4e83e9d500da,ZZS_87213b5129,会展中心,0.35,line_propagated,4号线,0,normal_info,0,4号线
ZZM_CN_4e83e9d500da,ZZS_90c4ce1eb7,沙门,0.35,line_propagated,4号线,0,normal_info,0,4号线
ZZM_CN_4e83e9d500da,ZZS_90de6fab35,货站街,0.35,line_propagated,4号线,0,normal_info,0,4号线
ZZM_CN_4e83e9d500da,ZZS_93f56b73b3,果树所,0.35,line_propagated,4号线,0,normal_info,0,4号线
ZZM_CN_4e83e9d500da,ZZS_95fb90b688,杨君刘,0.35,line_propagated,4号线,0,normal_info,0,4号线
ZZM_CN_4e83e9d500da,ZZS_9965eccc39,龙湖中环北,0.35,line_propagated,4号线,0,normal_info,0,4号线
ZZM_CN_4e83e9d500da,ZZS_aa3686fb6d,金融岛南,0.35,line_propagated,4号线,0,normal_info,0,4号线
ZZM_CN_4e83e9d500da,ZZS_ccf9ac5267,清华附中,0.35,line_propagated,4号线,0,normal_info,0,4号线
ZZM_CN_4e83e9d500da,ZZS_d86c49fbed,农业东路,0.35,line_propagated,4号线,0,normal_info,0,4号线
ZZM_CN_4e83e9d500da,ZZS_dbb2385d18,龙湖北,0.35,line_propagated,4号线,0,normal_info,0,4号线
ZZM_CN_4e83e9d500da,ZZS_eca427650a,张家村,0.35,line_propagated,4号线,0,normal_info,0,4号线
ZZM_CN_4e83e9d500da,ZZS_eda0ec6e78,龙湖中环南,0.35,line_propagated,4号线,0,normal_info,0,4号线
ZZM_CN_4f20ebc4a4fe,ZZS_001bf66fc1,陇海西路,0.35,line_propagated,5号线,0,normal_info,0,5号线
ZZM_CN_4f20ebc4a4fe,ZZS_1236ed80e3,中央商务区,0.35,line_propagated,5号线,0,normal_info,0,5号线
ZZM_CN_4f20ebc4a4fe,ZZS_1246e07d02,城东南路,0.35,line_propagated,5号线,0,normal_info,0,5号线
ZZM_CN_4f20ebc4a4fe,ZZS_136c32a256,市中心医院,0.35,line_propagated,5号线,0,normal_info,0,5号线
ZZM_CN_4f20ebc4a4fe,ZZS_14efbdcc1b,福塔东,0.35,line_propagated,5号线,0,normal_info,0,5号线
ZZM_CN_4f20ebc4a4fe,ZZS_190cc56901,金水东路,0.35,line_propagated,5号线,0,normal_info,0,5号线
ZZM_CN_4f20ebc4a4fe,ZZS_20262a52f0,南五里堡,0.35,line_propagated,5号线,0,normal_info,0,5号线
ZZM_CN_4f20ebc4a4fe,ZZS_20dcf363fc,康宁街,0.35,line_propagated,5号线,0,normal_info,0,5号线
ZZM_CN_4f20ebc4a4fe,ZZS_27d32a2e36,五一公园,0.35,line_propagated,5号线,0,normal_info,0,5号线
ZZM_CN_4f20ebc4a4fe,ZZS_2db8e2eabe,经北二路,0.35,line_propagated,5号线,0,normal_info,0,5号线
ZZM_CN_4f20ebc4a4fe,ZZS_31a002aa03,海滩寺,0.35,line_propagated,5号线,0,normal_info,0,5号线
ZZM_CN_4f20ebc4a4fe,ZZS_386438745b,祭城,0.35,line_propagated,5号线,0,normal_info,0,5号线
ZZM_CN_4f20ebc4a4fe,ZZS_3ada9c57dc,众意西路,0.35,line_propagated,5号线,0,normal_info,0,5号线
ZZM_CN_4f20ebc4a4fe,ZZS_45679e4fc0,七里河,0.35,line_propagated,5号线,0,normal_info,0,5号线
ZZM_CN_4f20ebc4a4fe,ZZS_4dd2360957,京广南路,0.35,line_propagated,5号线,0,normal_info,0,5号线
ZZM_CN_4f20ebc4a4fe,ZZS_5b6c4f8186,郑州人民医院,0.35,line_propagated,5号线,0,normal_info,0,5号线
ZZM_CN_4f20ebc4a4fe,ZZS_5babce6145,中原福塔,0.35,line_propagated,5号线,0,normal_info,0,5号线
ZZM_CN_4f20ebc4a4fe,ZZS_5dc87121c2,市第二人民医院,0.35,line_propagated,5号线,0,normal_info,0,5号线
ZZM_CN_4f20ebc4a4fe,ZZS_7dd13fd23f,黄河路,0.35,line_propagated,5号线,0,normal_info,0,5号线
ZZM_CN_4f20ebc4a4fe,ZZS_9a26907088,齐礼阎,0.35,line_propagated,5号线,0,normal_info,0,5号线
ZZM_CN_4f20ebc4a4fe,ZZS_9d8185e03c,省人民医院,0.35,line_propagated,5号线,0,normal_info,0,5号线
ZZM_CN_4f20ebc4a4fe,ZZS_a3cc0229f4,省骨科医院,0.35,line_propagated,5号线,0,normal_info,0,5号线
ZZM_CN_4f20ebc4a4fe,ZZS_ae7cc361da,月季公园,0.35,line_propagated,5号线,0,normal_info,0,5号线
ZZM_CN_4f20ebc4a4fe,ZZS_bd17c52fa6,儿童医院,0.35,line_propagated,5号线,0,normal_info,0,5号线
ZZM_CN_4f20ebc4a4fe,ZZS_c720567666,桐淮,0.35,line_propagated,5号线,0,normal_info,0,5号线
ZZM_CN_4f20ebc4a4fe,ZZS_c94675c30b,后河芦,0.35,line_propagated,5号线,0,normal_info,0,5号线
ZZM_CN_4f20ebc4a4fe,ZZS_c995bf7092,经开中心广场,0.35,line_propagated,5号线,0,normal_info,0,5号线
ZZM_CN_4f20ebc4a4fe,ZZS_cb2e15cfa0,姚砦,0.35,line_propagated,5号线,0,normal_info,0,5号线
ZZM_CN_4f20ebc4a4fe,ZZS_deb2edc4a2,沙口路,0.35,line_propagated,5号线,0,normal_info,0,5号线
ZZM_CN_4f20ebc4a4fe,ZZS_f095e9678f,航海广场,0.35,line_propagated,5号线,0,normal_info,0,5号线
ZZM_CN_4f20ebc4a4fe,ZZS_f97030e2b9,冯庄,0.35,line_propagated,5号线,0,normal_info,0,5号线
ZZM_CN_4f20ebc4a4fe,ZZS_ff6940526d,郑州东站,0.35,line_propagated,5号线,0,normal_info,0,5号线
ZZM_CN_4f2512ab2f58,ZZS_047175b6e2,老鸦陈,0.35,line_propagated,4号线,0,normal_info,0,4号线
ZZM_CN_4f2512ab2f58,ZZS_06c5d1c11c,商鼎路,0.35,line_propagated,4号线,0,normal_info,0,4号线
ZZM_CN_4f2512ab2f58,ZZS_1236ed80e3,中央商务区,0.35,line_propagated,4号线,0,normal_info,0,4号线
ZZM_CN_4f2512ab2f58,ZZS_184971fb41,郎庄,0.35,line_propagated,4号线,0,normal_info,0,4号线
ZZM_CN_4f2512ab2f58,ZZS_1acd4fa835,金岱,0.35,line_propagated,4号线,0,normal_info,0,4号线
ZZM_CN_4f2512ab2f58,ZZS_1e911360df,姚庄,0.35,line_propagated,4号线,0,normal_info,0,4号线
ZZM_CN_4f2512ab2f58,ZZS_25a4eab92b,龙湖南,0.35,line_propagated,4号线,0,normal_info,0,4号线
ZZM_CN_4f2512ab2f58,ZZS_28ee7061d7,东十里铺,0.35,line_propagated,4号线,0,normal_info,0,4号线
ZZM_CN_4f2512ab2f58,ZZS_3546d6d127,丰庆路,0.35,line_propagated,4号线,0,normal_info,0,4号线
ZZM_CN_4f2512ab2f58,ZZS_45679e4fc0,七里河,0.35,line_propagated,4号线,0,normal_info,0,4号线
ZZM_CN_4f2512ab2f58,ZZS_542d10f6f0,金融岛北,0.35,line_propagated,4号线,0,normal_info,0,4号线
ZZM_CN_4f2512ab2f58,ZZS_548bc6fa98,陈寨东,0.35,line_propagated,4号线,0,normal_info,0,4号线
ZZM_CN_4f2512ab2f58,ZZS_55f9aea406,森林公园北,0.35,line_propagated,4号线,0,normal_info,0,4号线
ZZM_CN_4f2512ab2f58,ZZS_6605be2a4e,省体育中心,0.35,line_propagated,4号线,0,normal_info,0,4号线
ZZM_CN_4f2512ab2f58,ZZS_6a9a14f197,北二十里铺,0.35,line_propagated,4号线,0,normal_info,0,4号线
ZZM_CN_4f2512ab2f58,ZZS_87213b5129,会展中心,0.35,line_propagated,4号线,0,normal_info,0,4号线
ZZM_CN_4f2512ab2f58,ZZS_90c4ce1eb7,沙门,0.35,line_propagated,4号线,0,normal_info,0,4号线
ZZM_CN_4f2512ab2f58,ZZS_90de6fab35,货站街,0.35,line_propagated,4号线,0,normal_info,0,4号线
ZZM_CN_4f2512ab2f58,ZZS_93f56b73b3,果树所,0.35,line_propagated,4号线,0,normal_info,0,4号线
ZZM_CN_4f2512ab2f58,ZZS_95fb90b688,杨君刘,0.35,line_propagated,4号线,0,normal_info,0,4号线
ZZM_CN_4f2512ab2f58,ZZS_9965eccc39,龙湖中环北,0.35,line_propagated,4号线,0,normal_info,0,4号线
ZZM_CN_4f2512ab2f58,ZZS_aa3686fb6d,金融岛南,0.35,line_propagated,4号线,0,normal_info,0,4号线
ZZM_CN_4f2512ab2f58,ZZS_ccf9ac5267,清华附中,0.35,line_propagated,4号线,0,normal_info,0,4号线
ZZM_CN_4f2512ab2f58,ZZS_d86c49fbed,农业东路,0.35,line_propagated,4号线,0,normal_info,0,4号线
ZZM_CN_4f2512ab2f58,ZZS_dbb2385d18,龙湖北,0.35,line_propagated,4号线,0,normal_info,0,4号线
ZZM_CN_4f2512ab2f58,ZZS_eca427650a,张家村,0.35,line_propagated,4号线,0,normal_info,0,4号线
ZZM_CN_4f2512ab2f58,ZZS_eda0ec6e78,龙湖中环南,0.35,line_propagated,4号线,0,normal_info,0,4号线
ZZM_CN_500813d551fd,ZZS_02cf3e4cf5,南三环,0.35,line_propagated,2号线,0,normal_info,0,2号线
ZZM_CN_500813d551fd,ZZS_1a5721a427,毛庄,0.35,line_propagated,2号线,0,normal_info,0,2号线
ZZM_CN_500813d551fd,ZZS_20262a52f0,南五里堡,0.35,line_propagated,2号线,0,normal_info,0,2号线
ZZM_CN_500813d551fd,ZZS_2bd57be00d,关虎屯,0.35,line_propagated,2号线,0,normal_info,0,2号线
ZZM_CN_500813d551fd,ZZS_43a808507b,金洼,0.35,line_propagated,2号线,0,normal_info,0,2号线
ZZM_CN_500813d551fd,ZZS_4d258fdd50,金达路,0.35,line_propagated,2号线,0,normal_info,0,2号线
ZZM_CN_500813d551fd,ZZS_51e572c7c3,东大街,0.35,line_propagated,2号线,0,normal_info,0,2号线
ZZM_CN_500813d551fd,ZZS_54adf32b6c,南四环,0.35,line_propagated,2号线,0,normal_info,0,2号线
ZZM_CN_500813d551fd,ZZS_6b600b7696,刘庄,0.35,line_propagated,2号线,0,normal_info,0,2号线
ZZM_CN_500813d551fd,ZZS_72de4f5f66,惠济区政府,0.35,line_propagated,2号线,0,normal_info,0,2号线
ZZM_CN_500813d551fd,ZZS_7dd13fd23f,黄河路,0.35,line_propagated,2号线,0,normal_info,0,2号线
ZZM_CN_500813d551fd,ZZS_90c4ce1eb7,沙门,0.35,line_propagated,2号线,0,normal_info,0,2号线
ZZM_CN_500813d551fd,ZZS_93b9249040,二里岗,0.35,line_propagated,2号线,0,normal_info,0,2号线
ZZM_CN_500813d551fd,ZZS_9660c27c11,站马屯,0.35,line_propagated,2号线,0,normal_info,0,2号线
ZZM_CN_500813d551fd,ZZS_9f383e1427,花寨,0.35,line_propagated,2号线,0,normal_info,0,2号线
ZZM_CN_500813d551fd,ZZS_a14df2d44f,紫荆山,0.35,line_propagated,2号线,0,normal_info,0,2号线
ZZM_CN_500813d551fd,ZZS_a7b91da4c7,陇海东路,0.35,line_propagated,2号线,0,normal_info,0,2号线
ZZM_CN_500813d551fd,ZZS_abc078ccd5,黄河迎宾馆,0.35,line_propagated,2号线,0,normal_info,0,2号线
ZZM_CN_500813d551fd,ZZS_bdc2a71da9,柳林,0.35,line_propagated,2号线,0,normal_info,0,2号线
ZZM_CN_500813d551fd,ZZS_c180efc575,贾河,0.35,line_propagated,2号线,0,normal_info,0,2号线
ZZM_CN_500813d551fd,ZZS_ff256e6634,北三环,0.35,line_propagated,2号线,0,normal_info,0,2号线
ZZM_CN_500813d551fd,ZZS_ff491e6fdf,东风路,0.35,line_propagated,2号线,0,normal_info,0,2号线
ZZM_CN_50bf7e54fdc7,ZZS_00f55fa149,碧沙岗,0.35,line_propagated,1号线,0,normal_info,0,1号线
ZZM_CN_50bf7e54fdc7,ZZS_065e638aef,东风南路,0.35,line_propagated,1号线,0,normal_info,0,1号线
ZZM_CN_50bf7e54fdc7,ZZS_0660d199a6,农业南路,0.35,line_propagated,1号线,0,normal_info,0,1号线
ZZM_CN_50bf7e54fdc7,ZZS_0ccbb4888d,二七广场,0.35,line_propagated,1号线,0,normal_info,0,1号线
ZZM_CN_50bf7e54fdc7,ZZS_1acdaac4ce,铁炉,0.35,line_propagated,1号线,0,normal_info,0,1号线
ZZM_CN_50bf7e54fdc7,ZZS_27d32a2e36,五一公园,0.35,line_propagated,1号线,0,normal_info,0,1号线
ZZM_CN_50bf7e54fdc7,ZZS_3813354d55,绿城广场,0.35,line_propagated,1号线,0,normal_info,0,1号线
ZZM_CN_50bf7e54fdc7,ZZS_38180914a0,燕庄,0.35,line_propagated,1号线,0,normal_info,0,1号线
ZZM_CN_50bf7e54fdc7,ZZS_52a5a7940c,兰寨,0.35,line_propagated,1号线,0,normal_info,0,1号线
ZZM_CN_50bf7e54fdc7,ZZS_5d37b2006d,河南大学新区,0.35,line_propagated,1号线,0,normal_info,0,1号线
ZZM_CN_50bf7e54fdc7,ZZS_6c89efbe2c,文苑北路,0.35,line_propagated,1号线,0,normal_info,0,1号线
ZZM_CN_50bf7e54fdc7,ZZS_87213b5129,会展中心,0.35,line_propagated,1号线,0,normal_info,0,1号线
ZZM_CN_50bf7e54fdc7,ZZS_881a48e5bb,西三环,0.35,line_propagated,1号线,0,normal_info,0,1号线
ZZM_CN_50bf7e54fdc7,ZZS_89f2ce9b1d,秦岭路,0.35,line_propagated,1号线,0,normal_info,0,1号线
ZZM_CN_50bf7e54fdc7,ZZS_90196f31d6,郑州火车站,0.35,line_propagated,1号线,0,normal_info,0,1号线
ZZM_CN_50bf7e54fdc7,ZZS_a14df2d44f,紫荆山,0.35,line_propagated,1号线,0,normal_info,0,1号线
ZZM_CN_50bf7e54fdc7,ZZS_ae1b2afcad,梧桐街,0.35,line_propagated,1号线,0,normal_info,0,1号线
ZZM_CN_50bf7e54fdc7,ZZS_aed2ee7bb7,河南工业大学,0.35,line_propagated,1号线,0,normal_info,0,1号线
ZZM_CN_50bf7e54fdc7,ZZS_b0ac143899,龙子湖,0.35,line_propagated,1号线,0,normal_info,0,1号线
ZZM_CN_50bf7e54fdc7,ZZS_b37a0bcf35,郑大科技园,0.35,line_propagated,1号线,0,normal_info,0,1号线
ZZM_CN_50bf7e54fdc7,ZZS_b8d795b006,黄河南路,0.35,line_propagated,1号线,0,normal_info,0,1号线
ZZM_CN_50bf7e54fdc7,ZZS_bb3c17098a,人民路,0.35,line_propagated,1号线,0,normal_info,0,1号线
ZZM_CN_50bf7e54fdc7,ZZS_bf7f2bfbd0,博学路,0.35,line_propagated,1号线,0,normal_info,0,1号线
ZZM_CN_50bf7e54fdc7,ZZS_c9109d3d9f,医学院,0.35,line_propagated,1号线,0,normal_info,0,1号线
ZZM_CN_50bf7e54fdc7,ZZS_cc61daaced,市体育中心,0.35,line_propagated,1号线,0,normal_info,0,1号线
ZZM_CN_50bf7e54fdc7,ZZS_d61a964e41,市民中心,0.35,line_propagated,1号线,0,normal_info,0,1号线
ZZM_CN_50bf7e54fdc7,ZZS_e4b35b2f4d,郑州大学,0.35,line_propagated,1号线,0,normal_info,0,1号线
ZZM_CN_50bf7e54fdc7,ZZS_e67ffc082e,西流湖,0.35,line_propagated,1号线,0,normal_info,0,1号线
ZZM_CN_50bf7e54fdc7,ZZS_ff2a277828,民航路,0.35,line_propagated,1号线,0,normal_info,0,1号线
ZZM_CN_50bf7e54fdc7,ZZS_ff6940526d,郑州东站,0.35,line_propagated,1号线,0,normal_info,0,1号线
ZZM_CN_515a842b946f,ZZS_02cf3e4cf5,南三环,0.35,line_propagated,2号线,0,normal_info,0,2号线
ZZM_CN_515a842b946f,ZZS_1a5721a427,毛庄,0.35,line_propagated,2号线,0,normal_info,0,2号线
ZZM_CN_515a842b946f,ZZS_20262a52f0,南五里堡,0.35,line_propagated,2号线,0,normal_info,0,2号线
ZZM_CN_515a842b946f,ZZS_2bd57be00d,关虎屯,0.9,exact+line,2号线|关虎屯,0,normal_info,0,2号线
ZZM_CN_515a842b946f,ZZS_43a808507b,金洼,0.35,line_propagated,2号线,0,normal_info,0,2号线
ZZM_CN_515a842b946f,ZZS_4d258fdd50,金达路,0.35,line_propagated,2号线,0,normal_info,0,2号线
ZZM_CN_515a842b946f,ZZS_51e572c7c3,东大街,0.35,line_propagated,2号线,0,normal_info,0,2号线
ZZM_CN_515a842b946f,ZZS_54adf32b6c,南四环,0.35,line_propagated,2号线,0,normal_info,0,2号线
ZZM_CN_515a842b946f,ZZS_6b600b7696,刘庄,0.35,line_propagated,2号线,0,normal_info,0,2号线
ZZM_CN_515a842b946f,ZZS_72de4f5f66,惠济区政府,0.35,line_propagated,2号线,0,normal_info,0,2号线
ZZM_CN_515a842b946f,ZZS_7dd13fd23f,黄河路,0.35,line_propagated,2号线,0,normal_info,0,2号线
ZZM_CN_515a842b946f,ZZS_90c4ce1eb7,沙门,0.35,line_propagated,2号线,0,normal_info,0,2号线
ZZM_CN_515a842b946f,ZZS_93b9249040,二里岗,0.35,line_propagated,2号线,0,normal_info,0,2号线
ZZM_CN_515a842b946f,ZZS_9660c27c11,站马屯,0.35,line_propagated,2号线,0,normal_info,0,2号线
ZZM_CN_515a842b946f,ZZS_9f383e1427,花寨,0.35,line_propagated,2号线,0,normal_info,0,2号线
ZZM_CN_515a842b946f,ZZS_a14df2d44f,紫荆山,0.35,line_propagated,2号线,0,normal_info,0,2号线
ZZM_CN_515a842b946f,ZZS_a7b91da4c7,陇海东路,0.35,line_propagated,2号线,0,normal_info,0,2号线
ZZM_CN_515a842b946f,ZZS_abc078ccd5,黄河迎宾馆,0.35,line_propagated,2号线,0,normal_info,0,2号线
ZZM_CN_515a842b946f,ZZS_bdc2a71da9,柳林,0.35,line_propagated,2号线,0,normal_info,0,2号线
ZZM_CN_515a842b946f,ZZS_c180efc575,贾河,0.35,line_propagated,2号线,0,normal_info,0,2号线
ZZM_CN_515a842b946f,ZZS_ff256e6634,北三环,0.35,line_propagated,2号线,0,normal_info,0,2号线
ZZM_CN_515a842b946f,ZZS_ff491e6fdf,东风路,0.9,exact+line,2号线|东风路,0,normal_info,0,2号线
ZZM_CN_51d86eefcf4c,ZZS_00f55fa149,碧沙岗,0.35,line_propagated,1号线,1,service_disruption,0,1号线
ZZM_CN_51d86eefcf4c,ZZS_065e638aef,东风南路,0.35,line_propagated,1号线,1,service_disruption,0,1号线
ZZM_CN_51d86eefcf4c,ZZS_0660d199a6,农业南路,0.35,line_propagated,1号线,1,service_disruption,0,1号线
ZZM_CN_51d86eefcf4c,ZZS_0ccbb4888d,二七广场,0.35,line_propagated,1号线,1,service_disruption,0,1号线
ZZM_CN_51d86eefcf4c,ZZS_1acdaac4ce,铁炉,0.35,line_propagated,1号线,1,service_disruption,0,1号线
ZZM_CN_51d86eefcf4c,ZZS_27d32a2e36,五一公园,0.35,line_propagated,1号线,1,service_disruption,0,1号线
ZZM_CN_51d86eefcf4c,ZZS_3813354d55,绿城广场,0.35,line_propagated,1号线,1,service_disruption,0,1号线
ZZM_CN_51d86eefcf4c,ZZS_38180914a0,燕庄,0.35,line_propagated,1号线,1,service_disruption,0,1号线
ZZM_CN_51d86eefcf4c,ZZS_52a5a7940c,兰寨,0.35,line_propagated,1号线,1,service_disruption,0,1号线
ZZM_CN_51d86eefcf4c,ZZS_5d37b2006d,河南大学新区,0.35,line_propagated,1号线,1,service_disruption,0,1号线
ZZM_CN_51d86eefcf4c,ZZS_6c89efbe2c,文苑北路,0.35,line_propagated,1号线,1,service_disruption,0,1号线
ZZM_CN_51d86eefcf4c,ZZS_87213b5129,会展中心,0.35,line_propagated,1号线,1,service_disruption,0,1号线
ZZM_CN_51d86eefcf4c,ZZS_881a48e5bb,西三环,0.35,line_propagated,1号线,1,service_disruption,0,1号线
ZZM_CN_51d86eefcf4c,ZZS_89f2ce9b1d,秦岭路,0.35,line_propagated,1号线,1,service_disruption,0,1号线
ZZM_CN_51d86eefcf4c,ZZS_90196f31d6,郑州火车站,0.35,line_propagated,1号线,1,service_disruption,0,1号线
ZZM_CN_51d86eefcf4c,ZZS_a14df2d44f,紫荆山,0.35,line_propagated,1号线,1,service_disruption,0,1号线
ZZM_CN_51d86eefcf4c,ZZS_ae1b2afcad,梧桐街,0.35,line_propagated,1号线,1,service_disruption,0,1号线
ZZM_CN_51d86eefcf4c,ZZS_aed2ee7bb7,河南工业大学,0.35,line_propagated,1号线,1,service_disruption,0,1号线
ZZM_CN_51d86eefcf4c,ZZS_b0ac143899,龙子湖,0.35,line_propagated,1号线,1,service_disruption,0,1号线
ZZM_CN_51d86eefcf4c,ZZS_b37a0bcf35,郑大科技园,0.35,line_propagated,1号线,1,service_disruption,0,1号线
ZZM_CN_51d86eefcf4c,ZZS_b8d795b006,黄河南路,0.35,line_propagated,1号线,1,service_disruption,0,1号线
ZZM_CN_51d86eefcf4c,ZZS_bb3c17098a,人民路,0.35,line_propagated,1号线,1,service_disruption,0,1号线
ZZM_CN_51d86eefcf4c,ZZS_bf7f2bfbd0,博学路,0.35,line_propagated,1号线,1,service_disruption,0,1号线
ZZM_CN_51d86eefcf4c,ZZS_c9109d3d9f,医学院,0.35,line_propagated,1号线,1,service_disruption,0,1号线
ZZM_CN_51d86eefcf4c,ZZS_cc61daaced,市体育中心,0.35,line_propagated,1号线,1,service_disruption,0,1号线
ZZM_CN_51d86eefcf4c,ZZS_d61a964e41,市民中心,0.35,line_propagated,1号线,1,service_disruption,0,1号线
ZZM_CN_51d86eefcf4c,ZZS_e4b35b2f4d,郑州大学,0.35,line_propagated,1号线,1,service_disruption,0,1号线
ZZM_CN_51d86eefcf4c,ZZS_e67ffc082e,西流湖,0.35,line_propagated,1号线,1,service_disruption,0,1号线
ZZM_CN_51d86eefcf4c,ZZS_ff2a277828,民航路,0.35,line_propagated,1号线,1,service_disruption,0,1号线
ZZM_CN_51d86eefcf4c,ZZS_ff6940526d,郑州东站,0.35,line_propagated,1号线,1,service_disruption,0,1号线
ZZM_CN_5201b74b3bfa,ZZS_ff6940526d,郑州东站,0.9,exact,郑州东站,0,normal_info,0,
ZZM_CN_525174e7f8b2,ZZS_a14df2d44f,紫荆山,0.9,exact,紫荆山,0,normal_info,0,
ZZM_CN_52c33b181745,ZZS_00f55fa149,碧沙岗,0.35,line_propagated,1号线,0,normal_info,0,1号线
ZZM_CN_52c33b181745,ZZS_065e638aef,东风南路,0.35,line_propagated,1号线,0,normal_info,0,1号线
ZZM_CN_52c33b181745,ZZS_0660d199a6,农业南路,0.35,line_propagated,1号线,0,normal_info,0,1号线
ZZM_CN_52c33b181745,ZZS_0ccbb4888d,二七广场,0.9,exact+line,1号线|二七广场,0,normal_info,0,1号线
ZZM_CN_52c33b181745,ZZS_1acdaac4ce,铁炉,0.35,line_propagated,1号线,0,normal_info,0,1号线
ZZM_CN_52c33b181745,ZZS_27d32a2e36,五一公园,0.35,line_propagated,1号线,0,normal_info,0,1号线
ZZM_CN_52c33b181745,ZZS_3813354d55,绿城广场,0.35,line_propagated,1号线,0,normal_info,0,1号线
ZZM_CN_52c33b181745,ZZS_38180914a0,燕庄,0.35,line_propagated,1号线,0,normal_info,0,1号线
ZZM_CN_52c33b181745,ZZS_52a5a7940c,兰寨,0.35,line_propagated,1号线,0,normal_info,0,1号线
ZZM_CN_52c33b181745,ZZS_5d37b2006d,河南大学新区,0.35,line_propagated,1号线,0,normal_info,0,1号线
ZZM_CN_52c33b181745,ZZS_6c89efbe2c,文苑北路,0.35,line_propagated,1号线,0,normal_info,0,1号线
ZZM_CN_52c33b181745,ZZS_87213b5129,会展中心,0.35,line_propagated,1号线,0,normal_info,0,1号线
ZZM_CN_52c33b181745,ZZS_881a48e5bb,西三环,0.35,line_propagated,1号线,0,normal_info,0,1号线
ZZM_CN_52c33b181745,ZZS_89f2ce9b1d,秦岭路,0.35,line_propagated,1号线,0,normal_info,0,1号线
ZZM_CN_52c33b181745,ZZS_90196f31d6,郑州火车站,0.35,line_propagated,1号线,0,normal_info,0,1号线
ZZM_CN_52c33b181745,ZZS_a14df2d44f,紫荆山,0.35,line_propagated,1号线,0,normal_info,0,1号线
ZZM_CN_52c33b181745,ZZS_ae1b2afcad,梧桐街,0.35,line_propagated,1号线,0,normal_info,0,1号线
ZZM_CN_52c33b181745,ZZS_aed2ee7bb7,河南工业大学,0.35,line_propagated,1号线,0,normal_info,0,1号线
ZZM_CN_52c33b181745,ZZS_b0ac143899,龙子湖,0.35,line_propagated,1号线,0,normal_info,0,1号线
ZZM_CN_52c33b181745,ZZS_b37a0bcf35,郑大科技园,0.35,line_propagated,1号线,0,normal_info,0,1号线
ZZM_CN_52c33b181745,ZZS_b8d795b006,黄河南路,0.35,line_propagated,1号线,0,normal_info,0,1号线
ZZM_CN_52c33b181745,ZZS_bb3c17098a,人民路,0.35,line_propagated,1号线,0,normal_info,0,1号线
ZZM_CN_52c33b181745,ZZS_bf7f2bfbd0,博学路,0.35,line_propagated,1号线,0,normal_info,0,1号线
ZZM_CN_52c33b181745,ZZS_c9109d3d9f,医学院,0.35,line_propagated,1号线,0,normal_info,0,1号线
ZZM_CN_52c33b181745,ZZS_cc61daaced,市体育中心,0.35,line_propagated,1号线,0,normal_info,0,1号线
ZZM_CN_52c33b181745,ZZS_d61a964e41,市民中心,0.35,line_propagated,1号线,0,normal_info,0,1号线
ZZM_CN_52c33b181745,ZZS_e4b35b2f4d,郑州大学,0.35,line_propagated,1号线,0,normal_info,0,1号线
ZZM_CN_52c33b181745,ZZS_e67ffc082e,西流湖,0.35,line_propagated,1号线,0,normal_info,0,1号线
ZZM_CN_52c33b181745,ZZS_ff2a277828,民航路,0.35,line_propagated,1号线,0,normal_info,0,1号线
ZZM_CN_52c33b181745,ZZS_ff6940526d,郑州东站,0.9,exact+line,1号线|郑州东站,0,normal_info,0,1号线
ZZM_CN_5506de6d3030,ZZS_001bf66fc1,陇海西路,0.35,line_propagated,5号线,0,normal_info,0,5号线
ZZM_CN_5506de6d3030,ZZS_1236ed80e3,中央商务区,0.35,line_propagated,5号线,0,normal_info,0,5号线
ZZM_CN_5506de6d3030,ZZS_1246e07d02,城东南路,0.35,line_propagated,5号线,0,normal_info,0,5号线
ZZM_CN_5506de6d3030,ZZS_136c32a256,市中心医院,0.35,line_propagated,5号线,0,normal_info,0,5号线
ZZM_CN_5506de6d3030,ZZS_14efbdcc1b,福塔东,0.35,line_propagated,5号线,0,normal_info,0,5号线
ZZM_CN_5506de6d3030,ZZS_190cc56901,金水东路,0.35,line_propagated,5号线,0,normal_info,0,5号线
ZZM_CN_5506de6d3030,ZZS_20262a52f0,南五里堡,0.35,line_propagated,5号线,0,normal_info,0,5号线
ZZM_CN_5506de6d3030,ZZS_20dcf363fc,康宁街,0.35,line_propagated,5号线,0,normal_info,0,5号线
ZZM_CN_5506de6d3030,ZZS_27d32a2e36,五一公园,0.35,line_propagated,5号线,0,normal_info,0,5号线
ZZM_CN_5506de6d3030,ZZS_2db8e2eabe,经北二路,0.35,line_propagated,5号线,0,normal_info,0,5号线
ZZM_CN_5506de6d3030,ZZS_31a002aa03,海滩寺,0.35,line_propagated,5号线,0,normal_info,0,5号线
ZZM_CN_5506de6d3030,ZZS_386438745b,祭城,0.35,line_propagated,5号线,0,normal_info,0,5号线
ZZM_CN_5506de6d3030,ZZS_3ada9c57dc,众意西路,0.35,line_propagated,5号线,0,normal_info,0,5号线
ZZM_CN_5506de6d3030,ZZS_45679e4fc0,七里河,0.35,line_propagated,5号线,0,normal_info,0,5号线
ZZM_CN_5506de6d3030,ZZS_4dd2360957,京广南路,0.35,line_propagated,5号线,0,normal_info,0,5号线
ZZM_CN_5506de6d3030,ZZS_5b6c4f8186,郑州人民医院,0.35,line_propagated,5号线,0,normal_info,0,5号线
ZZM_CN_5506de6d3030,ZZS_5babce6145,中原福塔,0.35,line_propagated,5号线,0,normal_info,0,5号线
ZZM_CN_5506de6d3030,ZZS_5dc87121c2,市第二人民医院,0.35,line_propagated,5号线,0,normal_info,0,5号线
ZZM_CN_5506de6d3030,ZZS_7dd13fd23f,黄河路,0.35,line_propagated,5号线,0,normal_info,0,5号线
ZZM_CN_5506de6d3030,ZZS_9a26907088,齐礼阎,0.35,line_propagated,5号线,0,normal_info,0,5号线
ZZM_CN_5506de6d3030,ZZS_9d8185e03c,省人民医院,0.35,line_propagated,5号线,0,normal_info,0,5号线
ZZM_CN_5506de6d3030,ZZS_a3cc0229f4,省骨科医院,0.35,line_propagated,5号线,0,normal_info,0,5号线
ZZM_CN_5506de6d3030,ZZS_ae7cc361da,月季公园,0.35,line_propagated,5号线,0,normal_info,0,5号线
ZZM_CN_5506de6d3030,ZZS_bd17c52fa6,儿童医院,0.35,line_propagated,5号线,0,normal_info,0,5号线
ZZM_CN_5506de6d3030,ZZS_c720567666,桐淮,0.35,line_propagated,5号线,0,normal_info,0,5号线
ZZM_CN_5506de6d3030,ZZS_c94675c30b,后河芦,0.35,line_propagated,5号线,0,normal_info,0,5号线
ZZM_CN_5506de6d3030,ZZS_c995bf7092,经开中心广场,0.35,line_propagated,5号线,0,normal_info,0,5号线
ZZM_CN_5506de6d3030,ZZS_cb2e15cfa0,姚砦,0.35,line_propagated,5号线,0,normal_info,0,5号线
ZZM_CN_5506de6d3030,ZZS_deb2edc4a2,沙口路,0.35,line_propagated,5号线,0,normal_info,0,5号线
ZZM_CN_5506de6d3030,ZZS_f095e9678f,航海广场,0.35,line_propagated,5号线,0,normal_info,0,5号线
ZZM_CN_5506de6d3030,ZZS_f97030e2b9,冯庄,0.35,line_propagated,5号线,0,normal_info,0,5号线
ZZM_CN_5506de6d3030,ZZS_ff6940526d,郑州东站,0.9,exact+line,5号线|郑州东站,0,normal_info,0,5号线
ZZM_CN_578642c80f17,ZZS_00f55fa149,碧沙岗,0.35,line_propagated,1号线,0,normal_info,0,1号线
ZZM_CN_578642c80f17,ZZS_065e638aef,东风南路,0.35,line_propagated,1号线,0,normal_info,0,1号线
ZZM_CN_578642c80f17,ZZS_0660d199a6,农业南路,0.35,line_propagated,1号线,0,normal_info,0,1号线
ZZM_CN_578642c80f17,ZZS_0ccbb4888d,二七广场,0.35,line_propagated,1号线,0,normal_info,0,1号线
ZZM_CN_578642c80f17,ZZS_1acdaac4ce,铁炉,0.35,line_propagated,1号线,0,normal_info,0,1号线
ZZM_CN_578642c80f17,ZZS_27d32a2e36,五一公园,0.35,line_propagated,1号线,0,normal_info,0,1号线
ZZM_CN_578642c80f17,ZZS_3813354d55,绿城广场,0.35,line_propagated,1号线,0,normal_info,0,1号线
ZZM_CN_578642c80f17,ZZS_38180914a0,燕庄,0.35,line_propagated,1号线,0,normal_info,0,1号线
ZZM_CN_578642c80f17,ZZS_52a5a7940c,兰寨,0.35,line_propagated,1号线,0,normal_info,0,1号线
ZZM_CN_578642c80f17,ZZS_5d37b2006d,河南大学新区,0.35,line_propagated,1号线,0,normal_info,0,1号线
ZZM_CN_578642c80f17,ZZS_6c89efbe2c,文苑北路,0.35,line_propagated,1号线,0,normal_info,0,1号线
ZZM_CN_578642c80f17,ZZS_87213b5129,会展中心,0.35,line_propagated,1号线,0,normal_info,0,1号线
ZZM_CN_578642c80f17,ZZS_881a48e5bb,西三环,0.35,line_propagated,1号线,0,normal_info,0,1号线
ZZM_CN_578642c80f17,ZZS_89f2ce9b1d,秦岭路,0.35,line_propagated,1号线,0,normal_info,0,1号线
ZZM_CN_578642c80f17,ZZS_90196f31d6,郑州火车站,0.35,line_propagated,1号线,0,normal_info,0,1号线
ZZM_CN_578642c80f17,ZZS_a14df2d44f,紫荆山,0.9,exact+line,1号线|紫荆山,0,normal_info,0,1号线
ZZM_CN_578642c80f17,ZZS_ae1b2afcad,梧桐街,0.35,line_propagated,1号线,0,normal_info,0,1号线
ZZM_CN_578642c80f17,ZZS_aed2ee7bb7,河南工业大学,0.35,line_propagated,1号线,0,normal_info,0,1号线
ZZM_CN_578642c80f17,ZZS_b0ac143899,龙子湖,0.35,line_propagated,1号线,0,normal_info,0,1号线
ZZM_CN_578642c80f17,ZZS_b37a0bcf35,郑大科技园,0.35,line_propagated,1号线,0,normal_info,0,1号线
ZZM_CN_578642c80f17,ZZS_b8d795b006,黄河南路,0.35,line_propagated,1号线,0,normal_info,0,1号线
ZZM_CN_578642c80f17,ZZS_bb3c17098a,人民路,0.35,line_propagated,1号线,0,normal_info,0,1号线
ZZM_CN_578642c80f17,ZZS_bf7f2bfbd0,博学路,0.35,line_propagated,1号线,0,normal_info,0,1号线
ZZM_CN_578642c80f17,ZZS_c9109d3d9f,医学院,0.35,line_propagated,1号线,0,normal_info,0,1号线
ZZM_CN_578642c80f17,ZZS_cc61daaced,市体育中心,0.35,line_propagated,1号线,0,normal_info,0,1号线
ZZM_CN_578642c80f17,ZZS_d61a964e41,市民中心,0.35,line_propagated,1号线,0,normal_info,0,1号线
ZZM_CN_578642c80f17,ZZS_e4b35b2f4d,郑州大学,0.35,line_propagated,1号线,0,normal_info,0,1号线
ZZM_CN_578642c80f17,ZZS_e67ffc082e,西流湖,0.35,line_propagated,1号线,0,normal_info,0,1号线
ZZM_CN_578642c80f17,ZZS_ff2a277828,民航路,0.35,line_propagated,1号线,0,normal_info,0,1号线
ZZM_CN_578642c80f17,ZZS_ff6940526d,郑州东站,0.35,line_propagated,1号线,0,normal_info,0,1号线
ZZM_CN_5909c542b659,ZZS_00f55fa149,碧沙岗,0.35,line_propagated,1号线,0,normal_info,0,1号线
ZZM_CN_5909c542b659,ZZS_065e638aef,东风南路,0.35,line_propagated,1号线,0,normal_info,0,1号线
ZZM_CN_5909c542b659,ZZS_0660d199a6,农业南路,0.35,line_propagated,1号线,0,normal_info,0,1号线
ZZM_CN_5909c542b659,ZZS_0ccbb4888d,二七广场,0.35,line_propagated,1号线,0,normal_info,0,1号线
ZZM_CN_5909c542b659,ZZS_1acdaac4ce,铁炉,0.35,line_propagated,1号线,0,normal_info,0,1号线
ZZM_CN_5909c542b659,ZZS_27d32a2e36,五一公园,0.35,line_propagated,1号线,0,normal_info,0,1号线
ZZM_CN_5909c542b659,ZZS_3813354d55,绿城广场,0.35,line_propagated,1号线,0,normal_info,0,1号线
ZZM_CN_5909c542b659,ZZS_38180914a0,燕庄,0.35,line_propagated,1号线,0,normal_info,0,1号线
ZZM_CN_5909c542b659,ZZS_52a5a7940c,兰寨,0.35,line_propagated,1号线,0,normal_info,0,1号线
ZZM_CN_5909c542b659,ZZS_5d37b2006d,河南大学新区,0.35,line_propagated,1号线,0,normal_info,0,1号线
ZZM_CN_5909c542b659,ZZS_6c89efbe2c,文苑北路,0.35,line_propagated,1号线,0,normal_info,0,1号线
ZZM_CN_5909c542b659,ZZS_87213b5129,会展中心,0.35,line_propagated,1号线,0,normal_info,0,1号线
ZZM_CN_5909c542b659,ZZS_881a48e5bb,西三环,0.35,line_propagated,1号线,0,normal_info,0,1号线
ZZM_CN_5909c542b659,ZZS_89f2ce9b1d,秦岭路,0.35,line_propagated,1号线,0,normal_info,0,1号线
ZZM_CN_5909c542b659,ZZS_90196f31d6,郑州火车站,0.35,line_propagated,1号线,0,normal_info,0,1号线
ZZM_CN_5909c542b659,ZZS_a14df2d44f,紫荆山,0.35,line_propagated,1号线,0,normal_info,0,1号线
ZZM_CN_5909c542b659,ZZS_ae1b2afcad,梧桐街,0.35,line_propagated,1号线,0,normal_info,0,1号线
ZZM_CN_5909c542b659,ZZS_aed2ee7bb7,河南工业大学,0.35,line_propagated,1号线,0,normal_info,0,1号线
ZZM_CN_5909c542b659,ZZS_b0ac143899,龙子湖,0.35,line_propagated,1号线,0,normal_info,0,1号线
ZZM_CN_5909c542b659,ZZS_b37a0bcf35,郑大科技园,0.35,line_propagated,1号线,0,normal_info,0,1号线
ZZM_CN_5909c542b659,ZZS_b8d795b006,黄河南路,0.35,line_propagated,1号线,0,normal_info,0,1号线
ZZM_CN_5909c542b659,ZZS_bb3c17098a,人民路,0.35,line_propagated,1号线,0,normal_info,0,1号线
ZZM_CN_5909c542b659,ZZS_bf7f2bfbd0,博学路,0.35,line_propagated,1号线,0,normal_info,0,1号线
ZZM_CN_5909c542b659,ZZS_c9109d3d9f,医学院,0.35,line_propagated,1号线,0,normal_info,0,1号线
ZZM_CN_5909c542b659,ZZS_cc61daaced,市体育中心,0.35,line_propagated,1号线,0,normal_info,0,1号线
ZZM_CN_5909c542b659,ZZS_d61a964e41,市民中心,0.35,line_propagated,1号线,0,normal_info,0,1号线
ZZM_CN_5909c542b659,ZZS_e4b35b2f4d,郑州大学,0.35,line_propagated,1号线,0,normal_info,0,1号线
ZZM_CN_5909c542b659,ZZS_e67ffc082e,西流湖,0.35,line_propagated,1号线,0,normal_info,0,1号线
ZZM_CN_5909c542b659,ZZS_ff2a277828,民航路,0.35,line_propagated,1号线,0,normal_info,0,1号线
ZZM_CN_5909c542b659,ZZS_ff6940526d,郑州东站,0.35,line_propagated,1号线,0,normal_info,0,1号线
ZZM_CN_5ab4f4c56965,ZZS_5b6c4f8186,郑州人民医院,0.9,exact,郑州人民医院,0,normal_info,0,
ZZM_CN_5b7961782900,ZZS_001bf66fc1,陇海西路,0.35,line_propagated,5号线,0,normal_info,3,1号线|2号线|5号线
ZZM_CN_5b7961782900,ZZS_00f55fa149,碧沙岗,0.35,line_propagated,1号线,0,normal_info,3,1号线|2号线|5号线
ZZM_CN_5b7961782900,ZZS_02cf3e4cf5,南三环,0.35,line_propagated,2号线,0,normal_info,3,1号线|2号线|5号线
ZZM_CN_5b7961782900,ZZS_065e638aef,东风南路,0.35,line_propagated,1号线,0,normal_info,3,1号线|2号线|5号线
ZZM_CN_5b7961782900,ZZS_0660d199a6,农业南路,0.35,line_propagated,1号线,0,normal_info,3,1号线|2号线|5号线
ZZM_CN_5b7961782900,ZZS_0ccbb4888d,二七广场,0.35,line_propagated,1号线,0,normal_info,3,1号线|2号线|5号线
ZZM_CN_5b7961782900,ZZS_1236ed80e3,中央商务区,0.35,line_propagated,5号线,0,normal_info,3,1号线|2号线|5号线
ZZM_CN_5b7961782900,ZZS_1246e07d02,城东南路,0.35,line_propagated,5号线,0,normal_info,3,1号线|2号线|5号线
ZZM_CN_5b7961782900,ZZS_136c32a256,市中心医院,0.35,line_propagated,5号线,0,normal_info,3,1号线|2号线|5号线
ZZM_CN_5b7961782900,ZZS_14efbdcc1b,福塔东,0.35,line_propagated,5号线,0,normal_info,3,1号线|2号线|5号线
ZZM_CN_5b7961782900,ZZS_190cc56901,金水东路,0.35,line_propagated,5号线,0,normal_info,3,1号线|2号线|5号线
ZZM_CN_5b7961782900,ZZS_1a5721a427,毛庄,0.35,line_propagated,2号线,0,normal_info,3,1号线|2号线|5号线
ZZM_CN_5b7961782900,ZZS_1acdaac4ce,铁炉,0.35,line_propagated,1号线,0,normal_info,3,1号线|2号线|5号线
ZZM_CN_5b7961782900,ZZS_20262a52f0,南五里堡,0.35,line_propagated,2号线|5号线,0,normal_info,3,1号线|2号线|5号线
ZZM_CN_5b7961782900,ZZS_20dcf363fc,康宁街,0.35,line_propagated,5号线,0,normal_info,3,1号线|2号线|5号线
ZZM_CN_5b7961782900,ZZS_27d32a2e36,五一公园,0.35,line_propagated,1号线|5号线,0,normal_info,3,1号线|2号线|5号线
ZZM_CN_5b7961782900,ZZS_2bd57be00d,关虎屯,0.35,line_propagated,2号线,0,normal_info,3,1号线|2号线|5号线
ZZM_CN_5b7961782900,ZZS_2db8e2eabe,经北二路,0.35,line_propagated,5号线,0,normal_info,3,1号线|2号线|5号线
ZZM_CN_5b7961782900,ZZS_31a002aa03,海滩寺,0.35,line_propagated,5号线,0,normal_info,3,1号线|2号线|5号线
ZZM_CN_5b7961782900,ZZS_3813354d55,绿城广场,0.35,line_propagated,1号线,0,normal_info,3,1号线|2号线|5号线
ZZM_CN_5b7961782900,ZZS_38180914a0,燕庄,0.35,line_propagated,1号线,0,normal_info,3,1号线|2号线|5号线
ZZM_CN_5b7961782900,ZZS_386438745b,祭城,0.35,line_propagated,5号线,0,normal_info,3,1号线|2号线|5号线
ZZM_CN_5b7961782900,ZZS_3ada9c57dc,众意西路,0.35,line_propagated,5号线,0,normal_info,3,1号线|2号线|5号线
ZZM_CN_5b7961782900,ZZS_43a808507b,金洼,0.35,line_propagated,2号线,0,normal_info,3,1号线|2号线|5号线
ZZM_CN_5b7961782900,ZZS_45679e4fc0,七里河,0.35,line_propagated,5号线,0,normal_info,3,1号线|2号线|5号线
ZZM_CN_5b7961782900,ZZS_4d258fdd50,金达路,0.35,line_propagated,2号线,0,normal_info,3,1号线|2号线|5号线
ZZM_CN_5b7961782900,ZZS_4dd2360957,京广南路,0.35,line_propagated,5号线,0,normal_info,3,1号线|2号线|5号线
ZZM_CN_5b7961782900,ZZS_51e572c7c3,东大街,0.35,line_propagated,2号线,0,normal_info,3,1号线|2号线|5号线
ZZM_CN_5b7961782900,ZZS_52a5a7940c,兰寨,0.35,line_propagated,1号线,0,normal_info,3,1号线|2号线|5号线
ZZM_CN_5b7961782900,ZZS_54adf32b6c,南四环,0.35,line_propagated,2号线,0,normal_info,3,1号线|2号线|5号线
ZZM_CN_5b7961782900,ZZS_5b6c4f8186,郑州人民医院,0.35,line_propagated,5号线,0,normal_info,3,1号线|2号线|5号线
ZZM_CN_5b7961782900,ZZS_5babce6145,中原福塔,0.35,line_propagated,5号线,0,normal_info,3,1号线|2号线|5号线
ZZM_CN_5b7961782900,ZZS_5d37b2006d,河南大学新区,0.35,line_propagated,1号线,0,normal_info,3,1号线|2号线|5号线
ZZM_CN_5b7961782900,ZZS_5dc87121c2,市第二人民医院,0.35,line_propagated,5号线,0,normal_info,3,1号线|2号线|5号线
ZZM_CN_5b7961782900,ZZS_6b600b7696,刘庄,0.35,line_propagated,2号线,0,normal_info,3,1号线|2号线|5号线
ZZM_CN_5b7961782900,ZZS_6c89efbe2c,文苑北路,0.35,line_propagated,1号线,0,normal_info,3,1号线|2号线|5号线
ZZM_CN_5b7961782900,ZZS_72de4f5f66,惠济区政府,0.35,line_propagated,2号线,0,normal_info,3,1号线|2号线|5号线
ZZM_CN_5b7961782900,ZZS_7dd13fd23f,黄河路,0.35,line_propagated,2号线|5号线,0,normal_info,3,1号线|2号线|5号线
ZZM_CN_5b7961782900,ZZS_87213b5129,会展中心,0.35,line_propagated,1号线,0,normal_info,3,1号线|2号线|5号线
ZZM_CN_5b7961782900,ZZS_881a48e5bb,西三环,0.35,line_propagated,1号线,0,normal_info,3,1号线|2号线|5号线
ZZM_CN_5b7961782900,ZZS_89f2ce9b1d,秦岭路,0.35,line_propagated,1号线,0,normal_info,3,1号线|2号线|5号线
ZZM_CN_5b7961782900,ZZS_90196f31d6,郑州火车站,0.35,line_propagated,1号线,0,normal_info,3,1号线|2号线|5号线
ZZM_CN_5b7961782900,ZZS_90c4ce1eb7,沙门,0.35,line_propagated,2号线,0,normal_info,3,1号线|2号线|5号线
ZZM_CN_5b7961782900,ZZS_93b9249040,二里岗,0.35,line_propagated,2号线,0,normal_info,3,1号线|2号线|5号线
ZZM_CN_5b7961782900,ZZS_9660c27c11,站马屯,0.35,line_propagated,2号线,0,normal_info,3,1号线|2号线|5号线
ZZM_CN_5b7961782900,ZZS_9a26907088,齐礼阎,0.35,line_propagated,5号线,0,normal_info,3,1号线|2号线|5号线
ZZM_CN_5b7961782900,ZZS_9d8185e03c,省人民医院,0.35,line_propagated,5号线,0,normal_info,3,1号线|2号线|5号线
ZZM_CN_5b7961782900,ZZS_9f383e1427,花寨,0.35,line_propagated,2号线,0,normal_info,3,1号线|2号线|5号线
ZZM_CN_5b7961782900,ZZS_a14df2d44f,紫荆山,0.35,line_propagated,1号线|2号线,0,normal_info,3,1号线|2号线|5号线
ZZM_CN_5b7961782900,ZZS_a3cc0229f4,省骨科医院,0.35,line_propagated,5号线,0,normal_info,3,1号线|2号线|5号线
ZZM_CN_5b7961782900,ZZS_a7b91da4c7,陇海东路,0.35,line_propagated,2号线,0,normal_info,3,1号线|2号线|5号线
ZZM_CN_5b7961782900,ZZS_abc078ccd5,黄河迎宾馆,0.35,line_propagated,2号线,0,normal_info,3,1号线|2号线|5号线
ZZM_CN_5b7961782900,ZZS_ae1b2afcad,梧桐街,0.35,line_propagated,1号线,0,normal_info,3,1号线|2号线|5号线
ZZM_CN_5b7961782900,ZZS_ae7cc361da,月季公园,0.35,line_propagated,5号线,0,normal_info,3,1号线|2号线|5号线
ZZM_CN_5b7961782900,ZZS_aed2ee7bb7,河南工业大学,0.35,line_propagated,1号线,0,normal_info,3,1号线|2号线|5号线
ZZM_CN_5b7961782900,ZZS_b0ac143899,龙子湖,0.35,line_propagated,1号线,0,normal_info,3,1号线|2号线|5号线
ZZM_CN_5b7961782900,ZZS_b37a0bcf35,郑大科技园,0.35,line_propagated,1号线,0,normal_info,3,1号线|2号线|5号线
ZZM_CN_5b7961782900,ZZS_b8d795b006,黄河南路,0.35,line_propagated,1号线,0,normal_info,3,1号线|2号线|5号线
ZZM_CN_5b7961782900,ZZS_bb3c17098a,人民路,0.35,line_propagated,1号线,0,normal_info,3,1号线|2号线|5号线
ZZM_CN_5b7961782900,ZZS_bd17c52fa6,儿童医院,0.35,line_propagated,5号线,0,normal_info,3,1号线|2号线|5号线
ZZM_CN_5b7961782900,ZZS_bdc2a71da9,柳林,0.35,line_propagated,2号线,0,normal_info,3,1号线|2号线|5号线
ZZM_CN_5b7961782900,ZZS_bf7f2bfbd0,博学路,0.35,line_propagated,1号线,0,normal_info,3,1号线|2号线|5号线
ZZM_CN_5b7961782900,ZZS_c180efc575,贾河,0.35,line_propagated,2号线,0,normal_info,3,1号线|2号线|5号线
ZZM_CN_5b7961782900,ZZS_c720567666,桐淮,0.35,line_propagated,5号线,0,normal_info,3,1号线|2号线|5号线
ZZM_CN_5b7961782900,ZZS_c9109d3d9f,医学院,0.35,line_propagated,1号线,0,normal_info,3,1号线|2号线|5号线
ZZM_CN_5b7961782900,ZZS_c94675c30b,后河芦,0.35,line_propagated,5号线,0,normal_info,3,1号线|2号线|5号线
ZZM_CN_5b7961782900,ZZS_c995bf7092,经开中心广场,0.35,line_propagated,5号线,0,normal_info,3,1号线|2号线|5号线
ZZM_CN_5b7961782900,ZZS_cb2e15cfa0,姚砦,0.35,line_propagated,5号线,0,normal_info,3,1号线|2号线|5号线
ZZM_CN_5b7961782900,ZZS_cc61daaced,市体育中心,0.35,line_propagated,1号线,0,normal_info,3,1号线|2号线|5号线
ZZM_CN_5b7961782900,ZZS_d61a964e41,市民中心,0.35,line_propagated,1号线,0,normal_info,3,1号线|2号线|5号线
ZZM_CN_5b7961782900,ZZS_deb2edc4a2,沙口路,0.35,line_propagated,5号线,0,normal_info,3,1号线|2号线|5号线
ZZM_CN_5b7961782900,ZZS_e4b35b2f4d,郑州大学,0.35,line_propagated,1号线,0,normal_info,3,1号线|2号线|5号线
ZZM_CN_5b7961782900,ZZS_e67ffc082e,西流湖,0.35,line_propagated,1号线,0,normal_info,3,1号线|2号线|5号线
ZZM_CN_5b7961782900,ZZS_f095e9678f,航海广场,0.35,line_propagated,5号线,0,normal_info,3,1号线|2号线|5号线
ZZM_CN_5b7961782900,ZZS_f97030e2b9,冯庄,0.35,line_propagated,5号线,0,normal_info,3,1号线|2号线|5号线
ZZM_CN_5b7961782900,ZZS_ff256e6634,北三环,0.35,line_propagated,2号线,0,normal_info,3,1号线|2号线|5号线
ZZM_CN_5b7961782900,ZZS_ff2a277828,民航路,0.35,line_propagated,1号线,0,normal_info,3,1号线|2号线|5号线
ZZM_CN_5b7961782900,ZZS_ff491e6fdf,东风路,0.35,line_propagated,2号线,0,normal_info,3,1号线|2号线|5号线
ZZM_CN_5b7961782900,ZZS_ff6940526d,郑州东站,0.35,line_propagated,1号线|5号线,0,normal_info,3,1号线|2号线|5号线
ZZM_CN_5bc3202989cf,ZZS_00f55fa149,碧沙岗,0.35,line_propagated,1号线,0,normal_info,0,1号线
ZZM_CN_5bc3202989cf,ZZS_065e638aef,东风南路,0.35,line_propagated,1号线,0,normal_info,0,1号线
ZZM_CN_5bc3202989cf,ZZS_0660d199a6,农业南路,0.35,line_propagated,1号线,0,normal_info,0,1号线
ZZM_CN_5bc3202989cf,ZZS_0ccbb4888d,二七广场,0.35,line_propagated,1号线,0,normal_info,0,1号线
ZZM_CN_5bc3202989cf,ZZS_1acdaac4ce,铁炉,0.35,line_propagated,1号线,0,normal_info,0,1号线
ZZM_CN_5bc3202989cf,ZZS_27d32a2e36,五一公园,0.35,line_propagated,1号线,0,normal_info,0,1号线
ZZM_CN_5bc3202989cf,ZZS_3813354d55,绿城广场,0.35,line_propagated,1号线,0,normal_info,0,1号线
ZZM_CN_5bc3202989cf,ZZS_38180914a0,燕庄,0.35,line_propagated,1号线,0,normal_info,0,1号线
ZZM_CN_5bc3202989cf,ZZS_52a5a7940c,兰寨,0.35,line_propagated,1号线,0,normal_info,0,1号线
ZZM_CN_5bc3202989cf,ZZS_5d37b2006d,河南大学新区,0.35,line_propagated,1号线,0,normal_info,0,1号线
ZZM_CN_5bc3202989cf,ZZS_6c89efbe2c,文苑北路,0.35,line_propagated,1号线,0,normal_info,0,1号线
ZZM_CN_5bc3202989cf,ZZS_87213b5129,会展中心,0.35,line_propagated,1号线,0,normal_info,0,1号线
ZZM_CN_5bc3202989cf,ZZS_881a48e5bb,西三环,0.35,line_propagated,1号线,0,normal_info,0,1号线
ZZM_CN_5bc3202989cf,ZZS_89f2ce9b1d,秦岭路,0.35,line_propagated,1号线,0,normal_info,0,1号线
ZZM_CN_5bc3202989cf,ZZS_90196f31d6,郑州火车站,0.35,line_propagated,1号线,0,normal_info,0,1号线
ZZM_CN_5bc3202989cf,ZZS_a14df2d44f,紫荆山,0.35,line_propagated,1号线,0,normal_info,0,1号线
ZZM_CN_5bc3202989cf,ZZS_ae1b2afcad,梧桐街,0.35,line_propagated,1号线,0,normal_info,0,1号线
ZZM_CN_5bc3202989cf,ZZS_aed2ee7bb7,河南工业大学,0.35,line_propagated,1号线,0,normal_info,0,1号线
ZZM_CN_5bc3202989cf,ZZS_b0ac143899,龙子湖,0.35,line_propagated,1号线,0,normal_info,0,1号线
ZZM_CN_5bc3202989cf,ZZS_b37a0bcf35,郑大科技园,0.35,line_propagated,1号线,0,normal_info,0,1号线
ZZM_CN_5bc3202989cf,ZZS_b8d795b006,黄河南路,0.35,line_propagated,1号线,0,normal_info,0,1号线
ZZM_CN_5bc3202989cf,ZZS_bb3c17098a,人民路,0.35,line_propagated,1号线,0,normal_info,0,1号线
ZZM_CN_5bc3202989cf,ZZS_bf7f2bfbd0,博学路,0.35,line_propagated,1号线,0,normal_info,0,1号线
ZZM_CN_5bc3202989cf,ZZS_c9109d3d9f,医学院,0.35,line_propagated,1号线,0,normal_info,0,1号线
ZZM_CN_5bc3202989cf,ZZS_cc61daaced,市体育中心,0.35,line_propagated,1号线,0,normal_info,0,1号线
ZZM_CN_5bc3202989cf,ZZS_d61a964e41,市民中心,0.35,line_propagated,1号线,0,normal_info,0,1号线
ZZM_CN_5bc3202989cf,ZZS_e4b35b2f4d,郑州大学,0.35,line_propagated,1号线,0,normal_info,0,1号线
ZZM_CN_5bc3202989cf,ZZS_e67ffc082e,西流湖,0.35,line_propagated,1号线,0,normal_info,0,1号线
ZZM_CN_5bc3202989cf,ZZS_ff2a277828,民航路,0.35,line_propagated,1号线,0,normal_info,0,1号线
ZZM_CN_5bc3202989cf,ZZS_ff6940526d,郑州东站,0.35,line_propagated,1号线,0,normal_info,0,1号线
ZZM_CN_5bc46450e95c,ZZS_02cf3e4cf5,南三环,0.35,line_propagated,2号线,0,normal_info,0,2号线
ZZM_CN_5bc46450e95c,ZZS_1a5721a427,毛庄,0.35,line_propagated,2号线,0,normal_info,0,2号线
ZZM_CN_5bc46450e95c,ZZS_20262a52f0,南五里堡,0.35,line_propagated,2号线,0,normal_info,0,2号线
ZZM_CN_5bc46450e95c,ZZS_2bd57be00d,关虎屯,0.35,line_propagated,2号线,0,normal_info,0,2号线
ZZM_CN_5bc46450e95c,ZZS_43a808507b,金洼,0.35,line_propagated,2号线,0,normal_info,0,2号线
ZZM_CN_5bc46450e95c,ZZS_4d258fdd50,金达路,0.35,line_propagated,2号线,0,normal_info,0,2号线
ZZM_CN_5bc46450e95c,ZZS_51e572c7c3,东大街,0.35,line_propagated,2号线,0,normal_info,0,2号线
ZZM_CN_5bc46450e95c,ZZS_54adf32b6c,南四环,0.35,line_propagated,2号线,0,normal_info,0,2号线
ZZM_CN_5bc46450e95c,ZZS_6b600b7696,刘庄,0.35,line_propagated,2号线,0,normal_info,0,2号线
ZZM_CN_5bc46450e95c,ZZS_72de4f5f66,惠济区政府,0.35,line_propagated,2号线,0,normal_info,0,2号线
ZZM_CN_5bc46450e95c,ZZS_7dd13fd23f,黄河路,0.35,line_propagated,2号线,0,normal_info,0,2号线
ZZM_CN_5bc46450e95c,ZZS_90c4ce1eb7,沙门,0.35,line_propagated,2号线,0,normal_info,0,2号线
ZZM_CN_5bc46450e95c,ZZS_93b9249040,二里岗,0.35,line_propagated,2号线,0,normal_info,0,2号线
ZZM_CN_5bc46450e95c,ZZS_9660c27c11,站马屯,0.35,line_propagated,2号线,0,normal_info,0,2号线
ZZM_CN_5bc46450e95c,ZZS_9f383e1427,花寨,0.35,line_propagated,2号线,0,normal_info,0,2号线
ZZM_CN_5bc46450e95c,ZZS_a14df2d44f,紫荆山,0.35,line_propagated,2号线,0,normal_info,0,2号线
ZZM_CN_5bc46450e95c,ZZS_a7b91da4c7,陇海东路,0.35,line_propagated,2号线,0,normal_info,0,2号线
ZZM_CN_5bc46450e95c,ZZS_abc078ccd5,黄河迎宾馆,0.35,line_propagated,2号线,0,normal_info,0,2号线
ZZM_CN_5bc46450e95c,ZZS_bdc2a71da9,柳林,0.35,line_propagated,2号线,0,normal_info,0,2号线
ZZM_CN_5bc46450e95c,ZZS_c180efc575,贾河,0.35,line_propagated,2号线,0,normal_info,0,2号线
ZZM_CN_5bc46450e95c,ZZS_ff256e6634,北三环,0.35,line_propagated,2号线,0,normal_info,0,2号线
ZZM_CN_5bc46450e95c,ZZS_ff491e6fdf,东风路,0.35,line_propagated,2号线,0,normal_info,0,2号线
ZZM_CN_5cc52371cfbd,ZZS_05d97db6f2,司赵,0.35,line_propagated,3号线,0,normal_info,0,3号线
ZZM_CN_5cc52371cfbd,ZZS_0ccbb4888d,二七广场,0.35,line_propagated,3号线,0,normal_info,0,3号线
ZZM_CN_5cc52371cfbd,ZZS_1371fabdab,西大街,0.35,line_propagated,3号线,0,normal_info,0,3号线
ZZM_CN_5cc52371cfbd,ZZS_13fc13c558,郑州文庙,0.35,line_propagated,3号线,0,normal_info,0,3号线
ZZM_CN_5cc52371cfbd,ZZS_25a45ff011,东周,0.35,line_propagated,3号线,0,normal_info,0,3号线
ZZM_CN_5cc52371cfbd,ZZS_28ee7061d7,东十里铺,0.35,line_propagated,3号线,0,normal_info,0,3号线
ZZM_CN_5cc52371cfbd,ZZS_29284451da,凤凰台,0.9,exact+line,3号线|凤凰台,0,normal_info,0,3号线
ZZM_CN_5cc52371cfbd,ZZS_31a002aa03,海滩寺,0.35,line_propagated,3号线,0,normal_info,0,3号线
ZZM_CN_5cc52371cfbd,ZZS_44eab6c022,南阳新村,0.9,exact+line,3号线|南阳新村,0,normal_info,0,3号线
ZZM_CN_5cc52371cfbd,ZZS_51e572c7c3,东大街,0.9,exact+line,3号线|东大街,0,normal_info,0,3号线
ZZM_CN_5cc52371cfbd,ZZS_5563728074,营岗,0.35,line_propagated,3号线,0,normal_info,0,3号线
ZZM_CN_5cc52371cfbd,ZZS_6605be2a4e,省体育中心,0.35,line_propagated,3号线,0,normal_info,0,3号线
ZZM_CN_5cc52371cfbd,ZZS_662c95b759,王砦,0.35,line_propagated,3号线,0,normal_info,0,3号线
ZZM_CN_5cc52371cfbd,ZZS_6a0a21f658,通泰路,0.35,line_propagated,3号线,0,normal_info,0,3号线
ZZM_CN_5cc52371cfbd,ZZS_973f67bf8a,同乐,0.35,line_propagated,3号线,0,normal_info,0,3号线
ZZM_CN_5cc52371cfbd,ZZS_9a51a2fe83,兴隆铺,0.35,line_propagated,3号线,0,normal_info,0,3号线
ZZM_CN_5cc52371cfbd,ZZS_a3cc0229f4,省骨科医院,0.35,line_propagated,3号线,0,normal_info,0,3号线
ZZM_CN_5cc52371cfbd,ZZS_a9af1749e0,西周,0.35,line_propagated,3号线,0,normal_info,0,3号线
ZZM_CN_5cc52371cfbd,ZZS_b5c4192440,圃田西,0.35,line_propagated,3号线,0,normal_info,0,3号线
ZZM_CN_5cc52371cfbd,ZZS_b9cd9992ce,人民公园,0.9,exact+line,3号线|人民公园,0,normal_info,0,3号线
ZZM_CN_5cc52371cfbd,ZZS_ba70aa715e,博览中心,0.35,line_propagated,3号线,0,normal_info,0,3号线
ZZM_CN_5cc52371cfbd,ZZS_c5943bbf34,滨河新城,0.35,line_propagated,3号线,0,normal_info,0,3号线
ZZM_CN_5cc52371cfbd,ZZS_c8f4a267a6,大石桥,0.35,line_propagated,3号线,0,normal_info,0,3号线
ZZM_CN_5cc52371cfbd,ZZS_e9c14949ec,滨河新城南,0.35,line_propagated,3号线,0,normal_info,0,3号线
ZZM_CN_5cc52371cfbd,ZZS_ef6263ba13,潮河,0.35,line_propagated,3号线,0,normal_info,0,3号线
ZZM_CN_5cf23f8ba5bd,ZZS_02cf3e4cf5,南三环,0.35,line_propagated,2号线,0,normal_info,0,2号线
ZZM_CN_5cf23f8ba5bd,ZZS_1a5721a427,毛庄,0.35,line_propagated,2号线,0,normal_info,0,2号线
ZZM_CN_5cf23f8ba5bd,ZZS_20262a52f0,南五里堡,0.35,line_propagated,2号线,0,normal_info,0,2号线
ZZM_CN_5cf23f8ba5bd,ZZS_2bd57be00d,关虎屯,0.35,line_propagated,2号线,0,normal_info,0,2号线
ZZM_CN_5cf23f8ba5bd,ZZS_43a808507b,金洼,0.35,line_propagated,2号线,0,normal_info,0,2号线
ZZM_CN_5cf23f8ba5bd,ZZS_4d258fdd50,金达路,0.35,line_propagated,2号线,0,normal_info,0,2号线
ZZM_CN_5cf23f8ba5bd,ZZS_51e572c7c3,东大街,0.35,line_propagated,2号线,0,normal_info,0,2号线
ZZM_CN_5cf23f8ba5bd,ZZS_54adf32b6c,南四环,0.35,line_propagated,2号线,0,normal_info,0,2号线
ZZM_CN_5cf23f8ba5bd,ZZS_6b600b7696,刘庄,0.35,line_propagated,2号线,0,normal_info,0,2号线
ZZM_CN_5cf23f8ba5bd,ZZS_72de4f5f66,惠济区政府,0.35,line_propagated,2号线,0,normal_info,0,2号线
ZZM_CN_5cf23f8ba5bd,ZZS_7dd13fd23f,黄河路,0.35,line_propagated,2号线,0,normal_info,0,2号线
ZZM_CN_5cf23f8ba5bd,ZZS_90c4ce1eb7,沙门,0.35,line_propagated,2号线,0,normal_info,0,2号线
ZZM_CN_5cf23f8ba5bd,ZZS_93b9249040,二里岗,0.35,line_propagated,2号线,0,normal_info,0,2号线
ZZM_CN_5cf23f8ba5bd,ZZS_9660c27c11,站马屯,0.35,line_propagated,2号线,0,normal_info,0,2号线
ZZM_CN_5cf23f8ba5bd,ZZS_9f383e1427,花寨,0.35,line_propagated,2号线,0,normal_info,0,2号线
ZZM_CN_5cf23f8ba5bd,ZZS_a14df2d44f,紫荆山,0.35,line_propagated,2号线,0,normal_info,0,2号线
ZZM_CN_5cf23f8ba5bd,ZZS_a7b91da4c7,陇海东路,0.35,line_propagated,2号线,0,normal_info,0,2号线
ZZM_CN_5cf23f8ba5bd,ZZS_abc078ccd5,黄河迎宾馆,0.35,line_propagated,2号线,0,normal_info,0,2号线
ZZM_CN_5cf23f8ba5bd,ZZS_bdc2a71da9,柳林,0.35,line_propagated,2号线,0,normal_info,0,2号线
ZZM_CN_5cf23f8ba5bd,ZZS_c180efc575,贾河,0.35,line_propagated,2号线,0,normal_info,0,2号线
ZZM_CN_5cf23f8ba5bd,ZZS_ff256e6634,北三环,0.35,line_propagated,2号线,0,normal_info,0,2号线
ZZM_CN_5cf23f8ba5bd,ZZS_ff491e6fdf,东风路,0.35,line_propagated,2号线,0,normal_info,0,2号线
ZZM_CN_5ec72a071a09,ZZS_02cf3e4cf5,南三环,0.35,line_propagated,2号线,0,normal_info,0,2号线
ZZM_CN_5ec72a071a09,ZZS_1a5721a427,毛庄,0.35,line_propagated,2号线,0,normal_info,0,2号线
ZZM_CN_5ec72a071a09,ZZS_20262a52f0,南五里堡,0.35,line_propagated,2号线,0,normal_info,0,2号线
ZZM_CN_5ec72a071a09,ZZS_2bd57be00d,关虎屯,0.35,line_propagated,2号线,0,normal_info,0,2号线
ZZM_CN_5ec72a071a09,ZZS_43a808507b,金洼,0.35,line_propagated,2号线,0,normal_info,0,2号线
ZZM_CN_5ec72a071a09,ZZS_4d258fdd50,金达路,0.35,line_propagated,2号线,0,normal_info,0,2号线
ZZM_CN_5ec72a071a09,ZZS_51e572c7c3,东大街,0.35,line_propagated,2号线,0,normal_info,0,2号线
ZZM_CN_5ec72a071a09,ZZS_54adf32b6c,南四环,0.35,line_propagated,2号线,0,normal_info,0,2号线
ZZM_CN_5ec72a071a09,ZZS_6b600b7696,刘庄,0.35,line_propagated,2号线,0,normal_info,0,2号线
ZZM_CN_5ec72a071a09,ZZS_72de4f5f66,惠济区政府,0.35,line_propagated,2号线,0,normal_info,0,2号线
ZZM_CN_5ec72a071a09,ZZS_7dd13fd23f,黄河路,0.35,line_propagated,2号线,0,normal_info,0,2号线
ZZM_CN_5ec72a071a09,ZZS_90c4ce1eb7,沙门,0.35,line_propagated,2号线,0,normal_info,0,2号线
ZZM_CN_5ec72a071a09,ZZS_93b9249040,二里岗,0.35,line_propagated,2号线,0,normal_info,0,2号线
ZZM_CN_5ec72a071a09,ZZS_9660c27c11,站马屯,0.35,line_propagated,2号线,0,normal_info,0,2号线
ZZM_CN_5ec72a071a09,ZZS_9f383e1427,花寨,0.35,line_propagated,2号线,0,normal_info,0,2号线
ZZM_CN_5ec72a071a09,ZZS_a14df2d44f,紫荆山,0.35,line_propagated,2号线,0,normal_info,0,2号线
ZZM_CN_5ec72a071a09,ZZS_a7b91da4c7,陇海东路,0.35,line_propagated,2号线,0,normal_info,0,2号线
ZZM_CN_5ec72a071a09,ZZS_abc078ccd5,黄河迎宾馆,0.35,line_propagated,2号线,0,normal_info,0,2号线
ZZM_CN_5ec72a071a09,ZZS_bdc2a71da9,柳林,0.35,line_propagated,2号线,0,normal_info,0,2号线
ZZM_CN_5ec72a071a09,ZZS_c180efc575,贾河,0.35,line_propagated,2号线,0,normal_info,0,2号线
ZZM_CN_5ec72a071a09,ZZS_ff256e6634,北三环,0.35,line_propagated,2号线,0,normal_info,0,2号线
ZZM_CN_5ec72a071a09,ZZS_ff491e6fdf,东风路,0.35,line_propagated,2号线,0,normal_info,0,2号线
ZZM_CN_5ee33b43a60b,ZZS_00f55fa149,碧沙岗,0.35,line_propagated,1号线,0,normal_info,0,1号线
ZZM_CN_5ee33b43a60b,ZZS_065e638aef,东风南路,0.35,line_propagated,1号线,0,normal_info,0,1号线
ZZM_CN_5ee33b43a60b,ZZS_0660d199a6,农业南路,0.35,line_propagated,1号线,0,normal_info,0,1号线
ZZM_CN_5ee33b43a60b,ZZS_0ccbb4888d,二七广场,0.35,line_propagated,1号线,0,normal_info,0,1号线
ZZM_CN_5ee33b43a60b,ZZS_1acdaac4ce,铁炉,0.35,line_propagated,1号线,0,normal_info,0,1号线
ZZM_CN_5ee33b43a60b,ZZS_27d32a2e36,五一公园,0.35,line_propagated,1号线,0,normal_info,0,1号线
ZZM_CN_5ee33b43a60b,ZZS_3813354d55,绿城广场,0.35,line_propagated,1号线,0,normal_info,0,1号线
ZZM_CN_5ee33b43a60b,ZZS_38180914a0,燕庄,0.35,line_propagated,1号线,0,normal_info,0,1号线
ZZM_CN_5ee33b43a60b,ZZS_52a5a7940c,兰寨,0.35,line_propagated,1号线,0,normal_info,0,1号线
ZZM_CN_5ee33b43a60b,ZZS_5d37b2006d,河南大学新区,0.35,line_propagated,1号线,0,normal_info,0,1号线
ZZM_CN_5ee33b43a60b,ZZS_6c89efbe2c,文苑北路,0.35,line_propagated,1号线,0,normal_info,0,1号线
ZZM_CN_5ee33b43a60b,ZZS_87213b5129,会展中心,0.9,exact+line,1号线|会展中心,0,normal_info,0,1号线
ZZM_CN_5ee33b43a60b,ZZS_881a48e5bb,西三环,0.35,line_propagated,1号线,0,normal_info,0,1号线
ZZM_CN_5ee33b43a60b,ZZS_89f2ce9b1d,秦岭路,0.35,line_propagated,1号线,0,normal_info,0,1号线
ZZM_CN_5ee33b43a60b,ZZS_90196f31d6,郑州火车站,0.35,line_propagated,1号线,0,normal_info,0,1号线
ZZM_CN_5ee33b43a60b,ZZS_a14df2d44f,紫荆山,0.35,line_propagated,1号线,0,normal_info,0,1号线
ZZM_CN_5ee33b43a60b,ZZS_ae1b2afcad,梧桐街,0.35,line_propagated,1号线,0,normal_info,0,1号线
ZZM_CN_5ee33b43a60b,ZZS_aed2ee7bb7,河南工业大学,0.35,line_propagated,1号线,0,normal_info,0,1号线
ZZM_CN_5ee33b43a60b,ZZS_b0ac143899,龙子湖,0.35,line_propagated,1号线,0,normal_info,0,1号线
ZZM_CN_5ee33b43a60b,ZZS_b37a0bcf35,郑大科技园,0.35,line_propagated,1号线,0,normal_info,0,1号线
ZZM_CN_5ee33b43a60b,ZZS_b8d795b006,黄河南路,0.35,line_propagated,1号线,0,normal_info,0,1号线
ZZM_CN_5ee33b43a60b,ZZS_bb3c17098a,人民路,0.35,line_propagated,1号线,0,normal_info,0,1号线
ZZM_CN_5ee33b43a60b,ZZS_bf7f2bfbd0,博学路,0.35,line_propagated,1号线,0,normal_info,0,1号线
ZZM_CN_5ee33b43a60b,ZZS_c9109d3d9f,医学院,0.35,line_propagated,1号线,0,normal_info,0,1号线
ZZM_CN_5ee33b43a60b,ZZS_cc61daaced,市体育中心,0.35,line_propagated,1号线,0,normal_info,0,1号线
ZZM_CN_5ee33b43a60b,ZZS_d61a964e41,市民中心,0.35,line_propagated,1号线,0,normal_info,0,1号线
ZZM_CN_5ee33b43a60b,ZZS_e4b35b2f4d,郑州大学,0.35,line_propagated,1号线,0,normal_info,0,1号线
ZZM_CN_5ee33b43a60b,ZZS_e67ffc082e,西流湖,0.35,line_propagated,1号线,0,normal_info,0,1号线
ZZM_CN_5ee33b43a60b,ZZS_ff2a277828,民航路,0.35,line_propagated,1号线,0,normal_info,0,1号线
ZZM_CN_5ee33b43a60b,ZZS_ff6940526d,郑州东站,0.35,line_propagated,1号线,0,normal_info,0,1号线
ZZM_CN_60617da459b7,ZZS_001bf66fc1,陇海西路,0.35,line_propagated,5号线,0,normal_info,0,5号线
ZZM_CN_60617da459b7,ZZS_1236ed80e3,中央商务区,0.35,line_propagated,5号线,0,normal_info,0,5号线
ZZM_CN_60617da459b7,ZZS_1246e07d02,城东南路,0.35,line_propagated,5号线,0,normal_info,0,5号线
ZZM_CN_60617da459b7,ZZS_136c32a256,市中心医院,0.35,line_propagated,5号线,0,normal_info,0,5号线
ZZM_CN_60617da459b7,ZZS_14efbdcc1b,福塔东,0.35,line_propagated,5号线,0,normal_info,0,5号线
ZZM_CN_60617da459b7,ZZS_190cc56901,金水东路,0.35,line_propagated,5号线,0,normal_info,0,5号线
ZZM_CN_60617da459b7,ZZS_20262a52f0,南五里堡,0.35,line_propagated,5号线,0,normal_info,0,5号线
ZZM_CN_60617da459b7,ZZS_20dcf363fc,康宁街,0.35,line_propagated,5号线,0,normal_info,0,5号线
ZZM_CN_60617da459b7,ZZS_27d32a2e36,五一公园,0.35,line_propagated,5号线,0,normal_info,0,5号线
ZZM_CN_60617da459b7,ZZS_2db8e2eabe,经北二路,0.35,line_propagated,5号线,0,normal_info,0,5号线
ZZM_CN_60617da459b7,ZZS_31a002aa03,海滩寺,0.35,line_propagated,5号线,0,normal_info,0,5号线
ZZM_CN_60617da459b7,ZZS_386438745b,祭城,0.35,line_propagated,5号线,0,normal_info,0,5号线
ZZM_CN_60617da459b7,ZZS_3ada9c57dc,众意西路,0.35,line_propagated,5号线,0,normal_info,0,5号线
ZZM_CN_60617da459b7,ZZS_45679e4fc0,七里河,0.35,line_propagated,5号线,0,normal_info,0,5号线
ZZM_CN_60617da459b7,ZZS_4dd2360957,京广南路,0.35,line_propagated,5号线,0,normal_info,0,5号线
ZZM_CN_60617da459b7,ZZS_5b6c4f8186,郑州人民医院,0.35,line_propagated,5号线,0,normal_info,0,5号线
ZZM_CN_60617da459b7,ZZS_5babce6145,中原福塔,0.35,line_propagated,5号线,0,normal_info,0,5号线
ZZM_CN_60617da459b7,ZZS_5dc87121c2,市第二人民医院,0.35,line_propagated,5号线,0,normal_info,0,5号线
ZZM_CN_60617da459b7,ZZS_7dd13fd23f,黄河路,0.35,line_propagated,5号线,0,normal_info,0,5号线
ZZM_CN_60617da459b7,ZZS_9a26907088,齐礼阎,0.35,line_propagated,5号线,0,normal_info,0,5号线
ZZM_CN_60617da459b7,ZZS_9d8185e03c,省人民医院,0.35,line_propagated,5号线,0,normal_info,0,5号线
ZZM_CN_60617da459b7,ZZS_a3cc0229f4,省骨科医院,0.35,line_propagated,5号线,0,normal_info,0,5号线
ZZM_CN_60617da459b7,ZZS_ae7cc361da,月季公园,0.35,line_propagated,5号线,0,normal_info,0,5号线
ZZM_CN_60617da459b7,ZZS_bd17c52fa6,儿童医院,0.35,line_propagated,5号线,0,normal_info,0,5号线
ZZM_CN_60617da459b7,ZZS_c720567666,桐淮,0.35,line_propagated,5号线,0,normal_info,0,5号线
ZZM_CN_60617da459b7,ZZS_c94675c30b,后河芦,0.35,line_propagated,5号线,0,normal_info,0,5号线
ZZM_CN_60617da459b7,ZZS_c995bf7092,经开中心广场,0.35,line_propagated,5号线,0,normal_info,0,5号线
ZZM_CN_60617da459b7,ZZS_cb2e15cfa0,姚砦,0.35,line_propagated,5号线,0,normal_info,0,5号线
ZZM_CN_60617da459b7,ZZS_deb2edc4a2,沙口路,0.35,line_propagated,5号线,0,normal_info,0,5号线
ZZM_CN_60617da459b7,ZZS_f095e9678f,航海广场,0.35,line_propagated,5号线,0,normal_info,0,5号线
ZZM_CN_60617da459b7,ZZS_f97030e2b9,冯庄,0.35,line_propagated,5号线,0,normal_info,0,5号线
ZZM_CN_60617da459b7,ZZS_ff6940526d,郑州东站,0.35,line_propagated,5号线,0,normal_info,0,5号线
ZZM_CN_609552efac4f,ZZS_001bf66fc1,陇海西路,0.35,line_propagated,5号线,0,normal_info,0,2号线|3号线|4号线|5号线
ZZM_CN_609552efac4f,ZZS_02cf3e4cf5,南三环,0.35,line_propagated,2号线,0,normal_info,0,2号线|3号线|4号线|5号线
ZZM_CN_609552efac4f,ZZS_047175b6e2,老鸦陈,0.35,line_propagated,4号线,0,normal_info,0,2号线|3号线|4号线|5号线
ZZM_CN_609552efac4f,ZZS_05d97db6f2,司赵,0.35,line_propagated,3号线,0,normal_info,0,2号线|3号线|4号线|5号线
ZZM_CN_609552efac4f,ZZS_06c5d1c11c,商鼎路,0.35,line_propagated,4号线,0,normal_info,0,2号线|3号线|4号线|5号线
ZZM_CN_609552efac4f,ZZS_0ccbb4888d,二七广场,0.35,line_propagated,3号线,0,normal_info,0,2号线|3号线|4号线|5号线
ZZM_CN_609552efac4f,ZZS_1236ed80e3,中央商务区,0.35,line_propagated,4号线|5号线,0,normal_info,0,2号线|3号线|4号线|5号线
ZZM_CN_609552efac4f,ZZS_1246e07d02,城东南路,0.35,line_propagated,5号线,0,normal_info,0,2号线|3号线|4号线|5号线
ZZM_CN_609552efac4f,ZZS_136c32a256,市中心医院,0.35,line_propagated,5号线,0,normal_info,0,2号线|3号线|4号线|5号线
ZZM_CN_609552efac4f,ZZS_1371fabdab,西大街,0.35,line_propagated,3号线,0,normal_info,0,2号线|3号线|4号线|5号线
ZZM_CN_609552efac4f,ZZS_13fc13c558,郑州文庙,0.35,line_propagated,3号线,0,normal_info,0,2号线|3号线|4号线|5号线
ZZM_CN_609552efac4f,ZZS_14efbdcc1b,福塔东,0.35,line_propagated,5号线,0,normal_info,0,2号线|3号线|4号线|5号线
ZZM_CN_609552efac4f,ZZS_184971fb41,郎庄,0.35,line_propagated,4号线,0,normal_info,0,2号线|3号线|4号线|5号线
ZZM_CN_609552efac4f,ZZS_190cc56901,金水东路,0.35,line_propagated,5号线,0,normal_info,0,2号线|3号线|4号线|5号线
ZZM_CN_609552efac4f,ZZS_1a5721a427,毛庄,0.6,interval_inferred,interval,0,normal_info,0,2号线|3号线|4号线|5号线
ZZM_CN_609552efac4f,ZZS_1acd4fa835,金岱,0.35,line_propagated,4号线,0,normal_info,0,2号线|3号线|4号线|5号线
ZZM_CN_609552efac4f,ZZS_1e911360df,姚庄,0.35,line_propagated,4号线,0,normal_info,0,2号线|3号线|4号线|5号线
ZZM_CN_609552efac4f,ZZS_20262a52f0,南五里堡,0.35,line_propagated,2号线|5号线,0,normal_info,0,2号线|3号线|4号线|5号线
ZZM_CN_609552efac4f,ZZS_20dcf363fc,康宁街,0.35,line_propagated,5号线,0,normal_info,0,2号线|3号线|4号线|5号线
ZZM_CN_609552efac4f,ZZS_25a45ff011,东周,0.35,line_propagated,3号线,0,normal_info,0,2号线|3号线|4号线|5号线
ZZM_CN_609552efac4f,ZZS_25a4eab92b,龙湖南,0.35,line_propagated,4号线,0,normal_info,0,2号线|3号线|4号线|5号线
ZZM_CN_609552efac4f,ZZS_27d32a2e36,五一公园,0.35,line_propagated,5号线,0,normal_info,0,2号线|3号线|4号线|5号线
ZZM_CN_609552efac4f,ZZS_28ee7061d7,东十里铺,0.35,line_propagated,3号线|4号线,0,normal_info,0,2号线|3号线|4号线|5号线
ZZM_CN_609552efac4f,ZZS_29284451da,凤凰台,0.35,line_propagated,3号线,0,normal_info,0,2号线|3号线|4号线|5号线
ZZM_CN_609552efac4f,ZZS_2bd57be00d,关虎屯,0.35,line_propagated,2号线,0,normal_info,0,2号线|3号线|4号线|5号线
ZZM_CN_609552efac4f,ZZS_2db8e2eabe,经北二路,0.35,line_propagated,5号线,0,normal_info,0,2号线|3号线|4号线|5号线
ZZM_CN_609552efac4f,ZZS_31a002aa03,海滩寺,0.35,line_propagated,3号线|5号线,0,normal_info,0,2号线|3号线|4号线|5号线
ZZM_CN_609552efac4f,ZZS_3546d6d127,丰庆路,0.35,line_propagated,4号线,0,normal_info,0,2号线|3号线|4号线|5号线
ZZM_CN_609552efac4f,ZZS_386438745b,祭城,0.35,line_propagated,5号线,0,normal_info,0,2号线|3号线|4号线|5号线
ZZM_CN_609552efac4f,ZZS_3ada9c57dc,众意西路,0.35,line_propagated,5号线,0,normal_info,0,2号线|3号线|4号线|5号线
ZZM_CN_609552efac4f,ZZS_43a808507b,金洼,0.6,interval_inferred,interval,0,normal_info,0,2号线|3号线|4号线|5号线
ZZM_CN_609552efac4f,ZZS_44eab6c022,南阳新村,0.35,line_propagated,3号线,0,normal_info,0,2号线|3号线|4号线|5号线
ZZM_CN_609552efac4f,ZZS_45679e4fc0,七里河,0.35,line_propagated,4号线|5号线,0,normal_info,0,2号线|3号线|4号线|5号线
ZZM_CN_609552efac4f,ZZS_4d258fdd50,金达路,0.6,interval_inferred,interval,0,normal_info,0,2号线|3号线|4号线|5号线
ZZM_CN_609552efac4f,ZZS_4dd2360957,京广南路,0.35,line_propagated,5号线,0,normal_info,0,2号线|3号线|4号线|5号线
ZZM_CN_609552efac4f,ZZS_51e572c7c3,东大街,0.35,line_propagated,2号线|3号线,0,normal_info,0,2号线|3号线|4号线|5号线
ZZM_CN_609552efac4f,ZZS_542d10f6f0,金融岛北,0.35,line_propagated,4号线,0,normal_info,0,2号线|3号线|4号线|5号线
ZZM_CN_609552efac4f,ZZS_548bc6fa98,陈寨东,0.35,line_propagated,4号线,0,normal_info,0,2号线|3号线|4号线|5号线
ZZM_CN_609552efac4f,ZZS_54adf32b6c,南四环,0.35,line_propagated,2号线,0,normal_info,0,2号线|3号线|4号线|5号线
ZZM_CN_609552efac4f,ZZS_5563728074,营岗,0.35,line_propagated,3号线,0,normal_info,0,2号线|3号线|4号线|5号线
ZZM_CN_609552efac4f,ZZS_55f9aea406,森林公园北,0.35,line_propagated,4号线,0,normal_info,0,2号线|3号线|4号线|5号线
ZZM_CN_609552efac4f,ZZS_5b6c4f8186,郑州人民医院,0.35,line_propagated,5号线,0,normal_info,0,2号线|3号线|4号线|5号线
ZZM_CN_609552efac4f,ZZS_5babce6145,中原福塔,0.35,line_propagated,5号线,0,normal_info,0,2号线|3号线|4号线|5号线
ZZM_CN_609552efac4f,ZZS_5dc87121c2,市第二人民医院,0.35,line_propagated,5号线,0,normal_info,0,2号线|3号线|4号线|5号线
ZZM_CN_609552efac4f,ZZS_6605be2a4e,省体育中心,0.35,line_propagated,3号线|4号线,0,normal_info,0,2号线|3号线|4号线|5号线
ZZM_CN_609552efac4f,ZZS_662c95b759,王砦,0.35,line_propagated,3号线,0,normal_info,0,2号线|3号线|4号线|5号线
ZZM_CN_609552efac4f,ZZS_6a0a21f658,通泰路,0.35,line_propagated,3号线,0,normal_info,0,2号线|3号线|4号线|5号线
ZZM_CN_609552efac4f,ZZS_6a9a14f197,北二十里铺,0.35,line_propagated,4号线,0,normal_info,0,2号线|3号线|4号线|5号线
ZZM_CN_609552efac4f,ZZS_6b600b7696,刘庄,0.9,exact+line,2号线|刘庄,0,normal_info,0,2号线|3号线|4号线|5号线
ZZM_CN_609552efac4f,ZZS_72de4f5f66,惠济区政府,0.6,interval_inferred,interval,0,normal_info,0,2号线|3号线|4号线|5号线
ZZM_CN_609552efac4f,ZZS_7dd13fd23f,黄河路,0.35,line_propagated,2号线|5号线,0,normal_info,0,2号线|3号线|4号线|5号线
ZZM_CN_609552efac4f,ZZS_87213b5129,会展中心,0.35,line_propagated,4号线,0,normal_info,0,2号线|3号线|4号线|5号线
ZZM_CN_609552efac4f,ZZS_90c4ce1eb7,沙门,0.35,line_propagated,2号线|4号线,0,normal_info,0,2号线|3号线|4号线|5号线
ZZM_CN_609552efac4f,ZZS_90de6fab35,货站街,0.35,line_propagated,4号线,0,normal_info,0,2号线|3号线|4号线|5号线
ZZM_CN_609552efac4f,ZZS_93b9249040,二里岗,0.35,line_propagated,2号线,0,normal_info,0,2号线|3号线|4号线|5号线
ZZM_CN_609552efac4f,ZZS_93f56b73b3,果树所,0.35,line_propagated,4号线,0,normal_info,0,2号线|3号线|4号线|5号线
ZZM_CN_609552efac4f,ZZS_95fb90b688,杨君刘,0.35,line_propagated,4号线,0,normal_info,0,2号线|3号线|4号线|5号线
ZZM_CN_609552efac4f,ZZS_9660c27c11,站马屯,0.35,line_propagated,2号线,0,normal_info,0,2号线|3号线|4号线|5号线
ZZM_CN_609552efac4f,ZZS_973f67bf8a,同乐,0.35,line_propagated,3号线,0,normal_info,0,2号线|3号线|4号线|5号线
ZZM_CN_609552efac4f,ZZS_9965eccc39,龙湖中环北,0.35,line_propagated,4号线,0,normal_info,0,2号线|3号线|4号线|5号线
ZZM_CN_609552efac4f,ZZS_9a26907088,齐礼阎,0.35,line_propagated,5号线,0,normal_info,0,2号线|3号线|4号线|5号线
ZZM_CN_609552efac4f,ZZS_9a51a2fe83,兴隆铺,0.35,line_propagated,3号线,0,normal_info,0,2号线|3号线|4号线|5号线
ZZM_CN_609552efac4f,ZZS_9d8185e03c,省人民医院,0.35,line_propagated,5号线,0,normal_info,0,2号线|3号线|4号线|5号线
ZZM_CN_609552efac4f,ZZS_9f383e1427,花寨,0.35,line_propagated,2号线,0,normal_info,0,2号线|3号线|4号线|5号线
ZZM_CN_609552efac4f,ZZS_a14df2d44f,紫荆山,0.35,line_propagated,2号线,0,normal_info,0,2号线|3号线|4号线|5号线
ZZM_CN_609552efac4f,ZZS_a3cc0229f4,省骨科医院,0.35,line_propagated,3号线|5号线,0,normal_info,0,2号线|3号线|4号线|5号线
ZZM_CN_609552efac4f,ZZS_a7b91da4c7,陇海东路,0.35,line_propagated,2号线,0,normal_info,0,2号线|3号线|4号线|5号线
ZZM_CN_609552efac4f,ZZS_a9af1749e0,西周,0.35,line_propagated,3号线,0,normal_info,0,2号线|3号线|4号线|5号线
ZZM_CN_609552efac4f,ZZS_aa3686fb6d,金融岛南,0.35,line_propagated,4号线,0,normal_info,0,2号线|3号线|4号线|5号线
ZZM_CN_609552efac4f,ZZS_abc078ccd5,黄河迎宾馆,0.6,interval_inferred,interval,0,normal_info,0,2号线|3号线|4号线|5号线
ZZM_CN_609552efac4f,ZZS_ae7cc361da,月季公园,0.35,line_propagated,5号线,0,normal_info,0,2号线|3号线|4号线|5号线
ZZM_CN_609552efac4f,ZZS_b5c4192440,圃田西,0.35,line_propagated,3号线,0,normal_info,0,2号线|3号线|4号线|5号线
ZZM_CN_609552efac4f,ZZS_b9cd9992ce,人民公园,0.35,line_propagated,3号线,0,normal_info,0,2号线|3号线|4号线|5号线
ZZM_CN_609552efac4f,ZZS_ba70aa715e,博览中心,0.35,line_propagated,3号线,0,normal_info,0,2号线|3号线|4号线|5号线
ZZM_CN_609552efac4f,ZZS_bd17c52fa6,儿童医院,0.35,line_propagated,5号线,0,normal_info,0,2号线|3号线|4号线|5号线
ZZM_CN_609552efac4f,ZZS_bdc2a71da9,柳林,0.35,line_propagated,2号线,0,normal_info,0,2号线|3号线|4号线|5号线
ZZM_CN_609552efac4f,ZZS_c180efc575,贾河,0.9,exact+line,2号线|贾河,0,normal_info,0,2号线|3号线|4号线|5号线
ZZM_CN_609552efac4f,ZZS_c5943bbf34,滨河新城,0.35,line_propagated,3号线,0,normal_info,0,2号线|3号线|4号线|5号线
ZZM_CN_609552efac4f,ZZS_c720567666,桐淮,0.35,line_propagated,5号线,0,normal_info,0,2号线|3号线|4号线|5号线
ZZM_CN_609552efac4f,ZZS_c8f4a267a6,大石桥,0.35,line_propagated,3号线,0,normal_info,0,2号线|3号线|4号线|5号线
ZZM_CN_609552efac4f,ZZS_c94675c30b,后河芦,0.35,line_propagated,5号线,0,normal_info,0,2号线|3号线|4号线|5号线
ZZM_CN_609552efac4f,ZZS_c995bf7092,经开中心广场,0.35,line_propagated,5号线,0,normal_info,0,2号线|3号线|4号线|5号线
ZZM_CN_609552efac4f,ZZS_cb2e15cfa0,姚砦,0.35,line_propagated,5号线,0,normal_info,0,2号线|3号线|4号线|5号线
ZZM_CN_609552efac4f,ZZS_ccf9ac5267,清华附中,0.35,line_propagated,4号线,0,normal_info,0,2号线|3号线|4号线|5号线
ZZM_CN_609552efac4f,ZZS_d86c49fbed,农业东路,0.35,line_propagated,4号线,0,normal_info,0,2号线|3号线|4号线|5号线
ZZM_CN_609552efac4f,ZZS_dbb2385d18,龙湖北,0.35,line_propagated,4号线,0,normal_info,0,2号线|3号线|4号线|5号线
ZZM_CN_609552efac4f,ZZS_deb2edc4a2,沙口路,0.35,line_propagated,5号线,0,normal_info,0,2号线|3号线|4号线|5号线
ZZM_CN_609552efac4f,ZZS_e9c14949ec,滨河新城南,0.35,line_propagated,3号线,0,normal_info,0,2号线|3号线|4号线|5号线
ZZM_CN_609552efac4f,ZZS_eca427650a,张家村,0.35,line_propagated,4号线,0,normal_info,0,2号线|3号线|4号线|5号线
ZZM_CN_609552efac4f,ZZS_eda0ec6e78,龙湖中环南,0.35,line_propagated,4号线,0,normal_info,0,2号线|3号线|4号线|5号线
ZZM_CN_609552efac4f,ZZS_ef6263ba13,潮河,0.35,line_propagated,3号线,0,normal_info,0,2号线|3号线|4号线|5号线
ZZM_CN_609552efac4f,ZZS_f095e9678f,航海广场,0.35,line_propagated,5号线,0,normal_info,0,2号线|3号线|4号线|5号线
ZZM_CN_609552efac4f,ZZS_f97030e2b9,冯庄,0.35,line_propagated,5号线,0,normal_info,0,2号线|3号线|4号线|5号线
ZZM_CN_609552efac4f,ZZS_ff256e6634,北三环,0.35,line_propagated,2号线,0,normal_info,0,2号线|3号线|4号线|5号线
ZZM_CN_609552efac4f,ZZS_ff491e6fdf,东风路,0.35,line_propagated,2号线,0,normal_info,0,2号线|3号线|4号线|5号线
ZZM_CN_609552efac4f,ZZS_ff6940526d,郑州东站,0.35,line_propagated,5号线,0,normal_info,0,2号线|3号线|4号线|5号线
ZZM_CN_62283e78c3d8,ZZS_00f55fa149,碧沙岗,0.35,line_propagated,1号线,0,normal_info,0,1号线
ZZM_CN_62283e78c3d8,ZZS_065e638aef,东风南路,0.35,line_propagated,1号线,0,normal_info,0,1号线
ZZM_CN_62283e78c3d8,ZZS_0660d199a6,农业南路,0.35,line_propagated,1号线,0,normal_info,0,1号线
ZZM_CN_62283e78c3d8,ZZS_0ccbb4888d,二七广场,0.35,line_propagated,1号线,0,normal_info,0,1号线
ZZM_CN_62283e78c3d8,ZZS_1acdaac4ce,铁炉,0.35,line_propagated,1号线,0,normal_info,0,1号线
ZZM_CN_62283e78c3d8,ZZS_27d32a2e36,五一公园,0.35,line_propagated,1号线,0,normal_info,0,1号线
ZZM_CN_62283e78c3d8,ZZS_3813354d55,绿城广场,0.35,line_propagated,1号线,0,normal_info,0,1号线
ZZM_CN_62283e78c3d8,ZZS_38180914a0,燕庄,0.35,line_propagated,1号线,0,normal_info,0,1号线
ZZM_CN_62283e78c3d8,ZZS_52a5a7940c,兰寨,0.35,line_propagated,1号线,0,normal_info,0,1号线
ZZM_CN_62283e78c3d8,ZZS_5d37b2006d,河南大学新区,0.35,line_propagated,1号线,0,normal_info,0,1号线
ZZM_CN_62283e78c3d8,ZZS_6c89efbe2c,文苑北路,0.35,line_propagated,1号线,0,normal_info,0,1号线
ZZM_CN_62283e78c3d8,ZZS_87213b5129,会展中心,0.35,line_propagated,1号线,0,normal_info,0,1号线
ZZM_CN_62283e78c3d8,ZZS_881a48e5bb,西三环,0.35,line_propagated,1号线,0,normal_info,0,1号线
ZZM_CN_62283e78c3d8,ZZS_89f2ce9b1d,秦岭路,0.35,line_propagated,1号线,0,normal_info,0,1号线
ZZM_CN_62283e78c3d8,ZZS_90196f31d6,郑州火车站,0.35,line_propagated,1号线,0,normal_info,0,1号线
ZZM_CN_62283e78c3d8,ZZS_a14df2d44f,紫荆山,0.35,line_propagated,1号线,0,normal_info,0,1号线
ZZM_CN_62283e78c3d8,ZZS_ae1b2afcad,梧桐街,0.35,line_propagated,1号线,0,normal_info,0,1号线
ZZM_CN_62283e78c3d8,ZZS_aed2ee7bb7,河南工业大学,0.35,line_propagated,1号线,0,normal_info,0,1号线
ZZM_CN_62283e78c3d8,ZZS_b0ac143899,龙子湖,0.35,line_propagated,1号线,0,normal_info,0,1号线
ZZM_CN_62283e78c3d8,ZZS_b37a0bcf35,郑大科技园,0.35,line_propagated,1号线,0,normal_info,0,1号线
ZZM_CN_62283e78c3d8,ZZS_b8d795b006,黄河南路,0.35,line_propagated,1号线,0,normal_info,0,1号线
ZZM_CN_62283e78c3d8,ZZS_bb3c17098a,人民路,0.35,line_propagated,1号线,0,normal_info,0,1号线
ZZM_CN_62283e78c3d8,ZZS_bf7f2bfbd0,博学路,0.35,line_propagated,1号线,0,normal_info,0,1号线
ZZM_CN_62283e78c3d8,ZZS_c9109d3d9f,医学院,0.35,line_propagated,1号线,0,normal_info,0,1号线
ZZM_CN_62283e78c3d8,ZZS_cc61daaced,市体育中心,0.35,line_propagated,1号线,0,normal_info,0,1号线
ZZM_CN_62283e78c3d8,ZZS_d61a964e41,市民中心,0.35,line_propagated,1号线,0,normal_info,0,1号线
ZZM_CN_62283e78c3d8,ZZS_d86c49fbed,农业东路,0.9,exact,农业东路,0,normal_info,0,1号线
ZZM_CN_62283e78c3d8,ZZS_e4b35b2f4d,郑州大学,0.35,line_propagated,1号线,0,normal_info,0,1号线
ZZM_CN_62283e78c3d8,ZZS_e67ffc082e,西流湖,0.35,line_propagated,1号线,0,normal_info,0,1号线
ZZM_CN_62283e78c3d8,ZZS_ff2a277828,民航路,0.9,exact+line,1号线|民航路,0,normal_info,0,1号线
ZZM_CN_62283e78c3d8,ZZS_ff6940526d,郑州东站,0.35,line_propagated,1号线,0,normal_info,0,1号线
ZZM_CN_630868bffd90,ZZS_02cf3e4cf5,南三环,0.35,line_propagated,2号线,0,normal_info,0,2号线|12号线
ZZM_CN_630868bffd90,ZZS_1a5721a427,毛庄,0.35,line_propagated,2号线,0,normal_info,0,2号线|12号线
ZZM_CN_630868bffd90,ZZS_20262a52f0,南五里堡,0.35,line_propagated,2号线,0,normal_info,0,2号线|12号线
ZZM_CN_630868bffd90,ZZS_2bd57be00d,关虎屯,0.35,line_propagated,2号线,0,normal_info,0,2号线|12号线
ZZM_CN_630868bffd90,ZZS_43a808507b,金洼,0.35,line_propagated,2号线,0,normal_info,0,2号线|12号线
ZZM_CN_630868bffd90,ZZS_4d258fdd50,金达路,0.35,line_propagated,2号线,0,normal_info,0,2号线|12号线
ZZM_CN_630868bffd90,ZZS_4eb4353851,龙子湖东,0.35,line_propagated,12号线,0,normal_info,0,2号线|12号线
ZZM_CN_630868bffd90,ZZS_51e572c7c3,东大街,0.35,line_propagated,2号线,0,normal_info,0,2号线|12号线
ZZM_CN_630868bffd90,ZZS_54adf32b6c,南四环,0.35,line_propagated,2号线,0,normal_info,0,2号线|12号线
ZZM_CN_630868bffd90,ZZS_5babce6145,中原福塔,0.35,line_propagated,12号线,0,normal_info,0,2号线|12号线
ZZM_CN_630868bffd90,ZZS_6b600b7696,刘庄,0.35,line_propagated,2号线,0,normal_info,0,2号线|12号线
ZZM_CN_630868bffd90,ZZS_72de4f5f66,惠济区政府,0.35,line_propagated,2号线,0,normal_info,0,2号线|12号线
ZZM_CN_630868bffd90,ZZS_7dd13fd23f,黄河路,0.35,line_propagated,2号线,0,normal_info,0,2号线|12号线
ZZM_CN_630868bffd90,ZZS_90c4ce1eb7,沙门,0.35,line_propagated,2号线,0,normal_info,0,2号线|12号线
ZZM_CN_630868bffd90,ZZS_93b9249040,二里岗,0.35,line_propagated,2号线,0,normal_info,0,2号线|12号线
ZZM_CN_630868bffd90,ZZS_9660c27c11,站马屯,0.35,line_propagated,2号线,0,normal_info,0,2号线|12号线
ZZM_CN_630868bffd90,ZZS_9b58e62d57,郑州东站东广场,0.35,line_propagated,12号线,0,normal_info,0,2号线|12号线
ZZM_CN_630868bffd90,ZZS_9f383e1427,花寨,0.35,line_propagated,2号线,0,normal_info,0,2号线|12号线
ZZM_CN_630868bffd90,ZZS_a14df2d44f,紫荆山,0.35,line_propagated,2号线,0,normal_info,0,2号线|12号线
ZZM_CN_630868bffd90,ZZS_a7b91da4c7,陇海东路,0.35,line_propagated,2号线,0,normal_info,0,2号线|12号线
ZZM_CN_630868bffd90,ZZS_a9af1749e0,西周,0.35,line_propagated,12号线,0,normal_info,0,2号线|12号线
ZZM_CN_630868bffd90,ZZS_abc078ccd5,黄河迎宾馆,0.35,line_propagated,2号线,0,normal_info,0,2号线|12号线
ZZM_CN_630868bffd90,ZZS_b0ac143899,龙子湖,0.35,line_propagated,12号线,0,normal_info,0,2号线|12号线
ZZM_CN_630868bffd90,ZZS_b4e7594df2,龙翔桥,0.35,line_propagated,12号线,0,normal_info,0,2号线|12号线
ZZM_CN_630868bffd90,ZZS_bd17c52fa6,儿童医院,0.35,line_propagated,12号线,0,normal_info,0,2号线|12号线
ZZM_CN_630868bffd90,ZZS_bdc2a71da9,柳林,0.35,line_propagated,2号线,0,normal_info,0,2号线|12号线
ZZM_CN_630868bffd90,ZZS_bf7f2bfbd0,博学路,0.35,line_propagated,12号线,0,normal_info,0,2号线|12号线
ZZM_CN_630868bffd90,ZZS_c180efc575,贾河,0.35,line_propagated,2号线,0,normal_info,0,2号线|12号线
ZZM_CN_630868bffd90,ZZS_dbb2385d18,龙湖北,0.35,line_propagated,12号线,0,normal_info,0,2号线|12号线
ZZM_CN_630868bffd90,ZZS_eda0ec6e78,龙湖中环南,0.35,line_propagated,12号线,0,normal_info,0,2号线|12号线
ZZM_CN_630868bffd90,ZZS_ff256e6634,北三环,0.35,line_propagated,2号线,0,normal_info,0,2号线|12号线
ZZM_CN_630868bffd90,ZZS_ff491e6fdf,东风路,0.35,line_propagated,2号线,0,normal_info,0,2号线|12号线
ZZM_CN_630868bffd90,ZZS_ff6940526d,郑州东站,0.35,line_propagated,12号线,0,normal_info,0,2号线|12号线
ZZM_CN_63b596e94608,ZZS_02cf3e4cf5,南三环,0.35,line_propagated,2号线,0,normal_info,0,2号线
ZZM_CN_63b596e94608,ZZS_1a5721a427,毛庄,0.35,line_propagated,2号线,0,normal_info,0,2号线
ZZM_CN_63b596e94608,ZZS_20262a52f0,南五里堡,0.35,line_propagated,2号线,0,normal_info,0,2号线
ZZM_CN_63b596e94608,ZZS_2bd57be00d,关虎屯,0.35,line_propagated,2号线,0,normal_info,0,2号线
ZZM_CN_63b596e94608,ZZS_43a808507b,金洼,0.35,line_propagated,2号线,0,normal_info,0,2号线
ZZM_CN_63b596e94608,ZZS_4d258fdd50,金达路,0.35,line_propagated,2号线,0,normal_info,0,2号线
ZZM_CN_63b596e94608,ZZS_51e572c7c3,东大街,0.35,line_propagated,2号线,0,normal_info,0,2号线
ZZM_CN_63b596e94608,ZZS_54adf32b6c,南四环,0.35,line_propagated,2号线,0,normal_info,0,2号线
ZZM_CN_63b596e94608,ZZS_6b600b7696,刘庄,0.35,line_propagated,2号线,0,normal_info,0,2号线
ZZM_CN_63b596e94608,ZZS_72de4f5f66,惠济区政府,0.35,line_propagated,2号线,0,normal_info,0,2号线
ZZM_CN_63b596e94608,ZZS_7dd13fd23f,黄河路,0.35,line_propagated,2号线,0,normal_info,0,2号线
ZZM_CN_63b596e94608,ZZS_90c4ce1eb7,沙门,0.35,line_propagated,2号线,0,normal_info,0,2号线
ZZM_CN_63b596e94608,ZZS_93b9249040,二里岗,0.35,line_propagated,2号线,0,normal_info,0,2号线
ZZM_CN_63b596e94608,ZZS_9660c27c11,站马屯,0.35,line_propagated,2号线,0,normal_info,0,2号线
ZZM_CN_63b596e94608,ZZS_9f383e1427,花寨,0.35,line_propagated,2号线,0,normal_info,0,2号线
ZZM_CN_63b596e94608,ZZS_a14df2d44f,紫荆山,0.35,line_propagated,2号线,0,normal_info,0,2号线
ZZM_CN_63b596e94608,ZZS_a7b91da4c7,陇海东路,0.35,line_propagated,2号线,0,normal_info,0,2号线
ZZM_CN_63b596e94608,ZZS_abc078ccd5,黄河迎宾馆,0.35,line_propagated,2号线,0,normal_info,0,2号线
ZZM_CN_63b596e94608,ZZS_bdc2a71da9,柳林,0.35,line_propagated,2号线,0,normal_info,0,2号线
ZZM_CN_63b596e94608,ZZS_c180efc575,贾河,0.35,line_propagated,2号线,0,normal_info,0,2号线
ZZM_CN_63b596e94608,ZZS_ff256e6634,北三环,0.35,line_propagated,2号线,0,normal_info,0,2号线
ZZM_CN_63b596e94608,ZZS_ff491e6fdf,东风路,0.35,line_propagated,2号线,0,normal_info,0,2号线
ZZM_CN_662a5a361bc3,ZZS_047175b6e2,老鸦陈,0.35,line_propagated,4号线,0,normal_info,0,4号线
ZZM_CN_662a5a361bc3,ZZS_06c5d1c11c,商鼎路,0.35,line_propagated,4号线,0,normal_info,0,4号线
ZZM_CN_662a5a361bc3,ZZS_1236ed80e3,中央商务区,0.35,line_propagated,4号线,0,normal_info,0,4号线
ZZM_CN_662a5a361bc3,ZZS_184971fb41,郎庄,0.35,line_propagated,4号线,0,normal_info,0,4号线
ZZM_CN_662a5a361bc3,ZZS_1acd4fa835,金岱,0.35,line_propagated,4号线,0,normal_info,0,4号线
ZZM_CN_662a5a361bc3,ZZS_1e911360df,姚庄,0.35,line_propagated,4号线,0,normal_info,0,4号线
ZZM_CN_662a5a361bc3,ZZS_25a4eab92b,龙湖南,0.35,line_propagated,4号线,0,normal_info,0,4号线
ZZM_CN_662a5a361bc3,ZZS_28ee7061d7,东十里铺,0.35,line_propagated,4号线,0,normal_info,0,4号线
ZZM_CN_662a5a361bc3,ZZS_3546d6d127,丰庆路,0.35,line_propagated,4号线,0,normal_info,0,4号线
ZZM_CN_662a5a361bc3,ZZS_45679e4fc0,七里河,0.35,line_propagated,4号线,0,normal_info,0,4号线
ZZM_CN_662a5a361bc3,ZZS_542d10f6f0,金融岛北,0.35,line_propagated,4号线,0,normal_info,0,4号线
ZZM_CN_662a5a361bc3,ZZS_548bc6fa98,陈寨东,0.35,line_propagated,4号线,0,normal_info,0,4号线
ZZM_CN_662a5a361bc3,ZZS_55f9aea406,森林公园北,0.35,line_propagated,4号线,0,normal_info,0,4号线
ZZM_CN_662a5a361bc3,ZZS_6605be2a4e,省体育中心,0.35,line_propagated,4号线,0,normal_info,0,4号线
ZZM_CN_662a5a361bc3,ZZS_6a9a14f197,北二十里铺,0.35,line_propagated,4号线,0,normal_info,0,4号线
ZZM_CN_662a5a361bc3,ZZS_87213b5129,会展中心,0.35,line_propagated,4号线,0,normal_info,0,4号线
ZZM_CN_662a5a361bc3,ZZS_90c4ce1eb7,沙门,0.35,line_propagated,4号线,0,normal_info,0,4号线
ZZM_CN_662a5a361bc3,ZZS_90de6fab35,货站街,0.35,line_propagated,4号线,0,normal_info,0,4号线
ZZM_CN_662a5a361bc3,ZZS_93f56b73b3,果树所,0.35,line_propagated,4号线,0,normal_info,0,4号线
ZZM_CN_662a5a361bc3,ZZS_95fb90b688,杨君刘,0.35,line_propagated,4号线,0,normal_info,0,4号线
ZZM_CN_662a5a361bc3,ZZS_9965eccc39,龙湖中环北,0.35,line_propagated,4号线,0,normal_info,0,4号线
ZZM_CN_662a5a361bc3,ZZS_aa3686fb6d,金融岛南,0.35,line_propagated,4号线,0,normal_info,0,4号线
ZZM_CN_662a5a361bc3,ZZS_ccf9ac5267,清华附中,0.35,line_propagated,4号线,0,normal_info,0,4号线
ZZM_CN_662a5a361bc3,ZZS_d86c49fbed,农业东路,0.35,line_propagated,4号线,0,normal_info,0,4号线
ZZM_CN_662a5a361bc3,ZZS_dbb2385d18,龙湖北,0.35,line_propagated,4号线,0,normal_info,0,4号线
ZZM_CN_662a5a361bc3,ZZS_eca427650a,张家村,0.35,line_propagated,4号线,0,normal_info,0,4号线
ZZM_CN_662a5a361bc3,ZZS_eda0ec6e78,龙湖中环南,0.35,line_propagated,4号线,0,normal_info,0,4号线
ZZM_CN_67aad10f0af4,ZZS_02cf3e4cf5,南三环,0.35,line_propagated,2号线,0,normal_info,0,2号线
ZZM_CN_67aad10f0af4,ZZS_1a5721a427,毛庄,0.35,line_propagated,2号线,0,normal_info,0,2号线
ZZM_CN_67aad10f0af4,ZZS_20262a52f0,南五里堡,0.35,line_propagated,2号线,0,normal_info,0,2号线
ZZM_CN_67aad10f0af4,ZZS_2bd57be00d,关虎屯,0.35,line_propagated,2号线,0,normal_info,0,2号线
ZZM_CN_67aad10f0af4,ZZS_43a808507b,金洼,0.35,line_propagated,2号线,0,normal_info,0,2号线
ZZM_CN_67aad10f0af4,ZZS_4d258fdd50,金达路,0.35,line_propagated,2号线,0,normal_info,0,2号线
ZZM_CN_67aad10f0af4,ZZS_51e572c7c3,东大街,0.35,line_propagated,2号线,0,normal_info,0,2号线
ZZM_CN_67aad10f0af4,ZZS_54adf32b6c,南四环,0.35,line_propagated,2号线,0,normal_info,0,2号线
ZZM_CN_67aad10f0af4,ZZS_6b600b7696,刘庄,0.35,line_propagated,2号线,0,normal_info,0,2号线
ZZM_CN_67aad10f0af4,ZZS_72de4f5f66,惠济区政府,0.35,line_propagated,2号线,0,normal_info,0,2号线
ZZM_CN_67aad10f0af4,ZZS_7dd13fd23f,黄河路,0.35,line_propagated,2号线,0,normal_info,0,2号线
ZZM_CN_67aad10f0af4,ZZS_90c4ce1eb7,沙门,0.35,line_propagated,2号线,0,normal_info,0,2号线
ZZM_CN_67aad10f0af4,ZZS_93b9249040,二里岗,0.35,line_propagated,2号线,0,normal_info,0,2号线
ZZM_CN_67aad10f0af4,ZZS_9660c27c11,站马屯,0.35,line_propagated,2号线,0,normal_info,0,2号线
ZZM_CN_67aad10f0af4,ZZS_9f383e1427,花寨,0.35,line_propagated,2号线,0,normal_info,0,2号线
ZZM_CN_67aad10f0af4,ZZS_a14df2d44f,紫荆山,0.35,line_propagated,2号线,0,normal_info,0,2号线
ZZM_CN_67aad10f0af4,ZZS_a7b91da4c7,陇海东路,0.35,line_propagated,2号线,0,normal_info,0,2号线
ZZM_CN_67aad10f0af4,ZZS_abc078ccd5,黄河迎宾馆,0.35,line_propagated,2号线,0,normal_info,0,2号线
ZZM_CN_67aad10f0af4,ZZS_bdc2a71da9,柳林,0.35,line_propagated,2号线,0,normal_info,0,2号线
ZZM_CN_67aad10f0af4,ZZS_c180efc575,贾河,0.35,line_propagated,2号线,0,normal_info,0,2号线
ZZM_CN_67aad10f0af4,ZZS_ff256e6634,北三环,0.35,line_propagated,2号线,0,normal_info,0,2号线
ZZM_CN_67aad10f0af4,ZZS_ff491e6fdf,东风路,0.35,line_propagated,2号线,0,normal_info,0,2号线
ZZM_CN_6890c07f0746,ZZS_00f55fa149,碧沙岗,0.35,line_propagated,1号线,0,normal_info,0,1号线
ZZM_CN_6890c07f0746,ZZS_065e638aef,东风南路,0.35,line_propagated,1号线,0,normal_info,0,1号线
ZZM_CN_6890c07f0746,ZZS_0660d199a6,农业南路,0.35,line_propagated,1号线,0,normal_info,0,1号线
ZZM_CN_6890c07f0746,ZZS_0ccbb4888d,二七广场,0.35,line_propagated,1号线,0,normal_info,0,1号线
ZZM_CN_6890c07f0746,ZZS_1acdaac4ce,铁炉,0.35,line_propagated,1号线,0,normal_info,0,1号线
ZZM_CN_6890c07f0746,ZZS_27d32a2e36,五一公园,0.35,line_propagated,1号线,0,normal_info,0,1号线
ZZM_CN_6890c07f0746,ZZS_3813354d55,绿城广场,0.35,line_propagated,1号线,0,normal_info,0,1号线
ZZM_CN_6890c07f0746,ZZS_38180914a0,燕庄,0.35,line_propagated,1号线,0,normal_info,0,1号线
ZZM_CN_6890c07f0746,ZZS_52a5a7940c,兰寨,0.35,line_propagated,1号线,0,normal_info,0,1号线
ZZM_CN_6890c07f0746,ZZS_5d37b2006d,河南大学新区,0.35,line_propagated,1号线,0,normal_info,0,1号线
ZZM_CN_6890c07f0746,ZZS_6c89efbe2c,文苑北路,0.35,line_propagated,1号线,0,normal_info,0,1号线
ZZM_CN_6890c07f0746,ZZS_87213b5129,会展中心,0.35,line_propagated,1号线,0,normal_info,0,1号线
ZZM_CN_6890c07f0746,ZZS_881a48e5bb,西三环,0.35,line_propagated,1号线,0,normal_info,0,1号线
ZZM_CN_6890c07f0746,ZZS_89f2ce9b1d,秦岭路,0.35,line_propagated,1号线,0,normal_info,0,1号线
ZZM_CN_6890c07f0746,ZZS_90196f31d6,郑州火车站,0.35,line_propagated,1号线,0,normal_info,0,1号线
ZZM_CN_6890c07f0746,ZZS_a14df2d44f,紫荆山,0.35,line_propagated,1号线,0,normal_info,0,1号线
ZZM_CN_6890c07f0746,ZZS_ae1b2afcad,梧桐街,0.35,line_propagated,1号线,0,normal_info,0,1号线
ZZM_CN_6890c07f0746,ZZS_aed2ee7bb7,河南工业大学,0.35,line_propagated,1号线,0,normal_info,0,1号线
ZZM_CN_6890c07f0746,ZZS_b0ac143899,龙子湖,0.35,line_propagated,1号线,0,normal_info,0,1号线
ZZM_CN_6890c07f0746,ZZS_b37a0bcf35,郑大科技园,0.35,line_propagated,1号线,0,normal_info,0,1号线
ZZM_CN_6890c07f0746,ZZS_b8d795b006,黄河南路,0.35,line_propagated,1号线,0,normal_info,0,1号线
ZZM_CN_6890c07f0746,ZZS_bb3c17098a,人民路,0.35,line_propagated,1号线,0,normal_info,0,1号线
ZZM_CN_6890c07f0746,ZZS_bf7f2bfbd0,博学路,0.35,line_propagated,1号线,0,normal_info,0,1号线
ZZM_CN_6890c07f0746,ZZS_c9109d3d9f,医学院,0.35,line_propagated,1号线,0,normal_info,0,1号线
ZZM_CN_6890c07f0746,ZZS_cc61daaced,市体育中心,0.35,line_propagated,1号线,0,normal_info,0,1号线
ZZM_CN_6890c07f0746,ZZS_d61a964e41,市民中心,0.35,line_propagated,1号线,0,normal_info,0,1号线
ZZM_CN_6890c07f0746,ZZS_e4b35b2f4d,郑州大学,0.35,line_propagated,1号线,0,normal_info,0,1号线
ZZM_CN_6890c07f0746,ZZS_e67ffc082e,西流湖,0.35,line_propagated,1号线,0,normal_info,0,1号线
ZZM_CN_6890c07f0746,ZZS_ff2a277828,民航路,0.35,line_propagated,1号线,0,normal_info,0,1号线
ZZM_CN_6890c07f0746,ZZS_ff6940526d,郑州东站,0.35,line_propagated,1号线,0,normal_info,0,1号线
ZZM_CN_6a5a8ab98fb7,ZZS_00f55fa149,碧沙岗,0.35,line_propagated,1号线,0,normal_info,0,1号线
ZZM_CN_6a5a8ab98fb7,ZZS_065e638aef,东风南路,0.35,line_propagated,1号线,0,normal_info,0,1号线
ZZM_CN_6a5a8ab98fb7,ZZS_0660d199a6,农业南路,0.35,line_propagated,1号线,0,normal_info,0,1号线
ZZM_CN_6a5a8ab98fb7,ZZS_0ccbb4888d,二七广场,0.35,line_propagated,1号线,0,normal_info,0,1号线
ZZM_CN_6a5a8ab98fb7,ZZS_1acdaac4ce,铁炉,0.35,line_propagated,1号线,0,normal_info,0,1号线
ZZM_CN_6a5a8ab98fb7,ZZS_27d32a2e36,五一公园,0.35,line_propagated,1号线,0,normal_info,0,1号线
ZZM_CN_6a5a8ab98fb7,ZZS_3813354d55,绿城广场,0.35,line_propagated,1号线,0,normal_info,0,1号线
ZZM_CN_6a5a8ab98fb7,ZZS_38180914a0,燕庄,0.35,line_propagated,1号线,0,normal_info,0,1号线
ZZM_CN_6a5a8ab98fb7,ZZS_52a5a7940c,兰寨,0.35,line_propagated,1号线,0,normal_info,0,1号线
ZZM_CN_6a5a8ab98fb7,ZZS_5d37b2006d,河南大学新区,0.35,line_propagated,1号线,0,normal_info,0,1号线
ZZM_CN_6a5a8ab98fb7,ZZS_6c89efbe2c,文苑北路,0.35,line_propagated,1号线,0,normal_info,0,1号线
ZZM_CN_6a5a8ab98fb7,ZZS_87213b5129,会展中心,0.35,line_propagated,1号线,0,normal_info,0,1号线
ZZM_CN_6a5a8ab98fb7,ZZS_881a48e5bb,西三环,0.35,line_propagated,1号线,0,normal_info,0,1号线
ZZM_CN_6a5a8ab98fb7,ZZS_89f2ce9b1d,秦岭路,0.35,line_propagated,1号线,0,normal_info,0,1号线
ZZM_CN_6a5a8ab98fb7,ZZS_90196f31d6,郑州火车站,0.35,line_propagated,1号线,0,normal_info,0,1号线
ZZM_CN_6a5a8ab98fb7,ZZS_a14df2d44f,紫荆山,0.35,line_propagated,1号线,0,normal_info,0,1号线
ZZM_CN_6a5a8ab98fb7,ZZS_ae1b2afcad,梧桐街,0.35,line_propagated,1号线,0,normal_info,0,1号线
ZZM_CN_6a5a8ab98fb7,ZZS_aed2ee7bb7,河南工业大学,0.35,line_propagated,1号线,0,normal_info,0,1号线
ZZM_CN_6a5a8ab98fb7,ZZS_b0ac143899,龙子湖,0.35,line_propagated,1号线,0,normal_info,0,1号线
ZZM_CN_6a5a8ab98fb7,ZZS_b37a0bcf35,郑大科技园,0.35,line_propagated,1号线,0,normal_info,0,1号线
ZZM_CN_6a5a8ab98fb7,ZZS_b8d795b006,黄河南路,0.35,line_propagated,1号线,0,normal_info,0,1号线
ZZM_CN_6a5a8ab98fb7,ZZS_bb3c17098a,人民路,0.35,line_propagated,1号线,0,normal_info,0,1号线
ZZM_CN_6a5a8ab98fb7,ZZS_bf7f2bfbd0,博学路,0.35,line_propagated,1号线,0,normal_info,0,1号线
ZZM_CN_6a5a8ab98fb7,ZZS_c9109d3d9f,医学院,0.35,line_propagated,1号线,0,normal_info,0,1号线
ZZM_CN_6a5a8ab98fb7,ZZS_cc61daaced,市体育中心,0.35,line_propagated,1号线,0,normal_info,0,1号线
ZZM_CN_6a5a8ab98fb7,ZZS_d61a964e41,市民中心,0.35,line_propagated,1号线,0,normal_info,0,1号线
ZZM_CN_6a5a8ab98fb7,ZZS_e4b35b2f4d,郑州大学,0.35,line_propagated,1号线,0,normal_info,0,1号线
ZZM_CN_6a5a8ab98fb7,ZZS_e67ffc082e,西流湖,0.35,line_propagated,1号线,0,normal_info,0,1号线
ZZM_CN_6a5a8ab98fb7,ZZS_ff2a277828,民航路,0.35,line_propagated,1号线,0,normal_info,0,1号线
ZZM_CN_6a5a8ab98fb7,ZZS_ff6940526d,郑州东站,0.35,line_propagated,1号线,0,normal_info,0,1号线
ZZM_CN_6c4e03c4239e,ZZS_00f55fa149,碧沙岗,0.35,line_propagated,1号线,1,service_disruption,0,1号线
ZZM_CN_6c4e03c4239e,ZZS_065e638aef,东风南路,0.35,line_propagated,1号线,1,service_disruption,0,1号线
ZZM_CN_6c4e03c4239e,ZZS_0660d199a6,农业南路,0.35,line_propagated,1号线,1,service_disruption,0,1号线
ZZM_CN_6c4e03c4239e,ZZS_0ccbb4888d,二七广场,0.35,line_propagated,1号线,1,service_disruption,0,1号线
ZZM_CN_6c4e03c4239e,ZZS_1acdaac4ce,铁炉,0.35,line_propagated,1号线,1,service_disruption,0,1号线
ZZM_CN_6c4e03c4239e,ZZS_27d32a2e36,五一公园,0.35,line_propagated,1号线,1,service_disruption,0,1号线
ZZM_CN_6c4e03c4239e,ZZS_3813354d55,绿城广场,0.35,line_propagated,1号线,1,service_disruption,0,1号线
ZZM_CN_6c4e03c4239e,ZZS_38180914a0,燕庄,0.35,line_propagated,1号线,1,service_disruption,0,1号线
ZZM_CN_6c4e03c4239e,ZZS_52a5a7940c,兰寨,0.35,line_propagated,1号线,1,service_disruption,0,1号线
ZZM_CN_6c4e03c4239e,ZZS_5d37b2006d,河南大学新区,0.35,line_propagated,1号线,1,service_disruption,0,1号线
ZZM_CN_6c4e03c4239e,ZZS_6c89efbe2c,文苑北路,0.35,line_propagated,1号线,1,service_disruption,0,1号线
ZZM_CN_6c4e03c4239e,ZZS_87213b5129,会展中心,0.35,line_propagated,1号线,1,service_disruption,0,1号线
ZZM_CN_6c4e03c4239e,ZZS_881a48e5bb,西三环,0.35,line_propagated,1号线,1,service_disruption,0,1号线
ZZM_CN_6c4e03c4239e,ZZS_89f2ce9b1d,秦岭路,0.35,line_propagated,1号线,1,service_disruption,0,1号线
ZZM_CN_6c4e03c4239e,ZZS_90196f31d6,郑州火车站,0.35,line_propagated,1号线,1,service_disruption,0,1号线
ZZM_CN_6c4e03c4239e,ZZS_a14df2d44f,紫荆山,0.35,line_propagated,1号线,1,service_disruption,0,1号线
ZZM_CN_6c4e03c4239e,ZZS_ae1b2afcad,梧桐街,0.35,line_propagated,1号线,1,service_disruption,0,1号线
ZZM_CN_6c4e03c4239e,ZZS_aed2ee7bb7,河南工业大学,0.35,line_propagated,1号线,1,service_disruption,0,1号线
ZZM_CN_6c4e03c4239e,ZZS_b0ac143899,龙子湖,0.35,line_propagated,1号线,1,service_disruption,0,1号线
ZZM_CN_6c4e03c4239e,ZZS_b37a0bcf35,郑大科技园,0.35,line_propagated,1号线,1,service_disruption,0,1号线
ZZM_CN_6c4e03c4239e,ZZS_b8d795b006,黄河南路,0.35,line_propagated,1号线,1,service_disruption,0,1号线
ZZM_CN_6c4e03c4239e,ZZS_bb3c17098a,人民路,0.35,line_propagated,1号线,1,service_disruption,0,1号线
ZZM_CN_6c4e03c4239e,ZZS_bf7f2bfbd0,博学路,0.35,line_propagated,1号线,1,service_disruption,0,1号线
ZZM_CN_6c4e03c4239e,ZZS_c9109d3d9f,医学院,0.35,line_propagated,1号线,1,service_disruption,0,1号线
ZZM_CN_6c4e03c4239e,ZZS_cc61daaced,市体育中心,0.35,line_propagated,1号线,1,service_disruption,0,1号线
ZZM_CN_6c4e03c4239e,ZZS_d61a964e41,市民中心,0.35,line_propagated,1号线,1,service_disruption,0,1号线
ZZM_CN_6c4e03c4239e,ZZS_e4b35b2f4d,郑州大学,0.35,line_propagated,1号线,1,service_disruption,0,1号线
ZZM_CN_6c4e03c4239e,ZZS_e67ffc082e,西流湖,0.35,line_propagated,1号线,1,service_disruption,0,1号线
ZZM_CN_6c4e03c4239e,ZZS_ff2a277828,民航路,0.35,line_propagated,1号线,1,service_disruption,0,1号线
ZZM_CN_6c4e03c4239e,ZZS_ff6940526d,郑州东站,0.35,line_propagated,1号线,1,service_disruption,0,1号线
ZZM_CN_6c627cf4a6c9,ZZS_001bf66fc1,陇海西路,0.35,line_propagated,5号线,1,service_disruption,3,5号线
ZZM_CN_6c627cf4a6c9,ZZS_1236ed80e3,中央商务区,0.35,line_propagated,5号线,1,service_disruption,3,5号线
ZZM_CN_6c627cf4a6c9,ZZS_1246e07d02,城东南路,0.35,line_propagated,5号线,1,service_disruption,3,5号线
ZZM_CN_6c627cf4a6c9,ZZS_136c32a256,市中心医院,0.35,line_propagated,5号线,1,service_disruption,3,5号线
ZZM_CN_6c627cf4a6c9,ZZS_14efbdcc1b,福塔东,0.35,line_propagated,5号线,1,service_disruption,3,5号线
ZZM_CN_6c627cf4a6c9,ZZS_190cc56901,金水东路,0.35,line_propagated,5号线,1,service_disruption,3,5号线
ZZM_CN_6c627cf4a6c9,ZZS_20262a52f0,南五里堡,0.35,line_propagated,5号线,1,service_disruption,3,5号线
ZZM_CN_6c627cf4a6c9,ZZS_20dcf363fc,康宁街,0.35,line_propagated,5号线,1,service_disruption,3,5号线
ZZM_CN_6c627cf4a6c9,ZZS_27d32a2e36,五一公园,0.35,line_propagated,5号线,1,service_disruption,3,5号线
ZZM_CN_6c627cf4a6c9,ZZS_2db8e2eabe,经北二路,0.35,line_propagated,5号线,1,service_disruption,3,5号线
ZZM_CN_6c627cf4a6c9,ZZS_31a002aa03,海滩寺,0.35,line_propagated,5号线,1,service_disruption,3,5号线
ZZM_CN_6c627cf4a6c9,ZZS_386438745b,祭城,0.35,line_propagated,5号线,1,service_disruption,3,5号线
ZZM_CN_6c627cf4a6c9,ZZS_3ada9c57dc,众意西路,0.35,line_propagated,5号线,1,service_disruption,3,5号线
ZZM_CN_6c627cf4a6c9,ZZS_45679e4fc0,七里河,0.35,line_propagated,5号线,1,service_disruption,3,5号线
ZZM_CN_6c627cf4a6c9,ZZS_4dd2360957,京广南路,0.35,line_propagated,5号线,1,service_disruption,3,5号线
ZZM_CN_6c627cf4a6c9,ZZS_5b6c4f8186,郑州人民医院,0.35,line_propagated,5号线,1,service_disruption,3,5号线
ZZM_CN_6c627cf4a6c9,ZZS_5babce6145,中原福塔,0.35,line_propagated,5号线,1,service_disruption,3,5号线
ZZM_CN_6c627cf4a6c9,ZZS_5dc87121c2,市第二人民医院,0.35,line_propagated,5号线,1,service_disruption,3,5号线
ZZM_CN_6c627cf4a6c9,ZZS_7dd13fd23f,黄河路,0.35,line_propagated,5号线,1,service_disruption,3,5号线
ZZM_CN_6c627cf4a6c9,ZZS_9a26907088,齐礼阎,0.35,line_propagated,5号线,1,service_disruption,3,5号线
ZZM_CN_6c627cf4a6c9,ZZS_9d8185e03c,省人民医院,0.35,line_propagated,5号线,1,service_disruption,3,5号线
ZZM_CN_6c627cf4a6c9,ZZS_a3cc0229f4,省骨科医院,0.35,line_propagated,5号线,1,service_disruption,3,5号线
ZZM_CN_6c627cf4a6c9,ZZS_ae7cc361da,月季公园,0.35,line_propagated,5号线,1,service_disruption,3,5号线
ZZM_CN_6c627cf4a6c9,ZZS_bd17c52fa6,儿童医院,0.35,line_propagated,5号线,1,service_disruption,3,5号线
ZZM_CN_6c627cf4a6c9,ZZS_c720567666,桐淮,0.35,line_propagated,5号线,1,service_disruption,3,5号线
ZZM_CN_6c627cf4a6c9,ZZS_c94675c30b,后河芦,0.35,line_propagated,5号线,1,service_disruption,3,5号线
ZZM_CN_6c627cf4a6c9,ZZS_c995bf7092,经开中心广场,0.35,line_propagated,5号线,1,service_disruption,3,5号线
ZZM_CN_6c627cf4a6c9,ZZS_cb2e15cfa0,姚砦,0.35,line_propagated,5号线,1,service_disruption,3,5号线
ZZM_CN_6c627cf4a6c9,ZZS_deb2edc4a2,沙口路,0.35,line_propagated,5号线,1,service_disruption,3,5号线
ZZM_CN_6c627cf4a6c9,ZZS_f095e9678f,航海广场,0.35,line_propagated,5号线,1,service_disruption,3,5号线
ZZM_CN_6c627cf4a6c9,ZZS_f97030e2b9,冯庄,0.35,line_propagated,5号线,1,service_disruption,3,5号线
ZZM_CN_6c627cf4a6c9,ZZS_ff6940526d,郑州东站,0.35,line_propagated,5号线,1,service_disruption,3,5号线
ZZM_CN_6cfd9f062a28,ZZS_00f55fa149,碧沙岗,0.35,line_propagated,1号线,1,service_disruption,0,1号线
ZZM_CN_6cfd9f062a28,ZZS_065e638aef,东风南路,0.35,line_propagated,1号线,1,service_disruption,0,1号线
ZZM_CN_6cfd9f062a28,ZZS_0660d199a6,农业南路,0.35,line_propagated,1号线,1,service_disruption,0,1号线
ZZM_CN_6cfd9f062a28,ZZS_0ccbb4888d,二七广场,0.35,line_propagated,1号线,1,service_disruption,0,1号线
ZZM_CN_6cfd9f062a28,ZZS_1acdaac4ce,铁炉,0.35,line_propagated,1号线,1,service_disruption,0,1号线
ZZM_CN_6cfd9f062a28,ZZS_27d32a2e36,五一公园,0.35,line_propagated,1号线,1,service_disruption,0,1号线
ZZM_CN_6cfd9f062a28,ZZS_3813354d55,绿城广场,0.35,line_propagated,1号线,1,service_disruption,0,1号线
ZZM_CN_6cfd9f062a28,ZZS_38180914a0,燕庄,0.35,line_propagated,1号线,1,service_disruption,0,1号线
ZZM_CN_6cfd9f062a28,ZZS_45679e4fc0,七里河,0.9,exact,七里河,1,service_disruption,0,1号线
ZZM_CN_6cfd9f062a28,ZZS_52a5a7940c,兰寨,0.35,line_propagated,1号线,1,service_disruption,0,1号线
ZZM_CN_6cfd9f062a28,ZZS_5d37b2006d,河南大学新区,0.35,line_propagated,1号线,1,service_disruption,0,1号线
ZZM_CN_6cfd9f062a28,ZZS_6c89efbe2c,文苑北路,0.35,line_propagated,1号线,1,service_disruption,0,1号线
ZZM_CN_6cfd9f062a28,ZZS_87213b5129,会展中心,0.35,line_propagated,1号线,1,service_disruption,0,1号线
ZZM_CN_6cfd9f062a28,ZZS_881a48e5bb,西三环,0.35,line_propagated,1号线,1,service_disruption,0,1号线
ZZM_CN_6cfd9f062a28,ZZS_89f2ce9b1d,秦岭路,0.35,line_propagated,1号线,1,service_disruption,0,1号线
ZZM_CN_6cfd9f062a28,ZZS_90196f31d6,郑州火车站,0.9,exact+line,1号线|郑州火车站,1,service_disruption,0,1号线
ZZM_CN_6cfd9f062a28,ZZS_a14df2d44f,紫荆山,0.35,line_propagated,1号线,1,service_disruption,0,1号线
ZZM_CN_6cfd9f062a28,ZZS_ae1b2afcad,梧桐街,0.35,line_propagated,1号线,1,service_disruption,0,1号线
ZZM_CN_6cfd9f062a28,ZZS_aed2ee7bb7,河南工业大学,0.35,line_propagated,1号线,1,service_disruption,0,1号线
ZZM_CN_6cfd9f062a28,ZZS_b0ac143899,龙子湖,0.35,line_propagated,1号线,1,service_disruption,0,1号线
ZZM_CN_6cfd9f062a28,ZZS_b37a0bcf35,郑大科技园,0.35,line_propagated,1号线,1,service_disruption,0,1号线
ZZM_CN_6cfd9f062a28,ZZS_b8d795b006,黄河南路,0.35,line_propagated,1号线,1,service_disruption,0,1号线
ZZM_CN_6cfd9f062a28,ZZS_bb3c17098a,人民路,0.35,line_propagated,1号线,1,service_disruption,0,1号线
ZZM_CN_6cfd9f062a28,ZZS_bf7f2bfbd0,博学路,0.35,line_propagated,1号线,1,service_disruption,0,1号线
ZZM_CN_6cfd9f062a28,ZZS_c9109d3d9f,医学院,0.35,line_propagated,1号线,1,service_disruption,0,1号线
ZZM_CN_6cfd9f062a28,ZZS_cc61daaced,市体育中心,0.35,line_propagated,1号线,1,service_disruption,0,1号线
ZZM_CN_6cfd9f062a28,ZZS_d61a964e41,市民中心,0.35,line_propagated,1号线,1,service_disruption,0,1号线
ZZM_CN_6cfd9f062a28,ZZS_d86c49fbed,农业东路,0.9,exact,农业东路,1,service_disruption,0,1号线
ZZM_CN_6cfd9f062a28,ZZS_e4b35b2f4d,郑州大学,0.35,line_propagated,1号线,1,service_disruption,0,1号线
ZZM_CN_6cfd9f062a28,ZZS_e67ffc082e,西流湖,0.35,line_propagated,1号线,1,service_disruption,0,1号线
ZZM_CN_6cfd9f062a28,ZZS_ff2a277828,民航路,0.35,line_propagated,1号线,1,service_disruption,0,1号线
ZZM_CN_6cfd9f062a28,ZZS_ff6940526d,郑州东站,0.35,line_propagated,1号线,1,service_disruption,0,1号线
ZZM_CN_6d7e20633a2d,ZZS_00f55fa149,碧沙岗,0.35,line_propagated,1号线,0,normal_info,0,1号线
ZZM_CN_6d7e20633a2d,ZZS_065e638aef,东风南路,0.35,line_propagated,1号线,0,normal_info,0,1号线
ZZM_CN_6d7e20633a2d,ZZS_0660d199a6,农业南路,0.35,line_propagated,1号线,0,normal_info,0,1号线
ZZM_CN_6d7e20633a2d,ZZS_0ccbb4888d,二七广场,0.35,line_propagated,1号线,0,normal_info,0,1号线
ZZM_CN_6d7e20633a2d,ZZS_1acdaac4ce,铁炉,0.35,line_propagated,1号线,0,normal_info,0,1号线
ZZM_CN_6d7e20633a2d,ZZS_27d32a2e36,五一公园,0.35,line_propagated,1号线,0,normal_info,0,1号线
ZZM_CN_6d7e20633a2d,ZZS_3813354d55,绿城广场,0.35,line_propagated,1号线,0,normal_info,0,1号线
ZZM_CN_6d7e20633a2d,ZZS_38180914a0,燕庄,0.35,line_propagated,1号线,0,normal_info,0,1号线
ZZM_CN_6d7e20633a2d,ZZS_52a5a7940c,兰寨,0.35,line_propagated,1号线,0,normal_info,0,1号线
ZZM_CN_6d7e20633a2d,ZZS_5d37b2006d,河南大学新区,0.35,line_propagated,1号线,0,normal_info,0,1号线
ZZM_CN_6d7e20633a2d,ZZS_6c89efbe2c,文苑北路,0.35,line_propagated,1号线,0,normal_info,0,1号线
ZZM_CN_6d7e20633a2d,ZZS_87213b5129,会展中心,0.35,line_propagated,1号线,0,normal_info,0,1号线
ZZM_CN_6d7e20633a2d,ZZS_881a48e5bb,西三环,0.35,line_propagated,1号线,0,normal_info,0,1号线
ZZM_CN_6d7e20633a2d,ZZS_89f2ce9b1d,秦岭路,0.35,line_propagated,1号线,0,normal_info,0,1号线
ZZM_CN_6d7e20633a2d,ZZS_90196f31d6,郑州火车站,0.35,line_propagated,1号线,0,normal_info,0,1号线
ZZM_CN_6d7e20633a2d,ZZS_a14df2d44f,紫荆山,0.35,line_propagated,1号线,0,normal_info,0,1号线
ZZM_CN_6d7e20633a2d,ZZS_ae1b2afcad,梧桐街,0.35,line_propagated,1号线,0,normal_info,0,1号线
ZZM_CN_6d7e20633a2d,ZZS_aed2ee7bb7,河南工业大学,0.35,line_propagated,1号线,0,normal_info,0,1号线
ZZM_CN_6d7e20633a2d,ZZS_b0ac143899,龙子湖,0.35,line_propagated,1号线,0,normal_info,0,1号线
ZZM_CN_6d7e20633a2d,ZZS_b37a0bcf35,郑大科技园,0.35,line_propagated,1号线,0,normal_info,0,1号线
ZZM_CN_6d7e20633a2d,ZZS_b8d795b006,黄河南路,0.35,line_propagated,1号线,0,normal_info,0,1号线
ZZM_CN_6d7e20633a2d,ZZS_bb3c17098a,人民路,0.35,line_propagated,1号线,0,normal_info,0,1号线
ZZM_CN_6d7e20633a2d,ZZS_bf7f2bfbd0,博学路,0.35,line_propagated,1号线,0,normal_info,0,1号线
ZZM_CN_6d7e20633a2d,ZZS_c9109d3d9f,医学院,0.35,line_propagated,1号线,0,normal_info,0,1号线
ZZM_CN_6d7e20633a2d,ZZS_cc61daaced,市体育中心,0.35,line_propagated,1号线,0,normal_info,0,1号线
ZZM_CN_6d7e20633a2d,ZZS_d61a964e41,市民中心,0.35,line_propagated,1号线,0,normal_info,0,1号线
ZZM_CN_6d7e20633a2d,ZZS_e4b35b2f4d,郑州大学,0.35,line_propagated,1号线,0,normal_info,0,1号线
ZZM_CN_6d7e20633a2d,ZZS_e67ffc082e,西流湖,0.35,line_propagated,1号线,0,normal_info,0,1号线
ZZM_CN_6d7e20633a2d,ZZS_ff2a277828,民航路,0.35,line_propagated,1号线,0,normal_info,0,1号线
ZZM_CN_6d7e20633a2d,ZZS_ff6940526d,郑州东站,0.35,line_propagated,1号线,0,normal_info,0,1号线
ZZM_CN_6da6451acfdc,ZZS_047175b6e2,老鸦陈,0.35,line_propagated,4号线,0,normal_info,0,4号线
ZZM_CN_6da6451acfdc,ZZS_06c5d1c11c,商鼎路,0.35,line_propagated,4号线,0,normal_info,0,4号线
ZZM_CN_6da6451acfdc,ZZS_1236ed80e3,中央商务区,0.35,line_propagated,4号线,0,normal_info,0,4号线
ZZM_CN_6da6451acfdc,ZZS_184971fb41,郎庄,0.35,line_propagated,4号线,0,normal_info,0,4号线
ZZM_CN_6da6451acfdc,ZZS_1acd4fa835,金岱,0.35,line_propagated,4号线,0,normal_info,0,4号线
ZZM_CN_6da6451acfdc,ZZS_1e911360df,姚庄,0.35,line_propagated,4号线,0,normal_info,0,4号线
ZZM_CN_6da6451acfdc,ZZS_25a4eab92b,龙湖南,0.35,line_propagated,4号线,0,normal_info,0,4号线
ZZM_CN_6da6451acfdc,ZZS_28ee7061d7,东十里铺,0.35,line_propagated,4号线,0,normal_info,0,4号线
ZZM_CN_6da6451acfdc,ZZS_3546d6d127,丰庆路,0.35,line_propagated,4号线,0,normal_info,0,4号线
ZZM_CN_6da6451acfdc,ZZS_45679e4fc0,七里河,0.9,exact+line,4号线|七里河,0,normal_info,0,4号线
ZZM_CN_6da6451acfdc,ZZS_542d10f6f0,金融岛北,0.35,line_propagated,4号线,0,normal_info,0,4号线
ZZM_CN_6da6451acfdc,ZZS_548bc6fa98,陈寨东,0.35,line_propagated,4号线,0,normal_info,0,4号线
ZZM_CN_6da6451acfdc,ZZS_55f9aea406,森林公园北,0.35,line_propagated,4号线,0,normal_info,0,4号线
ZZM_CN_6da6451acfdc,ZZS_6605be2a4e,省体育中心,0.35,line_propagated,4号线,0,normal_info,0,4号线
ZZM_CN_6da6451acfdc,ZZS_6a9a14f197,北二十里铺,0.35,line_propagated,4号线,0,normal_info,0,4号线
ZZM_CN_6da6451acfdc,ZZS_87213b5129,会展中心,0.35,line_propagated,4号线,0,normal_info,0,4号线
ZZM_CN_6da6451acfdc,ZZS_90c4ce1eb7,沙门,0.35,line_propagated,4号线,0,normal_info,0,4号线
ZZM_CN_6da6451acfdc,ZZS_90de6fab35,货站街,0.35,line_propagated,4号线,0,normal_info,0,4号线
ZZM_CN_6da6451acfdc,ZZS_93f56b73b3,果树所,0.35,line_propagated,4号线,0,normal_info,0,4号线
ZZM_CN_6da6451acfdc,ZZS_95fb90b688,杨君刘,0.35,line_propagated,4号线,0,normal_info,0,4号线
ZZM_CN_6da6451acfdc,ZZS_9965eccc39,龙湖中环北,0.35,line_propagated,4号线,0,normal_info,0,4号线
ZZM_CN_6da6451acfdc,ZZS_aa3686fb6d,金融岛南,0.35,line_propagated,4号线,0,normal_info,0,4号线
ZZM_CN_6da6451acfdc,ZZS_ccf9ac5267,清华附中,0.35,line_propagated,4号线,0,normal_info,0,4号线
ZZM_CN_6da6451acfdc,ZZS_d86c49fbed,农业东路,0.35,line_propagated,4号线,0,normal_info,0,4号线
ZZM_CN_6da6451acfdc,ZZS_dbb2385d18,龙湖北,0.35,line_propagated,4号线,0,normal_info,0,4号线
ZZM_CN_6da6451acfdc,ZZS_eca427650a,张家村,0.35,line_propagated,4号线,0,normal_info,0,4号线
ZZM_CN_6da6451acfdc,ZZS_eda0ec6e78,龙湖中环南,0.35,line_propagated,4号线,0,normal_info,0,4号线
ZZM_CN_6e48fe2770a5,ZZS_00f55fa149,碧沙岗,0.35,line_propagated,1号线,0,normal_info,0,1号线
ZZM_CN_6e48fe2770a5,ZZS_065e638aef,东风南路,0.35,line_propagated,1号线,0,normal_info,0,1号线
ZZM_CN_6e48fe2770a5,ZZS_0660d199a6,农业南路,0.35,line_propagated,1号线,0,normal_info,0,1号线
ZZM_CN_6e48fe2770a5,ZZS_0ccbb4888d,二七广场,0.35,line_propagated,1号线,0,normal_info,0,1号线
ZZM_CN_6e48fe2770a5,ZZS_1acdaac4ce,铁炉,0.35,line_propagated,1号线,0,normal_info,0,1号线
ZZM_CN_6e48fe2770a5,ZZS_27d32a2e36,五一公园,0.35,line_propagated,1号线,0,normal_info,0,1号线
ZZM_CN_6e48fe2770a5,ZZS_3813354d55,绿城广场,0.35,line_propagated,1号线,0,normal_info,0,1号线
ZZM_CN_6e48fe2770a5,ZZS_38180914a0,燕庄,0.35,line_propagated,1号线,0,normal_info,0,1号线
ZZM_CN_6e48fe2770a5,ZZS_52a5a7940c,兰寨,0.35,line_propagated,1号线,0,normal_info,0,1号线
ZZM_CN_6e48fe2770a5,ZZS_5d37b2006d,河南大学新区,0.35,line_propagated,1号线,0,normal_info,0,1号线
ZZM_CN_6e48fe2770a5,ZZS_6c89efbe2c,文苑北路,0.35,line_propagated,1号线,0,normal_info,0,1号线
ZZM_CN_6e48fe2770a5,ZZS_87213b5129,会展中心,0.35,line_propagated,1号线,0,normal_info,0,1号线
ZZM_CN_6e48fe2770a5,ZZS_881a48e5bb,西三环,0.35,line_propagated,1号线,0,normal_info,0,1号线
ZZM_CN_6e48fe2770a5,ZZS_89f2ce9b1d,秦岭路,0.35,line_propagated,1号线,0,normal_info,0,1号线
ZZM_CN_6e48fe2770a5,ZZS_90196f31d6,郑州火车站,0.35,line_propagated,1号线,0,normal_info,0,1号线
ZZM_CN_6e48fe2770a5,ZZS_a14df2d44f,紫荆山,0.35,line_propagated,1号线,0,normal_info,0,1号线
ZZM_CN_6e48fe2770a5,ZZS_ae1b2afcad,梧桐街,0.35,line_propagated,1号线,0,normal_info,0,1号线
ZZM_CN_6e48fe2770a5,ZZS_aed2ee7bb7,河南工业大学,0.35,line_propagated,1号线,0,normal_info,0,1号线
ZZM_CN_6e48fe2770a5,ZZS_b0ac143899,龙子湖,0.35,line_propagated,1号线,0,normal_info,0,1号线
ZZM_CN_6e48fe2770a5,ZZS_b37a0bcf35,郑大科技园,0.35,line_propagated,1号线,0,normal_info,0,1号线
ZZM_CN_6e48fe2770a5,ZZS_b8d795b006,黄河南路,0.35,line_propagated,1号线,0,normal_info,0,1号线
ZZM_CN_6e48fe2770a5,ZZS_bb3c17098a,人民路,0.35,line_propagated,1号线,0,normal_info,0,1号线
ZZM_CN_6e48fe2770a5,ZZS_bf7f2bfbd0,博学路,0.35,line_propagated,1号线,0,normal_info,0,1号线
ZZM_CN_6e48fe2770a5,ZZS_c9109d3d9f,医学院,0.35,line_propagated,1号线,0,normal_info,0,1号线
ZZM_CN_6e48fe2770a5,ZZS_cc61daaced,市体育中心,0.35,line_propagated,1号线,0,normal_info,0,1号线
ZZM_CN_6e48fe2770a5,ZZS_d61a964e41,市民中心,0.35,line_propagated,1号线,0,normal_info,0,1号线
ZZM_CN_6e48fe2770a5,ZZS_e4b35b2f4d,郑州大学,0.35,line_propagated,1号线,0,normal_info,0,1号线
ZZM_CN_6e48fe2770a5,ZZS_e67ffc082e,西流湖,0.35,line_propagated,1号线,0,normal_info,0,1号线
ZZM_CN_6e48fe2770a5,ZZS_ff2a277828,民航路,0.35,line_propagated,1号线,0,normal_info,0,1号线
ZZM_CN_6e48fe2770a5,ZZS_ff6940526d,郑州东站,0.35,line_propagated,1号线,0,normal_info,0,1号线
ZZM_CN_6e6e575f171f,ZZS_00f55fa149,碧沙岗,0.35,line_propagated,1号线,0,normal_info,0,1号线
ZZM_CN_6e6e575f171f,ZZS_065e638aef,东风南路,0.35,line_propagated,1号线,0,normal_info,0,1号线
ZZM_CN_6e6e575f171f,ZZS_0660d199a6,农业南路,0.35,line_propagated,1号线,0,normal_info,0,1号线
ZZM_CN_6e6e575f171f,ZZS_0ccbb4888d,二七广场,0.35,line_propagated,1号线,0,normal_info,0,1号线
ZZM_CN_6e6e575f171f,ZZS_1acdaac4ce,铁炉,0.35,line_propagated,1号线,0,normal_info,0,1号线
ZZM_CN_6e6e575f171f,ZZS_27d32a2e36,五一公园,0.35,line_propagated,1号线,0,normal_info,0,1号线
ZZM_CN_6e6e575f171f,ZZS_3813354d55,绿城广场,0.35,line_propagated,1号线,0,normal_info,0,1号线
ZZM_CN_6e6e575f171f,ZZS_38180914a0,燕庄,0.35,line_propagated,1号线,0,normal_info,0,1号线
ZZM_CN_6e6e575f171f,ZZS_52a5a7940c,兰寨,0.35,line_propagated,1号线,0,normal_info,0,1号线
ZZM_CN_6e6e575f171f,ZZS_5d37b2006d,河南大学新区,0.35,line_propagated,1号线,0,normal_info,0,1号线
ZZM_CN_6e6e575f171f,ZZS_6c89efbe2c,文苑北路,0.35,line_propagated,1号线,0,normal_info,0,1号线
ZZM_CN_6e6e575f171f,ZZS_87213b5129,会展中心,0.35,line_propagated,1号线,0,normal_info,0,1号线
ZZM_CN_6e6e575f171f,ZZS_881a48e5bb,西三环,0.35,line_propagated,1号线,0,normal_info,0,1号线
ZZM_CN_6e6e575f171f,ZZS_89f2ce9b1d,秦岭路,0.35,line_propagated,1号线,0,normal_info,0,1号线
ZZM_CN_6e6e575f171f,ZZS_90196f31d6,郑州火车站,0.35,line_propagated,1号线,0,normal_info,0,1号线
ZZM_CN_6e6e575f171f,ZZS_a14df2d44f,紫荆山,0.35,line_propagated,1号线,0,normal_info,0,1号线
ZZM_CN_6e6e575f171f,ZZS_ae1b2afcad,梧桐街,0.35,line_propagated,1号线,0,normal_info,0,1号线
ZZM_CN_6e6e575f171f,ZZS_aed2ee7bb7,河南工业大学,0.35,line_propagated,1号线,0,normal_info,0,1号线
ZZM_CN_6e6e575f171f,ZZS_b0ac143899,龙子湖,0.35,line_propagated,1号线,0,normal_info,0,1号线
ZZM_CN_6e6e575f171f,ZZS_b37a0bcf35,郑大科技园,0.35,line_propagated,1号线,0,normal_info,0,1号线
ZZM_CN_6e6e575f171f,ZZS_b8d795b006,黄河南路,0.35,line_propagated,1号线,0,normal_info,0,1号线
ZZM_CN_6e6e575f171f,ZZS_bb3c17098a,人民路,0.35,line_propagated,1号线,0,normal_info,0,1号线
ZZM_CN_6e6e575f171f,ZZS_bf7f2bfbd0,博学路,0.35,line_propagated,1号线,0,normal_info,0,1号线
ZZM_CN_6e6e575f171f,ZZS_c9109d3d9f,医学院,0.35,line_propagated,1号线,0,normal_info,0,1号线
ZZM_CN_6e6e575f171f,ZZS_cc61daaced,市体育中心,0.35,line_propagated,1号线,0,normal_info,0,1号线
ZZM_CN_6e6e575f171f,ZZS_d61a964e41,市民中心,0.35,line_propagated,1号线,0,normal_info,0,1号线
ZZM_CN_6e6e575f171f,ZZS_e4b35b2f4d,郑州大学,0.35,line_propagated,1号线,0,normal_info,0,1号线
ZZM_CN_6e6e575f171f,ZZS_e67ffc082e,西流湖,0.35,line_propagated,1号线,0,normal_info,0,1号线
ZZM_CN_6e6e575f171f,ZZS_ff2a277828,民航路,0.35,line_propagated,1号线,0,normal_info,0,1号线
ZZM_CN_6e6e575f171f,ZZS_ff6940526d,郑州东站,0.35,line_propagated,1号线,0,normal_info,0,1号线
ZZM_CN_6e94f529536a,ZZS_02cf3e4cf5,南三环,0.35,line_propagated,2号线,0,normal_info,0,2号线
ZZM_CN_6e94f529536a,ZZS_1a5721a427,毛庄,0.35,line_propagated,2号线,0,normal_info,0,2号线
ZZM_CN_6e94f529536a,ZZS_20262a52f0,南五里堡,0.35,line_propagated,2号线,0,normal_info,0,2号线
ZZM_CN_6e94f529536a,ZZS_2bd57be00d,关虎屯,0.35,line_propagated,2号线,0,normal_info,0,2号线
ZZM_CN_6e94f529536a,ZZS_43a808507b,金洼,0.35,line_propagated,2号线,0,normal_info,0,2号线
ZZM_CN_6e94f529536a,ZZS_4d258fdd50,金达路,0.35,line_propagated,2号线,0,normal_info,0,2号线
ZZM_CN_6e94f529536a,ZZS_51e572c7c3,东大街,0.9,exact+line,2号线|东大街,0,normal_info,0,2号线
ZZM_CN_6e94f529536a,ZZS_54adf32b6c,南四环,0.35,line_propagated,2号线,0,normal_info,0,2号线
ZZM_CN_6e94f529536a,ZZS_6b600b7696,刘庄,0.35,line_propagated,2号线,0,normal_info,0,2号线
ZZM_CN_6e94f529536a,ZZS_72de4f5f66,惠济区政府,0.35,line_propagated,2号线,0,normal_info,0,2号线
ZZM_CN_6e94f529536a,ZZS_7dd13fd23f,黄河路,0.35,line_propagated,2号线,0,normal_info,0,2号线
ZZM_CN_6e94f529536a,ZZS_90c4ce1eb7,沙门,0.35,line_propagated,2号线,0,normal_info,0,2号线
ZZM_CN_6e94f529536a,ZZS_93b9249040,二里岗,0.35,line_propagated,2号线,0,normal_info,0,2号线
ZZM_CN_6e94f529536a,ZZS_9660c27c11,站马屯,0.35,line_propagated,2号线,0,normal_info,0,2号线
ZZM_CN_6e94f529536a,ZZS_9f383e1427,花寨,0.35,line_propagated,2号线,0,normal_info,0,2号线
ZZM_CN_6e94f529536a,ZZS_a14df2d44f,紫荆山,0.35,line_propagated,2号线,0,normal_info,0,2号线
ZZM_CN_6e94f529536a,ZZS_a7b91da4c7,陇海东路,0.35,line_propagated,2号线,0,normal_info,0,2号线
ZZM_CN_6e94f529536a,ZZS_abc078ccd5,黄河迎宾馆,0.35,line_propagated,2号线,0,normal_info,0,2号线
ZZM_CN_6e94f529536a,ZZS_bdc2a71da9,柳林,0.35,line_propagated,2号线,0,normal_info,0,2号线
ZZM_CN_6e94f529536a,ZZS_c180efc575,贾河,0.35,line_propagated,2号线,0,normal_info,0,2号线
ZZM_CN_6e94f529536a,ZZS_ff256e6634,北三环,0.35,line_propagated,2号线,0,normal_info,0,2号线
ZZM_CN_6e94f529536a,ZZS_ff491e6fdf,东风路,0.35,line_propagated,2号线,0,normal_info,0,2号线
ZZM_CN_6f5acc99b683,ZZS_f453749a84,市委党校,0.9,exact,市委党校,0,normal_info,0,
ZZM_CN_70c45d034e24,ZZS_00f55fa149,碧沙岗,0.35,line_propagated,1号线,0,normal_info,3,1号线
ZZM_CN_70c45d034e24,ZZS_065e638aef,东风南路,0.35,line_propagated,1号线,0,normal_info,3,1号线
ZZM_CN_70c45d034e24,ZZS_0660d199a6,农业南路,0.35,line_propagated,1号线,0,normal_info,3,1号线
ZZM_CN_70c45d034e24,ZZS_0ccbb4888d,二七广场,0.35,line_propagated,1号线,0,normal_info,3,1号线
ZZM_CN_70c45d034e24,ZZS_1acdaac4ce,铁炉,0.35,line_propagated,1号线,0,normal_info,3,1号线
ZZM_CN_70c45d034e24,ZZS_27d32a2e36,五一公园,0.35,line_propagated,1号线,0,normal_info,3,1号线
ZZM_CN_70c45d034e24,ZZS_3813354d55,绿城广场,0.35,line_propagated,1号线,0,normal_info,3,1号线
ZZM_CN_70c45d034e24,ZZS_38180914a0,燕庄,0.35,line_propagated,1号线,0,normal_info,3,1号线
ZZM_CN_70c45d034e24,ZZS_52a5a7940c,兰寨,0.35,line_propagated,1号线,0,normal_info,3,1号线
ZZM_CN_70c45d034e24,ZZS_5d37b2006d,河南大学新区,0.35,line_propagated,1号线,0,normal_info,3,1号线
ZZM_CN_70c45d034e24,ZZS_6c89efbe2c,文苑北路,0.35,line_propagated,1号线,0,normal_info,3,1号线
ZZM_CN_70c45d034e24,ZZS_87213b5129,会展中心,0.35,line_propagated,1号线,0,normal_info,3,1号线
ZZM_CN_70c45d034e24,ZZS_881a48e5bb,西三环,0.35,line_propagated,1号线,0,normal_info,3,1号线
ZZM_CN_70c45d034e24,ZZS_89f2ce9b1d,秦岭路,0.35,line_propagated,1号线,0,normal_info,3,1号线
ZZM_CN_70c45d034e24,ZZS_90196f31d6,郑州火车站,0.35,line_propagated,1号线,0,normal_info,3,1号线
ZZM_CN_70c45d034e24,ZZS_a14df2d44f,紫荆山,0.35,line_propagated,1号线,0,normal_info,3,1号线
ZZM_CN_70c45d034e24,ZZS_ae1b2afcad,梧桐街,0.35,line_propagated,1号线,0,normal_info,3,1号线
ZZM_CN_70c45d034e24,ZZS_aed2ee7bb7,河南工业大学,0.35,line_propagated,1号线,0,normal_info,3,1号线
ZZM_CN_70c45d034e24,ZZS_b0ac143899,龙子湖,0.35,line_propagated,1号线,0,normal_info,3,1号线
ZZM_CN_70c45d034e24,ZZS_b37a0bcf35,郑大科技园,0.35,line_propagated,1号线,0,normal_info,3,1号线
ZZM_CN_70c45d034e24,ZZS_b8d795b006,黄河南路,0.35,line_propagated,1号线,0,normal_info,3,1号线
ZZM_CN_70c45d034e24,ZZS_bb3c17098a,人民路,0.35,line_propagated,1号线,0,normal_info,3,1号线
ZZM_CN_70c45d034e24,ZZS_bf7f2bfbd0,博学路,0.35,line_propagated,1号线,0,normal_info,3,1号线
ZZM_CN_70c45d034e24,ZZS_c9109d3d9f,医学院,0.35,line_propagated,1号线,0,normal_info,3,1号线
ZZM_CN_70c45d034e24,ZZS_cc61daaced,市体育中心,0.35,line_propagated,1号线,0,normal_info,3,1号线
ZZM_CN_70c45d034e24,ZZS_d61a964e41,市民中心,0.35,line_propagated,1号线,0,normal_info,3,1号线
ZZM_CN_70c45d034e24,ZZS_e4b35b2f4d,郑州大学,0.35,line_propagated,1号线,0,normal_info,3,1号线
ZZM_CN_70c45d034e24,ZZS_e67ffc082e,西流湖,0.35,line_propagated,1号线,0,normal_info,3,1号线
ZZM_CN_70c45d034e24,ZZS_ff2a277828,民航路,0.35,line_propagated,1号线,0,normal_info,3,1号线
ZZM_CN_70c45d034e24,ZZS_ff6940526d,郑州东站,0.35,line_propagated,1号线,0,normal_info,3,1号线
ZZM_CN_70df62c560c7,ZZS_00f55fa149,碧沙岗,0.35,line_propagated,1号线,0,normal_info,0,1号线
ZZM_CN_70df62c560c7,ZZS_065e638aef,东风南路,0.35,line_propagated,1号线,0,normal_info,0,1号线
ZZM_CN_70df62c560c7,ZZS_0660d199a6,农业南路,0.35,line_propagated,1号线,0,normal_info,0,1号线
ZZM_CN_70df62c560c7,ZZS_0ccbb4888d,二七广场,0.35,line_propagated,1号线,0,normal_info,0,1号线
ZZM_CN_70df62c560c7,ZZS_1acdaac4ce,铁炉,0.35,line_propagated,1号线,0,normal_info,0,1号线
ZZM_CN_70df62c560c7,ZZS_27d32a2e36,五一公园,0.35,line_propagated,1号线,0,normal_info,0,1号线
ZZM_CN_70df62c560c7,ZZS_3813354d55,绿城广场,0.35,line_propagated,1号线,0,normal_info,0,1号线
ZZM_CN_70df62c560c7,ZZS_38180914a0,燕庄,0.35,line_propagated,1号线,0,normal_info,0,1号线
ZZM_CN_70df62c560c7,ZZS_52a5a7940c,兰寨,0.35,line_propagated,1号线,0,normal_info,0,1号线
ZZM_CN_70df62c560c7,ZZS_5d37b2006d,河南大学新区,0.35,line_propagated,1号线,0,normal_info,0,1号线
ZZM_CN_70df62c560c7,ZZS_6c89efbe2c,文苑北路,0.35,line_propagated,1号线,0,normal_info,0,1号线
ZZM_CN_70df62c560c7,ZZS_87213b5129,会展中心,0.35,line_propagated,1号线,0,normal_info,0,1号线
ZZM_CN_70df62c560c7,ZZS_881a48e5bb,西三环,0.35,line_propagated,1号线,0,normal_info,0,1号线
ZZM_CN_70df62c560c7,ZZS_89f2ce9b1d,秦岭路,0.35,line_propagated,1号线,0,normal_info,0,1号线
ZZM_CN_70df62c560c7,ZZS_90196f31d6,郑州火车站,0.35,line_propagated,1号线,0,normal_info,0,1号线
ZZM_CN_70df62c560c7,ZZS_a14df2d44f,紫荆山,0.35,line_propagated,1号线,0,normal_info,0,1号线
ZZM_CN_70df62c560c7,ZZS_ae1b2afcad,梧桐街,0.35,line_propagated,1号线,0,normal_info,0,1号线
ZZM_CN_70df62c560c7,ZZS_aed2ee7bb7,河南工业大学,0.35,line_propagated,1号线,0,normal_info,0,1号线
ZZM_CN_70df62c560c7,ZZS_b0ac143899,龙子湖,0.35,line_propagated,1号线,0,normal_info,0,1号线
ZZM_CN_70df62c560c7,ZZS_b37a0bcf35,郑大科技园,0.35,line_propagated,1号线,0,normal_info,0,1号线
ZZM_CN_70df62c560c7,ZZS_b8d795b006,黄河南路,0.35,line_propagated,1号线,0,normal_info,0,1号线
ZZM_CN_70df62c560c7,ZZS_bb3c17098a,人民路,0.35,line_propagated,1号线,0,normal_info,0,1号线
ZZM_CN_70df62c560c7,ZZS_bf7f2bfbd0,博学路,0.35,line_propagated,1号线,0,normal_info,0,1号线
ZZM_CN_70df62c560c7,ZZS_c9109d3d9f,医学院,0.35,line_propagated,1号线,0,normal_info,0,1号线
ZZM_CN_70df62c560c7,ZZS_cc61daaced,市体育中心,0.35,line_propagated,1号线,0,normal_info,0,1号线
ZZM_CN_70df62c560c7,ZZS_d61a964e41,市民中心,0.35,line_propagated,1号线,0,normal_info,0,1号线
ZZM_CN_70df62c560c7,ZZS_e4b35b2f4d,郑州大学,0.35,line_propagated,1号线,0,normal_info,0,1号线
ZZM_CN_70df62c560c7,ZZS_e67ffc082e,西流湖,0.35,line_propagated,1号线,0,normal_info,0,1号线
ZZM_CN_70df62c560c7,ZZS_ff2a277828,民航路,0.35,line_propagated,1号线,0,normal_info,0,1号线
ZZM_CN_70df62c560c7,ZZS_ff6940526d,郑州东站,0.35,line_propagated,1号线,0,normal_info,0,1号线
ZZM_CN_71c85a95f441,ZZS_00f55fa149,碧沙岗,0.35,line_propagated,1号线,0,normal_info,0,1号线
ZZM_CN_71c85a95f441,ZZS_065e638aef,东风南路,0.35,line_propagated,1号线,0,normal_info,0,1号线
ZZM_CN_71c85a95f441,ZZS_0660d199a6,农业南路,0.35,line_propagated,1号线,0,normal_info,0,1号线
ZZM_CN_71c85a95f441,ZZS_0ccbb4888d,二七广场,0.35,line_propagated,1号线,0,normal_info,0,1号线
ZZM_CN_71c85a95f441,ZZS_1acdaac4ce,铁炉,0.35,line_propagated,1号线,0,normal_info,0,1号线
ZZM_CN_71c85a95f441,ZZS_27d32a2e36,五一公园,0.35,line_propagated,1号线,0,normal_info,0,1号线
ZZM_CN_71c85a95f441,ZZS_3813354d55,绿城广场,0.35,line_propagated,1号线,0,normal_info,0,1号线
ZZM_CN_71c85a95f441,ZZS_38180914a0,燕庄,0.35,line_propagated,1号线,0,normal_info,0,1号线
ZZM_CN_71c85a95f441,ZZS_52a5a7940c,兰寨,0.35,line_propagated,1号线,0,normal_info,0,1号线
ZZM_CN_71c85a95f441,ZZS_5d37b2006d,河南大学新区,0.35,line_propagated,1号线,0,normal_info,0,1号线
ZZM_CN_71c85a95f441,ZZS_6c89efbe2c,文苑北路,0.35,line_propagated,1号线,0,normal_info,0,1号线
ZZM_CN_71c85a95f441,ZZS_87213b5129,会展中心,0.35,line_propagated,1号线,0,normal_info,0,1号线
ZZM_CN_71c85a95f441,ZZS_881a48e5bb,西三环,0.35,line_propagated,1号线,0,normal_info,0,1号线
ZZM_CN_71c85a95f441,ZZS_89f2ce9b1d,秦岭路,0.35,line_propagated,1号线,0,normal_info,0,1号线
ZZM_CN_71c85a95f441,ZZS_90196f31d6,郑州火车站,0.35,line_propagated,1号线,0,normal_info,0,1号线
ZZM_CN_71c85a95f441,ZZS_a14df2d44f,紫荆山,0.35,line_propagated,1号线,0,normal_info,0,1号线
ZZM_CN_71c85a95f441,ZZS_ae1b2afcad,梧桐街,0.35,line_propagated,1号线,0,normal_info,0,1号线
ZZM_CN_71c85a95f441,ZZS_aed2ee7bb7,河南工业大学,0.35,line_propagated,1号线,0,normal_info,0,1号线
ZZM_CN_71c85a95f441,ZZS_b0ac143899,龙子湖,0.35,line_propagated,1号线,0,normal_info,0,1号线
ZZM_CN_71c85a95f441,ZZS_b37a0bcf35,郑大科技园,0.35,line_propagated,1号线,0,normal_info,0,1号线
ZZM_CN_71c85a95f441,ZZS_b8d795b006,黄河南路,0.35,line_propagated,1号线,0,normal_info,0,1号线
ZZM_CN_71c85a95f441,ZZS_bb3c17098a,人民路,0.35,line_propagated,1号线,0,normal_info,0,1号线
ZZM_CN_71c85a95f441,ZZS_bf7f2bfbd0,博学路,0.35,line_propagated,1号线,0,normal_info,0,1号线
ZZM_CN_71c85a95f441,ZZS_c87aa9753c,体育中心,0.9,exact,体育中心,0,normal_info,0,1号线
ZZM_CN_71c85a95f441,ZZS_c9109d3d9f,医学院,0.35,line_propagated,1号线,0,normal_info,0,1号线
ZZM_CN_71c85a95f441,ZZS_cc61daaced,市体育中心,0.9,exact+line,1号线|市体育中心,0,normal_info,0,1号线
ZZM_CN_71c85a95f441,ZZS_d61a964e41,市民中心,0.35,line_propagated,1号线,0,normal_info,0,1号线
ZZM_CN_71c85a95f441,ZZS_e4b35b2f4d,郑州大学,0.35,line_propagated,1号线,0,normal_info,0,1号线
ZZM_CN_71c85a95f441,ZZS_e67ffc082e,西流湖,0.35,line_propagated,1号线,0,normal_info,0,1号线
ZZM_CN_71c85a95f441,ZZS_ff2a277828,民航路,0.35,line_propagated,1号线,0,normal_info,0,1号线
ZZM_CN_71c85a95f441,ZZS_ff6940526d,郑州东站,0.35,line_propagated,1号线,0,normal_info,0,1号线
ZZM_CN_733dc7747865,ZZS_4db99ddb57,华南城,0.9,exact,华南城,0,normal_info,0,
ZZM_CN_733dc7747865,ZZS_5ce22f5450,小乔,0.9,exact,小乔,0,normal_info,0,
ZZM_CN_733dc7747865,ZZS_6e6f33dc37,华南城东,0.9,exact,华南城东,0,normal_info,0,
ZZM_CN_73d838ee48d3,ZZS_00f55fa149,碧沙岗,0.35,line_propagated,1号线,0,normal_info,3,1号线|2号线
ZZM_CN_73d838ee48d3,ZZS_02cf3e4cf5,南三环,0.35,line_propagated,2号线,0,normal_info,3,1号线|2号线
ZZM_CN_73d838ee48d3,ZZS_065e638aef,东风南路,0.35,line_propagated,1号线,0,normal_info,3,1号线|2号线
ZZM_CN_73d838ee48d3,ZZS_0660d199a6,农业南路,0.35,line_propagated,1号线,0,normal_info,3,1号线|2号线
ZZM_CN_73d838ee48d3,ZZS_0ccbb4888d,二七广场,0.35,line_propagated,1号线,0,normal_info,3,1号线|2号线
ZZM_CN_73d838ee48d3,ZZS_1a5721a427,毛庄,0.35,line_propagated,2号线,0,normal_info,3,1号线|2号线
ZZM_CN_73d838ee48d3,ZZS_1acdaac4ce,铁炉,0.35,line_propagated,1号线,0,normal_info,3,1号线|2号线
ZZM_CN_73d838ee48d3,ZZS_20262a52f0,南五里堡,0.35,line_propagated,2号线,0,normal_info,3,1号线|2号线
ZZM_CN_73d838ee48d3,ZZS_27d32a2e36,五一公园,0.35,line_propagated,1号线,0,normal_info,3,1号线|2号线
ZZM_CN_73d838ee48d3,ZZS_2bd57be00d,关虎屯,0.35,line_propagated,2号线,0,normal_info,3,1号线|2号线
ZZM_CN_73d838ee48d3,ZZS_3813354d55,绿城广场,0.35,line_propagated,1号线,0,normal_info,3,1号线|2号线
ZZM_CN_73d838ee48d3,ZZS_38180914a0,燕庄,0.35,line_propagated,1号线,0,normal_info,3,1号线|2号线
ZZM_CN_73d838ee48d3,ZZS_43a808507b,金洼,0.35,line_propagated,2号线,0,normal_info,3,1号线|2号线
ZZM_CN_73d838ee48d3,ZZS_4d258fdd50,金达路,0.35,line_propagated,2号线,0,normal_info,3,1号线|2号线
ZZM_CN_73d838ee48d3,ZZS_51e572c7c3,东大街,0.35,line_propagated,2号线,0,normal_info,3,1号线|2号线
ZZM_CN_73d838ee48d3,ZZS_52a5a7940c,兰寨,0.35,line_propagated,1号线,0,normal_info,3,1号线|2号线
ZZM_CN_73d838ee48d3,ZZS_54adf32b6c,南四环,0.35,line_propagated,2号线,0,normal_info,3,1号线|2号线
ZZM_CN_73d838ee48d3,ZZS_5d37b2006d,河南大学新区,0.35,line_propagated,1号线,0,normal_info,3,1号线|2号线
ZZM_CN_73d838ee48d3,ZZS_6b600b7696,刘庄,0.35,line_propagated,2号线,0,normal_info,3,1号线|2号线
ZZM_CN_73d838ee48d3,ZZS_6c89efbe2c,文苑北路,0.35,line_propagated,1号线,0,normal_info,3,1号线|2号线
ZZM_CN_73d838ee48d3,ZZS_72de4f5f66,惠济区政府,0.35,line_propagated,2号线,0,normal_info,3,1号线|2号线
ZZM_CN_73d838ee48d3,ZZS_7dd13fd23f,黄河路,0.35,line_propagated,2号线,0,normal_info,3,1号线|2号线
ZZM_CN_73d838ee48d3,ZZS_87213b5129,会展中心,0.35,line_propagated,1号线,0,normal_info,3,1号线|2号线
ZZM_CN_73d838ee48d3,ZZS_881a48e5bb,西三环,0.35,line_propagated,1号线,0,normal_info,3,1号线|2号线
ZZM_CN_73d838ee48d3,ZZS_89f2ce9b1d,秦岭路,0.35,line_propagated,1号线,0,normal_info,3,1号线|2号线
ZZM_CN_73d838ee48d3,ZZS_90196f31d6,郑州火车站,0.35,line_propagated,1号线,0,normal_info,3,1号线|2号线
ZZM_CN_73d838ee48d3,ZZS_90c4ce1eb7,沙门,0.35,line_propagated,2号线,0,normal_info,3,1号线|2号线
ZZM_CN_73d838ee48d3,ZZS_93b9249040,二里岗,0.35,line_propagated,2号线,0,normal_info,3,1号线|2号线
ZZM_CN_73d838ee48d3,ZZS_9660c27c11,站马屯,0.35,line_propagated,2号线,0,normal_info,3,1号线|2号线
ZZM_CN_73d838ee48d3,ZZS_9f383e1427,花寨,0.35,line_propagated,2号线,0,normal_info,3,1号线|2号线
ZZM_CN_73d838ee48d3,ZZS_a14df2d44f,紫荆山,0.35,line_propagated,1号线|2号线,0,normal_info,3,1号线|2号线
ZZM_CN_73d838ee48d3,ZZS_a7b91da4c7,陇海东路,0.35,line_propagated,2号线,0,normal_info,3,1号线|2号线
ZZM_CN_73d838ee48d3,ZZS_abc078ccd5,黄河迎宾馆,0.35,line_propagated,2号线,0,normal_info,3,1号线|2号线
ZZM_CN_73d838ee48d3,ZZS_ae1b2afcad,梧桐街,0.35,line_propagated,1号线,0,normal_info,3,1号线|2号线
ZZM_CN_73d838ee48d3,ZZS_aed2ee7bb7,河南工业大学,0.35,line_propagated,1号线,0,normal_info,3,1号线|2号线
ZZM_CN_73d838ee48d3,ZZS_b0ac143899,龙子湖,0.35,line_propagated,1号线,0,normal_info,3,1号线|2号线
ZZM_CN_73d838ee48d3,ZZS_b37a0bcf35,郑大科技园,0.35,line_propagated,1号线,0,normal_info,3,1号线|2号线
ZZM_CN_73d838ee48d3,ZZS_b8d795b006,黄河南路,0.9,exact+line,1号线|黄河南路,0,normal_info,3,1号线|2号线
ZZM_CN_73d838ee48d3,ZZS_bb3c17098a,人民路,0.35,line_propagated,1号线,0,normal_info,3,1号线|2号线
ZZM_CN_73d838ee48d3,ZZS_bdc2a71da9,柳林,0.35,line_propagated,2号线,0,normal_info,3,1号线|2号线
ZZM_CN_73d838ee48d3,ZZS_bf7f2bfbd0,博学路,0.35,line_propagated,1号线,0,normal_info,3,1号线|2号线
ZZM_CN_73d838ee48d3,ZZS_c180efc575,贾河,0.35,line_propagated,2号线,0,normal_info,3,1号线|2号线
ZZM_CN_73d838ee48d3,ZZS_c9109d3d9f,医学院,0.35,line_propagated,1号线,0,normal_info,3,1号线|2号线
ZZM_CN_73d838ee48d3,ZZS_cc61daaced,市体育中心,0.35,line_propagated,1号线,0,normal_info,3,1号线|2号线
ZZM_CN_73d838ee48d3,ZZS_d61a964e41,市民中心,0.35,line_propagated,1号线,0,normal_info,3,1号线|2号线
ZZM_CN_73d838ee48d3,ZZS_e4b35b2f4d,郑州大学,0.35,line_propagated,1号线,0,normal_info,3,1号线|2号线
ZZM_CN_73d838ee48d3,ZZS_e67ffc082e,西流湖,0.35,line_propagated,1号线,0,normal_info,3,1号线|2号线
ZZM_CN_73d838ee48d3,ZZS_ff256e6634,北三环,0.35,line_propagated,2号线,0,normal_info,3,1号线|2号线
ZZM_CN_73d838ee48d3,ZZS_ff2a277828,民航路,0.35,line_propagated,1号线,0,normal_info,3,1号线|2号线
ZZM_CN_73d838ee48d3,ZZS_ff491e6fdf,东风路,0.35,line_propagated,2号线,0,normal_info,3,1号线|2号线
ZZM_CN_73d838ee48d3,ZZS_ff6940526d,郑州东站,0.35,line_propagated,1号线,0,normal_info,3,1号线|2号线
ZZM_CN_746c661aee39,ZZS_001bf66fc1,陇海西路,0.35,line_propagated,5号线,0,normal_info,0,5号线
ZZM_CN_746c661aee39,ZZS_1236ed80e3,中央商务区,0.35,line_propagated,5号线,0,normal_info,0,5号线
ZZM_CN_746c661aee39,ZZS_1246e07d02,城东南路,0.35,line_propagated,5号线,0,normal_info,0,5号线
ZZM_CN_746c661aee39,ZZS_136c32a256,市中心医院,0.35,line_propagated,5号线,0,normal_info,0,5号线
ZZM_CN_746c661aee39,ZZS_14efbdcc1b,福塔东,0.35,line_propagated,5号线,0,normal_info,0,5号线
ZZM_CN_746c661aee39,ZZS_190cc56901,金水东路,0.35,line_propagated,5号线,0,normal_info,0,5号线
ZZM_CN_746c661aee39,ZZS_20262a52f0,南五里堡,0.35,line_propagated,5号线,0,normal_info,0,5号线
ZZM_CN_746c661aee39,ZZS_20dcf363fc,康宁街,0.35,line_propagated,5号线,0,normal_info,0,5号线
ZZM_CN_746c661aee39,ZZS_27d32a2e36,五一公园,0.35,line_propagated,5号线,0,normal_info,0,5号线
ZZM_CN_746c661aee39,ZZS_2db8e2eabe,经北二路,0.35,line_propagated,5号线,0,normal_info,0,5号线
ZZM_CN_746c661aee39,ZZS_31a002aa03,海滩寺,0.35,line_propagated,5号线,0,normal_info,0,5号线
ZZM_CN_746c661aee39,ZZS_386438745b,祭城,0.35,line_propagated,5号线,0,normal_info,0,5号线
ZZM_CN_746c661aee39,ZZS_3ada9c57dc,众意西路,0.35,line_propagated,5号线,0,normal_info,0,5号线
ZZM_CN_746c661aee39,ZZS_45679e4fc0,七里河,0.35,line_propagated,5号线,0,normal_info,0,5号线
ZZM_CN_746c661aee39,ZZS_4dd2360957,京广南路,0.35,line_propagated,5号线,0,normal_info,0,5号线
ZZM_CN_746c661aee39,ZZS_5b6c4f8186,郑州人民医院,0.35,line_propagated,5号线,0,normal_info,0,5号线
ZZM_CN_746c661aee39,ZZS_5babce6145,中原福塔,0.35,line_propagated,5号线,0,normal_info,0,5号线
ZZM_CN_746c661aee39,ZZS_5dc87121c2,市第二人民医院,0.35,line_propagated,5号线,0,normal_info,0,5号线
ZZM_CN_746c661aee39,ZZS_7dd13fd23f,黄河路,0.35,line_propagated,5号线,0,normal_info,0,5号线
ZZM_CN_746c661aee39,ZZS_9a26907088,齐礼阎,0.35,line_propagated,5号线,0,normal_info,0,5号线
ZZM_CN_746c661aee39,ZZS_9d8185e03c,省人民医院,0.35,line_propagated,5号线,0,normal_info,0,5号线
ZZM_CN_746c661aee39,ZZS_a3cc0229f4,省骨科医院,0.35,line_propagated,5号线,0,normal_info,0,5号线
ZZM_CN_746c661aee39,ZZS_ae7cc361da,月季公园,0.35,line_propagated,5号线,0,normal_info,0,5号线
ZZM_CN_746c661aee39,ZZS_bd17c52fa6,儿童医院,0.35,line_propagated,5号线,0,normal_info,0,5号线
ZZM_CN_746c661aee39,ZZS_c720567666,桐淮,0.35,line_propagated,5号线,0,normal_info,0,5号线
ZZM_CN_746c661aee39,ZZS_c94675c30b,后河芦,0.35,line_propagated,5号线,0,normal_info,0,5号线
ZZM_CN_746c661aee39,ZZS_c995bf7092,经开中心广场,0.35,line_propagated,5号线,0,normal_info,0,5号线
ZZM_CN_746c661aee39,ZZS_cb2e15cfa0,姚砦,0.35,line_propagated,5号线,0,normal_info,0,5号线
ZZM_CN_746c661aee39,ZZS_deb2edc4a2,沙口路,0.35,line_propagated,5号线,0,normal_info,0,5号线
ZZM_CN_746c661aee39,ZZS_f095e9678f,航海广场,0.35,line_propagated,5号线,0,normal_info,0,5号线
ZZM_CN_746c661aee39,ZZS_f97030e2b9,冯庄,0.35,line_propagated,5号线,0,normal_info,0,5号线
ZZM_CN_746c661aee39,ZZS_ff6940526d,郑州东站,0.35,line_propagated,5号线,0,normal_info,0,5号线
ZZM_CN_74fc7a84a31b,ZZS_a14df2d44f,紫荆山,0.9,exact,紫荆山,0,normal_info,0,
ZZM_CN_754380a04c07,ZZS_00f55fa149,碧沙岗,0.35,line_propagated,1号线,0,normal_info,0,1号线
ZZM_CN_754380a04c07,ZZS_065e638aef,东风南路,0.35,line_propagated,1号线,0,normal_info,0,1号线
ZZM_CN_754380a04c07,ZZS_0660d199a6,农业南路,0.35,line_propagated,1号线,0,normal_info,0,1号线
ZZM_CN_754380a04c07,ZZS_0ccbb4888d,二七广场,0.35,line_propagated,1号线,0,normal_info,0,1号线
ZZM_CN_754380a04c07,ZZS_1acdaac4ce,铁炉,0.35,line_propagated,1号线,0,normal_info,0,1号线
ZZM_CN_754380a04c07,ZZS_27d32a2e36,五一公园,0.35,line_propagated,1号线,0,normal_info,0,1号线
ZZM_CN_754380a04c07,ZZS_3813354d55,绿城广场,0.35,line_propagated,1号线,0,normal_info,0,1号线
ZZM_CN_754380a04c07,ZZS_38180914a0,燕庄,0.35,line_propagated,1号线,0,normal_info,0,1号线
ZZM_CN_754380a04c07,ZZS_52a5a7940c,兰寨,0.35,line_propagated,1号线,0,normal_info,0,1号线
ZZM_CN_754380a04c07,ZZS_5d37b2006d,河南大学新区,0.35,line_propagated,1号线,0,normal_info,0,1号线
ZZM_CN_754380a04c07,ZZS_6c89efbe2c,文苑北路,0.35,line_propagated,1号线,0,normal_info,0,1号线
ZZM_CN_754380a04c07,ZZS_87213b5129,会展中心,0.35,line_propagated,1号线,0,normal_info,0,1号线
ZZM_CN_754380a04c07,ZZS_881a48e5bb,西三环,0.35,line_propagated,1号线,0,normal_info,0,1号线
ZZM_CN_754380a04c07,ZZS_89f2ce9b1d,秦岭路,0.35,line_propagated,1号线,0,normal_info,0,1号线
ZZM_CN_754380a04c07,ZZS_90196f31d6,郑州火车站,0.35,line_propagated,1号线,0,normal_info,0,1号线
ZZM_CN_754380a04c07,ZZS_a14df2d44f,紫荆山,0.35,line_propagated,1号线,0,normal_info,0,1号线
ZZM_CN_754380a04c07,ZZS_ae1b2afcad,梧桐街,0.35,line_propagated,1号线,0,normal_info,0,1号线
ZZM_CN_754380a04c07,ZZS_aed2ee7bb7,河南工业大学,0.35,line_propagated,1号线,0,normal_info,0,1号线
ZZM_CN_754380a04c07,ZZS_b0ac143899,龙子湖,0.35,line_propagated,1号线,0,normal_info,0,1号线
ZZM_CN_754380a04c07,ZZS_b37a0bcf35,郑大科技园,0.35,line_propagated,1号线,0,normal_info,0,1号线
ZZM_CN_754380a04c07,ZZS_b8d795b006,黄河南路,0.35,line_propagated,1号线,0,normal_info,0,1号线
ZZM_CN_754380a04c07,ZZS_bb3c17098a,人民路,0.35,line_propagated,1号线,0,normal_info,0,1号线
ZZM_CN_754380a04c07,ZZS_bf7f2bfbd0,博学路,0.35,line_propagated,1号线,0,normal_info,0,1号线
ZZM_CN_754380a04c07,ZZS_c87aa9753c,体育中心,0.9,exact,体育中心,0,normal_info,0,1号线
ZZM_CN_754380a04c07,ZZS_c9109d3d9f,医学院,0.35,line_propagated,1号线,0,normal_info,0,1号线
ZZM_CN_754380a04c07,ZZS_cc61daaced,市体育中心,0.9,exact+line,1号线|市体育中心,0,normal_info,0,1号线
ZZM_CN_754380a04c07,ZZS_d61a964e41,市民中心,0.35,line_propagated,1号线,0,normal_info,0,1号线
ZZM_CN_754380a04c07,ZZS_e4b35b2f4d,郑州大学,0.35,line_propagated,1号线,0,normal_info,0,1号线
ZZM_CN_754380a04c07,ZZS_e67ffc082e,西流湖,0.35,line_propagated,1号线,0,normal_info,0,1号线
ZZM_CN_754380a04c07,ZZS_ff2a277828,民航路,0.35,line_propagated,1号线,0,normal_info,0,1号线
ZZM_CN_754380a04c07,ZZS_ff6940526d,郑州东站,0.35,line_propagated,1号线,0,normal_info,0,1号线
ZZM_CN_77046380a452,ZZS_05998450f4,龙王庙,0.35,line_propagated,8号线,2,safety_emergency,2,8号线
ZZM_CN_77046380a452,ZZS_14975bb40b,大学科技园,0.35,line_propagated,8号线,2,safety_emergency,2,8号线
ZZM_CN_77046380a452,ZZS_1798713287,枣庄,0.35,line_propagated,8号线,2,safety_emergency,2,8号线
ZZM_CN_77046380a452,ZZS_183636a902,圃田,0.35,line_propagated,8号线,2,safety_emergency,2,8号线
ZZM_CN_77046380a452,ZZS_1da410d5c4,五龙口,0.35,line_propagated,8号线,2,safety_emergency,2,8号线
ZZM_CN_77046380a452,ZZS_1f9e3949c9,小营,0.35,line_propagated,8号线,2,safety_emergency,2,8号线
ZZM_CN_77046380a452,ZZS_2696ac305b,天健湖,0.35,line_propagated,8号线,2,safety_emergency,2,8号线
ZZM_CN_77046380a452,ZZS_2dccccd192,李湖桥,0.35,line_propagated,8号线,2,safety_emergency,2,8号线
ZZM_CN_77046380a452,ZZS_371844c59b,高铁公园,0.35,line_propagated,8号线,2,safety_emergency,2,8号线
ZZM_CN_77046380a452,ZZS_479fe26d80,省中医院,0.35,line_propagated,8号线,2,safety_emergency,2,8号线
ZZM_CN_77046380a452,ZZS_4b22562d02,祥营,0.35,line_propagated,8号线,2,safety_emergency,2,8号线
ZZM_CN_77046380a452,ZZS_53800581f9,郑大一附院东区,0.35,line_propagated,8号线,2,safety_emergency,2,8号线
ZZM_CN_77046380a452,ZZS_69db9cfc46,绿博园,0.35,line_propagated,8号线,2,safety_emergency,2,8号线
ZZM_CN_77046380a452,ZZS_8613b32067,省社科院,0.35,line_propagated,8号线,2,safety_emergency,2,8号线
ZZM_CN_77046380a452,ZZS_8e500de2da,南流,0.35,line_propagated,8号线,2,safety_emergency,2,8号线
ZZM_CN_77046380a452,ZZS_92917e47af,福泽路,0.35,line_propagated,8号线,2,safety_emergency,2,8号线
ZZM_CN_77046380a452,ZZS_973f67bf8a,同乐,0.35,line_propagated,8号线,2,safety_emergency,2,8号线
ZZM_CN_77046380a452,ZZS_a6984fc653,冬青街,0.35,line_propagated,8号线,2,safety_emergency,2,8号线
ZZM_CN_77046380a452,ZZS_afbafd2356,银屏路,0.35,line_propagated,8号线,2,safety_emergency,2,8号线
ZZM_CN_77046380a452,ZZS_b2a66125f0,鲁庙,0.35,line_propagated,8号线,2,safety_emergency,2,8号线
ZZM_CN_77046380a452,ZZS_b5c4192440,圃田西,0.35,line_propagated,8号线,2,safety_emergency,2,8号线
ZZM_CN_77046380a452,ZZS_d42cc93ba3,畅和街,0.35,line_propagated,8号线,2,safety_emergency,2,8号线
ZZM_CN_77046380a452,ZZS_d86aaedd03,白庙,0.35,line_propagated,8号线,2,safety_emergency,2,8号线
ZZM_CN_77046380a452,ZZS_d9b30933bc,轻工业大学,0.35,line_propagated,8号线,2,safety_emergency,2,8号线
ZZM_CN_77046380a452,ZZS_e4b35b2f4d,郑州大学,0.35,line_propagated,8号线,2,safety_emergency,2,8号线
ZZM_CN_77046380a452,ZZS_eda0ec6e78,龙湖中环南,0.35,line_propagated,8号线,2,safety_emergency,2,8号线
ZZM_CN_77046380a452,ZZS_ff491e6fdf,东风路,0.35,line_propagated,8号线,2,safety_emergency,2,8号线
ZZM_CN_77046380a452,ZZS_ff6940526d,郑州东站,0.35,line_propagated,8号线,2,safety_emergency,2,8号线
ZZM_CN_787f3a97b918,ZZS_00f55fa149,碧沙岗,0.35,line_propagated,1号线,0,normal_info,0,1号线
ZZM_CN_787f3a97b918,ZZS_065e638aef,东风南路,0.35,line_propagated,1号线,0,normal_info,0,1号线
ZZM_CN_787f3a97b918,ZZS_0660d199a6,农业南路,0.35,line_propagated,1号线,0,normal_info,0,1号线
ZZM_CN_787f3a97b918,ZZS_0ccbb4888d,二七广场,0.35,line_propagated,1号线,0,normal_info,0,1号线
ZZM_CN_787f3a97b918,ZZS_1acdaac4ce,铁炉,0.35,line_propagated,1号线,0,normal_info,0,1号线
ZZM_CN_787f3a97b918,ZZS_27d32a2e36,五一公园,0.35,line_propagated,1号线,0,normal_info,0,1号线
ZZM_CN_787f3a97b918,ZZS_3813354d55,绿城广场,0.35,line_propagated,1号线,0,normal_info,0,1号线
ZZM_CN_787f3a97b918,ZZS_38180914a0,燕庄,0.35,line_propagated,1号线,0,normal_info,0,1号线
ZZM_CN_787f3a97b918,ZZS_52a5a7940c,兰寨,0.35,line_propagated,1号线,0,normal_info,0,1号线
ZZM_CN_787f3a97b918,ZZS_5d37b2006d,河南大学新区,0.35,line_propagated,1号线,0,normal_info,0,1号线
ZZM_CN_787f3a97b918,ZZS_6c89efbe2c,文苑北路,0.35,line_propagated,1号线,0,normal_info,0,1号线
ZZM_CN_787f3a97b918,ZZS_87213b5129,会展中心,0.35,line_propagated,1号线,0,normal_info,0,1号线
ZZM_CN_787f3a97b918,ZZS_881a48e5bb,西三环,0.35,line_propagated,1号线,0,normal_info,0,1号线
ZZM_CN_787f3a97b918,ZZS_89f2ce9b1d,秦岭路,0.35,line_propagated,1号线,0,normal_info,0,1号线
ZZM_CN_787f3a97b918,ZZS_90196f31d6,郑州火车站,0.35,line_propagated,1号线,0,normal_info,0,1号线
ZZM_CN_787f3a97b918,ZZS_a14df2d44f,紫荆山,0.35,line_propagated,1号线,0,normal_info,0,1号线
ZZM_CN_787f3a97b918,ZZS_ae1b2afcad,梧桐街,0.35,line_propagated,1号线,0,normal_info,0,1号线
ZZM_CN_787f3a97b918,ZZS_aed2ee7bb7,河南工业大学,0.35,line_propagated,1号线,0,normal_info,0,1号线
ZZM_CN_787f3a97b918,ZZS_b0ac143899,龙子湖,0.35,line_propagated,1号线,0,normal_info,0,1号线
ZZM_CN_787f3a97b918,ZZS_b37a0bcf35,郑大科技园,0.35,line_propagated,1号线,0,normal_info,0,1号线
ZZM_CN_787f3a97b918,ZZS_b8d795b006,黄河南路,0.35,line_propagated,1号线,0,normal_info,0,1号线
ZZM_CN_787f3a97b918,ZZS_bb3c17098a,人民路,0.35,line_propagated,1号线,0,normal_info,0,1号线
ZZM_CN_787f3a97b918,ZZS_bf7f2bfbd0,博学路,0.35,line_propagated,1号线,0,normal_info,0,1号线
ZZM_CN_787f3a97b918,ZZS_c9109d3d9f,医学院,0.35,line_propagated,1号线,0,normal_info,0,1号线
ZZM_CN_787f3a97b918,ZZS_cc61daaced,市体育中心,0.35,line_propagated,1号线,0,normal_info,0,1号线
ZZM_CN_787f3a97b918,ZZS_d61a964e41,市民中心,0.35,line_propagated,1号线,0,normal_info,0,1号线
ZZM_CN_787f3a97b918,ZZS_e4b35b2f4d,郑州大学,0.35,line_propagated,1号线,0,normal_info,0,1号线
ZZM_CN_787f3a97b918,ZZS_e67ffc082e,西流湖,0.35,line_propagated,1号线,0,normal_info,0,1号线
ZZM_CN_787f3a97b918,ZZS_ff2a277828,民航路,0.35,line_propagated,1号线,0,normal_info,0,1号线
ZZM_CN_787f3a97b918,ZZS_ff6940526d,郑州东站,0.35,line_propagated,1号线,0,normal_info,0,1号线
ZZM_CN_7884598c360c,ZZS_05d97db6f2,司赵,0.35,line_propagated,3号线,1,service_disruption,0,3号线
ZZM_CN_7884598c360c,ZZS_0ccbb4888d,二七广场,0.35,line_propagated,3号线,1,service_disruption,0,3号线
ZZM_CN_7884598c360c,ZZS_1371fabdab,西大街,0.35,line_propagated,3号线,1,service_disruption,0,3号线
ZZM_CN_7884598c360c,ZZS_13fc13c558,郑州文庙,0.35,line_propagated,3号线,1,service_disruption,0,3号线
ZZM_CN_7884598c360c,ZZS_25a45ff011,东周,0.35,line_propagated,3号线,1,service_disruption,0,3号线
ZZM_CN_7884598c360c,ZZS_28ee7061d7,东十里铺,0.35,line_propagated,3号线,1,service_disruption,0,3号线
ZZM_CN_7884598c360c,ZZS_29284451da,凤凰台,0.35,line_propagated,3号线,1,service_disruption,0,3号线
ZZM_CN_7884598c360c,ZZS_31a002aa03,海滩寺,0.35,line_propagated,3号线,1,service_disruption,0,3号线
ZZM_CN_7884598c360c,ZZS_44eab6c022,南阳新村,0.35,line_propagated,3号线,1,service_disruption,0,3号线
ZZM_CN_7884598c360c,ZZS_51e572c7c3,东大街,0.35,line_propagated,3号线,1,service_disruption,0,3号线
ZZM_CN_7884598c360c,ZZS_5563728074,营岗,0.35,line_propagated,3号线,1,service_disruption,0,3号线
ZZM_CN_7884598c360c,ZZS_6605be2a4e,省体育中心,0.35,line_propagated,3号线,1,service_disruption,0,3号线
ZZM_CN_7884598c360c,ZZS_662c95b759,王砦,0.35,line_propagated,3号线,1,service_disruption,0,3号线
ZZM_CN_7884598c360c,ZZS_6a0a21f658,通泰路,0.35,line_propagated,3号线,1,service_disruption,0,3号线
ZZM_CN_7884598c360c,ZZS_973f67bf8a,同乐,0.35,line_propagated,3号线,1,service_disruption,0,3号线
ZZM_CN_7884598c360c,ZZS_9a51a2fe83,兴隆铺,0.35,line_propagated,3号线,1,service_disruption,0,3号线
ZZM_CN_7884598c360c,ZZS_a3cc0229f4,省骨科医院,0.35,line_propagated,3号线,1,service_disruption,0,3号线
ZZM_CN_7884598c360c,ZZS_a9af1749e0,西周,0.35,line_propagated,3号线,1,service_disruption,0,3号线
ZZM_CN_7884598c360c,ZZS_b5c4192440,圃田西,0.35,line_propagated,3号线,1,service_disruption,0,3号线
ZZM_CN_7884598c360c,ZZS_b9cd9992ce,人民公园,0.35,line_propagated,3号线,1,service_disruption,0,3号线
ZZM_CN_7884598c360c,ZZS_ba70aa715e,博览中心,0.35,line_propagated,3号线,1,service_disruption,0,3号线
ZZM_CN_7884598c360c,ZZS_bf7f2bfbd0,博学路,0.9,exact,博学路,1,service_disruption,0,3号线
ZZM_CN_7884598c360c,ZZS_c5943bbf34,滨河新城,0.35,line_propagated,3号线,1,service_disruption,0,3号线
ZZM_CN_7884598c360c,ZZS_c8f4a267a6,大石桥,0.35,line_propagated,3号线,1,service_disruption,0,3号线
ZZM_CN_7884598c360c,ZZS_e9c14949ec,滨河新城南,0.35,line_propagated,3号线,1,service_disruption,0,3号线
ZZM_CN_7884598c360c,ZZS_ef6263ba13,潮河,0.35,line_propagated,3号线,1,service_disruption,0,3号线
ZZM_CN_79debf759787,ZZS_a14df2d44f,紫荆山,0.9,exact,紫荆山,0,normal_info,3,
ZZM_CN_7a07e1baddfd,ZZS_3813354d55,绿城广场,0.9,exact,绿城广场,0,normal_info,0,
ZZM_CN_7b0d20bb36b0,ZZS_00f55fa149,碧沙岗,0.35,line_propagated,1号线,0,normal_info,0,1号线
ZZM_CN_7b0d20bb36b0,ZZS_065e638aef,东风南路,0.35,line_propagated,1号线,0,normal_info,0,1号线
ZZM_CN_7b0d20bb36b0,ZZS_0660d199a6,农业南路,0.35,line_propagated,1号线,0,normal_info,0,1号线
ZZM_CN_7b0d20bb36b0,ZZS_0ccbb4888d,二七广场,0.35,line_propagated,1号线,0,normal_info,0,1号线
ZZM_CN_7b0d20bb36b0,ZZS_1acdaac4ce,铁炉,0.35,line_propagated,1号线,0,normal_info,0,1号线
ZZM_CN_7b0d20bb36b0,ZZS_27d32a2e36,五一公园,0.35,line_propagated,1号线,0,normal_info,0,1号线
ZZM_CN_7b0d20bb36b0,ZZS_3813354d55,绿城广场,0.35,line_propagated,1号线,0,normal_info,0,1号线
ZZM_CN_7b0d20bb36b0,ZZS_38180914a0,燕庄,0.35,line_propagated,1号线,0,normal_info,0,1号线
ZZM_CN_7b0d20bb36b0,ZZS_52a5a7940c,兰寨,0.35,line_propagated,1号线,0,normal_info,0,1号线
ZZM_CN_7b0d20bb36b0,ZZS_5d37b2006d,河南大学新区,0.35,line_propagated,1号线,0,normal_info,0,1号线
ZZM_CN_7b0d20bb36b0,ZZS_6c89efbe2c,文苑北路,0.35,line_propagated,1号线,0,normal_info,0,1号线
ZZM_CN_7b0d20bb36b0,ZZS_87213b5129,会展中心,0.35,line_propagated,1号线,0,normal_info,0,1号线
ZZM_CN_7b0d20bb36b0,ZZS_881a48e5bb,西三环,0.35,line_propagated,1号线,0,normal_info,0,1号线
ZZM_CN_7b0d20bb36b0,ZZS_89f2ce9b1d,秦岭路,0.35,line_propagated,1号线,0,normal_info,0,1号线
ZZM_CN_7b0d20bb36b0,ZZS_90196f31d6,郑州火车站,0.35,line_propagated,1号线,0,normal_info,0,1号线
ZZM_CN_7b0d20bb36b0,ZZS_a14df2d44f,紫荆山,0.35,line_propagated,1号线,0,normal_info,0,1号线
ZZM_CN_7b0d20bb36b0,ZZS_ae1b2afcad,梧桐街,0.35,line_propagated,1号线,0,normal_info,0,1号线
ZZM_CN_7b0d20bb36b0,ZZS_aed2ee7bb7,河南工业大学,0.35,line_propagated,1号线,0,normal_info,0,1号线
ZZM_CN_7b0d20bb36b0,ZZS_b0ac143899,龙子湖,0.35,line_propagated,1号线,0,normal_info,0,1号线
ZZM_CN_7b0d20bb36b0,ZZS_b37a0bcf35,郑大科技园,0.35,line_propagated,1号线,0,normal_info,0,1号线
ZZM_CN_7b0d20bb36b0,ZZS_b8d795b006,黄河南路,0.35,line_propagated,1号线,0,normal_info,0,1号线
ZZM_CN_7b0d20bb36b0,ZZS_bb3c17098a,人民路,0.35,line_propagated,1号线,0,normal_info,0,1号线
ZZM_CN_7b0d20bb36b0,ZZS_bf7f2bfbd0,博学路,0.35,line_propagated,1号线,0,normal_info,0,1号线
ZZM_CN_7b0d20bb36b0,ZZS_c9109d3d9f,医学院,0.35,line_propagated,1号线,0,normal_info,0,1号线
ZZM_CN_7b0d20bb36b0,ZZS_cc61daaced,市体育中心,0.35,line_propagated,1号线,0,normal_info,0,1号线
ZZM_CN_7b0d20bb36b0,ZZS_d61a964e41,市民中心,0.35,line_propagated,1号线,0,normal_info,0,1号线
ZZM_CN_7b0d20bb36b0,ZZS_e4b35b2f4d,郑州大学,0.35,line_propagated,1号线,0,normal_info,0,1号线
ZZM_CN_7b0d20bb36b0,ZZS_e67ffc082e,西流湖,0.35,line_propagated,1号线,0,normal_info,0,1号线
ZZM_CN_7b0d20bb36b0,ZZS_ff2a277828,民航路,0.35,line_propagated,1号线,0,normal_info,0,1号线
ZZM_CN_7b0d20bb36b0,ZZS_ff6940526d,郑州东站,0.35,line_propagated,1号线,0,normal_info,0,1号线
ZZM_CN_7b4b664f3e1c,ZZS_00f55fa149,碧沙岗,0.35,line_propagated,1号线,0,normal_info,0,1号线
ZZM_CN_7b4b664f3e1c,ZZS_065e638aef,东风南路,0.35,line_propagated,1号线,0,normal_info,0,1号线
ZZM_CN_7b4b664f3e1c,ZZS_0660d199a6,农业南路,0.35,line_propagated,1号线,0,normal_info,0,1号线
ZZM_CN_7b4b664f3e1c,ZZS_0ccbb4888d,二七广场,0.35,line_propagated,1号线,0,normal_info,0,1号线
ZZM_CN_7b4b664f3e1c,ZZS_1acdaac4ce,铁炉,0.35,line_propagated,1号线,0,normal_info,0,1号线
ZZM_CN_7b4b664f3e1c,ZZS_27d32a2e36,五一公园,0.35,line_propagated,1号线,0,normal_info,0,1号线
ZZM_CN_7b4b664f3e1c,ZZS_3813354d55,绿城广场,0.35,line_propagated,1号线,0,normal_info,0,1号线
ZZM_CN_7b4b664f3e1c,ZZS_38180914a0,燕庄,0.35,line_propagated,1号线,0,normal_info,0,1号线
ZZM_CN_7b4b664f3e1c,ZZS_52a5a7940c,兰寨,0.35,line_propagated,1号线,0,normal_info,0,1号线
ZZM_CN_7b4b664f3e1c,ZZS_5d37b2006d,河南大学新区,0.35,line_propagated,1号线,0,normal_info,0,1号线
ZZM_CN_7b4b664f3e1c,ZZS_6c89efbe2c,文苑北路,0.35,line_propagated,1号线,0,normal_info,0,1号线
ZZM_CN_7b4b664f3e1c,ZZS_87213b5129,会展中心,0.35,line_propagated,1号线,0,normal_info,0,1号线
ZZM_CN_7b4b664f3e1c,ZZS_881a48e5bb,西三环,0.35,line_propagated,1号线,0,normal_info,0,1号线
ZZM_CN_7b4b664f3e1c,ZZS_89f2ce9b1d,秦岭路,0.35,line_propagated,1号线,0,normal_info,0,1号线
ZZM_CN_7b4b664f3e1c,ZZS_90196f31d6,郑州火车站,0.35,line_propagated,1号线,0,normal_info,0,1号线
ZZM_CN_7b4b664f3e1c,ZZS_a14df2d44f,紫荆山,0.9,exact+line,1号线|紫荆山,0,normal_info,0,1号线
ZZM_CN_7b4b664f3e1c,ZZS_ae1b2afcad,梧桐街,0.35,line_propagated,1号线,0,normal_info,0,1号线
ZZM_CN_7b4b664f3e1c,ZZS_aed2ee7bb7,河南工业大学,0.35,line_propagated,1号线,0,normal_info,0,1号线
ZZM_CN_7b4b664f3e1c,ZZS_b0ac143899,龙子湖,0.35,line_propagated,1号线,0,normal_info,0,1号线
ZZM_CN_7b4b664f3e1c,ZZS_b37a0bcf35,郑大科技园,0.35,line_propagated,1号线,0,normal_info,0,1号线
ZZM_CN_7b4b664f3e1c,ZZS_b8d795b006,黄河南路,0.35,line_propagated,1号线,0,normal_info,0,1号线
ZZM_CN_7b4b664f3e1c,ZZS_bb3c17098a,人民路,0.35,line_propagated,1号线,0,normal_info,0,1号线
ZZM_CN_7b4b664f3e1c,ZZS_bf7f2bfbd0,博学路,0.35,line_propagated,1号线,0,normal_info,0,1号线
ZZM_CN_7b4b664f3e1c,ZZS_c9109d3d9f,医学院,0.35,line_propagated,1号线,0,normal_info,0,1号线
ZZM_CN_7b4b664f3e1c,ZZS_cc61daaced,市体育中心,0.35,line_propagated,1号线,0,normal_info,0,1号线
ZZM_CN_7b4b664f3e1c,ZZS_d61a964e41,市民中心,0.35,line_propagated,1号线,0,normal_info,0,1号线
ZZM_CN_7b4b664f3e1c,ZZS_e4b35b2f4d,郑州大学,0.35,line_propagated,1号线,0,normal_info,0,1号线
ZZM_CN_7b4b664f3e1c,ZZS_e67ffc082e,西流湖,0.35,line_propagated,1号线,0,normal_info,0,1号线
ZZM_CN_7b4b664f3e1c,ZZS_ff2a277828,民航路,0.35,line_propagated,1号线,0,normal_info,0,1号线
ZZM_CN_7b4b664f3e1c,ZZS_ff6940526d,郑州东站,0.35,line_propagated,1号线,0,normal_info,0,1号线
ZZM_CN_7b5d55677a76,ZZS_00f55fa149,碧沙岗,0.35,line_propagated,1号线,0,normal_info,0,1号线
ZZM_CN_7b5d55677a76,ZZS_065e638aef,东风南路,0.35,line_propagated,1号线,0,normal_info,0,1号线
ZZM_CN_7b5d55677a76,ZZS_0660d199a6,农业南路,0.35,line_propagated,1号线,0,normal_info,0,1号线
ZZM_CN_7b5d55677a76,ZZS_0ccbb4888d,二七广场,0.35,line_propagated,1号线,0,normal_info,0,1号线
ZZM_CN_7b5d55677a76,ZZS_1acdaac4ce,铁炉,0.35,line_propagated,1号线,0,normal_info,0,1号线
ZZM_CN_7b5d55677a76,ZZS_27d32a2e36,五一公园,0.35,line_propagated,1号线,0,normal_info,0,1号线
ZZM_CN_7b5d55677a76,ZZS_3813354d55,绿城广场,0.35,line_propagated,1号线,0,normal_info,0,1号线
ZZM_CN_7b5d55677a76,ZZS_38180914a0,燕庄,0.35,line_propagated,1号线,0,normal_info,0,1号线
ZZM_CN_7b5d55677a76,ZZS_52a5a7940c,兰寨,0.35,line_propagated,1号线,0,normal_info,0,1号线
ZZM_CN_7b5d55677a76,ZZS_5d37b2006d,河南大学新区,0.35,line_propagated,1号线,0,normal_info,0,1号线
ZZM_CN_7b5d55677a76,ZZS_6c89efbe2c,文苑北路,0.35,line_propagated,1号线,0,normal_info,0,1号线
ZZM_CN_7b5d55677a76,ZZS_87213b5129,会展中心,0.35,line_propagated,1号线,0,normal_info,0,1号线
ZZM_CN_7b5d55677a76,ZZS_881a48e5bb,西三环,0.35,line_propagated,1号线,0,normal_info,0,1号线
ZZM_CN_7b5d55677a76,ZZS_89f2ce9b1d,秦岭路,0.35,line_propagated,1号线,0,normal_info,0,1号线
ZZM_CN_7b5d55677a76,ZZS_90196f31d6,郑州火车站,0.35,line_propagated,1号线,0,normal_info,0,1号线
ZZM_CN_7b5d55677a76,ZZS_a14df2d44f,紫荆山,0.35,line_propagated,1号线,0,normal_info,0,1号线
ZZM_CN_7b5d55677a76,ZZS_ae1b2afcad,梧桐街,0.35,line_propagated,1号线,0,normal_info,0,1号线
ZZM_CN_7b5d55677a76,ZZS_aed2ee7bb7,河南工业大学,0.35,line_propagated,1号线,0,normal_info,0,1号线
ZZM_CN_7b5d55677a76,ZZS_b0ac143899,龙子湖,0.35,line_propagated,1号线,0,normal_info,0,1号线
ZZM_CN_7b5d55677a76,ZZS_b37a0bcf35,郑大科技园,0.35,line_propagated,1号线,0,normal_info,0,1号线
ZZM_CN_7b5d55677a76,ZZS_b8d795b006,黄河南路,0.35,line_propagated,1号线,0,normal_info,0,1号线
ZZM_CN_7b5d55677a76,ZZS_bb3c17098a,人民路,0.35,line_propagated,1号线,0,normal_info,0,1号线
ZZM_CN_7b5d55677a76,ZZS_bf7f2bfbd0,博学路,0.35,line_propagated,1号线,0,normal_info,0,1号线
ZZM_CN_7b5d55677a76,ZZS_c9109d3d9f,医学院,0.35,line_propagated,1号线,0,normal_info,0,1号线
ZZM_CN_7b5d55677a76,ZZS_cc61daaced,市体育中心,0.35,line_propagated,1号线,0,normal_info,0,1号线
ZZM_CN_7b5d55677a76,ZZS_d61a964e41,市民中心,0.35,line_propagated,1号线,0,normal_info,0,1号线
ZZM_CN_7b5d55677a76,ZZS_e4b35b2f4d,郑州大学,0.35,line_propagated,1号线,0,normal_info,0,1号线
ZZM_CN_7b5d55677a76,ZZS_e67ffc082e,西流湖,0.35,line_propagated,1号线,0,normal_info,0,1号线
ZZM_CN_7b5d55677a76,ZZS_ff2a277828,民航路,0.35,line_propagated,1号线,0,normal_info,0,1号线
ZZM_CN_7b5d55677a76,ZZS_ff6940526d,郑州东站,0.35,line_propagated,1号线,0,normal_info,0,1号线
ZZM_CN_7be373f7416b,ZZS_00f55fa149,碧沙岗,0.35,line_propagated,1号线,0,normal_info,0,1号线
ZZM_CN_7be373f7416b,ZZS_065e638aef,东风南路,0.35,line_propagated,1号线,0,normal_info,0,1号线
ZZM_CN_7be373f7416b,ZZS_0660d199a6,农业南路,0.35,line_propagated,1号线,0,normal_info,0,1号线
ZZM_CN_7be373f7416b,ZZS_0ccbb4888d,二七广场,0.35,line_propagated,1号线,0,normal_info,0,1号线
ZZM_CN_7be373f7416b,ZZS_1acdaac4ce,铁炉,0.35,line_propagated,1号线,0,normal_info,0,1号线
ZZM_CN_7be373f7416b,ZZS_27d32a2e36,五一公园,0.35,line_propagated,1号线,0,normal_info,0,1号线
ZZM_CN_7be373f7416b,ZZS_3813354d55,绿城广场,0.35,line_propagated,1号线,0,normal_info,0,1号线
ZZM_CN_7be373f7416b,ZZS_38180914a0,燕庄,0.35,line_propagated,1号线,0,normal_info,0,1号线
ZZM_CN_7be373f7416b,ZZS_52a5a7940c,兰寨,0.35,line_propagated,1号线,0,normal_info,0,1号线
ZZM_CN_7be373f7416b,ZZS_5d37b2006d,河南大学新区,0.35,line_propagated,1号线,0,normal_info,0,1号线
ZZM_CN_7be373f7416b,ZZS_6c89efbe2c,文苑北路,0.35,line_propagated,1号线,0,normal_info,0,1号线
ZZM_CN_7be373f7416b,ZZS_87213b5129,会展中心,0.35,line_propagated,1号线,0,normal_info,0,1号线
ZZM_CN_7be373f7416b,ZZS_881a48e5bb,西三环,0.35,line_propagated,1号线,0,normal_info,0,1号线
ZZM_CN_7be373f7416b,ZZS_89f2ce9b1d,秦岭路,0.35,line_propagated,1号线,0,normal_info,0,1号线
ZZM_CN_7be373f7416b,ZZS_90196f31d6,郑州火车站,0.35,line_propagated,1号线,0,normal_info,0,1号线
ZZM_CN_7be373f7416b,ZZS_a14df2d44f,紫荆山,0.35,line_propagated,1号线,0,normal_info,0,1号线
ZZM_CN_7be373f7416b,ZZS_ae1b2afcad,梧桐街,0.35,line_propagated,1号线,0,normal_info,0,1号线
ZZM_CN_7be373f7416b,ZZS_aed2ee7bb7,河南工业大学,0.35,line_propagated,1号线,0,normal_info,0,1号线
ZZM_CN_7be373f7416b,ZZS_b0ac143899,龙子湖,0.35,line_propagated,1号线,0,normal_info,0,1号线
ZZM_CN_7be373f7416b,ZZS_b37a0bcf35,郑大科技园,0.35,line_propagated,1号线,0,normal_info,0,1号线
ZZM_CN_7be373f7416b,ZZS_b8d795b006,黄河南路,0.35,line_propagated,1号线,0,normal_info,0,1号线
ZZM_CN_7be373f7416b,ZZS_bb3c17098a,人民路,0.35,line_propagated,1号线,0,normal_info,0,1号线
ZZM_CN_7be373f7416b,ZZS_bf7f2bfbd0,博学路,0.35,line_propagated,1号线,0,normal_info,0,1号线
ZZM_CN_7be373f7416b,ZZS_c9109d3d9f,医学院,0.35,line_propagated,1号线,0,normal_info,0,1号线
ZZM_CN_7be373f7416b,ZZS_cc61daaced,市体育中心,0.35,line_propagated,1号线,0,normal_info,0,1号线
ZZM_CN_7be373f7416b,ZZS_d61a964e41,市民中心,0.35,line_propagated,1号线,0,normal_info,0,1号线
ZZM_CN_7be373f7416b,ZZS_e4b35b2f4d,郑州大学,0.35,line_propagated,1号线,0,normal_info,0,1号线
ZZM_CN_7be373f7416b,ZZS_e67ffc082e,西流湖,0.35,line_propagated,1号线,0,normal_info,0,1号线
ZZM_CN_7be373f7416b,ZZS_ff2a277828,民航路,0.35,line_propagated,1号线,0,normal_info,0,1号线
ZZM_CN_7be373f7416b,ZZS_ff6940526d,郑州东站,0.35,line_propagated,1号线,0,normal_info,0,1号线
ZZM_CN_7c04a5094d95,ZZS_00f55fa149,碧沙岗,0.35,line_propagated,1号线,0,normal_info,0,1号线
ZZM_CN_7c04a5094d95,ZZS_065e638aef,东风南路,0.35,line_propagated,1号线,0,normal_info,0,1号线
ZZM_CN_7c04a5094d95,ZZS_0660d199a6,农业南路,0.9,exact+line,1号线|农业南路,0,normal_info,0,1号线
ZZM_CN_7c04a5094d95,ZZS_0ccbb4888d,二七广场,0.35,line_propagated,1号线,0,normal_info,0,1号线
ZZM_CN_7c04a5094d95,ZZS_1acdaac4ce,铁炉,0.35,line_propagated,1号线,0,normal_info,0,1号线
ZZM_CN_7c04a5094d95,ZZS_27d32a2e36,五一公园,0.35,line_propagated,1号线,0,normal_info,0,1号线
ZZM_CN_7c04a5094d95,ZZS_3813354d55,绿城广场,0.35,line_propagated,1号线,0,normal_info,0,1号线
ZZM_CN_7c04a5094d95,ZZS_38180914a0,燕庄,0.35,line_propagated,1号线,0,normal_info,0,1号线
ZZM_CN_7c04a5094d95,ZZS_52a5a7940c,兰寨,0.35,line_propagated,1号线,0,normal_info,0,1号线
ZZM_CN_7c04a5094d95,ZZS_5d37b2006d,河南大学新区,0.35,line_propagated,1号线,0,normal_info,0,1号线
ZZM_CN_7c04a5094d95,ZZS_6c89efbe2c,文苑北路,0.35,line_propagated,1号线,0,normal_info,0,1号线
ZZM_CN_7c04a5094d95,ZZS_87213b5129,会展中心,0.35,line_propagated,1号线,0,normal_info,0,1号线
ZZM_CN_7c04a5094d95,ZZS_881a48e5bb,西三环,0.35,line_propagated,1号线,0,normal_info,0,1号线
ZZM_CN_7c04a5094d95,ZZS_89f2ce9b1d,秦岭路,0.35,line_propagated,1号线,0,normal_info,0,1号线
ZZM_CN_7c04a5094d95,ZZS_90196f31d6,郑州火车站,0.35,line_propagated,1号线,0,normal_info,0,1号线
ZZM_CN_7c04a5094d95,ZZS_a14df2d44f,紫荆山,0.35,line_propagated,1号线,0,normal_info,0,1号线
ZZM_CN_7c04a5094d95,ZZS_ae1b2afcad,梧桐街,0.35,line_propagated,1号线,0,normal_info,0,1号线
ZZM_CN_7c04a5094d95,ZZS_aed2ee7bb7,河南工业大学,0.35,line_propagated,1号线,0,normal_info,0,1号线
ZZM_CN_7c04a5094d95,ZZS_b0ac143899,龙子湖,0.35,line_propagated,1号线,0,normal_info,0,1号线
ZZM_CN_7c04a5094d95,ZZS_b37a0bcf35,郑大科技园,0.35,line_propagated,1号线,0,normal_info,0,1号线
ZZM_CN_7c04a5094d95,ZZS_b8d795b006,黄河南路,0.35,line_propagated,1号线,0,normal_info,0,1号线
ZZM_CN_7c04a5094d95,ZZS_bb3c17098a,人民路,0.35,line_propagated,1号线,0,normal_info,0,1号线
ZZM_CN_7c04a5094d95,ZZS_bf7f2bfbd0,博学路,0.35,line_propagated,1号线,0,normal_info,0,1号线
ZZM_CN_7c04a5094d95,ZZS_c9109d3d9f,医学院,0.35,line_propagated,1号线,0,normal_info,0,1号线
ZZM_CN_7c04a5094d95,ZZS_cc61daaced,市体育中心,0.35,line_propagated,1号线,0,normal_info,0,1号线
ZZM_CN_7c04a5094d95,ZZS_d61a964e41,市民中心,0.35,line_propagated,1号线,0,normal_info,0,1号线
ZZM_CN_7c04a5094d95,ZZS_e4b35b2f4d,郑州大学,0.35,line_propagated,1号线,0,normal_info,0,1号线
ZZM_CN_7c04a5094d95,ZZS_e67ffc082e,西流湖,0.35,line_propagated,1号线,0,normal_info,0,1号线
ZZM_CN_7c04a5094d95,ZZS_ff2a277828,民航路,0.35,line_propagated,1号线,0,normal_info,0,1号线
ZZM_CN_7c04a5094d95,ZZS_ff6940526d,郑州东站,0.35,line_propagated,1号线,0,normal_info,0,1号线
ZZM_CN_7c4adf932fd5,ZZS_02cf3e4cf5,南三环,0.35,line_propagated,2号线,0,normal_info,0,2号线
ZZM_CN_7c4adf932fd5,ZZS_1a5721a427,毛庄,0.35,line_propagated,2号线,0,normal_info,0,2号线
ZZM_CN_7c4adf932fd5,ZZS_20262a52f0,南五里堡,0.35,line_propagated,2号线,0,normal_info,0,2号线
ZZM_CN_7c4adf932fd5,ZZS_2bd57be00d,关虎屯,0.35,line_propagated,2号线,0,normal_info,0,2号线
ZZM_CN_7c4adf932fd5,ZZS_43a808507b,金洼,0.35,line_propagated,2号线,0,normal_info,0,2号线
ZZM_CN_7c4adf932fd5,ZZS_4d258fdd50,金达路,0.35,line_propagated,2号线,0,normal_info,0,2号线
ZZM_CN_7c4adf932fd5,ZZS_51e572c7c3,东大街,0.35,line_propagated,2号线,0,normal_info,0,2号线
ZZM_CN_7c4adf932fd5,ZZS_54adf32b6c,南四环,0.35,line_propagated,2号线,0,normal_info,0,2号线
ZZM_CN_7c4adf932fd5,ZZS_6b600b7696,刘庄,0.35,line_propagated,2号线,0,normal_info,0,2号线
ZZM_CN_7c4adf932fd5,ZZS_72de4f5f66,惠济区政府,0.35,line_propagated,2号线,0,normal_info,0,2号线
ZZM_CN_7c4adf932fd5,ZZS_7dd13fd23f,黄河路,0.35,line_propagated,2号线,0,normal_info,0,2号线
ZZM_CN_7c4adf932fd5,ZZS_90c4ce1eb7,沙门,0.35,line_propagated,2号线,0,normal_info,0,2号线
ZZM_CN_7c4adf932fd5,ZZS_93b9249040,二里岗,0.35,line_propagated,2号线,0,normal_info,0,2号线
ZZM_CN_7c4adf932fd5,ZZS_9660c27c11,站马屯,0.35,line_propagated,2号线,0,normal_info,0,2号线
ZZM_CN_7c4adf932fd5,ZZS_9f383e1427,花寨,0.35,line_propagated,2号线,0,normal_info,0,2号线
ZZM_CN_7c4adf932fd5,ZZS_a14df2d44f,紫荆山,0.35,line_propagated,2号线,0,normal_info,0,2号线
ZZM_CN_7c4adf932fd5,ZZS_a7b91da4c7,陇海东路,0.35,line_propagated,2号线,0,normal_info,0,2号线
ZZM_CN_7c4adf932fd5,ZZS_abc078ccd5,黄河迎宾馆,0.35,line_propagated,2号线,0,normal_info,0,2号线
ZZM_CN_7c4adf932fd5,ZZS_bdc2a71da9,柳林,0.35,line_propagated,2号线,0,normal_info,0,2号线
ZZM_CN_7c4adf932fd5,ZZS_c180efc575,贾河,0.35,line_propagated,2号线,0,normal_info,0,2号线
ZZM_CN_7c4adf932fd5,ZZS_ff256e6634,北三环,0.35,line_propagated,2号线,0,normal_info,0,2号线
ZZM_CN_7c4adf932fd5,ZZS_ff491e6fdf,东风路,0.35,line_propagated,2号线,0,normal_info,0,2号线
ZZM_CN_7c8c977e8328,ZZS_00f55fa149,碧沙岗,0.35,line_propagated,1号线,0,normal_info,0,1号线
ZZM_CN_7c8c977e8328,ZZS_065e638aef,东风南路,0.35,line_propagated,1号线,0,normal_info,0,1号线
ZZM_CN_7c8c977e8328,ZZS_0660d199a6,农业南路,0.35,line_propagated,1号线,0,normal_info,0,1号线
ZZM_CN_7c8c977e8328,ZZS_0ccbb4888d,二七广场,0.35,line_propagated,1号线,0,normal_info,0,1号线
ZZM_CN_7c8c977e8328,ZZS_1acdaac4ce,铁炉,0.35,line_propagated,1号线,0,normal_info,0,1号线
ZZM_CN_7c8c977e8328,ZZS_27d32a2e36,五一公园,0.35,line_propagated,1号线,0,normal_info,0,1号线
ZZM_CN_7c8c977e8328,ZZS_3813354d55,绿城广场,0.35,line_propagated,1号线,0,normal_info,0,1号线
ZZM_CN_7c8c977e8328,ZZS_38180914a0,燕庄,0.35,line_propagated,1号线,0,normal_info,0,1号线
ZZM_CN_7c8c977e8328,ZZS_52a5a7940c,兰寨,0.35,line_propagated,1号线,0,normal_info,0,1号线
ZZM_CN_7c8c977e8328,ZZS_5d37b2006d,河南大学新区,0.35,line_propagated,1号线,0,normal_info,0,1号线
ZZM_CN_7c8c977e8328,ZZS_6c89efbe2c,文苑北路,0.35,line_propagated,1号线,0,normal_info,0,1号线
ZZM_CN_7c8c977e8328,ZZS_87213b5129,会展中心,0.35,line_propagated,1号线,0,normal_info,0,1号线
ZZM_CN_7c8c977e8328,ZZS_881a48e5bb,西三环,0.35,line_propagated,1号线,0,normal_info,0,1号线
ZZM_CN_7c8c977e8328,ZZS_89f2ce9b1d,秦岭路,0.35,line_propagated,1号线,0,normal_info,0,1号线
ZZM_CN_7c8c977e8328,ZZS_90196f31d6,郑州火车站,0.35,line_propagated,1号线,0,normal_info,0,1号线
ZZM_CN_7c8c977e8328,ZZS_a14df2d44f,紫荆山,0.35,line_propagated,1号线,0,normal_info,0,1号线
ZZM_CN_7c8c977e8328,ZZS_ae1b2afcad,梧桐街,0.35,line_propagated,1号线,0,normal_info,0,1号线
ZZM_CN_7c8c977e8328,ZZS_aed2ee7bb7,河南工业大学,0.35,line_propagated,1号线,0,normal_info,0,1号线
ZZM_CN_7c8c977e8328,ZZS_b0ac143899,龙子湖,0.35,line_propagated,1号线,0,normal_info,0,1号线
ZZM_CN_7c8c977e8328,ZZS_b37a0bcf35,郑大科技园,0.35,line_propagated,1号线,0,normal_info,0,1号线
ZZM_CN_7c8c977e8328,ZZS_b8d795b006,黄河南路,0.35,line_propagated,1号线,0,normal_info,0,1号线
ZZM_CN_7c8c977e8328,ZZS_bb3c17098a,人民路,0.35,line_propagated,1号线,0,normal_info,0,1号线
ZZM_CN_7c8c977e8328,ZZS_bf7f2bfbd0,博学路,0.35,line_propagated,1号线,0,normal_info,0,1号线
ZZM_CN_7c8c977e8328,ZZS_c9109d3d9f,医学院,0.35,line_propagated,1号线,0,normal_info,0,1号线
ZZM_CN_7c8c977e8328,ZZS_cc61daaced,市体育中心,0.35,line_propagated,1号线,0,normal_info,0,1号线
ZZM_CN_7c8c977e8328,ZZS_d61a964e41,市民中心,0.35,line_propagated,1号线,0,normal_info,0,1号线
ZZM_CN_7c8c977e8328,ZZS_e4b35b2f4d,郑州大学,0.35,line_propagated,1号线,0,normal_info,0,1号线
ZZM_CN_7c8c977e8328,ZZS_e67ffc082e,西流湖,0.35,line_propagated,1号线,0,normal_info,0,1号线
ZZM_CN_7c8c977e8328,ZZS_ff2a277828,民航路,0.35,line_propagated,1号线,0,normal_info,0,1号线
ZZM_CN_7c8c977e8328,ZZS_ff6940526d,郑州东站,0.35,line_propagated,1号线,0,normal_info,0,1号线
ZZM_CN_7d2cc887b171,ZZS_047175b6e2,老鸦陈,0.35,line_propagated,4号线,0,normal_info,0,4号线
ZZM_CN_7d2cc887b171,ZZS_06c5d1c11c,商鼎路,0.35,line_propagated,4号线,0,normal_info,0,4号线
ZZM_CN_7d2cc887b171,ZZS_1236ed80e3,中央商务区,0.35,line_propagated,4号线,0,normal_info,0,4号线
ZZM_CN_7d2cc887b171,ZZS_184971fb41,郎庄,0.35,line_propagated,4号线,0,normal_info,0,4号线
ZZM_CN_7d2cc887b171,ZZS_1acd4fa835,金岱,0.35,line_propagated,4号线,0,normal_info,0,4号线
ZZM_CN_7d2cc887b171,ZZS_1e911360df,姚庄,0.35,line_propagated,4号线,0,normal_info,0,4号线
ZZM_CN_7d2cc887b171,ZZS_25a4eab92b,龙湖南,0.35,line_propagated,4号线,0,normal_info,0,4号线
ZZM_CN_7d2cc887b171,ZZS_28ee7061d7,东十里铺,0.35,line_propagated,4号线,0,normal_info,0,4号线
ZZM_CN_7d2cc887b171,ZZS_3546d6d127,丰庆路,0.35,line_propagated,4号线,0,normal_info,0,4号线
ZZM_CN_7d2cc887b171,ZZS_45679e4fc0,七里河,0.35,line_propagated,4号线,0,normal_info,0,4号线
ZZM_CN_7d2cc887b171,ZZS_542d10f6f0,金融岛北,0.35,line_propagated,4号线,0,normal_info,0,4号线
ZZM_CN_7d2cc887b171,ZZS_548bc6fa98,陈寨东,0.35,line_propagated,4号线,0,normal_info,0,4号线
ZZM_CN_7d2cc887b171,ZZS_55f9aea406,森林公园北,0.35,line_propagated,4号线,0,normal_info,0,4号线
ZZM_CN_7d2cc887b171,ZZS_6605be2a4e,省体育中心,0.35,line_propagated,4号线,0,normal_info,0,4号线
ZZM_CN_7d2cc887b171,ZZS_6a9a14f197,北二十里铺,0.35,line_propagated,4号线,0,normal_info,0,4号线
ZZM_CN_7d2cc887b171,ZZS_87213b5129,会展中心,0.9,exact+line,4号线|会展中心,0,normal_info,0,4号线
ZZM_CN_7d2cc887b171,ZZS_90c4ce1eb7,沙门,0.35,line_propagated,4号线,0,normal_info,0,4号线
ZZM_CN_7d2cc887b171,ZZS_90de6fab35,货站街,0.35,line_propagated,4号线,0,normal_info,0,4号线
ZZM_CN_7d2cc887b171,ZZS_93f56b73b3,果树所,0.35,line_propagated,4号线,0,normal_info,0,4号线
ZZM_CN_7d2cc887b171,ZZS_95fb90b688,杨君刘,0.35,line_propagated,4号线,0,normal_info,0,4号线
ZZM_CN_7d2cc887b171,ZZS_9965eccc39,龙湖中环北,0.35,line_propagated,4号线,0,normal_info,0,4号线
ZZM_CN_7d2cc887b171,ZZS_aa3686fb6d,金融岛南,0.35,line_propagated,4号线,0,normal_info,0,4号线
ZZM_CN_7d2cc887b171,ZZS_ccf9ac5267,清华附中,0.35,line_propagated,4号线,0,normal_info,0,4号线
ZZM_CN_7d2cc887b171,ZZS_d86c49fbed,农业东路,0.35,line_propagated,4号线,0,normal_info,0,4号线
ZZM_CN_7d2cc887b171,ZZS_dbb2385d18,龙湖北,0.35,line_propagated,4号线,0,normal_info,0,4号线
ZZM_CN_7d2cc887b171,ZZS_eca427650a,张家村,0.35,line_propagated,4号线,0,normal_info,0,4号线
ZZM_CN_7d2cc887b171,ZZS_eda0ec6e78,龙湖中环南,0.35,line_propagated,4号线,0,normal_info,0,4号线
ZZM_CN_7dca6dae9591,ZZS_00f55fa149,碧沙岗,0.35,line_propagated,1号线,0,normal_info,0,1号线
ZZM_CN_7dca6dae9591,ZZS_065e638aef,东风南路,0.35,line_propagated,1号线,0,normal_info,0,1号线
ZZM_CN_7dca6dae9591,ZZS_0660d199a6,农业南路,0.35,line_propagated,1号线,0,normal_info,0,1号线
ZZM_CN_7dca6dae9591,ZZS_0ccbb4888d,二七广场,0.35,line_propagated,1号线,0,normal_info,0,1号线
ZZM_CN_7dca6dae9591,ZZS_1acdaac4ce,铁炉,0.35,line_propagated,1号线,0,normal_info,0,1号线
ZZM_CN_7dca6dae9591,ZZS_27d32a2e36,五一公园,0.35,line_propagated,1号线,0,normal_info,0,1号线
ZZM_CN_7dca6dae9591,ZZS_3813354d55,绿城广场,0.35,line_propagated,1号线,0,normal_info,0,1号线
ZZM_CN_7dca6dae9591,ZZS_38180914a0,燕庄,0.35,line_propagated,1号线,0,normal_info,0,1号线
ZZM_CN_7dca6dae9591,ZZS_52a5a7940c,兰寨,0.35,line_propagated,1号线,0,normal_info,0,1号线
ZZM_CN_7dca6dae9591,ZZS_5d37b2006d,河南大学新区,0.35,line_propagated,1号线,0,normal_info,0,1号线
ZZM_CN_7dca6dae9591,ZZS_6c89efbe2c,文苑北路,0.35,line_propagated,1号线,0,normal_info,0,1号线
ZZM_CN_7dca6dae9591,ZZS_87213b5129,会展中心,0.35,line_propagated,1号线,0,normal_info,0,1号线
ZZM_CN_7dca6dae9591,ZZS_881a48e5bb,西三环,0.35,line_propagated,1号线,0,normal_info,0,1号线
ZZM_CN_7dca6dae9591,ZZS_89f2ce9b1d,秦岭路,0.35,line_propagated,1号线,0,normal_info,0,1号线
ZZM_CN_7dca6dae9591,ZZS_90196f31d6,郑州火车站,0.35,line_propagated,1号线,0,normal_info,0,1号线
ZZM_CN_7dca6dae9591,ZZS_a14df2d44f,紫荆山,0.35,line_propagated,1号线,0,normal_info,0,1号线
ZZM_CN_7dca6dae9591,ZZS_ae1b2afcad,梧桐街,0.35,line_propagated,1号线,0,normal_info,0,1号线
ZZM_CN_7dca6dae9591,ZZS_aed2ee7bb7,河南工业大学,0.35,line_propagated,1号线,0,normal_info,0,1号线
ZZM_CN_7dca6dae9591,ZZS_b0ac143899,龙子湖,0.35,line_propagated,1号线,0,normal_info,0,1号线
ZZM_CN_7dca6dae9591,ZZS_b37a0bcf35,郑大科技园,0.35,line_propagated,1号线,0,normal_info,0,1号线
ZZM_CN_7dca6dae9591,ZZS_b8d795b006,黄河南路,0.35,line_propagated,1号线,0,normal_info,0,1号线
ZZM_CN_7dca6dae9591,ZZS_bb3c17098a,人民路,0.35,line_propagated,1号线,0,normal_info,0,1号线
ZZM_CN_7dca6dae9591,ZZS_bf7f2bfbd0,博学路,0.35,line_propagated,1号线,0,normal_info,0,1号线
ZZM_CN_7dca6dae9591,ZZS_c9109d3d9f,医学院,0.35,line_propagated,1号线,0,normal_info,0,1号线
ZZM_CN_7dca6dae9591,ZZS_cc61daaced,市体育中心,0.35,line_propagated,1号线,0,normal_info,0,1号线
ZZM_CN_7dca6dae9591,ZZS_d61a964e41,市民中心,0.35,line_propagated,1号线,0,normal_info,0,1号线
ZZM_CN_7dca6dae9591,ZZS_e4b35b2f4d,郑州大学,0.35,line_propagated,1号线,0,normal_info,0,1号线
ZZM_CN_7dca6dae9591,ZZS_e67ffc082e,西流湖,0.35,line_propagated,1号线,0,normal_info,0,1号线
ZZM_CN_7dca6dae9591,ZZS_ff2a277828,民航路,0.35,line_propagated,1号线,0,normal_info,0,1号线
ZZM_CN_7dca6dae9591,ZZS_ff6940526d,郑州东站,0.35,line_propagated,1号线,0,normal_info,0,1号线
ZZM_CN_7eae2e6f6eaf,ZZS_00f55fa149,碧沙岗,0.35,line_propagated,1号线,1,service_disruption,3,1号线
ZZM_CN_7eae2e6f6eaf,ZZS_065e638aef,东风南路,0.35,line_propagated,1号线,1,service_disruption,3,1号线
ZZM_CN_7eae2e6f6eaf,ZZS_0660d199a6,农业南路,0.35,line_propagated,1号线,1,service_disruption,3,1号线
ZZM_CN_7eae2e6f6eaf,ZZS_0ccbb4888d,二七广场,0.35,line_propagated,1号线,1,service_disruption,3,1号线
ZZM_CN_7eae2e6f6eaf,ZZS_1acdaac4ce,铁炉,0.35,line_propagated,1号线,1,service_disruption,3,1号线
ZZM_CN_7eae2e6f6eaf,ZZS_27d32a2e36,五一公园,0.35,line_propagated,1号线,1,service_disruption,3,1号线
ZZM_CN_7eae2e6f6eaf,ZZS_3813354d55,绿城广场,0.35,line_propagated,1号线,1,service_disruption,3,1号线
ZZM_CN_7eae2e6f6eaf,ZZS_38180914a0,燕庄,0.35,line_propagated,1号线,1,service_disruption,3,1号线
ZZM_CN_7eae2e6f6eaf,ZZS_52a5a7940c,兰寨,0.35,line_propagated,1号线,1,service_disruption,3,1号线
ZZM_CN_7eae2e6f6eaf,ZZS_5d37b2006d,河南大学新区,0.35,line_propagated,1号线,1,service_disruption,3,1号线
ZZM_CN_7eae2e6f6eaf,ZZS_6c89efbe2c,文苑北路,0.35,line_propagated,1号线,1,service_disruption,3,1号线
ZZM_CN_7eae2e6f6eaf,ZZS_87213b5129,会展中心,0.9,exact+line,1号线|会展中心,1,service_disruption,3,1号线
ZZM_CN_7eae2e6f6eaf,ZZS_881a48e5bb,西三环,0.35,line_propagated,1号线,1,service_disruption,3,1号线
ZZM_CN_7eae2e6f6eaf,ZZS_89f2ce9b1d,秦岭路,0.35,line_propagated,1号线,1,service_disruption,3,1号线
ZZM_CN_7eae2e6f6eaf,ZZS_90196f31d6,郑州火车站,0.35,line_propagated,1号线,1,service_disruption,3,1号线
ZZM_CN_7eae2e6f6eaf,ZZS_a14df2d44f,紫荆山,0.35,line_propagated,1号线,1,service_disruption,3,1号线
ZZM_CN_7eae2e6f6eaf,ZZS_ae1b2afcad,梧桐街,0.35,line_propagated,1号线,1,service_disruption,3,1号线
ZZM_CN_7eae2e6f6eaf,ZZS_aed2ee7bb7,河南工业大学,0.35,line_propagated,1号线,1,service_disruption,3,1号线
ZZM_CN_7eae2e6f6eaf,ZZS_b0ac143899,龙子湖,0.35,line_propagated,1号线,1,service_disruption,3,1号线
ZZM_CN_7eae2e6f6eaf,ZZS_b37a0bcf35,郑大科技园,0.35,line_propagated,1号线,1,service_disruption,3,1号线
ZZM_CN_7eae2e6f6eaf,ZZS_b8d795b006,黄河南路,0.35,line_propagated,1号线,1,service_disruption,3,1号线
ZZM_CN_7eae2e6f6eaf,ZZS_bb3c17098a,人民路,0.35,line_propagated,1号线,1,service_disruption,3,1号线
ZZM_CN_7eae2e6f6eaf,ZZS_bf7f2bfbd0,博学路,0.35,line_propagated,1号线,1,service_disruption,3,1号线
ZZM_CN_7eae2e6f6eaf,ZZS_c9109d3d9f,医学院,0.35,line_propagated,1号线,1,service_disruption,3,1号线
ZZM_CN_7eae2e6f6eaf,ZZS_cc61daaced,市体育中心,0.35,line_propagated,1号线,1,service_disruption,3,1号线
ZZM_CN_7eae2e6f6eaf,ZZS_d61a964e41,市民中心,0.35,line_propagated,1号线,1,service_disruption,3,1号线
ZZM_CN_7eae2e6f6eaf,ZZS_e4b35b2f4d,郑州大学,0.35,line_propagated,1号线,1,service_disruption,3,1号线
ZZM_CN_7eae2e6f6eaf,ZZS_e67ffc082e,西流湖,0.35,line_propagated,1号线,1,service_disruption,3,1号线
ZZM_CN_7eae2e6f6eaf,ZZS_ff2a277828,民航路,0.35,line_propagated,1号线,1,service_disruption,3,1号线
ZZM_CN_7eae2e6f6eaf,ZZS_ff6940526d,郑州东站,0.35,line_propagated,1号线,1,service_disruption,3,1号线
ZZM_CN_7edb3a89d2e4,ZZS_00f55fa149,碧沙岗,0.35,line_propagated,1号线,0,normal_info,0,1号线
ZZM_CN_7edb3a89d2e4,ZZS_065e638aef,东风南路,0.35,line_propagated,1号线,0,normal_info,0,1号线
ZZM_CN_7edb3a89d2e4,ZZS_0660d199a6,农业南路,0.35,line_propagated,1号线,0,normal_info,0,1号线
ZZM_CN_7edb3a89d2e4,ZZS_0ccbb4888d,二七广场,0.35,line_propagated,1号线,0,normal_info,0,1号线
ZZM_CN_7edb3a89d2e4,ZZS_1acdaac4ce,铁炉,0.35,line_propagated,1号线,0,normal_info,0,1号线
ZZM_CN_7edb3a89d2e4,ZZS_27d32a2e36,五一公园,0.35,line_propagated,1号线,0,normal_info,0,1号线
ZZM_CN_7edb3a89d2e4,ZZS_3813354d55,绿城广场,0.35,line_propagated,1号线,0,normal_info,0,1号线
ZZM_CN_7edb3a89d2e4,ZZS_38180914a0,燕庄,0.35,line_propagated,1号线,0,normal_info,0,1号线
ZZM_CN_7edb3a89d2e4,ZZS_52a5a7940c,兰寨,0.35,line_propagated,1号线,0,normal_info,0,1号线
ZZM_CN_7edb3a89d2e4,ZZS_5d37b2006d,河南大学新区,0.35,line_propagated,1号线,0,normal_info,0,1号线
ZZM_CN_7edb3a89d2e4,ZZS_6c89efbe2c,文苑北路,0.35,line_propagated,1号线,0,normal_info,0,1号线
ZZM_CN_7edb3a89d2e4,ZZS_87213b5129,会展中心,0.35,line_propagated,1号线,0,normal_info,0,1号线
ZZM_CN_7edb3a89d2e4,ZZS_881a48e5bb,西三环,0.35,line_propagated,1号线,0,normal_info,0,1号线
ZZM_CN_7edb3a89d2e4,ZZS_89f2ce9b1d,秦岭路,0.35,line_propagated,1号线,0,normal_info,0,1号线
ZZM_CN_7edb3a89d2e4,ZZS_90196f31d6,郑州火车站,0.35,line_propagated,1号线,0,normal_info,0,1号线
ZZM_CN_7edb3a89d2e4,ZZS_a14df2d44f,紫荆山,0.35,line_propagated,1号线,0,normal_info,0,1号线
ZZM_CN_7edb3a89d2e4,ZZS_ae1b2afcad,梧桐街,0.35,line_propagated,1号线,0,normal_info,0,1号线
ZZM_CN_7edb3a89d2e4,ZZS_aed2ee7bb7,河南工业大学,0.35,line_propagated,1号线,0,normal_info,0,1号线
ZZM_CN_7edb3a89d2e4,ZZS_b0ac143899,龙子湖,0.35,line_propagated,1号线,0,normal_info,0,1号线
ZZM_CN_7edb3a89d2e4,ZZS_b37a0bcf35,郑大科技园,0.35,line_propagated,1号线,0,normal_info,0,1号线
ZZM_CN_7edb3a89d2e4,ZZS_b8d795b006,黄河南路,0.35,line_propagated,1号线,0,normal_info,0,1号线
ZZM_CN_7edb3a89d2e4,ZZS_bb3c17098a,人民路,0.35,line_propagated,1号线,0,normal_info,0,1号线
ZZM_CN_7edb3a89d2e4,ZZS_bf7f2bfbd0,博学路,0.35,line_propagated,1号线,0,normal_info,0,1号线
ZZM_CN_7edb3a89d2e4,ZZS_c9109d3d9f,医学院,0.35,line_propagated,1号线,0,normal_info,0,1号线
ZZM_CN_7edb3a89d2e4,ZZS_cc61daaced,市体育中心,0.35,line_propagated,1号线,0,normal_info,0,1号线
ZZM_CN_7edb3a89d2e4,ZZS_d61a964e41,市民中心,0.35,line_propagated,1号线,0,normal_info,0,1号线
ZZM_CN_7edb3a89d2e4,ZZS_e4b35b2f4d,郑州大学,0.35,line_propagated,1号线,0,normal_info,0,1号线
ZZM_CN_7edb3a89d2e4,ZZS_e67ffc082e,西流湖,0.35,line_propagated,1号线,0,normal_info,0,1号线
ZZM_CN_7edb3a89d2e4,ZZS_ff2a277828,民航路,0.35,line_propagated,1号线,0,normal_info,0,1号线
ZZM_CN_7edb3a89d2e4,ZZS_ff6940526d,郑州东站,0.35,line_propagated,1号线,0,normal_info,0,1号线
ZZM_CN_7f87605fd559,ZZS_00f55fa149,碧沙岗,0.35,line_propagated,1号线,0,normal_info,0,1号线
ZZM_CN_7f87605fd559,ZZS_065e638aef,东风南路,0.35,line_propagated,1号线,0,normal_info,0,1号线
ZZM_CN_7f87605fd559,ZZS_0660d199a6,农业南路,0.35,line_propagated,1号线,0,normal_info,0,1号线
ZZM_CN_7f87605fd559,ZZS_0ccbb4888d,二七广场,0.35,line_propagated,1号线,0,normal_info,0,1号线
ZZM_CN_7f87605fd559,ZZS_1acdaac4ce,铁炉,0.35,line_propagated,1号线,0,normal_info,0,1号线
ZZM_CN_7f87605fd559,ZZS_27d32a2e36,五一公园,0.35,line_propagated,1号线,0,normal_info,0,1号线
ZZM_CN_7f87605fd559,ZZS_3813354d55,绿城广场,0.35,line_propagated,1号线,0,normal_info,0,1号线
ZZM_CN_7f87605fd559,ZZS_38180914a0,燕庄,0.35,line_propagated,1号线,0,normal_info,0,1号线
ZZM_CN_7f87605fd559,ZZS_52a5a7940c,兰寨,0.35,line_propagated,1号线,0,normal_info,0,1号线
ZZM_CN_7f87605fd559,ZZS_5d37b2006d,河南大学新区,0.35,line_propagated,1号线,0,normal_info,0,1号线
ZZM_CN_7f87605fd559,ZZS_6c89efbe2c,文苑北路,0.35,line_propagated,1号线,0,normal_info,0,1号线
ZZM_CN_7f87605fd559,ZZS_87213b5129,会展中心,0.35,line_propagated,1号线,0,normal_info,0,1号线
ZZM_CN_7f87605fd559,ZZS_881a48e5bb,西三环,0.35,line_propagated,1号线,0,normal_info,0,1号线
ZZM_CN_7f87605fd559,ZZS_89f2ce9b1d,秦岭路,0.35,line_propagated,1号线,0,normal_info,0,1号线
ZZM_CN_7f87605fd559,ZZS_90196f31d6,郑州火车站,0.35,line_propagated,1号线,0,normal_info,0,1号线
ZZM_CN_7f87605fd559,ZZS_a14df2d44f,紫荆山,0.35,line_propagated,1号线,0,normal_info,0,1号线
ZZM_CN_7f87605fd559,ZZS_ae1b2afcad,梧桐街,0.35,line_propagated,1号线,0,normal_info,0,1号线
ZZM_CN_7f87605fd559,ZZS_aed2ee7bb7,河南工业大学,0.35,line_propagated,1号线,0,normal_info,0,1号线
ZZM_CN_7f87605fd559,ZZS_b0ac143899,龙子湖,0.35,line_propagated,1号线,0,normal_info,0,1号线
ZZM_CN_7f87605fd559,ZZS_b37a0bcf35,郑大科技园,0.35,line_propagated,1号线,0,normal_info,0,1号线
ZZM_CN_7f87605fd559,ZZS_b8d795b006,黄河南路,0.35,line_propagated,1号线,0,normal_info,0,1号线
ZZM_CN_7f87605fd559,ZZS_bb3c17098a,人民路,0.35,line_propagated,1号线,0,normal_info,0,1号线
ZZM_CN_7f87605fd559,ZZS_bf7f2bfbd0,博学路,0.35,line_propagated,1号线,0,normal_info,0,1号线
ZZM_CN_7f87605fd559,ZZS_c9109d3d9f,医学院,0.35,line_propagated,1号线,0,normal_info,0,1号线
ZZM_CN_7f87605fd559,ZZS_cc61daaced,市体育中心,0.35,line_propagated,1号线,0,normal_info,0,1号线
ZZM_CN_7f87605fd559,ZZS_d61a964e41,市民中心,0.35,line_propagated,1号线,0,normal_info,0,1号线
ZZM_CN_7f87605fd559,ZZS_e4b35b2f4d,郑州大学,0.35,line_propagated,1号线,0,normal_info,0,1号线
ZZM_CN_7f87605fd559,ZZS_e67ffc082e,西流湖,0.35,line_propagated,1号线,0,normal_info,0,1号线
ZZM_CN_7f87605fd559,ZZS_ff2a277828,民航路,0.35,line_propagated,1号线,0,normal_info,0,1号线
ZZM_CN_7f87605fd559,ZZS_ff6940526d,郑州东站,0.35,line_propagated,1号线,0,normal_info,0,1号线
ZZM_CN_8090692ccad5,ZZS_00f55fa149,碧沙岗,0.35,line_propagated,1号线,0,normal_info,0,1号线
ZZM_CN_8090692ccad5,ZZS_065e638aef,东风南路,0.35,line_propagated,1号线,0,normal_info,0,1号线
ZZM_CN_8090692ccad5,ZZS_0660d199a6,农业南路,0.35,line_propagated,1号线,0,normal_info,0,1号线
ZZM_CN_8090692ccad5,ZZS_0ccbb4888d,二七广场,0.9,exact+line,1号线|二七广场,0,normal_info,0,1号线
ZZM_CN_8090692ccad5,ZZS_1acdaac4ce,铁炉,0.35,line_propagated,1号线,0,normal_info,0,1号线
ZZM_CN_8090692ccad5,ZZS_27d32a2e36,五一公园,0.35,line_propagated,1号线,0,normal_info,0,1号线
ZZM_CN_8090692ccad5,ZZS_3813354d55,绿城广场,0.35,line_propagated,1号线,0,normal_info,0,1号线
ZZM_CN_8090692ccad5,ZZS_38180914a0,燕庄,0.35,line_propagated,1号线,0,normal_info,0,1号线
ZZM_CN_8090692ccad5,ZZS_52a5a7940c,兰寨,0.35,line_propagated,1号线,0,normal_info,0,1号线
ZZM_CN_8090692ccad5,ZZS_5d37b2006d,河南大学新区,0.35,line_propagated,1号线,0,normal_info,0,1号线
ZZM_CN_8090692ccad5,ZZS_6c89efbe2c,文苑北路,0.35,line_propagated,1号线,0,normal_info,0,1号线
ZZM_CN_8090692ccad5,ZZS_87213b5129,会展中心,0.35,line_propagated,1号线,0,normal_info,0,1号线
ZZM_CN_8090692ccad5,ZZS_881a48e5bb,西三环,0.35,line_propagated,1号线,0,normal_info,0,1号线
ZZM_CN_8090692ccad5,ZZS_89f2ce9b1d,秦岭路,0.35,line_propagated,1号线,0,normal_info,0,1号线
ZZM_CN_8090692ccad5,ZZS_90196f31d6,郑州火车站,0.35,line_propagated,1号线,0,normal_info,0,1号线
ZZM_CN_8090692ccad5,ZZS_a14df2d44f,紫荆山,0.35,line_propagated,1号线,0,normal_info,0,1号线
ZZM_CN_8090692ccad5,ZZS_ae1b2afcad,梧桐街,0.35,line_propagated,1号线,0,normal_info,0,1号线
ZZM_CN_8090692ccad5,ZZS_aed2ee7bb7,河南工业大学,0.35,line_propagated,1号线,0,normal_info,0,1号线
ZZM_CN_8090692ccad5,ZZS_b0ac143899,龙子湖,0.35,line_propagated,1号线,0,normal_info,0,1号线
ZZM_CN_8090692ccad5,ZZS_b37a0bcf35,郑大科技园,0.35,line_propagated,1号线,0,normal_info,0,1号线
ZZM_CN_8090692ccad5,ZZS_b8d795b006,黄河南路,0.35,line_propagated,1号线,0,normal_info,0,1号线
ZZM_CN_8090692ccad5,ZZS_bb3c17098a,人民路,0.35,line_propagated,1号线,0,normal_info,0,1号线
ZZM_CN_8090692ccad5,ZZS_bf7f2bfbd0,博学路,0.35,line_propagated,1号线,0,normal_info,0,1号线
ZZM_CN_8090692ccad5,ZZS_c9109d3d9f,医学院,0.35,line_propagated,1号线,0,normal_info,0,1号线
ZZM_CN_8090692ccad5,ZZS_cc61daaced,市体育中心,0.35,line_propagated,1号线,0,normal_info,0,1号线
ZZM_CN_8090692ccad5,ZZS_d61a964e41,市民中心,0.35,line_propagated,1号线,0,normal_info,0,1号线
ZZM_CN_8090692ccad5,ZZS_e4b35b2f4d,郑州大学,0.35,line_propagated,1号线,0,normal_info,0,1号线
ZZM_CN_8090692ccad5,ZZS_e67ffc082e,西流湖,0.35,line_propagated,1号线,0,normal_info,0,1号线
ZZM_CN_8090692ccad5,ZZS_ff2a277828,民航路,0.35,line_propagated,1号线,0,normal_info,0,1号线
ZZM_CN_8090692ccad5,ZZS_ff6940526d,郑州东站,0.35,line_propagated,1号线,0,normal_info,0,1号线
ZZM_CN_80d01322ff70,ZZS_047175b6e2,老鸦陈,0.35,line_propagated,4号线,0,normal_info,0,4号线
ZZM_CN_80d01322ff70,ZZS_06c5d1c11c,商鼎路,0.35,line_propagated,4号线,0,normal_info,0,4号线
ZZM_CN_80d01322ff70,ZZS_1236ed80e3,中央商务区,0.35,line_propagated,4号线,0,normal_info,0,4号线
ZZM_CN_80d01322ff70,ZZS_184971fb41,郎庄,0.35,line_propagated,4号线,0,normal_info,0,4号线
ZZM_CN_80d01322ff70,ZZS_1acd4fa835,金岱,0.35,line_propagated,4号线,0,normal_info,0,4号线
ZZM_CN_80d01322ff70,ZZS_1e911360df,姚庄,0.35,line_propagated,4号线,0,normal_info,0,4号线
ZZM_CN_80d01322ff70,ZZS_25a4eab92b,龙湖南,0.35,line_propagated,4号线,0,normal_info,0,4号线
ZZM_CN_80d01322ff70,ZZS_28ee7061d7,东十里铺,0.35,line_propagated,4号线,0,normal_info,0,4号线
ZZM_CN_80d01322ff70,ZZS_3546d6d127,丰庆路,0.35,line_propagated,4号线,0,normal_info,0,4号线
ZZM_CN_80d01322ff70,ZZS_45679e4fc0,七里河,0.35,line_propagated,4号线,0,normal_info,0,4号线
ZZM_CN_80d01322ff70,ZZS_542d10f6f0,金融岛北,0.35,line_propagated,4号线,0,normal_info,0,4号线
ZZM_CN_80d01322ff70,ZZS_548bc6fa98,陈寨东,0.35,line_propagated,4号线,0,normal_info,0,4号线
ZZM_CN_80d01322ff70,ZZS_55f9aea406,森林公园北,0.35,line_propagated,4号线,0,normal_info,0,4号线
ZZM_CN_80d01322ff70,ZZS_6605be2a4e,省体育中心,0.35,line_propagated,4号线,0,normal_info,0,4号线
ZZM_CN_80d01322ff70,ZZS_6a9a14f197,北二十里铺,0.35,line_propagated,4号线,0,normal_info,0,4号线
ZZM_CN_80d01322ff70,ZZS_87213b5129,会展中心,0.35,line_propagated,4号线,0,normal_info,0,4号线
ZZM_CN_80d01322ff70,ZZS_90c4ce1eb7,沙门,0.35,line_propagated,4号线,0,normal_info,0,4号线
ZZM_CN_80d01322ff70,ZZS_90de6fab35,货站街,0.35,line_propagated,4号线,0,normal_info,0,4号线
ZZM_CN_80d01322ff70,ZZS_93f56b73b3,果树所,0.35,line_propagated,4号线,0,normal_info,0,4号线
ZZM_CN_80d01322ff70,ZZS_95fb90b688,杨君刘,0.35,line_propagated,4号线,0,normal_info,0,4号线
ZZM_CN_80d01322ff70,ZZS_9965eccc39,龙湖中环北,0.35,line_propagated,4号线,0,normal_info,0,4号线
ZZM_CN_80d01322ff70,ZZS_aa3686fb6d,金融岛南,0.35,line_propagated,4号线,0,normal_info,0,4号线
ZZM_CN_80d01322ff70,ZZS_ccf9ac5267,清华附中,0.35,line_propagated,4号线,0,normal_info,0,4号线
ZZM_CN_80d01322ff70,ZZS_d86c49fbed,农业东路,0.35,line_propagated,4号线,0,normal_info,0,4号线
ZZM_CN_80d01322ff70,ZZS_dbb2385d18,龙湖北,0.35,line_propagated,4号线,0,normal_info,0,4号线
ZZM_CN_80d01322ff70,ZZS_eca427650a,张家村,0.35,line_propagated,4号线,0,normal_info,0,4号线
ZZM_CN_80d01322ff70,ZZS_eda0ec6e78,龙湖中环南,0.35,line_propagated,4号线,0,normal_info,0,4号线
ZZM_CN_8108a8085db6,ZZS_00f55fa149,碧沙岗,0.35,line_propagated,1号线,0,normal_info,0,1号线
ZZM_CN_8108a8085db6,ZZS_065e638aef,东风南路,0.35,line_propagated,1号线,0,normal_info,0,1号线
ZZM_CN_8108a8085db6,ZZS_0660d199a6,农业南路,0.35,line_propagated,1号线,0,normal_info,0,1号线
ZZM_CN_8108a8085db6,ZZS_0ccbb4888d,二七广场,0.9,exact+line,1号线|二七广场,0,normal_info,0,1号线
ZZM_CN_8108a8085db6,ZZS_1acdaac4ce,铁炉,0.35,line_propagated,1号线,0,normal_info,0,1号线
ZZM_CN_8108a8085db6,ZZS_27d32a2e36,五一公园,0.35,line_propagated,1号线,0,normal_info,0,1号线
ZZM_CN_8108a8085db6,ZZS_3813354d55,绿城广场,0.35,line_propagated,1号线,0,normal_info,0,1号线
ZZM_CN_8108a8085db6,ZZS_38180914a0,燕庄,0.35,line_propagated,1号线,0,normal_info,0,1号线
ZZM_CN_8108a8085db6,ZZS_52a5a7940c,兰寨,0.35,line_propagated,1号线,0,normal_info,0,1号线
ZZM_CN_8108a8085db6,ZZS_5d37b2006d,河南大学新区,0.35,line_propagated,1号线,0,normal_info,0,1号线
ZZM_CN_8108a8085db6,ZZS_6c89efbe2c,文苑北路,0.35,line_propagated,1号线,0,normal_info,0,1号线
ZZM_CN_8108a8085db6,ZZS_87213b5129,会展中心,0.35,line_propagated,1号线,0,normal_info,0,1号线
ZZM_CN_8108a8085db6,ZZS_881a48e5bb,西三环,0.35,line_propagated,1号线,0,normal_info,0,1号线
ZZM_CN_8108a8085db6,ZZS_89f2ce9b1d,秦岭路,0.35,line_propagated,1号线,0,normal_info,0,1号线
ZZM_CN_8108a8085db6,ZZS_90196f31d6,郑州火车站,0.35,line_propagated,1号线,0,normal_info,0,1号线
ZZM_CN_8108a8085db6,ZZS_a14df2d44f,紫荆山,0.35,line_propagated,1号线,0,normal_info,0,1号线
ZZM_CN_8108a8085db6,ZZS_ae1b2afcad,梧桐街,0.35,line_propagated,1号线,0,normal_info,0,1号线
ZZM_CN_8108a8085db6,ZZS_aed2ee7bb7,河南工业大学,0.35,line_propagated,1号线,0,normal_info,0,1号线
ZZM_CN_8108a8085db6,ZZS_b0ac143899,龙子湖,0.35,line_propagated,1号线,0,normal_info,0,1号线
ZZM_CN_8108a8085db6,ZZS_b37a0bcf35,郑大科技园,0.35,line_propagated,1号线,0,normal_info,0,1号线
ZZM_CN_8108a8085db6,ZZS_b8d795b006,黄河南路,0.35,line_propagated,1号线,0,normal_info,0,1号线
ZZM_CN_8108a8085db6,ZZS_bb3c17098a,人民路,0.9,exact+line,1号线|人民路,0,normal_info,0,1号线
ZZM_CN_8108a8085db6,ZZS_bf7f2bfbd0,博学路,0.35,line_propagated,1号线,0,normal_info,0,1号线
ZZM_CN_8108a8085db6,ZZS_c9109d3d9f,医学院,0.35,line_propagated,1号线,0,normal_info,0,1号线
ZZM_CN_8108a8085db6,ZZS_cc61daaced,市体育中心,0.35,line_propagated,1号线,0,normal_info,0,1号线
ZZM_CN_8108a8085db6,ZZS_d61a964e41,市民中心,0.35,line_propagated,1号线,0,normal_info,0,1号线
ZZM_CN_8108a8085db6,ZZS_e4b35b2f4d,郑州大学,0.35,line_propagated,1号线,0,normal_info,0,1号线
ZZM_CN_8108a8085db6,ZZS_e67ffc082e,西流湖,0.35,line_propagated,1号线,0,normal_info,0,1号线
ZZM_CN_8108a8085db6,ZZS_ff2a277828,民航路,0.35,line_propagated,1号线,0,normal_info,0,1号线
ZZM_CN_8108a8085db6,ZZS_ff6940526d,郑州东站,0.35,line_propagated,1号线,0,normal_info,0,1号线
ZZM_CN_8116848bd5c3,ZZS_9a0290117b,新郑机场,0.9,exact,新郑机场,4,crowd_weather_external,0,
ZZM_CN_8116848bd5c3,ZZS_d0e428cc6b,孟庄,0.9,exact,孟庄,4,crowd_weather_external,0,
ZZM_CN_82f2dc7f247e,ZZS_00f55fa149,碧沙岗,0.35,line_propagated,1号线,0,normal_info,0,1号线
ZZM_CN_82f2dc7f247e,ZZS_065e638aef,东风南路,0.35,line_propagated,1号线,0,normal_info,0,1号线
ZZM_CN_82f2dc7f247e,ZZS_0660d199a6,农业南路,0.35,line_propagated,1号线,0,normal_info,0,1号线
ZZM_CN_82f2dc7f247e,ZZS_0ccbb4888d,二七广场,0.35,line_propagated,1号线,0,normal_info,0,1号线
ZZM_CN_82f2dc7f247e,ZZS_1acdaac4ce,铁炉,0.35,line_propagated,1号线,0,normal_info,0,1号线
ZZM_CN_82f2dc7f247e,ZZS_27d32a2e36,五一公园,0.35,line_propagated,1号线,0,normal_info,0,1号线
ZZM_CN_82f2dc7f247e,ZZS_3813354d55,绿城广场,0.35,line_propagated,1号线,0,normal_info,0,1号线
ZZM_CN_82f2dc7f247e,ZZS_38180914a0,燕庄,0.35,line_propagated,1号线,0,normal_info,0,1号线
ZZM_CN_82f2dc7f247e,ZZS_52a5a7940c,兰寨,0.35,line_propagated,1号线,0,normal_info,0,1号线
ZZM_CN_82f2dc7f247e,ZZS_5d37b2006d,河南大学新区,0.35,line_propagated,1号线,0,normal_info,0,1号线
ZZM_CN_82f2dc7f247e,ZZS_6c89efbe2c,文苑北路,0.35,line_propagated,1号线,0,normal_info,0,1号线
ZZM_CN_82f2dc7f247e,ZZS_87213b5129,会展中心,0.35,line_propagated,1号线,0,normal_info,0,1号线
ZZM_CN_82f2dc7f247e,ZZS_881a48e5bb,西三环,0.35,line_propagated,1号线,0,normal_info,0,1号线
ZZM_CN_82f2dc7f247e,ZZS_89f2ce9b1d,秦岭路,0.35,line_propagated,1号线,0,normal_info,0,1号线
ZZM_CN_82f2dc7f247e,ZZS_90196f31d6,郑州火车站,0.35,line_propagated,1号线,0,normal_info,0,1号线
ZZM_CN_82f2dc7f247e,ZZS_a14df2d44f,紫荆山,0.35,line_propagated,1号线,0,normal_info,0,1号线
ZZM_CN_82f2dc7f247e,ZZS_ae1b2afcad,梧桐街,0.35,line_propagated,1号线,0,normal_info,0,1号线
ZZM_CN_82f2dc7f247e,ZZS_aed2ee7bb7,河南工业大学,0.35,line_propagated,1号线,0,normal_info,0,1号线
ZZM_CN_82f2dc7f247e,ZZS_b0ac143899,龙子湖,0.35,line_propagated,1号线,0,normal_info,0,1号线
ZZM_CN_82f2dc7f247e,ZZS_b37a0bcf35,郑大科技园,0.35,line_propagated,1号线,0,normal_info,0,1号线
ZZM_CN_82f2dc7f247e,ZZS_b8d795b006,黄河南路,0.35,line_propagated,1号线,0,normal_info,0,1号线
ZZM_CN_82f2dc7f247e,ZZS_bb3c17098a,人民路,0.35,line_propagated,1号线,0,normal_info,0,1号线
ZZM_CN_82f2dc7f247e,ZZS_bf7f2bfbd0,博学路,0.35,line_propagated,1号线,0,normal_info,0,1号线
ZZM_CN_82f2dc7f247e,ZZS_c9109d3d9f,医学院,0.35,line_propagated,1号线,0,normal_info,0,1号线
ZZM_CN_82f2dc7f247e,ZZS_cc61daaced,市体育中心,0.35,line_propagated,1号线,0,normal_info,0,1号线
ZZM_CN_82f2dc7f247e,ZZS_d61a964e41,市民中心,0.35,line_propagated,1号线,0,normal_info,0,1号线
ZZM_CN_82f2dc7f247e,ZZS_e4b35b2f4d,郑州大学,0.35,line_propagated,1号线,0,normal_info,0,1号线
ZZM_CN_82f2dc7f247e,ZZS_e67ffc082e,西流湖,0.35,line_propagated,1号线,0,normal_info,0,1号线
ZZM_CN_82f2dc7f247e,ZZS_ff2a277828,民航路,0.35,line_propagated,1号线,0,normal_info,0,1号线
ZZM_CN_82f2dc7f247e,ZZS_ff6940526d,郑州东站,0.35,line_propagated,1号线,0,normal_info,0,1号线
ZZM_CN_83fea30b6411,ZZS_012609616a,金汇桥,0.35,line_propagated,6号线,0,normal_info,3,6号线
ZZM_CN_83fea30b6411,ZZS_1f9e3949c9,小营,0.35,line_propagated,6号线,0,normal_info,3,6号线
ZZM_CN_83fea30b6411,ZZS_20d2a84fd8,火车头体育场,0.35,line_propagated,6号线,0,normal_info,3,6号线
ZZM_CN_83fea30b6411,ZZS_2f6e9b8cad,贾峪,0.35,line_propagated,6号线,0,normal_info,3,6号线
ZZM_CN_83fea30b6411,ZZS_38180914a0,燕庄,0.35,line_propagated,6号线,0,normal_info,3,6号线
ZZM_CN_83fea30b6411,ZZS_388ac52a0a,大学中路,0.9,exact+line,6号线|大学中路,0,normal_info,3,6号线
ZZM_CN_83fea30b6411,ZZS_485552a0e0,马寨,0.35,line_propagated,6号线,0,normal_info,3,6号线
ZZM_CN_83fea30b6411,ZZS_50d016b586,二里岗东,0.35,line_propagated,6号线,0,normal_info,3,6号线
ZZM_CN_83fea30b6411,ZZS_5479c586b4,奥体中心,0.35,line_propagated,6号线,0,normal_info,3,6号线
ZZM_CN_83fea30b6411,ZZS_5d10963dfa,冯湾,0.35,line_propagated,6号线,0,normal_info,3,6号线
ZZM_CN_83fea30b6411,ZZS_5d76a54f7e,卧龙岗,0.35,line_propagated,6号线,0,normal_info,3,6号线
ZZM_CN_83fea30b6411,ZZS_7027bf40e7,金融岛西,0.35,line_propagated,6号线,0,normal_info,3,6号线
ZZM_CN_83fea30b6411,ZZS_77acb25c9b,洞林寺,0.35,line_propagated,6号线,0,normal_info,3,6号线
ZZM_CN_83fea30b6411,ZZS_7af1d05702,奥体中心西,0.35,line_propagated,6号线,0,normal_info,3,6号线
ZZM_CN_83fea30b6411,ZZS_920af7f7b2,陇秀公园,0.35,line_propagated,6号线,0,normal_info,3,6号线
ZZM_CN_83fea30b6411,ZZS_93b9249040,二里岗,0.35,line_propagated,6号线,0,normal_info,3,6号线
ZZM_CN_83fea30b6411,ZZS_9e03ca5f4c,常庄,0.35,line_propagated,6号线,0,normal_info,3,6号线
ZZM_CN_83fea30b6411,ZZS_ba70aa715e,博览中心,0.35,line_propagated,6号线,0,normal_info,3,6号线
ZZM_CN_83fea30b6411,ZZS_be7c73e65a,河南建院,0.35,line_propagated,6号线,0,normal_info,3,6号线
ZZM_CN_83fea30b6411,ZZS_c684a04cd3,李江沟,0.35,line_propagated,6号线,0,normal_info,3,6号线
ZZM_CN_83fea30b6411,ZZS_c720567666,桐淮,0.35,line_propagated,6号线,0,normal_info,3,6号线
ZZM_CN_83fea30b6411,ZZS_cb2e15cfa0,姚砦,0.35,line_propagated,6号线,0,normal_info,3,6号线
ZZM_CN_83fea30b6411,ZZS_ccf9ac5267,清华附中,0.35,line_propagated,6号线,0,normal_info,3,6号线
ZZM_CN_83fea30b6411,ZZS_d657129917,嵩淮,0.35,line_propagated,6号线,0,normal_info,3,6号线
ZZM_CN_83fea30b6411,ZZS_e6a9c90243,安宁路,0.35,line_propagated,6号线,0,normal_info,3,6号线
ZZM_CN_83fea30b6411,ZZS_eab04601b0,洞林湖,0.35,line_propagated,6号线,0,normal_info,3,6号线
ZZM_CN_83fea30b6411,ZZS_f593248d09,金桢路,0.35,line_propagated,6号线,0,normal_info,3,6号线
ZZM_CN_83fea30b6411,ZZS_fab270f5e2,凤凰台南,0.35,line_propagated,6号线,0,normal_info,3,6号线
ZZM_CN_848647847dd9,ZZS_047175b6e2,老鸦陈,0.35,line_propagated,4号线,1,service_disruption,2,4号线
ZZM_CN_848647847dd9,ZZS_06c5d1c11c,商鼎路,0.35,line_propagated,4号线,1,service_disruption,2,4号线
ZZM_CN_848647847dd9,ZZS_1236ed80e3,中央商务区,0.35,line_propagated,4号线,1,service_disruption,2,4号线
ZZM_CN_848647847dd9,ZZS_184971fb41,郎庄,0.35,line_propagated,4号线,1,service_disruption,2,4号线
ZZM_CN_848647847dd9,ZZS_1acd4fa835,金岱,0.35,line_propagated,4号线,1,service_disruption,2,4号线
ZZM_CN_848647847dd9,ZZS_1e911360df,姚庄,0.35,line_propagated,4号线,1,service_disruption,2,4号线
ZZM_CN_848647847dd9,ZZS_25a4eab92b,龙湖南,0.35,line_propagated,4号线,1,service_disruption,2,4号线
ZZM_CN_848647847dd9,ZZS_28ee7061d7,东十里铺,0.35,line_propagated,4号线,1,service_disruption,2,4号线
ZZM_CN_848647847dd9,ZZS_3546d6d127,丰庆路,0.35,line_propagated,4号线,1,service_disruption,2,4号线
ZZM_CN_848647847dd9,ZZS_45679e4fc0,七里河,0.35,line_propagated,4号线,1,service_disruption,2,4号线
ZZM_CN_848647847dd9,ZZS_542d10f6f0,金融岛北,0.35,line_propagated,4号线,1,service_disruption,2,4号线
ZZM_CN_848647847dd9,ZZS_548bc6fa98,陈寨东,0.35,line_propagated,4号线,1,service_disruption,2,4号线
ZZM_CN_848647847dd9,ZZS_55f9aea406,森林公园北,0.35,line_propagated,4号线,1,service_disruption,2,4号线
ZZM_CN_848647847dd9,ZZS_6605be2a4e,省体育中心,0.35,line_propagated,4号线,1,service_disruption,2,4号线
ZZM_CN_848647847dd9,ZZS_6a9a14f197,北二十里铺,0.35,line_propagated,4号线,1,service_disruption,2,4号线
ZZM_CN_848647847dd9,ZZS_87213b5129,会展中心,0.35,line_propagated,4号线,1,service_disruption,2,4号线
ZZM_CN_848647847dd9,ZZS_90c4ce1eb7,沙门,0.35,line_propagated,4号线,1,service_disruption,2,4号线
ZZM_CN_848647847dd9,ZZS_90de6fab35,货站街,0.35,line_propagated,4号线,1,service_disruption,2,4号线
ZZM_CN_848647847dd9,ZZS_93f56b73b3,果树所,0.35,line_propagated,4号线,1,service_disruption,2,4号线
ZZM_CN_848647847dd9,ZZS_95fb90b688,杨君刘,0.35,line_propagated,4号线,1,service_disruption,2,4号线
ZZM_CN_848647847dd9,ZZS_9965eccc39,龙湖中环北,0.35,line_propagated,4号线,1,service_disruption,2,4号线
ZZM_CN_848647847dd9,ZZS_aa3686fb6d,金融岛南,0.35,line_propagated,4号线,1,service_disruption,2,4号线
ZZM_CN_848647847dd9,ZZS_ccf9ac5267,清华附中,0.35,line_propagated,4号线,1,service_disruption,2,4号线
ZZM_CN_848647847dd9,ZZS_d86c49fbed,农业东路,0.35,line_propagated,4号线,1,service_disruption,2,4号线
ZZM_CN_848647847dd9,ZZS_dbb2385d18,龙湖北,0.35,line_propagated,4号线,1,service_disruption,2,4号线
ZZM_CN_848647847dd9,ZZS_eca427650a,张家村,0.35,line_propagated,4号线,1,service_disruption,2,4号线
ZZM_CN_848647847dd9,ZZS_eda0ec6e78,龙湖中环南,0.35,line_propagated,4号线,1,service_disruption,2,4号线
ZZM_CN_866a6d9df8e0,ZZS_001bf66fc1,陇海西路,0.35,line_propagated,5号线,0,normal_info,0,5号线
ZZM_CN_866a6d9df8e0,ZZS_1236ed80e3,中央商务区,0.9,exact+line,5号线|中央商务区,0,normal_info,0,5号线
ZZM_CN_866a6d9df8e0,ZZS_1246e07d02,城东南路,0.35,line_propagated,5号线,0,normal_info,0,5号线
ZZM_CN_866a6d9df8e0,ZZS_136c32a256,市中心医院,0.35,line_propagated,5号线,0,normal_info,0,5号线
ZZM_CN_866a6d9df8e0,ZZS_14efbdcc1b,福塔东,0.35,line_propagated,5号线,0,normal_info,0,5号线
ZZM_CN_866a6d9df8e0,ZZS_190cc56901,金水东路,0.35,line_propagated,5号线,0,normal_info,0,5号线
ZZM_CN_866a6d9df8e0,ZZS_20262a52f0,南五里堡,0.9,exact+line,5号线|南五里堡,0,normal_info,0,5号线
ZZM_CN_866a6d9df8e0,ZZS_20dcf363fc,康宁街,0.9,exact+line,5号线|康宁街,0,normal_info,0,5号线
ZZM_CN_866a6d9df8e0,ZZS_27d32a2e36,五一公园,0.9,exact+line,5号线|五一公园,0,normal_info,0,5号线
ZZM_CN_866a6d9df8e0,ZZS_2db8e2eabe,经北二路,0.35,line_propagated,5号线,0,normal_info,0,5号线
ZZM_CN_866a6d9df8e0,ZZS_31a002aa03,海滩寺,0.35,line_propagated,5号线,0,normal_info,0,5号线
ZZM_CN_866a6d9df8e0,ZZS_386438745b,祭城,0.35,line_propagated,5号线,0,normal_info,0,5号线
ZZM_CN_866a6d9df8e0,ZZS_3ada9c57dc,众意西路,0.35,line_propagated,5号线,0,normal_info,0,5号线
ZZM_CN_866a6d9df8e0,ZZS_45679e4fc0,七里河,0.35,line_propagated,5号线,0,normal_info,0,5号线
ZZM_CN_866a6d9df8e0,ZZS_4dd2360957,京广南路,0.35,line_propagated,5号线,0,normal_info,0,5号线
ZZM_CN_866a6d9df8e0,ZZS_5b6c4f8186,郑州人民医院,0.35,line_propagated,5号线,0,normal_info,0,5号线
ZZM_CN_866a6d9df8e0,ZZS_5babce6145,中原福塔,0.9,exact+line,5号线|中原福塔,0,normal_info,0,5号线
ZZM_CN_866a6d9df8e0,ZZS_5dc87121c2,市第二人民医院,0.35,line_propagated,5号线,0,normal_info,0,5号线
ZZM_CN_866a6d9df8e0,ZZS_7dd13fd23f,黄河路,0.9,exact+line,5号线|黄河路,0,normal_info,0,5号线
ZZM_CN_866a6d9df8e0,ZZS_9a26907088,齐礼阎,0.35,line_propagated,5号线,0,normal_info,0,5号线
ZZM_CN_866a6d9df8e0,ZZS_9d8185e03c,省人民医院,0.35,line_propagated,5号线,0,normal_info,0,5号线
ZZM_CN_866a6d9df8e0,ZZS_a3cc0229f4,省骨科医院,0.35,line_propagated,5号线,0,normal_info,0,5号线
ZZM_CN_866a6d9df8e0,ZZS_ae7cc361da,月季公园,0.35,line_propagated,5号线,0,normal_info,0,5号线
ZZM_CN_866a6d9df8e0,ZZS_bd17c52fa6,儿童医院,0.35,line_propagated,5号线,0,normal_info,0,5号线
ZZM_CN_866a6d9df8e0,ZZS_c720567666,桐淮,0.35,line_propagated,5号线,0,normal_info,0,5号线
ZZM_CN_866a6d9df8e0,ZZS_c94675c30b,后河芦,0.35,line_propagated,5号线,0,normal_info,0,5号线
ZZM_CN_866a6d9df8e0,ZZS_c995bf7092,经开中心广场,0.35,line_propagated,5号线,0,normal_info,0,5号线
ZZM_CN_866a6d9df8e0,ZZS_cb2e15cfa0,姚砦,0.35,line_propagated,5号线,0,normal_info,0,5号线
ZZM_CN_866a6d9df8e0,ZZS_deb2edc4a2,沙口路,0.35,line_propagated,5号线,0,normal_info,0,5号线
ZZM_CN_866a6d9df8e0,ZZS_f095e9678f,航海广场,0.35,line_propagated,5号线,0,normal_info,0,5号线
ZZM_CN_866a6d9df8e0,ZZS_f97030e2b9,冯庄,0.35,line_propagated,5号线,0,normal_info,0,5号线
ZZM_CN_866a6d9df8e0,ZZS_ff6940526d,郑州东站,0.9,exact+line,5号线|郑州东站,0,normal_info,0,5号线
ZZM_CN_8683f6a9adb7,ZZS_00f55fa149,碧沙岗,0.35,line_propagated,1号线,0,normal_info,0,1号线
ZZM_CN_8683f6a9adb7,ZZS_065e638aef,东风南路,0.35,line_propagated,1号线,0,normal_info,0,1号线
ZZM_CN_8683f6a9adb7,ZZS_0660d199a6,农业南路,0.35,line_propagated,1号线,0,normal_info,0,1号线
ZZM_CN_8683f6a9adb7,ZZS_0ccbb4888d,二七广场,0.35,line_propagated,1号线,0,normal_info,0,1号线
ZZM_CN_8683f6a9adb7,ZZS_1acdaac4ce,铁炉,0.35,line_propagated,1号线,0,normal_info,0,1号线
ZZM_CN_8683f6a9adb7,ZZS_27d32a2e36,五一公园,0.35,line_propagated,1号线,0,normal_info,0,1号线
ZZM_CN_8683f6a9adb7,ZZS_3813354d55,绿城广场,0.35,line_propagated,1号线,0,normal_info,0,1号线
ZZM_CN_8683f6a9adb7,ZZS_38180914a0,燕庄,0.35,line_propagated,1号线,0,normal_info,0,1号线
ZZM_CN_8683f6a9adb7,ZZS_52a5a7940c,兰寨,0.35,line_propagated,1号线,0,normal_info,0,1号线
ZZM_CN_8683f6a9adb7,ZZS_5d37b2006d,河南大学新区,0.35,line_propagated,1号线,0,normal_info,0,1号线
ZZM_CN_8683f6a9adb7,ZZS_6c89efbe2c,文苑北路,0.35,line_propagated,1号线,0,normal_info,0,1号线
ZZM_CN_8683f6a9adb7,ZZS_87213b5129,会展中心,0.35,line_propagated,1号线,0,normal_info,0,1号线
ZZM_CN_8683f6a9adb7,ZZS_881a48e5bb,西三环,0.35,line_propagated,1号线,0,normal_info,0,1号线
ZZM_CN_8683f6a9adb7,ZZS_89f2ce9b1d,秦岭路,0.35,line_propagated,1号线,0,normal_info,0,1号线
ZZM_CN_8683f6a9adb7,ZZS_90196f31d6,郑州火车站,0.35,line_propagated,1号线,0,normal_info,0,1号线
ZZM_CN_8683f6a9adb7,ZZS_a14df2d44f,紫荆山,0.35,line_propagated,1号线,0,normal_info,0,1号线
ZZM_CN_8683f6a9adb7,ZZS_ae1b2afcad,梧桐街,0.35,line_propagated,1号线,0,normal_info,0,1号线
ZZM_CN_8683f6a9adb7,ZZS_aed2ee7bb7,河南工业大学,0.35,line_propagated,1号线,0,normal_info,0,1号线
ZZM_CN_8683f6a9adb7,ZZS_b0ac143899,龙子湖,0.35,line_propagated,1号线,0,normal_info,0,1号线
ZZM_CN_8683f6a9adb7,ZZS_b37a0bcf35,郑大科技园,0.35,line_propagated,1号线,0,normal_info,0,1号线
ZZM_CN_8683f6a9adb7,ZZS_b8d795b006,黄河南路,0.35,line_propagated,1号线,0,normal_info,0,1号线
ZZM_CN_8683f6a9adb7,ZZS_bb3c17098a,人民路,0.35,line_propagated,1号线,0,normal_info,0,1号线
ZZM_CN_8683f6a9adb7,ZZS_bf7f2bfbd0,博学路,0.35,line_propagated,1号线,0,normal_info,0,1号线
ZZM_CN_8683f6a9adb7,ZZS_c9109d3d9f,医学院,0.35,line_propagated,1号线,0,normal_info,0,1号线
ZZM_CN_8683f6a9adb7,ZZS_cc61daaced,市体育中心,0.35,line_propagated,1号线,0,normal_info,0,1号线
ZZM_CN_8683f6a9adb7,ZZS_d61a964e41,市民中心,0.35,line_propagated,1号线,0,normal_info,0,1号线
ZZM_CN_8683f6a9adb7,ZZS_e4b35b2f4d,郑州大学,0.35,line_propagated,1号线,0,normal_info,0,1号线
ZZM_CN_8683f6a9adb7,ZZS_e67ffc082e,西流湖,0.35,line_propagated,1号线,0,normal_info,0,1号线
ZZM_CN_8683f6a9adb7,ZZS_ff2a277828,民航路,0.35,line_propagated,1号线,0,normal_info,0,1号线
ZZM_CN_8683f6a9adb7,ZZS_ff6940526d,郑州东站,0.35,line_propagated,1号线,0,normal_info,0,1号线
ZZM_CN_871e8a27f44f,ZZS_00f55fa149,碧沙岗,0.35,line_propagated,1号线,0,normal_info,0,1号线
ZZM_CN_871e8a27f44f,ZZS_065e638aef,东风南路,0.35,line_propagated,1号线,0,normal_info,0,1号线
ZZM_CN_871e8a27f44f,ZZS_0660d199a6,农业南路,0.35,line_propagated,1号线,0,normal_info,0,1号线
ZZM_CN_871e8a27f44f,ZZS_0ccbb4888d,二七广场,0.35,line_propagated,1号线,0,normal_info,0,1号线
ZZM_CN_871e8a27f44f,ZZS_1acdaac4ce,铁炉,0.35,line_propagated,1号线,0,normal_info,0,1号线
ZZM_CN_871e8a27f44f,ZZS_27d32a2e36,五一公园,0.35,line_propagated,1号线,0,normal_info,0,1号线
ZZM_CN_871e8a27f44f,ZZS_3813354d55,绿城广场,0.35,line_propagated,1号线,0,normal_info,0,1号线
ZZM_CN_871e8a27f44f,ZZS_38180914a0,燕庄,0.35,line_propagated,1号线,0,normal_info,0,1号线
ZZM_CN_871e8a27f44f,ZZS_52a5a7940c,兰寨,0.35,line_propagated,1号线,0,normal_info,0,1号线
ZZM_CN_871e8a27f44f,ZZS_5d37b2006d,河南大学新区,0.35,line_propagated,1号线,0,normal_info,0,1号线
ZZM_CN_871e8a27f44f,ZZS_6c89efbe2c,文苑北路,0.35,line_propagated,1号线,0,normal_info,0,1号线
ZZM_CN_871e8a27f44f,ZZS_87213b5129,会展中心,0.35,line_propagated,1号线,0,normal_info,0,1号线
ZZM_CN_871e8a27f44f,ZZS_881a48e5bb,西三环,0.35,line_propagated,1号线,0,normal_info,0,1号线
ZZM_CN_871e8a27f44f,ZZS_89f2ce9b1d,秦岭路,0.35,line_propagated,1号线,0,normal_info,0,1号线
ZZM_CN_871e8a27f44f,ZZS_90196f31d6,郑州火车站,0.35,line_propagated,1号线,0,normal_info,0,1号线
ZZM_CN_871e8a27f44f,ZZS_a14df2d44f,紫荆山,0.35,line_propagated,1号线,0,normal_info,0,1号线
ZZM_CN_871e8a27f44f,ZZS_ae1b2afcad,梧桐街,0.35,line_propagated,1号线,0,normal_info,0,1号线
ZZM_CN_871e8a27f44f,ZZS_aed2ee7bb7,河南工业大学,0.35,line_propagated,1号线,0,normal_info,0,1号线
ZZM_CN_871e8a27f44f,ZZS_b0ac143899,龙子湖,0.35,line_propagated,1号线,0,normal_info,0,1号线
ZZM_CN_871e8a27f44f,ZZS_b37a0bcf35,郑大科技园,0.35,line_propagated,1号线,0,normal_info,0,1号线
ZZM_CN_871e8a27f44f,ZZS_b8d795b006,黄河南路,0.35,line_propagated,1号线,0,normal_info,0,1号线
ZZM_CN_871e8a27f44f,ZZS_bb3c17098a,人民路,0.35,line_propagated,1号线,0,normal_info,0,1号线
ZZM_CN_871e8a27f44f,ZZS_bf7f2bfbd0,博学路,0.35,line_propagated,1号线,0,normal_info,0,1号线
ZZM_CN_871e8a27f44f,ZZS_c9109d3d9f,医学院,0.35,line_propagated,1号线,0,normal_info,0,1号线
ZZM_CN_871e8a27f44f,ZZS_cc61daaced,市体育中心,0.35,line_propagated,1号线,0,normal_info,0,1号线
ZZM_CN_871e8a27f44f,ZZS_d61a964e41,市民中心,0.35,line_propagated,1号线,0,normal_info,0,1号线
ZZM_CN_871e8a27f44f,ZZS_e4b35b2f4d,郑州大学,0.35,line_propagated,1号线,0,normal_info,0,1号线
ZZM_CN_871e8a27f44f,ZZS_e67ffc082e,西流湖,0.35,line_propagated,1号线,0,normal_info,0,1号线
ZZM_CN_871e8a27f44f,ZZS_ff2a277828,民航路,0.35,line_propagated,1号线,0,normal_info,0,1号线
ZZM_CN_871e8a27f44f,ZZS_ff6940526d,郑州东站,0.35,line_propagated,1号线,0,normal_info,0,1号线
ZZM_CN_8737de37220c,ZZS_00f55fa149,碧沙岗,0.35,line_propagated,1号线,0,normal_info,0,1号线
ZZM_CN_8737de37220c,ZZS_065e638aef,东风南路,0.35,line_propagated,1号线,0,normal_info,0,1号线
ZZM_CN_8737de37220c,ZZS_0660d199a6,农业南路,0.35,line_propagated,1号线,0,normal_info,0,1号线
ZZM_CN_8737de37220c,ZZS_0ccbb4888d,二七广场,0.35,line_propagated,1号线,0,normal_info,0,1号线
ZZM_CN_8737de37220c,ZZS_1acdaac4ce,铁炉,0.35,line_propagated,1号线,0,normal_info,0,1号线
ZZM_CN_8737de37220c,ZZS_27d32a2e36,五一公园,0.35,line_propagated,1号线,0,normal_info,0,1号线
ZZM_CN_8737de37220c,ZZS_3813354d55,绿城广场,0.35,line_propagated,1号线,0,normal_info,0,1号线
ZZM_CN_8737de37220c,ZZS_38180914a0,燕庄,0.35,line_propagated,1号线,0,normal_info,0,1号线
ZZM_CN_8737de37220c,ZZS_52a5a7940c,兰寨,0.35,line_propagated,1号线,0,normal_info,0,1号线
ZZM_CN_8737de37220c,ZZS_5d37b2006d,河南大学新区,0.35,line_propagated,1号线,0,normal_info,0,1号线
ZZM_CN_8737de37220c,ZZS_6c89efbe2c,文苑北路,0.35,line_propagated,1号线,0,normal_info,0,1号线
ZZM_CN_8737de37220c,ZZS_87213b5129,会展中心,0.35,line_propagated,1号线,0,normal_info,0,1号线
ZZM_CN_8737de37220c,ZZS_881a48e5bb,西三环,0.35,line_propagated,1号线,0,normal_info,0,1号线
ZZM_CN_8737de37220c,ZZS_89f2ce9b1d,秦岭路,0.35,line_propagated,1号线,0,normal_info,0,1号线
ZZM_CN_8737de37220c,ZZS_90196f31d6,郑州火车站,0.35,line_propagated,1号线,0,normal_info,0,1号线
ZZM_CN_8737de37220c,ZZS_a14df2d44f,紫荆山,0.9,exact+line,1号线|紫荆山,0,normal_info,0,1号线
ZZM_CN_8737de37220c,ZZS_ae1b2afcad,梧桐街,0.35,line_propagated,1号线,0,normal_info,0,1号线
ZZM_CN_8737de37220c,ZZS_aed2ee7bb7,河南工业大学,0.35,line_propagated,1号线,0,normal_info,0,1号线
ZZM_CN_8737de37220c,ZZS_b0ac143899,龙子湖,0.35,line_propagated,1号线,0,normal_info,0,1号线
ZZM_CN_8737de37220c,ZZS_b37a0bcf35,郑大科技园,0.35,line_propagated,1号线,0,normal_info,0,1号线
ZZM_CN_8737de37220c,ZZS_b8d795b006,黄河南路,0.35,line_propagated,1号线,0,normal_info,0,1号线
ZZM_CN_8737de37220c,ZZS_bb3c17098a,人民路,0.35,line_propagated,1号线,0,normal_info,0,1号线
ZZM_CN_8737de37220c,ZZS_bf7f2bfbd0,博学路,0.35,line_propagated,1号线,0,normal_info,0,1号线
ZZM_CN_8737de37220c,ZZS_c9109d3d9f,医学院,0.35,line_propagated,1号线,0,normal_info,0,1号线
ZZM_CN_8737de37220c,ZZS_cc61daaced,市体育中心,0.35,line_propagated,1号线,0,normal_info,0,1号线
ZZM_CN_8737de37220c,ZZS_d61a964e41,市民中心,0.35,line_propagated,1号线,0,normal_info,0,1号线
ZZM_CN_8737de37220c,ZZS_e4b35b2f4d,郑州大学,0.35,line_propagated,1号线,0,normal_info,0,1号线
ZZM_CN_8737de37220c,ZZS_e67ffc082e,西流湖,0.35,line_propagated,1号线,0,normal_info,0,1号线
ZZM_CN_8737de37220c,ZZS_ff2a277828,民航路,0.35,line_propagated,1号线,0,normal_info,0,1号线
ZZM_CN_8737de37220c,ZZS_ff6940526d,郑州东站,0.35,line_propagated,1号线,0,normal_info,0,1号线
ZZM_CN_87a34f3b2b30,ZZS_00f55fa149,碧沙岗,0.35,line_propagated,1号线,0,normal_info,0,1号线
ZZM_CN_87a34f3b2b30,ZZS_065e638aef,东风南路,0.35,line_propagated,1号线,0,normal_info,0,1号线
ZZM_CN_87a34f3b2b30,ZZS_0660d199a6,农业南路,0.35,line_propagated,1号线,0,normal_info,0,1号线
ZZM_CN_87a34f3b2b30,ZZS_0ccbb4888d,二七广场,0.35,line_propagated,1号线,0,normal_info,0,1号线
ZZM_CN_87a34f3b2b30,ZZS_1acdaac4ce,铁炉,0.35,line_propagated,1号线,0,normal_info,0,1号线
ZZM_CN_87a34f3b2b30,ZZS_27d32a2e36,五一公园,0.35,line_propagated,1号线,0,normal_info,0,1号线
ZZM_CN_87a34f3b2b30,ZZS_3813354d55,绿城广场,0.35,line_propagated,1号线,0,normal_info,0,1号线
ZZM_CN_87a34f3b2b30,ZZS_38180914a0,燕庄,0.35,line_propagated,1号线,0,normal_info,0,1号线
ZZM_CN_87a34f3b2b30,ZZS_52a5a7940c,兰寨,0.35,line_propagated,1号线,0,normal_info,0,1号线
ZZM_CN_87a34f3b2b30,ZZS_5d37b2006d,河南大学新区,0.35,line_propagated,1号线,0,normal_info,0,1号线
ZZM_CN_87a34f3b2b30,ZZS_6c89efbe2c,文苑北路,0.35,line_propagated,1号线,0,normal_info,0,1号线
ZZM_CN_87a34f3b2b30,ZZS_87213b5129,会展中心,0.35,line_propagated,1号线,0,normal_info,0,1号线
ZZM_CN_87a34f3b2b30,ZZS_881a48e5bb,西三环,0.35,line_propagated,1号线,0,normal_info,0,1号线
ZZM_CN_87a34f3b2b30,ZZS_89f2ce9b1d,秦岭路,0.35,line_propagated,1号线,0,normal_info,0,1号线
ZZM_CN_87a34f3b2b30,ZZS_90196f31d6,郑州火车站,0.35,line_propagated,1号线,0,normal_info,0,1号线
ZZM_CN_87a34f3b2b30,ZZS_a14df2d44f,紫荆山,0.35,line_propagated,1号线,0,normal_info,0,1号线
ZZM_CN_87a34f3b2b30,ZZS_ae1b2afcad,梧桐街,0.35,line_propagated,1号线,0,normal_info,0,1号线
ZZM_CN_87a34f3b2b30,ZZS_aed2ee7bb7,河南工业大学,0.35,line_propagated,1号线,0,normal_info,0,1号线
ZZM_CN_87a34f3b2b30,ZZS_b0ac143899,龙子湖,0.35,line_propagated,1号线,0,normal_info,0,1号线
ZZM_CN_87a34f3b2b30,ZZS_b37a0bcf35,郑大科技园,0.35,line_propagated,1号线,0,normal_info,0,1号线
ZZM_CN_87a34f3b2b30,ZZS_b8d795b006,黄河南路,0.35,line_propagated,1号线,0,normal_info,0,1号线
ZZM_CN_87a34f3b2b30,ZZS_bb3c17098a,人民路,0.35,line_propagated,1号线,0,normal_info,0,1号线
ZZM_CN_87a34f3b2b30,ZZS_bf7f2bfbd0,博学路,0.35,line_propagated,1号线,0,normal_info,0,1号线
ZZM_CN_87a34f3b2b30,ZZS_c9109d3d9f,医学院,0.35,line_propagated,1号线,0,normal_info,0,1号线
ZZM_CN_87a34f3b2b30,ZZS_cc61daaced,市体育中心,0.35,line_propagated,1号线,0,normal_info,0,1号线
ZZM_CN_87a34f3b2b30,ZZS_d61a964e41,市民中心,0.35,line_propagated,1号线,0,normal_info,0,1号线
ZZM_CN_87a34f3b2b30,ZZS_e4b35b2f4d,郑州大学,0.35,line_propagated,1号线,0,normal_info,0,1号线
ZZM_CN_87a34f3b2b30,ZZS_e67ffc082e,西流湖,0.35,line_propagated,1号线,0,normal_info,0,1号线
ZZM_CN_87a34f3b2b30,ZZS_ff2a277828,民航路,0.35,line_propagated,1号线,0,normal_info,0,1号线
ZZM_CN_87a34f3b2b30,ZZS_ff6940526d,郑州东站,0.35,line_propagated,1号线,0,normal_info,0,1号线
ZZM_CN_88c93ae3ac35,ZZS_00f55fa149,碧沙岗,0.35,line_propagated,1号线,0,normal_info,0,1号线
ZZM_CN_88c93ae3ac35,ZZS_065e638aef,东风南路,0.35,line_propagated,1号线,0,normal_info,0,1号线
ZZM_CN_88c93ae3ac35,ZZS_0660d199a6,农业南路,0.35,line_propagated,1号线,0,normal_info,0,1号线
ZZM_CN_88c93ae3ac35,ZZS_0ccbb4888d,二七广场,0.35,line_propagated,1号线,0,normal_info,0,1号线
ZZM_CN_88c93ae3ac35,ZZS_1acdaac4ce,铁炉,0.35,line_propagated,1号线,0,normal_info,0,1号线
ZZM_CN_88c93ae3ac35,ZZS_27d32a2e36,五一公园,0.35,line_propagated,1号线,0,normal_info,0,1号线
ZZM_CN_88c93ae3ac35,ZZS_3813354d55,绿城广场,0.35,line_propagated,1号线,0,normal_info,0,1号线
ZZM_CN_88c93ae3ac35,ZZS_38180914a0,燕庄,0.35,line_propagated,1号线,0,normal_info,0,1号线
ZZM_CN_88c93ae3ac35,ZZS_52a5a7940c,兰寨,0.35,line_propagated,1号线,0,normal_info,0,1号线
ZZM_CN_88c93ae3ac35,ZZS_5d37b2006d,河南大学新区,0.35,line_propagated,1号线,0,normal_info,0,1号线
ZZM_CN_88c93ae3ac35,ZZS_6c89efbe2c,文苑北路,0.35,line_propagated,1号线,0,normal_info,0,1号线
ZZM_CN_88c93ae3ac35,ZZS_87213b5129,会展中心,0.35,line_propagated,1号线,0,normal_info,0,1号线
ZZM_CN_88c93ae3ac35,ZZS_881a48e5bb,西三环,0.35,line_propagated,1号线,0,normal_info,0,1号线
ZZM_CN_88c93ae3ac35,ZZS_89f2ce9b1d,秦岭路,0.35,line_propagated,1号线,0,normal_info,0,1号线
ZZM_CN_88c93ae3ac35,ZZS_90196f31d6,郑州火车站,0.35,line_propagated,1号线,0,normal_info,0,1号线
ZZM_CN_88c93ae3ac35,ZZS_a14df2d44f,紫荆山,0.35,line_propagated,1号线,0,normal_info,0,1号线
ZZM_CN_88c93ae3ac35,ZZS_ae1b2afcad,梧桐街,0.35,line_propagated,1号线,0,normal_info,0,1号线
ZZM_CN_88c93ae3ac35,ZZS_aed2ee7bb7,河南工业大学,0.35,line_propagated,1号线,0,normal_info,0,1号线
ZZM_CN_88c93ae3ac35,ZZS_b0ac143899,龙子湖,0.35,line_propagated,1号线,0,normal_info,0,1号线
ZZM_CN_88c93ae3ac35,ZZS_b37a0bcf35,郑大科技园,0.35,line_propagated,1号线,0,normal_info,0,1号线
ZZM_CN_88c93ae3ac35,ZZS_b8d795b006,黄河南路,0.35,line_propagated,1号线,0,normal_info,0,1号线
ZZM_CN_88c93ae3ac35,ZZS_bb3c17098a,人民路,0.35,line_propagated,1号线,0,normal_info,0,1号线
ZZM_CN_88c93ae3ac35,ZZS_bf7f2bfbd0,博学路,0.35,line_propagated,1号线,0,normal_info,0,1号线
ZZM_CN_88c93ae3ac35,ZZS_c9109d3d9f,医学院,0.35,line_propagated,1号线,0,normal_info,0,1号线
ZZM_CN_88c93ae3ac35,ZZS_cc61daaced,市体育中心,0.35,line_propagated,1号线,0,normal_info,0,1号线
ZZM_CN_88c93ae3ac35,ZZS_d61a964e41,市民中心,0.35,line_propagated,1号线,0,normal_info,0,1号线
ZZM_CN_88c93ae3ac35,ZZS_e4b35b2f4d,郑州大学,0.35,line_propagated,1号线,0,normal_info,0,1号线
ZZM_CN_88c93ae3ac35,ZZS_e67ffc082e,西流湖,0.35,line_propagated,1号线,0,normal_info,0,1号线
ZZM_CN_88c93ae3ac35,ZZS_ff2a277828,民航路,0.35,line_propagated,1号线,0,normal_info,0,1号线
ZZM_CN_88c93ae3ac35,ZZS_ff6940526d,郑州东站,0.35,line_propagated,1号线,0,normal_info,0,1号线
ZZM_CN_8971103d930a,ZZS_00f55fa149,碧沙岗,0.35,line_propagated,1号线,0,normal_info,0,1号线|4号线
ZZM_CN_8971103d930a,ZZS_047175b6e2,老鸦陈,0.35,line_propagated,4号线,0,normal_info,0,1号线|4号线
ZZM_CN_8971103d930a,ZZS_065e638aef,东风南路,0.35,line_propagated,1号线,0,normal_info,0,1号线|4号线
ZZM_CN_8971103d930a,ZZS_0660d199a6,农业南路,0.35,line_propagated,1号线,0,normal_info,0,1号线|4号线
ZZM_CN_8971103d930a,ZZS_06c5d1c11c,商鼎路,0.35,line_propagated,4号线,0,normal_info,0,1号线|4号线
ZZM_CN_8971103d930a,ZZS_0ccbb4888d,二七广场,0.35,line_propagated,1号线,0,normal_info,0,1号线|4号线
ZZM_CN_8971103d930a,ZZS_1236ed80e3,中央商务区,0.35,line_propagated,4号线,0,normal_info,0,1号线|4号线
ZZM_CN_8971103d930a,ZZS_184971fb41,郎庄,0.35,line_propagated,4号线,0,normal_info,0,1号线|4号线
ZZM_CN_8971103d930a,ZZS_1acd4fa835,金岱,0.35,line_propagated,4号线,0,normal_info,0,1号线|4号线
ZZM_CN_8971103d930a,ZZS_1acdaac4ce,铁炉,0.35,line_propagated,1号线,0,normal_info,0,1号线|4号线
ZZM_CN_8971103d930a,ZZS_1e911360df,姚庄,0.35,line_propagated,4号线,0,normal_info,0,1号线|4号线
ZZM_CN_8971103d930a,ZZS_25a4eab92b,龙湖南,0.35,line_propagated,4号线,0,normal_info,0,1号线|4号线
ZZM_CN_8971103d930a,ZZS_27d32a2e36,五一公园,0.35,line_propagated,1号线,0,normal_info,0,1号线|4号线
ZZM_CN_8971103d930a,ZZS_28ee7061d7,东十里铺,0.35,line_propagated,4号线,0,normal_info,0,1号线|4号线
ZZM_CN_8971103d930a,ZZS_3546d6d127,丰庆路,0.35,line_propagated,4号线,0,normal_info,0,1号线|4号线
ZZM_CN_8971103d930a,ZZS_3813354d55,绿城广场,0.35,line_propagated,1号线,0,normal_info,0,1号线|4号线
ZZM_CN_8971103d930a,ZZS_38180914a0,燕庄,0.35,line_propagated,1号线,0,normal_info,0,1号线|4号线
ZZM_CN_8971103d930a,ZZS_45679e4fc0,七里河,0.35,line_propagated,4号线,0,normal_info,0,1号线|4号线
ZZM_CN_8971103d930a,ZZS_52a5a7940c,兰寨,0.35,line_propagated,1号线,0,normal_info,0,1号线|4号线
ZZM_CN_8971103d930a,ZZS_542d10f6f0,金融岛北,0.35,line_propagated,4号线,0,normal_info,0,1号线|4号线
ZZM_CN_8971103d930a,ZZS_548bc6fa98,陈寨东,0.35,line_propagated,4号线,0,normal_info,0,1号线|4号线
ZZM_CN_8971103d930a,ZZS_55f9aea406,森林公园北,0.35,line_propagated,4号线,0,normal_info,0,1号线|4号线
ZZM_CN_8971103d930a,ZZS_5d37b2006d,河南大学新区,0.35,line_propagated,1号线,0,normal_info,0,1号线|4号线
ZZM_CN_8971103d930a,ZZS_6605be2a4e,省体育中心,0.35,line_propagated,4号线,0,normal_info,0,1号线|4号线
ZZM_CN_8971103d930a,ZZS_6a9a14f197,北二十里铺,0.35,line_propagated,4号线,0,normal_info,0,1号线|4号线
ZZM_CN_8971103d930a,ZZS_6c89efbe2c,文苑北路,0.35,line_propagated,1号线,0,normal_info,0,1号线|4号线
ZZM_CN_8971103d930a,ZZS_87213b5129,会展中心,0.35,line_propagated,1号线|4号线,0,normal_info,0,1号线|4号线
ZZM_CN_8971103d930a,ZZS_881a48e5bb,西三环,0.35,line_propagated,1号线,0,normal_info,0,1号线|4号线
ZZM_CN_8971103d930a,ZZS_89f2ce9b1d,秦岭路,0.35,line_propagated,1号线,0,normal_info,0,1号线|4号线
ZZM_CN_8971103d930a,ZZS_90196f31d6,郑州火车站,0.35,line_propagated,1号线,0,normal_info,0,1号线|4号线
ZZM_CN_8971103d930a,ZZS_90c4ce1eb7,沙门,0.35,line_propagated,4号线,0,normal_info,0,1号线|4号线
ZZM_CN_8971103d930a,ZZS_90de6fab35,货站街,0.35,line_propagated,4号线,0,normal_info,0,1号线|4号线
ZZM_CN_8971103d930a,ZZS_93f56b73b3,果树所,0.35,line_propagated,4号线,0,normal_info,0,1号线|4号线
ZZM_CN_8971103d930a,ZZS_95fb90b688,杨君刘,0.35,line_propagated,4号线,0,normal_info,0,1号线|4号线
ZZM_CN_8971103d930a,ZZS_9965eccc39,龙湖中环北,0.35,line_propagated,4号线,0,normal_info,0,1号线|4号线
ZZM_CN_8971103d930a,ZZS_a14df2d44f,紫荆山,0.35,line_propagated,1号线,0,normal_info,0,1号线|4号线
ZZM_CN_8971103d930a,ZZS_aa3686fb6d,金融岛南,0.35,line_propagated,4号线,0,normal_info,0,1号线|4号线
ZZM_CN_8971103d930a,ZZS_ae1b2afcad,梧桐街,0.35,line_propagated,1号线,0,normal_info,0,1号线|4号线
ZZM_CN_8971103d930a,ZZS_aed2ee7bb7,河南工业大学,0.35,line_propagated,1号线,0,normal_info,0,1号线|4号线
ZZM_CN_8971103d930a,ZZS_b0ac143899,龙子湖,0.35,line_propagated,1号线,0,normal_info,0,1号线|4号线
ZZM_CN_8971103d930a,ZZS_b37a0bcf35,郑大科技园,0.35,line_propagated,1号线,0,normal_info,0,1号线|4号线
ZZM_CN_8971103d930a,ZZS_b8d795b006,黄河南路,0.35,line_propagated,1号线,0,normal_info,0,1号线|4号线
ZZM_CN_8971103d930a,ZZS_bb3c17098a,人民路,0.35,line_propagated,1号线,0,normal_info,0,1号线|4号线
ZZM_CN_8971103d930a,ZZS_bf7f2bfbd0,博学路,0.35,line_propagated,1号线,0,normal_info,0,1号线|4号线
ZZM_CN_8971103d930a,ZZS_c9109d3d9f,医学院,0.35,line_propagated,1号线,0,normal_info,0,1号线|4号线
ZZM_CN_8971103d930a,ZZS_cc61daaced,市体育中心,0.35,line_propagated,1号线,0,normal_info,0,1号线|4号线
ZZM_CN_8971103d930a,ZZS_ccf9ac5267,清华附中,0.35,line_propagated,4号线,0,normal_info,0,1号线|4号线
ZZM_CN_8971103d930a,ZZS_d61a964e41,市民中心,0.35,line_propagated,1号线,0,normal_info,0,1号线|4号线
ZZM_CN_8971103d930a,ZZS_d86c49fbed,农业东路,0.35,line_propagated,4号线,0,normal_info,0,1号线|4号线
ZZM_CN_8971103d930a,ZZS_dbb2385d18,龙湖北,0.35,line_propagated,4号线,0,normal_info,0,1号线|4号线
ZZM_CN_8971103d930a,ZZS_e4b35b2f4d,郑州大学,0.35,line_propagated,1号线,0,normal_info,0,1号线|4号线
ZZM_CN_8971103d930a,ZZS_e67ffc082e,西流湖,0.35,line_propagated,1号线,0,normal_info,0,1号线|4号线
ZZM_CN_8971103d930a,ZZS_eca427650a,张家村,0.35,line_propagated,4号线,0,normal_info,0,1号线|4号线
ZZM_CN_8971103d930a,ZZS_eda0ec6e78,龙湖中环南,0.35,line_propagated,4号线,0,normal_info,0,1号线|4号线
ZZM_CN_8971103d930a,ZZS_ff2a277828,民航路,0.35,line_propagated,1号线,0,normal_info,0,1号线|4号线
ZZM_CN_8971103d930a,ZZS_ff6940526d,郑州东站,0.35,line_propagated,1号线,0,normal_info,0,1号线|4号线
ZZM_CN_8bcef75988fd,ZZS_02cf3e4cf5,南三环,0.35,line_propagated,2号线,0,normal_info,0,2号线
ZZM_CN_8bcef75988fd,ZZS_1a5721a427,毛庄,0.35,line_propagated,2号线,0,normal_info,0,2号线
ZZM_CN_8bcef75988fd,ZZS_20262a52f0,南五里堡,0.35,line_propagated,2号线,0,normal_info,0,2号线
ZZM_CN_8bcef75988fd,ZZS_2bd57be00d,关虎屯,0.35,line_propagated,2号线,0,normal_info,0,2号线
ZZM_CN_8bcef75988fd,ZZS_43a808507b,金洼,0.35,line_propagated,2号线,0,normal_info,0,2号线
ZZM_CN_8bcef75988fd,ZZS_4d258fdd50,金达路,0.35,line_propagated,2号线,0,normal_info,0,2号线
ZZM_CN_8bcef75988fd,ZZS_51e572c7c3,东大街,0.35,line_propagated,2号线,0,normal_info,0,2号线
ZZM_CN_8bcef75988fd,ZZS_54adf32b6c,南四环,0.35,line_propagated,2号线,0,normal_info,0,2号线
ZZM_CN_8bcef75988fd,ZZS_6b600b7696,刘庄,0.35,line_propagated,2号线,0,normal_info,0,2号线
ZZM_CN_8bcef75988fd,ZZS_72de4f5f66,惠济区政府,0.35,line_propagated,2号线,0,normal_info,0,2号线
ZZM_CN_8bcef75988fd,ZZS_7dd13fd23f,黄河路,0.35,line_propagated,2号线,0,normal_info,0,2号线
ZZM_CN_8bcef75988fd,ZZS_90c4ce1eb7,沙门,0.35,line_propagated,2号线,0,normal_info,0,2号线
ZZM_CN_8bcef75988fd,ZZS_93b9249040,二里岗,0.35,line_propagated,2号线,0,normal_info,0,2号线
ZZM_CN_8bcef75988fd,ZZS_9660c27c11,站马屯,0.35,line_propagated,2号线,0,normal_info,0,2号线
ZZM_CN_8bcef75988fd,ZZS_9f383e1427,花寨,0.35,line_propagated,2号线,0,normal_info,0,2号线
ZZM_CN_8bcef75988fd,ZZS_a14df2d44f,紫荆山,0.35,line_propagated,2号线,0,normal_info,0,2号线
ZZM_CN_8bcef75988fd,ZZS_a7b91da4c7,陇海东路,0.35,line_propagated,2号线,0,normal_info,0,2号线
ZZM_CN_8bcef75988fd,ZZS_abc078ccd5,黄河迎宾馆,0.35,line_propagated,2号线,0,normal_info,0,2号线
ZZM_CN_8bcef75988fd,ZZS_bdc2a71da9,柳林,0.35,line_propagated,2号线,0,normal_info,0,2号线
ZZM_CN_8bcef75988fd,ZZS_c180efc575,贾河,0.35,line_propagated,2号线,0,normal_info,0,2号线
ZZM_CN_8bcef75988fd,ZZS_ff256e6634,北三环,0.35,line_propagated,2号线,0,normal_info,0,2号线
ZZM_CN_8bcef75988fd,ZZS_ff491e6fdf,东风路,0.35,line_propagated,2号线,0,normal_info,0,2号线
ZZM_CN_8cbf53560cba,ZZS_00f55fa149,碧沙岗,0.35,line_propagated,1号线,0,normal_info,0,1号线
ZZM_CN_8cbf53560cba,ZZS_065e638aef,东风南路,0.35,line_propagated,1号线,0,normal_info,0,1号线
ZZM_CN_8cbf53560cba,ZZS_0660d199a6,农业南路,0.35,line_propagated,1号线,0,normal_info,0,1号线
ZZM_CN_8cbf53560cba,ZZS_0ccbb4888d,二七广场,0.35,line_propagated,1号线,0,normal_info,0,1号线
ZZM_CN_8cbf53560cba,ZZS_1acdaac4ce,铁炉,0.35,line_propagated,1号线,0,normal_info,0,1号线
ZZM_CN_8cbf53560cba,ZZS_27d32a2e36,五一公园,0.35,line_propagated,1号线,0,normal_info,0,1号线
ZZM_CN_8cbf53560cba,ZZS_3813354d55,绿城广场,0.35,line_propagated,1号线,0,normal_info,0,1号线
ZZM_CN_8cbf53560cba,ZZS_38180914a0,燕庄,0.35,line_propagated,1号线,0,normal_info,0,1号线
ZZM_CN_8cbf53560cba,ZZS_52a5a7940c,兰寨,0.35,line_propagated,1号线,0,normal_info,0,1号线
ZZM_CN_8cbf53560cba,ZZS_5d37b2006d,河南大学新区,0.35,line_propagated,1号线,0,normal_info,0,1号线
ZZM_CN_8cbf53560cba,ZZS_6c89efbe2c,文苑北路,0.35,line_propagated,1号线,0,normal_info,0,1号线
ZZM_CN_8cbf53560cba,ZZS_87213b5129,会展中心,0.35,line_propagated,1号线,0,normal_info,0,1号线
ZZM_CN_8cbf53560cba,ZZS_881a48e5bb,西三环,0.35,line_propagated,1号线,0,normal_info,0,1号线
ZZM_CN_8cbf53560cba,ZZS_89f2ce9b1d,秦岭路,0.35,line_propagated,1号线,0,normal_info,0,1号线
ZZM_CN_8cbf53560cba,ZZS_90196f31d6,郑州火车站,0.35,line_propagated,1号线,0,normal_info,0,1号线
ZZM_CN_8cbf53560cba,ZZS_a14df2d44f,紫荆山,0.35,line_propagated,1号线,0,normal_info,0,1号线
ZZM_CN_8cbf53560cba,ZZS_ae1b2afcad,梧桐街,0.35,line_propagated,1号线,0,normal_info,0,1号线
ZZM_CN_8cbf53560cba,ZZS_aed2ee7bb7,河南工业大学,0.35,line_propagated,1号线,0,normal_info,0,1号线
ZZM_CN_8cbf53560cba,ZZS_b0ac143899,龙子湖,0.35,line_propagated,1号线,0,normal_info,0,1号线
ZZM_CN_8cbf53560cba,ZZS_b37a0bcf35,郑大科技园,0.35,line_propagated,1号线,0,normal_info,0,1号线
ZZM_CN_8cbf53560cba,ZZS_b8d795b006,黄河南路,0.35,line_propagated,1号线,0,normal_info,0,1号线
ZZM_CN_8cbf53560cba,ZZS_bb3c17098a,人民路,0.35,line_propagated,1号线,0,normal_info,0,1号线
ZZM_CN_8cbf53560cba,ZZS_bf7f2bfbd0,博学路,0.35,line_propagated,1号线,0,normal_info,0,1号线
ZZM_CN_8cbf53560cba,ZZS_c9109d3d9f,医学院,0.35,line_propagated,1号线,0,normal_info,0,1号线
ZZM_CN_8cbf53560cba,ZZS_cc61daaced,市体育中心,0.35,line_propagated,1号线,0,normal_info,0,1号线
ZZM_CN_8cbf53560cba,ZZS_d61a964e41,市民中心,0.35,line_propagated,1号线,0,normal_info,0,1号线
ZZM_CN_8cbf53560cba,ZZS_e4b35b2f4d,郑州大学,0.35,line_propagated,1号线,0,normal_info,0,1号线
ZZM_CN_8cbf53560cba,ZZS_e67ffc082e,西流湖,0.35,line_propagated,1号线,0,normal_info,0,1号线
ZZM_CN_8cbf53560cba,ZZS_ff2a277828,民航路,0.35,line_propagated,1号线,0,normal_info,0,1号线
ZZM_CN_8cbf53560cba,ZZS_ff6940526d,郑州东站,0.35,line_propagated,1号线,0,normal_info,0,1号线
ZZM_CN_8dd07ca4307b,ZZS_047175b6e2,老鸦陈,0.35,line_propagated,4号线,0,normal_info,0,4号线
ZZM_CN_8dd07ca4307b,ZZS_06c5d1c11c,商鼎路,0.35,line_propagated,4号线,0,normal_info,0,4号线
ZZM_CN_8dd07ca4307b,ZZS_1236ed80e3,中央商务区,0.35,line_propagated,4号线,0,normal_info,0,4号线
ZZM_CN_8dd07ca4307b,ZZS_184971fb41,郎庄,0.35,line_propagated,4号线,0,normal_info,0,4号线
ZZM_CN_8dd07ca4307b,ZZS_1acd4fa835,金岱,0.35,line_propagated,4号线,0,normal_info,0,4号线
ZZM_CN_8dd07ca4307b,ZZS_1e911360df,姚庄,0.35,line_propagated,4号线,0,normal_info,0,4号线
ZZM_CN_8dd07ca4307b,ZZS_25a4eab92b,龙湖南,0.35,line_propagated,4号线,0,normal_info,0,4号线
ZZM_CN_8dd07ca4307b,ZZS_28ee7061d7,东十里铺,0.35,line_propagated,4号线,0,normal_info,0,4号线
ZZM_CN_8dd07ca4307b,ZZS_3546d6d127,丰庆路,0.35,line_propagated,4号线,0,normal_info,0,4号线
ZZM_CN_8dd07ca4307b,ZZS_45679e4fc0,七里河,0.35,line_propagated,4号线,0,normal_info,0,4号线
ZZM_CN_8dd07ca4307b,ZZS_542d10f6f0,金融岛北,0.35,line_propagated,4号线,0,normal_info,0,4号线
ZZM_CN_8dd07ca4307b,ZZS_548bc6fa98,陈寨东,0.35,line_propagated,4号线,0,normal_info,0,4号线
ZZM_CN_8dd07ca4307b,ZZS_55f9aea406,森林公园北,0.35,line_propagated,4号线,0,normal_info,0,4号线
ZZM_CN_8dd07ca4307b,ZZS_6605be2a4e,省体育中心,0.35,line_propagated,4号线,0,normal_info,0,4号线
ZZM_CN_8dd07ca4307b,ZZS_6a9a14f197,北二十里铺,0.35,line_propagated,4号线,0,normal_info,0,4号线
ZZM_CN_8dd07ca4307b,ZZS_87213b5129,会展中心,0.35,line_propagated,4号线,0,normal_info,0,4号线
ZZM_CN_8dd07ca4307b,ZZS_90c4ce1eb7,沙门,0.35,line_propagated,4号线,0,normal_info,0,4号线
ZZM_CN_8dd07ca4307b,ZZS_90de6fab35,货站街,0.35,line_propagated,4号线,0,normal_info,0,4号线
ZZM_CN_8dd07ca4307b,ZZS_93f56b73b3,果树所,0.35,line_propagated,4号线,0,normal_info,0,4号线
ZZM_CN_8dd07ca4307b,ZZS_95fb90b688,杨君刘,0.35,line_propagated,4号线,0,normal_info,0,4号线
ZZM_CN_8dd07ca4307b,ZZS_9965eccc39,龙湖中环北,0.35,line_propagated,4号线,0,normal_info,0,4号线
ZZM_CN_8dd07ca4307b,ZZS_aa3686fb6d,金融岛南,0.35,line_propagated,4号线,0,normal_info,0,4号线
ZZM_CN_8dd07ca4307b,ZZS_ccf9ac5267,清华附中,0.35,line_propagated,4号线,0,normal_info,0,4号线
ZZM_CN_8dd07ca4307b,ZZS_d86c49fbed,农业东路,0.35,line_propagated,4号线,0,normal_info,0,4号线
ZZM_CN_8dd07ca4307b,ZZS_dbb2385d18,龙湖北,0.35,line_propagated,4号线,0,normal_info,0,4号线
ZZM_CN_8dd07ca4307b,ZZS_eca427650a,张家村,0.35,line_propagated,4号线,0,normal_info,0,4号线
ZZM_CN_8dd07ca4307b,ZZS_eda0ec6e78,龙湖中环南,0.35,line_propagated,4号线,0,normal_info,0,4号线
ZZM_CN_8f042449e8fe,ZZS_00f55fa149,碧沙岗,0.35,line_propagated,1号线,0,normal_info,0,1号线
ZZM_CN_8f042449e8fe,ZZS_065e638aef,东风南路,0.35,line_propagated,1号线,0,normal_info,0,1号线
ZZM_CN_8f042449e8fe,ZZS_0660d199a6,农业南路,0.35,line_propagated,1号线,0,normal_info,0,1号线
ZZM_CN_8f042449e8fe,ZZS_0ccbb4888d,二七广场,0.35,line_propagated,1号线,0,normal_info,0,1号线
ZZM_CN_8f042449e8fe,ZZS_1acdaac4ce,铁炉,0.35,line_propagated,1号线,0,normal_info,0,1号线
ZZM_CN_8f042449e8fe,ZZS_27d32a2e36,五一公园,0.35,line_propagated,1号线,0,normal_info,0,1号线
ZZM_CN_8f042449e8fe,ZZS_3813354d55,绿城广场,0.35,line_propagated,1号线,0,normal_info,0,1号线
ZZM_CN_8f042449e8fe,ZZS_38180914a0,燕庄,0.35,line_propagated,1号线,0,normal_info,0,1号线
ZZM_CN_8f042449e8fe,ZZS_52a5a7940c,兰寨,0.35,line_propagated,1号线,0,normal_info,0,1号线
ZZM_CN_8f042449e8fe,ZZS_5d37b2006d,河南大学新区,0.35,line_propagated,1号线,0,normal_info,0,1号线
ZZM_CN_8f042449e8fe,ZZS_6c89efbe2c,文苑北路,0.35,line_propagated,1号线,0,normal_info,0,1号线
ZZM_CN_8f042449e8fe,ZZS_87213b5129,会展中心,0.35,line_propagated,1号线,0,normal_info,0,1号线
ZZM_CN_8f042449e8fe,ZZS_881a48e5bb,西三环,0.35,line_propagated,1号线,0,normal_info,0,1号线
ZZM_CN_8f042449e8fe,ZZS_89f2ce9b1d,秦岭路,0.35,line_propagated,1号线,0,normal_info,0,1号线
ZZM_CN_8f042449e8fe,ZZS_90196f31d6,郑州火车站,0.35,line_propagated,1号线,0,normal_info,0,1号线
ZZM_CN_8f042449e8fe,ZZS_a14df2d44f,紫荆山,0.35,line_propagated,1号线,0,normal_info,0,1号线
ZZM_CN_8f042449e8fe,ZZS_ae1b2afcad,梧桐街,0.35,line_propagated,1号线,0,normal_info,0,1号线
ZZM_CN_8f042449e8fe,ZZS_aed2ee7bb7,河南工业大学,0.35,line_propagated,1号线,0,normal_info,0,1号线
ZZM_CN_8f042449e8fe,ZZS_b0ac143899,龙子湖,0.35,line_propagated,1号线,0,normal_info,0,1号线
ZZM_CN_8f042449e8fe,ZZS_b37a0bcf35,郑大科技园,0.35,line_propagated,1号线,0,normal_info,0,1号线
ZZM_CN_8f042449e8fe,ZZS_b8d795b006,黄河南路,0.35,line_propagated,1号线,0,normal_info,0,1号线
ZZM_CN_8f042449e8fe,ZZS_bb3c17098a,人民路,0.35,line_propagated,1号线,0,normal_info,0,1号线
ZZM_CN_8f042449e8fe,ZZS_bf7f2bfbd0,博学路,0.35,line_propagated,1号线,0,normal_info,0,1号线
ZZM_CN_8f042449e8fe,ZZS_c87aa9753c,体育中心,0.9,exact,体育中心,0,normal_info,0,1号线
ZZM_CN_8f042449e8fe,ZZS_c9109d3d9f,医学院,0.35,line_propagated,1号线,0,normal_info,0,1号线
ZZM_CN_8f042449e8fe,ZZS_cc61daaced,市体育中心,0.9,exact+line,1号线|市体育中心,0,normal_info,0,1号线
ZZM_CN_8f042449e8fe,ZZS_d61a964e41,市民中心,0.35,line_propagated,1号线,0,normal_info,0,1号线
ZZM_CN_8f042449e8fe,ZZS_d86c49fbed,农业东路,0.9,exact,农业东路,0,normal_info,0,1号线
ZZM_CN_8f042449e8fe,ZZS_e4b35b2f4d,郑州大学,0.35,line_propagated,1号线,0,normal_info,0,1号线
ZZM_CN_8f042449e8fe,ZZS_e67ffc082e,西流湖,0.35,line_propagated,1号线,0,normal_info,0,1号线
ZZM_CN_8f042449e8fe,ZZS_ff2a277828,民航路,0.35,line_propagated,1号线,0,normal_info,0,1号线
ZZM_CN_8f042449e8fe,ZZS_ff6940526d,郑州东站,0.35,line_propagated,1号线,0,normal_info,0,1号线
ZZM_CN_8fb8678a8374,ZZS_00f55fa149,碧沙岗,0.35,line_propagated,1号线,0,normal_info,0,1号线
ZZM_CN_8fb8678a8374,ZZS_065e638aef,东风南路,0.35,line_propagated,1号线,0,normal_info,0,1号线
ZZM_CN_8fb8678a8374,ZZS_0660d199a6,农业南路,0.35,line_propagated,1号线,0,normal_info,0,1号线
ZZM_CN_8fb8678a8374,ZZS_0ccbb4888d,二七广场,0.35,line_propagated,1号线,0,normal_info,0,1号线
ZZM_CN_8fb8678a8374,ZZS_1acdaac4ce,铁炉,0.35,line_propagated,1号线,0,normal_info,0,1号线
ZZM_CN_8fb8678a8374,ZZS_27d32a2e36,五一公园,0.35,line_propagated,1号线,0,normal_info,0,1号线
ZZM_CN_8fb8678a8374,ZZS_3813354d55,绿城广场,0.35,line_propagated,1号线,0,normal_info,0,1号线
ZZM_CN_8fb8678a8374,ZZS_38180914a0,燕庄,0.35,line_propagated,1号线,0,normal_info,0,1号线
ZZM_CN_8fb8678a8374,ZZS_52a5a7940c,兰寨,0.35,line_propagated,1号线,0,normal_info,0,1号线
ZZM_CN_8fb8678a8374,ZZS_5d37b2006d,河南大学新区,0.35,line_propagated,1号线,0,normal_info,0,1号线
ZZM_CN_8fb8678a8374,ZZS_6c89efbe2c,文苑北路,0.35,line_propagated,1号线,0,normal_info,0,1号线
ZZM_CN_8fb8678a8374,ZZS_87213b5129,会展中心,0.35,line_propagated,1号线,0,normal_info,0,1号线
ZZM_CN_8fb8678a8374,ZZS_881a48e5bb,西三环,0.35,line_propagated,1号线,0,normal_info,0,1号线
ZZM_CN_8fb8678a8374,ZZS_89f2ce9b1d,秦岭路,0.35,line_propagated,1号线,0,normal_info,0,1号线
ZZM_CN_8fb8678a8374,ZZS_90196f31d6,郑州火车站,0.35,line_propagated,1号线,0,normal_info,0,1号线
ZZM_CN_8fb8678a8374,ZZS_a14df2d44f,紫荆山,0.35,line_propagated,1号线,0,normal_info,0,1号线
ZZM_CN_8fb8678a8374,ZZS_ae1b2afcad,梧桐街,0.35,line_propagated,1号线,0,normal_info,0,1号线
ZZM_CN_8fb8678a8374,ZZS_aed2ee7bb7,河南工业大学,0.35,line_propagated,1号线,0,normal_info,0,1号线
ZZM_CN_8fb8678a8374,ZZS_b0ac143899,龙子湖,0.35,line_propagated,1号线,0,normal_info,0,1号线
ZZM_CN_8fb8678a8374,ZZS_b37a0bcf35,郑大科技园,0.35,line_propagated,1号线,0,normal_info,0,1号线
ZZM_CN_8fb8678a8374,ZZS_b8d795b006,黄河南路,0.35,line_propagated,1号线,0,normal_info,0,1号线
ZZM_CN_8fb8678a8374,ZZS_bb3c17098a,人民路,0.35,line_propagated,1号线,0,normal_info,0,1号线
ZZM_CN_8fb8678a8374,ZZS_bf7f2bfbd0,博学路,0.35,line_propagated,1号线,0,normal_info,0,1号线
ZZM_CN_8fb8678a8374,ZZS_c9109d3d9f,医学院,0.35,line_propagated,1号线,0,normal_info,0,1号线
ZZM_CN_8fb8678a8374,ZZS_cc61daaced,市体育中心,0.35,line_propagated,1号线,0,normal_info,0,1号线
ZZM_CN_8fb8678a8374,ZZS_d61a964e41,市民中心,0.35,line_propagated,1号线,0,normal_info,0,1号线
ZZM_CN_8fb8678a8374,ZZS_e4b35b2f4d,郑州大学,0.35,line_propagated,1号线,0,normal_info,0,1号线
ZZM_CN_8fb8678a8374,ZZS_e67ffc082e,西流湖,0.35,line_propagated,1号线,0,normal_info,0,1号线
ZZM_CN_8fb8678a8374,ZZS_ff2a277828,民航路,0.35,line_propagated,1号线,0,normal_info,0,1号线
ZZM_CN_8fb8678a8374,ZZS_ff6940526d,郑州东站,0.35,line_propagated,1号线,0,normal_info,0,1号线
ZZM_CN_8fcf6cb69c9f,ZZS_001bf66fc1,陇海西路,0.35,line_propagated,5号线,0,normal_info,0,5号线
ZZM_CN_8fcf6cb69c9f,ZZS_1236ed80e3,中央商务区,0.35,line_propagated,5号线,0,normal_info,0,5号线
ZZM_CN_8fcf6cb69c9f,ZZS_1246e07d02,城东南路,0.35,line_propagated,5号线,0,normal_info,0,5号线
ZZM_CN_8fcf6cb69c9f,ZZS_136c32a256,市中心医院,0.35,line_propagated,5号线,0,normal_info,0,5号线
ZZM_CN_8fcf6cb69c9f,ZZS_14efbdcc1b,福塔东,0.35,line_propagated,5号线,0,normal_info,0,5号线
ZZM_CN_8fcf6cb69c9f,ZZS_190cc56901,金水东路,0.35,line_propagated,5号线,0,normal_info,0,5号线
ZZM_CN_8fcf6cb69c9f,ZZS_20262a52f0,南五里堡,0.35,line_propagated,5号线,0,normal_info,0,5号线
ZZM_CN_8fcf6cb69c9f,ZZS_20dcf363fc,康宁街,0.35,line_propagated,5号线,0,normal_info,0,5号线
ZZM_CN_8fcf6cb69c9f,ZZS_27d32a2e36,五一公园,0.35,line_propagated,5号线,0,normal_info,0,5号线
ZZM_CN_8fcf6cb69c9f,ZZS_2db8e2eabe,经北二路,0.35,line_propagated,5号线,0,normal_info,0,5号线
ZZM_CN_8fcf6cb69c9f,ZZS_31a002aa03,海滩寺,0.35,line_propagated,5号线,0,normal_info,0,5号线
ZZM_CN_8fcf6cb69c9f,ZZS_386438745b,祭城,0.35,line_propagated,5号线,0,normal_info,0,5号线
ZZM_CN_8fcf6cb69c9f,ZZS_3ada9c57dc,众意西路,0.35,line_propagated,5号线,0,normal_info,0,5号线
ZZM_CN_8fcf6cb69c9f,ZZS_45679e4fc0,七里河,0.35,line_propagated,5号线,0,normal_info,0,5号线
ZZM_CN_8fcf6cb69c9f,ZZS_4dd2360957,京广南路,0.35,line_propagated,5号线,0,normal_info,0,5号线
ZZM_CN_8fcf6cb69c9f,ZZS_5b6c4f8186,郑州人民医院,0.35,line_propagated,5号线,0,normal_info,0,5号线
ZZM_CN_8fcf6cb69c9f,ZZS_5babce6145,中原福塔,0.35,line_propagated,5号线,0,normal_info,0,5号线
ZZM_CN_8fcf6cb69c9f,ZZS_5dc87121c2,市第二人民医院,0.35,line_propagated,5号线,0,normal_info,0,5号线
ZZM_CN_8fcf6cb69c9f,ZZS_7dd13fd23f,黄河路,0.35,line_propagated,5号线,0,normal_info,0,5号线
ZZM_CN_8fcf6cb69c9f,ZZS_9a26907088,齐礼阎,0.35,line_propagated,5号线,0,normal_info,0,5号线
ZZM_CN_8fcf6cb69c9f,ZZS_9d8185e03c,省人民医院,0.35,line_propagated,5号线,0,normal_info,0,5号线
ZZM_CN_8fcf6cb69c9f,ZZS_a3cc0229f4,省骨科医院,0.35,line_propagated,5号线,0,normal_info,0,5号线
ZZM_CN_8fcf6cb69c9f,ZZS_ae7cc361da,月季公园,0.35,line_propagated,5号线,0,normal_info,0,5号线
ZZM_CN_8fcf6cb69c9f,ZZS_bd17c52fa6,儿童医院,0.35,line_propagated,5号线,0,normal_info,0,5号线
ZZM_CN_8fcf6cb69c9f,ZZS_c720567666,桐淮,0.35,line_propagated,5号线,0,normal_info,0,5号线
ZZM_CN_8fcf6cb69c9f,ZZS_c94675c30b,后河芦,0.35,line_propagated,5号线,0,normal_info,0,5号线
ZZM_CN_8fcf6cb69c9f,ZZS_c995bf7092,经开中心广场,0.35,line_propagated,5号线,0,normal_info,0,5号线
ZZM_CN_8fcf6cb69c9f,ZZS_cb2e15cfa0,姚砦,0.35,line_propagated,5号线,0,normal_info,0,5号线
ZZM_CN_8fcf6cb69c9f,ZZS_deb2edc4a2,沙口路,0.35,line_propagated,5号线,0,normal_info,0,5号线
ZZM_CN_8fcf6cb69c9f,ZZS_f095e9678f,航海广场,0.35,line_propagated,5号线,0,normal_info,0,5号线
ZZM_CN_8fcf6cb69c9f,ZZS_f97030e2b9,冯庄,0.35,line_propagated,5号线,0,normal_info,0,5号线
ZZM_CN_8fcf6cb69c9f,ZZS_ff6940526d,郑州东站,0.35,line_propagated,5号线,0,normal_info,0,5号线
ZZM_CN_9074072e0a81,ZZS_00f55fa149,碧沙岗,0.35,line_propagated,1号线,0,normal_info,0,1号线|2号线
ZZM_CN_9074072e0a81,ZZS_02cf3e4cf5,南三环,0.35,line_propagated,2号线,0,normal_info,0,1号线|2号线
ZZM_CN_9074072e0a81,ZZS_065e638aef,东风南路,0.35,line_propagated,1号线,0,normal_info,0,1号线|2号线
ZZM_CN_9074072e0a81,ZZS_0660d199a6,农业南路,0.35,line_propagated,1号线,0,normal_info,0,1号线|2号线
ZZM_CN_9074072e0a81,ZZS_0ccbb4888d,二七广场,0.35,line_propagated,1号线,0,normal_info,0,1号线|2号线
ZZM_CN_9074072e0a81,ZZS_1a5721a427,毛庄,0.35,line_propagated,2号线,0,normal_info,0,1号线|2号线
ZZM_CN_9074072e0a81,ZZS_1acdaac4ce,铁炉,0.35,line_propagated,1号线,0,normal_info,0,1号线|2号线
ZZM_CN_9074072e0a81,ZZS_20262a52f0,南五里堡,0.35,line_propagated,2号线,0,normal_info,0,1号线|2号线
ZZM_CN_9074072e0a81,ZZS_27d32a2e36,五一公园,0.35,line_propagated,1号线,0,normal_info,0,1号线|2号线
ZZM_CN_9074072e0a81,ZZS_2bd57be00d,关虎屯,0.35,line_propagated,2号线,0,normal_info,0,1号线|2号线
ZZM_CN_9074072e0a81,ZZS_3813354d55,绿城广场,0.35,line_propagated,1号线,0,normal_info,0,1号线|2号线
ZZM_CN_9074072e0a81,ZZS_38180914a0,燕庄,0.35,line_propagated,1号线,0,normal_info,0,1号线|2号线
ZZM_CN_9074072e0a81,ZZS_43a808507b,金洼,0.35,line_propagated,2号线,0,normal_info,0,1号线|2号线
ZZM_CN_9074072e0a81,ZZS_4d258fdd50,金达路,0.35,line_propagated,2号线,0,normal_info,0,1号线|2号线
ZZM_CN_9074072e0a81,ZZS_51e572c7c3,东大街,0.35,line_propagated,2号线,0,normal_info,0,1号线|2号线
ZZM_CN_9074072e0a81,ZZS_52a5a7940c,兰寨,0.35,line_propagated,1号线,0,normal_info,0,1号线|2号线
ZZM_CN_9074072e0a81,ZZS_54adf32b6c,南四环,0.35,line_propagated,2号线,0,normal_info,0,1号线|2号线
ZZM_CN_9074072e0a81,ZZS_5d37b2006d,河南大学新区,0.35,line_propagated,1号线,0,normal_info,0,1号线|2号线
ZZM_CN_9074072e0a81,ZZS_6b600b7696,刘庄,0.35,line_propagated,2号线,0,normal_info,0,1号线|2号线
ZZM_CN_9074072e0a81,ZZS_6c89efbe2c,文苑北路,0.35,line_propagated,1号线,0,normal_info,0,1号线|2号线
ZZM_CN_9074072e0a81,ZZS_72de4f5f66,惠济区政府,0.35,line_propagated,2号线,0,normal_info,0,1号线|2号线
ZZM_CN_9074072e0a81,ZZS_7dd13fd23f,黄河路,0.35,line_propagated,2号线,0,normal_info,0,1号线|2号线
ZZM_CN_9074072e0a81,ZZS_87213b5129,会展中心,0.35,line_propagated,1号线,0,normal_info,0,1号线|2号线
ZZM_CN_9074072e0a81,ZZS_881a48e5bb,西三环,0.35,line_propagated,1号线,0,normal_info,0,1号线|2号线
ZZM_CN_9074072e0a81,ZZS_89f2ce9b1d,秦岭路,0.35,line_propagated,1号线,0,normal_info,0,1号线|2号线
ZZM_CN_9074072e0a81,ZZS_90196f31d6,郑州火车站,0.35,line_propagated,1号线,0,normal_info,0,1号线|2号线
ZZM_CN_9074072e0a81,ZZS_90c4ce1eb7,沙门,0.35,line_propagated,2号线,0,normal_info,0,1号线|2号线
ZZM_CN_9074072e0a81,ZZS_93b9249040,二里岗,0.35,line_propagated,2号线,0,normal_info,0,1号线|2号线
ZZM_CN_9074072e0a81,ZZS_9660c27c11,站马屯,0.35,line_propagated,2号线,0,normal_info,0,1号线|2号线
ZZM_CN_9074072e0a81,ZZS_9f383e1427,花寨,0.35,line_propagated,2号线,0,normal_info,0,1号线|2号线
ZZM_CN_9074072e0a81,ZZS_a14df2d44f,紫荆山,0.35,line_propagated,1号线|2号线,0,normal_info,0,1号线|2号线
ZZM_CN_9074072e0a81,ZZS_a7b91da4c7,陇海东路,0.35,line_propagated,2号线,0,normal_info,0,1号线|2号线
ZZM_CN_9074072e0a81,ZZS_abc078ccd5,黄河迎宾馆,0.35,line_propagated,2号线,0,normal_info,0,1号线|2号线
ZZM_CN_9074072e0a81,ZZS_ae1b2afcad,梧桐街,0.35,line_propagated,1号线,0,normal_info,0,1号线|2号线
ZZM_CN_9074072e0a81,ZZS_aed2ee7bb7,河南工业大学,0.35,line_propagated,1号线,0,normal_info,0,1号线|2号线
ZZM_CN_9074072e0a81,ZZS_b0ac143899,龙子湖,0.35,line_propagated,1号线,0,normal_info,0,1号线|2号线
ZZM_CN_9074072e0a81,ZZS_b37a0bcf35,郑大科技园,0.35,line_propagated,1号线,0,normal_info,0,1号线|2号线
ZZM_CN_9074072e0a81,ZZS_b8d795b006,黄河南路,0.35,line_propagated,1号线,0,normal_info,0,1号线|2号线
ZZM_CN_9074072e0a81,ZZS_bb3c17098a,人民路,0.35,line_propagated,1号线,0,normal_info,0,1号线|2号线
ZZM_CN_9074072e0a81,ZZS_bdc2a71da9,柳林,0.35,line_propagated,2号线,0,normal_info,0,1号线|2号线
ZZM_CN_9074072e0a81,ZZS_bf7f2bfbd0,博学路,0.35,line_propagated,1号线,0,normal_info,0,1号线|2号线
ZZM_CN_9074072e0a81,ZZS_c180efc575,贾河,0.35,line_propagated,2号线,0,normal_info,0,1号线|2号线
ZZM_CN_9074072e0a81,ZZS_c9109d3d9f,医学院,0.35,line_propagated,1号线,0,normal_info,0,1号线|2号线
ZZM_CN_9074072e0a81,ZZS_cc61daaced,市体育中心,0.35,line_propagated,1号线,0,normal_info,0,1号线|2号线
ZZM_CN_9074072e0a81,ZZS_d61a964e41,市民中心,0.35,line_propagated,1号线,0,normal_info,0,1号线|2号线
ZZM_CN_9074072e0a81,ZZS_e4b35b2f4d,郑州大学,0.35,line_propagated,1号线,0,normal_info,0,1号线|2号线
ZZM_CN_9074072e0a81,ZZS_e67ffc082e,西流湖,0.35,line_propagated,1号线,0,normal_info,0,1号线|2号线
ZZM_CN_9074072e0a81,ZZS_ff256e6634,北三环,0.35,line_propagated,2号线,0,normal_info,0,1号线|2号线
ZZM_CN_9074072e0a81,ZZS_ff2a277828,民航路,0.35,line_propagated,1号线,0,normal_info,0,1号线|2号线
ZZM_CN_9074072e0a81,ZZS_ff491e6fdf,东风路,0.35,line_propagated,2号线,0,normal_info,0,1号线|2号线
ZZM_CN_9074072e0a81,ZZS_ff6940526d,郑州东站,0.35,line_propagated,1号线,0,normal_info,0,1号线|2号线
ZZM_CN_915ab34ffbcc,ZZS_00f55fa149,碧沙岗,0.35,line_propagated,1号线,0,normal_info,0,1号线
ZZM_CN_915ab34ffbcc,ZZS_065e638aef,东风南路,0.35,line_propagated,1号线,0,normal_info,0,1号线
ZZM_CN_915ab34ffbcc,ZZS_0660d199a6,农业南路,0.35,line_propagated,1号线,0,normal_info,0,1号线
ZZM_CN_915ab34ffbcc,ZZS_0ccbb4888d,二七广场,0.9,exact+line,1号线|二七广场,0,normal_info,0,1号线
ZZM_CN_915ab34ffbcc,ZZS_1acdaac4ce,铁炉,0.35,line_propagated,1号线,0,normal_info,0,1号线
ZZM_CN_915ab34ffbcc,ZZS_27d32a2e36,五一公园,0.35,line_propagated,1号线,0,normal_info,0,1号线
ZZM_CN_915ab34ffbcc,ZZS_3813354d55,绿城广场,0.35,line_propagated,1号线,0,normal_info,0,1号线
ZZM_CN_915ab34ffbcc,ZZS_38180914a0,燕庄,0.35,line_propagated,1号线,0,normal_info,0,1号线
ZZM_CN_915ab34ffbcc,ZZS_52a5a7940c,兰寨,0.35,line_propagated,1号线,0,normal_info,0,1号线
ZZM_CN_915ab34ffbcc,ZZS_5d37b2006d,河南大学新区,0.35,line_propagated,1号线,0,normal_info,0,1号线
ZZM_CN_915ab34ffbcc,ZZS_6c89efbe2c,文苑北路,0.35,line_propagated,1号线,0,normal_info,0,1号线
ZZM_CN_915ab34ffbcc,ZZS_87213b5129,会展中心,0.35,line_propagated,1号线,0,normal_info,0,1号线
ZZM_CN_915ab34ffbcc,ZZS_881a48e5bb,西三环,0.35,line_propagated,1号线,0,normal_info,0,1号线
ZZM_CN_915ab34ffbcc,ZZS_89f2ce9b1d,秦岭路,0.35,line_propagated,1号线,0,normal_info,0,1号线
ZZM_CN_915ab34ffbcc,ZZS_90196f31d6,郑州火车站,0.35,line_propagated,1号线,0,normal_info,0,1号线
ZZM_CN_915ab34ffbcc,ZZS_a14df2d44f,紫荆山,0.35,line_propagated,1号线,0,normal_info,0,1号线
ZZM_CN_915ab34ffbcc,ZZS_ae1b2afcad,梧桐街,0.35,line_propagated,1号线,0,normal_info,0,1号线
ZZM_CN_915ab34ffbcc,ZZS_aed2ee7bb7,河南工业大学,0.35,line_propagated,1号线,0,normal_info,0,1号线
ZZM_CN_915ab34ffbcc,ZZS_b0ac143899,龙子湖,0.35,line_propagated,1号线,0,normal_info,0,1号线
ZZM_CN_915ab34ffbcc,ZZS_b37a0bcf35,郑大科技园,0.35,line_propagated,1号线,0,normal_info,0,1号线
ZZM_CN_915ab34ffbcc,ZZS_b8d795b006,黄河南路,0.35,line_propagated,1号线,0,normal_info,0,1号线
ZZM_CN_915ab34ffbcc,ZZS_bb3c17098a,人民路,0.35,line_propagated,1号线,0,normal_info,0,1号线
ZZM_CN_915ab34ffbcc,ZZS_bf7f2bfbd0,博学路,0.35,line_propagated,1号线,0,normal_info,0,1号线
ZZM_CN_915ab34ffbcc,ZZS_c9109d3d9f,医学院,0.35,line_propagated,1号线,0,normal_info,0,1号线
ZZM_CN_915ab34ffbcc,ZZS_cc61daaced,市体育中心,0.35,line_propagated,1号线,0,normal_info,0,1号线
ZZM_CN_915ab34ffbcc,ZZS_d61a964e41,市民中心,0.35,line_propagated,1号线,0,normal_info,0,1号线
ZZM_CN_915ab34ffbcc,ZZS_e4b35b2f4d,郑州大学,0.35,line_propagated,1号线,0,normal_info,0,1号线
ZZM_CN_915ab34ffbcc,ZZS_e67ffc082e,西流湖,0.35,line_propagated,1号线,0,normal_info,0,1号线
ZZM_CN_915ab34ffbcc,ZZS_ff2a277828,民航路,0.35,line_propagated,1号线,0,normal_info,0,1号线
ZZM_CN_915ab34ffbcc,ZZS_ff6940526d,郑州东站,0.35,line_propagated,1号线,0,normal_info,0,1号线
ZZM_CN_917044fcdb77,ZZS_001bf66fc1,陇海西路,0.35,line_propagated,5号线,0,normal_info,3,1号线|2号线|4号线|5号线|14号线
ZZM_CN_917044fcdb77,ZZS_00f55fa149,碧沙岗,0.35,line_propagated,1号线,0,normal_info,3,1号线|2号线|4号线|5号线|14号线
ZZM_CN_917044fcdb77,ZZS_02cf3e4cf5,南三环,0.35,line_propagated,2号线,0,normal_info,3,1号线|2号线|4号线|5号线|14号线
ZZM_CN_917044fcdb77,ZZS_047175b6e2,老鸦陈,0.35,line_propagated,4号线,0,normal_info,3,1号线|2号线|4号线|5号线|14号线
ZZM_CN_917044fcdb77,ZZS_065e638aef,东风南路,0.35,line_propagated,1号线,0,normal_info,3,1号线|2号线|4号线|5号线|14号线
ZZM_CN_917044fcdb77,ZZS_0660d199a6,农业南路,0.35,line_propagated,1号线,0,normal_info,3,1号线|2号线|4号线|5号线|14号线
ZZM_CN_917044fcdb77,ZZS_06c5d1c11c,商鼎路,0.35,line_propagated,4号线,0,normal_info,3,1号线|2号线|4号线|5号线|14号线
ZZM_CN_917044fcdb77,ZZS_0ccbb4888d,二七广场,0.35,line_propagated,1号线,0,normal_info,3,1号线|2号线|4号线|5号线|14号线
ZZM_CN_917044fcdb77,ZZS_1236ed80e3,中央商务区,0.35,line_propagated,4号线|5号线,0,normal_info,3,1号线|2号线|4号线|5号线|14号线
ZZM_CN_917044fcdb77,ZZS_1246e07d02,城东南路,0.35,line_propagated,5号线,0,normal_info,3,1号线|2号线|4号线|5号线|14号线
ZZM_CN_917044fcdb77,ZZS_136c32a256,市中心医院,0.35,line_propagated,5号线,0,normal_info,3,1号线|2号线|4号线|5号线|14号线
ZZM_CN_917044fcdb77,ZZS_14efbdcc1b,福塔东,0.35,line_propagated,5号线,0,normal_info,3,1号线|2号线|4号线|5号线|14号线
ZZM_CN_917044fcdb77,ZZS_184971fb41,郎庄,0.35,line_propagated,4号线,0,normal_info,3,1号线|2号线|4号线|5号线|14号线
ZZM_CN_917044fcdb77,ZZS_190cc56901,金水东路,0.35,line_propagated,5号线,0,normal_info,3,1号线|2号线|4号线|5号线|14号线
ZZM_CN_917044fcdb77,ZZS_1a5721a427,毛庄,0.35,line_propagated,2号线,0,normal_info,3,1号线|2号线|4号线|5号线|14号线
ZZM_CN_917044fcdb77,ZZS_1acd4fa835,金岱,0.35,line_propagated,4号线,0,normal_info,3,1号线|2号线|4号线|5号线|14号线
ZZM_CN_917044fcdb77,ZZS_1acdaac4ce,铁炉,0.35,line_propagated,14号线|1号线,0,normal_info,3,1号线|2号线|4号线|5号线|14号线
ZZM_CN_917044fcdb77,ZZS_1e911360df,姚庄,0.35,line_propagated,4号线,0,normal_info,3,1号线|2号线|4号线|5号线|14号线
ZZM_CN_917044fcdb77,ZZS_20262a52f0,南五里堡,0.35,line_propagated,2号线|5号线,0,normal_info,3,1号线|2号线|4号线|5号线|14号线
ZZM_CN_917044fcdb77,ZZS_20dcf363fc,康宁街,0.35,line_propagated,5号线,0,normal_info,3,1号线|2号线|4号线|5号线|14号线
ZZM_CN_917044fcdb77,ZZS_25a4eab92b,龙湖南,0.35,line_propagated,4号线,0,normal_info,3,1号线|2号线|4号线|5号线|14号线
ZZM_CN_917044fcdb77,ZZS_27d32a2e36,五一公园,0.35,line_propagated,1号线|5号线,0,normal_info,3,1号线|2号线|4号线|5号线|14号线
ZZM_CN_917044fcdb77,ZZS_28ee7061d7,东十里铺,0.35,line_propagated,4号线,0,normal_info,3,1号线|2号线|4号线|5号线|14号线
ZZM_CN_917044fcdb77,ZZS_2bd57be00d,关虎屯,0.35,line_propagated,2号线,0,normal_info,3,1号线|2号线|4号线|5号线|14号线
ZZM_CN_917044fcdb77,ZZS_2db8e2eabe,经北二路,0.35,line_propagated,5号线,0,normal_info,3,1号线|2号线|4号线|5号线|14号线
ZZM_CN_917044fcdb77,ZZS_311ece53d8,莲湖,0.35,line_propagated,14号线,0,normal_info,3,1号线|2号线|4号线|5号线|14号线
ZZM_CN_917044fcdb77,ZZS_31a002aa03,海滩寺,0.35,line_propagated,5号线,0,normal_info,3,1号线|2号线|4号线|5号线|14号线
ZZM_CN_917044fcdb77,ZZS_3546d6d127,丰庆路,0.35,line_propagated,4号线,0,normal_info,3,1号线|2号线|4号线|5号线|14号线
ZZM_CN_917044fcdb77,ZZS_3813354d55,绿城广场,0.35,line_propagated,1号线,0,normal_info,3,1号线|2号线|4号线|5号线|14号线
ZZM_CN_917044fcdb77,ZZS_38180914a0,燕庄,0.35,line_propagated,1号线,0,normal_info,3,1号线|2号线|4号线|5号线|14号线
ZZM_CN_917044fcdb77,ZZS_386438745b,祭城,0.35,line_propagated,5号线,0,normal_info,3,1号线|2号线|4号线|5号线|14号线
ZZM_CN_917044fcdb77,ZZS_3ada9c57dc,众意西路,0.35,line_propagated,5号线,0,normal_info,3,1号线|2号线|4号线|5号线|14号线
ZZM_CN_917044fcdb77,ZZS_43a808507b,金洼,0.35,line_propagated,2号线,0,normal_info,3,1号线|2号线|4号线|5号线|14号线
ZZM_CN_917044fcdb77,ZZS_45679e4fc0,七里河,0.35,line_propagated,4号线|5号线,0,normal_info,3,1号线|2号线|4号线|5号线|14号线
ZZM_CN_917044fcdb77,ZZS_4d258fdd50,金达路,0.35,line_propagated,2号线,0,normal_info,3,1号线|2号线|4号线|5号线|14号线
ZZM_CN_917044fcdb77,ZZS_4dd2360957,京广南路,0.35,line_propagated,5号线,0,normal_info,3,1号线|2号线|4号线|5号线|14号线
ZZM_CN_917044fcdb77,ZZS_51e572c7c3,东大街,0.35,line_propagated,2号线,0,normal_info,3,1号线|2号线|4号线|5号线|14号线
ZZM_CN_917044fcdb77,ZZS_52a5a7940c,兰寨,0.35,line_propagated,1号线,0,normal_info,3,1号线|2号线|4号线|5号线|14号线
ZZM_CN_917044fcdb77,ZZS_542d10f6f0,金融岛北,0.35,line_propagated,4号线,0,normal_info,3,1号线|2号线|4号线|5号线|14号线
ZZM_CN_917044fcdb77,ZZS_5479c586b4,奥体中心,0.35,line_propagated,14号线,0,normal_info,3,1号线|2号线|4号线|5号线|14号线
ZZM_CN_917044fcdb77,ZZS_548bc6fa98,陈寨东,0.35,line_propagated,4号线,0,normal_info,3,1号线|2号线|4号线|5号线|14号线
ZZM_CN_917044fcdb77,ZZS_54adf32b6c,南四环,0.35,line_propagated,2号线,0,normal_info,3,1号线|2号线|4号线|5号线|14号线
ZZM_CN_917044fcdb77,ZZS_55f9aea406,森林公园北,0.35,line_propagated,4号线,0,normal_info,3,1号线|2号线|4号线|5号线|14号线
ZZM_CN_917044fcdb77,ZZS_5b6c4f8186,郑州人民医院,0.35,line_propagated,5号线,0,normal_info,3,1号线|2号线|4号线|5号线|14号线
ZZM_CN_917044fcdb77,ZZS_5babce6145,中原福塔,0.35,line_propagated,5号线,0,normal_info,3,1号线|2号线|4号线|5号线|14号线
ZZM_CN_917044fcdb77,ZZS_5d37b2006d,河南大学新区,0.35,line_propagated,1号线,0,normal_info,3,1号线|2号线|4号线|5号线|14号线
ZZM_CN_917044fcdb77,ZZS_5dc87121c2,市第二人民医院,0.35,line_propagated,5号线,0,normal_info,3,1号线|2号线|4号线|5号线|14号线
ZZM_CN_917044fcdb77,ZZS_6605be2a4e,省体育中心,0.35,line_propagated,4号线,0,normal_info,3,1号线|2号线|4号线|5号线|14号线
ZZM_CN_917044fcdb77,ZZS_6a9a14f197,北二十里铺,0.35,line_propagated,4号线,0,normal_info,3,1号线|2号线|4号线|5号线|14号线
ZZM_CN_917044fcdb77,ZZS_6b600b7696,刘庄,0.35,line_propagated,2号线,0,normal_info,3,1号线|2号线|4号线|5号线|14号线
ZZM_CN_917044fcdb77,ZZS_6c89efbe2c,文苑北路,0.35,line_propagated,1号线,0,normal_info,3,1号线|2号线|4号线|5号线|14号线
ZZM_CN_917044fcdb77,ZZS_72de4f5f66,惠济区政府,0.35,line_propagated,2号线,0,normal_info,3,1号线|2号线|4号线|5号线|14号线
ZZM_CN_917044fcdb77,ZZS_7dd13fd23f,黄河路,0.35,line_propagated,2号线|5号线,0,normal_info,3,1号线|2号线|4号线|5号线|14号线
ZZM_CN_917044fcdb77,ZZS_87213b5129,会展中心,0.35,line_propagated,1号线|4号线,0,normal_info,3,1号线|2号线|4号线|5号线|14号线
ZZM_CN_917044fcdb77,ZZS_881a48e5bb,西三环,0.35,line_propagated,1号线,0,normal_info,3,1号线|2号线|4号线|5号线|14号线
ZZM_CN_917044fcdb77,ZZS_89f2ce9b1d,秦岭路,0.35,line_propagated,1号线,0,normal_info,3,1号线|2号线|4号线|5号线|14号线
ZZM_CN_917044fcdb77,ZZS_90196f31d6,郑州火车站,0.35,line_propagated,1号线,0,normal_info,3,1号线|2号线|4号线|5号线|14号线
ZZM_CN_917044fcdb77,ZZS_90c4ce1eb7,沙门,0.35,line_propagated,2号线|4号线,0,normal_info,3,1号线|2号线|4号线|5号线|14号线
ZZM_CN_917044fcdb77,ZZS_90de6fab35,货站街,0.35,line_propagated,4号线,0,normal_info,3,1号线|2号线|4号线|5号线|14号线
ZZM_CN_917044fcdb77,ZZS_93b9249040,二里岗,0.35,line_propagated,2号线,0,normal_info,3,1号线|2号线|4号线|5号线|14号线
ZZM_CN_917044fcdb77,ZZS_93f56b73b3,果树所,0.35,line_propagated,4号线,0,normal_info,3,1号线|2号线|4号线|5号线|14号线
ZZM_CN_917044fcdb77,ZZS_95fb90b688,杨君刘,0.35,line_propagated,4号线,0,normal_info,3,1号线|2号线|4号线|5号线|14号线
ZZM_CN_917044fcdb77,ZZS_9660c27c11,站马屯,0.35,line_propagated,2号线,0,normal_info,3,1号线|2号线|4号线|5号线|14号线
ZZM_CN_917044fcdb77,ZZS_9965eccc39,龙湖中环北,0.35,line_propagated,4号线,0,normal_info,3,1号线|2号线|4号线|5号线|14号线
ZZM_CN_917044fcdb77,ZZS_9a26907088,齐礼阎,0.35,line_propagated,5号线,0,normal_info,3,1号线|2号线|4号线|5号线|14号线
ZZM_CN_917044fcdb77,ZZS_9d8185e03c,省人民医院,0.35,line_propagated,5号线,0,normal_info,3,1号线|2号线|4号线|5号线|14号线
ZZM_CN_917044fcdb77,ZZS_9f383e1427,花寨,0.35,line_propagated,2号线,0,normal_info,3,1号线|2号线|4号线|5号线|14号线
ZZM_CN_917044fcdb77,ZZS_a14df2d44f,紫荆山,0.35,line_propagated,1号线|2号线,0,normal_info,3,1号线|2号线|4号线|5号线|14号线
ZZM_CN_917044fcdb77,ZZS_a3cc0229f4,省骨科医院,0.35,line_propagated,5号线,0,normal_info,3,1号线|2号线|4号线|5号线|14号线
ZZM_CN_917044fcdb77,ZZS_a7b91da4c7,陇海东路,0.35,line_propagated,2号线,0,normal_info,3,1号线|2号线|4号线|5号线|14号线
ZZM_CN_917044fcdb77,ZZS_aa3686fb6d,金融岛南,0.35,line_propagated,4号线,0,normal_info,3,1号线|2号线|4号线|5号线|14号线
ZZM_CN_917044fcdb77,ZZS_abc078ccd5,黄河迎宾馆,0.35,line_propagated,2号线,0,normal_info,3,1号线|2号线|4号线|5号线|14号线
ZZM_CN_917044fcdb77,ZZS_ae1b2afcad,梧桐街,0.35,line_propagated,1号线,0,normal_info,3,1号线|2号线|4号线|5号线|14号线
ZZM_CN_917044fcdb77,ZZS_ae7cc361da,月季公园,0.35,line_propagated,5号线,0,normal_info,3,1号线|2号线|4号线|5号线|14号线
ZZM_CN_917044fcdb77,ZZS_aed2ee7bb7,河南工业大学,0.35,line_propagated,1号线,0,normal_info,3,1号线|2号线|4号线|5号线|14号线
ZZM_CN_917044fcdb77,ZZS_b0ac143899,龙子湖,0.35,line_propagated,1号线,0,normal_info,3,1号线|2号线|4号线|5号线|14号线
ZZM_CN_917044fcdb77,ZZS_b37a0bcf35,郑大科技园,0.35,line_propagated,1号线,0,normal_info,3,1号线|2号线|4号线|5号线|14号线
ZZM_CN_917044fcdb77,ZZS_b8d795b006,黄河南路,0.35,line_propagated,1号线,0,normal_info,3,1号线|2号线|4号线|5号线|14号线
ZZM_CN_917044fcdb77,ZZS_bb3c17098a,人民路,0.35,line_propagated,1号线,0,normal_info,3,1号线|2号线|4号线|5号线|14号线
ZZM_CN_917044fcdb77,ZZS_bd17c52fa6,儿童医院,0.35,line_propagated,5号线,0,normal_info,3,1号线|2号线|4号线|5号线|14号线
ZZM_CN_917044fcdb77,ZZS_bdc2a71da9,柳林,0.35,line_propagated,2号线,0,normal_info,3,1号线|2号线|4号线|5号线|14号线
ZZM_CN_917044fcdb77,ZZS_bf7f2bfbd0,博学路,0.35,line_propagated,1号线,0,normal_info,3,1号线|2号线|4号线|5号线|14号线
ZZM_CN_917044fcdb77,ZZS_c180efc575,贾河,0.35,line_propagated,2号线,0,normal_info,3,1号线|2号线|4号线|5号线|14号线
ZZM_CN_917044fcdb77,ZZS_c720567666,桐淮,0.35,line_propagated,5号线,0,normal_info,3,1号线|2号线|4号线|5号线|14号线
ZZM_CN_917044fcdb77,ZZS_c9109d3d9f,医学院,0.35,line_propagated,1号线,0,normal_info,3,1号线|2号线|4号线|5号线|14号线
ZZM_CN_917044fcdb77,ZZS_c94675c30b,后河芦,0.35,line_propagated,5号线,0,normal_info,3,1号线|2号线|4号线|5号线|14号线
ZZM_CN_917044fcdb77,ZZS_c995bf7092,经开中心广场,0.35,line_propagated,5号线,0,normal_info,3,1号线|2号线|4号线|5号线|14号线
ZZM_CN_917044fcdb77,ZZS_cb2e15cfa0,姚砦,0.35,line_propagated,5号线,0,normal_info,3,1号线|2号线|4号线|5号线|14号线
ZZM_CN_917044fcdb77,ZZS_cc61daaced,市体育中心,0.35,line_propagated,1号线,0,normal_info,3,1号线|2号线|4号线|5号线|14号线
ZZM_CN_917044fcdb77,ZZS_ccf9ac5267,清华附中,0.35,line_propagated,4号线,0,normal_info,3,1号线|2号线|4号线|5号线|14号线
ZZM_CN_917044fcdb77,ZZS_d61a964e41,市民中心,0.35,line_propagated,1号线,0,normal_info,3,1号线|2号线|4号线|5号线|14号线
ZZM_CN_917044fcdb77,ZZS_d86c49fbed,农业东路,0.35,line_propagated,4号线,0,normal_info,3,1号线|2号线|4号线|5号线|14号线
ZZM_CN_917044fcdb77,ZZS_dbb2385d18,龙湖北,0.35,line_propagated,4号线,0,normal_info,3,1号线|2号线|4号线|5号线|14号线
ZZM_CN_917044fcdb77,ZZS_deb2edc4a2,沙口路,0.35,line_propagated,5号线,0,normal_info,3,1号线|2号线|4号线|5号线|14号线
ZZM_CN_917044fcdb77,ZZS_e37b46cf08,市民大道,0.35,line_propagated,14号线,0,normal_info,3,1号线|2号线|4号线|5号线|14号线
ZZM_CN_917044fcdb77,ZZS_e4b35b2f4d,郑州大学,0.35,line_propagated,1号线,0,normal_info,3,1号线|2号线|4号线|5号线|14号线
ZZM_CN_917044fcdb77,ZZS_e67ffc082e,西流湖,0.35,line_propagated,1号线,0,normal_info,3,1号线|2号线|4号线|5号线|14号线
ZZM_CN_917044fcdb77,ZZS_eca427650a,张家村,0.35,line_propagated,4号线,0,normal_info,3,1号线|2号线|4号线|5号线|14号线
ZZM_CN_917044fcdb77,ZZS_eda0ec6e78,龙湖中环南,0.35,line_propagated,4号线,0,normal_info,3,1号线|2号线|4号线|5号线|14号线
ZZM_CN_917044fcdb77,ZZS_f095e9678f,航海广场,0.35,line_propagated,5号线,0,normal_info,3,1号线|2号线|4号线|5号线|14号线
ZZM_CN_917044fcdb77,ZZS_f453749a84,市委党校,0.35,line_propagated,14号线,0,normal_info,3,1号线|2号线|4号线|5号线|14号线
ZZM_CN_917044fcdb77,ZZS_f97030e2b9,冯庄,0.35,line_propagated,5号线,0,normal_info,3,1号线|2号线|4号线|5号线|14号线
ZZM_CN_917044fcdb77,ZZS_ff256e6634,北三环,0.35,line_propagated,2号线,0,normal_info,3,1号线|2号线|4号线|5号线|14号线
ZZM_CN_917044fcdb77,ZZS_ff2a277828,民航路,0.35,line_propagated,1号线,0,normal_info,3,1号线|2号线|4号线|5号线|14号线
ZZM_CN_917044fcdb77,ZZS_ff491e6fdf,东风路,0.35,line_propagated,2号线,0,normal_info,3,1号线|2号线|4号线|5号线|14号线
ZZM_CN_917044fcdb77,ZZS_ff6940526d,郑州东站,0.35,line_propagated,1号线|5号线,0,normal_info,3,1号线|2号线|4号线|5号线|14号线
ZZM_CN_91db0e460c15,ZZS_6b600b7696,刘庄,0.9,exact,刘庄,0,normal_info,0,
ZZM_CN_92074709d829,ZZS_00f55fa149,碧沙岗,0.35,line_propagated,1号线,0,normal_info,0,1号线
ZZM_CN_92074709d829,ZZS_065e638aef,东风南路,0.35,line_propagated,1号线,0,normal_info,0,1号线
ZZM_CN_92074709d829,ZZS_0660d199a6,农业南路,0.35,line_propagated,1号线,0,normal_info,0,1号线
ZZM_CN_92074709d829,ZZS_0ccbb4888d,二七广场,0.35,line_propagated,1号线,0,normal_info,0,1号线
ZZM_CN_92074709d829,ZZS_1acdaac4ce,铁炉,0.35,line_propagated,1号线,0,normal_info,0,1号线
ZZM_CN_92074709d829,ZZS_27d32a2e36,五一公园,0.35,line_propagated,1号线,0,normal_info,0,1号线
ZZM_CN_92074709d829,ZZS_3813354d55,绿城广场,0.35,line_propagated,1号线,0,normal_info,0,1号线
ZZM_CN_92074709d829,ZZS_38180914a0,燕庄,0.35,line_propagated,1号线,0,normal_info,0,1号线
ZZM_CN_92074709d829,ZZS_52a5a7940c,兰寨,0.35,line_propagated,1号线,0,normal_info,0,1号线
ZZM_CN_92074709d829,ZZS_5d37b2006d,河南大学新区,0.35,line_propagated,1号线,0,normal_info,0,1号线
ZZM_CN_92074709d829,ZZS_6c89efbe2c,文苑北路,0.35,line_propagated,1号线,0,normal_info,0,1号线
ZZM_CN_92074709d829,ZZS_87213b5129,会展中心,0.35,line_propagated,1号线,0,normal_info,0,1号线
ZZM_CN_92074709d829,ZZS_881a48e5bb,西三环,0.35,line_propagated,1号线,0,normal_info,0,1号线
ZZM_CN_92074709d829,ZZS_89f2ce9b1d,秦岭路,0.35,line_propagated,1号线,0,normal_info,0,1号线
ZZM_CN_92074709d829,ZZS_90196f31d6,郑州火车站,0.35,line_propagated,1号线,0,normal_info,0,1号线
ZZM_CN_92074709d829,ZZS_a14df2d44f,紫荆山,0.35,line_propagated,1号线,0,normal_info,0,1号线
ZZM_CN_92074709d829,ZZS_ae1b2afcad,梧桐街,0.35,line_propagated,1号线,0,normal_info,0,1号线
ZZM_CN_92074709d829,ZZS_aed2ee7bb7,河南工业大学,0.35,line_propagated,1号线,0,normal_info,0,1号线
ZZM_CN_92074709d829,ZZS_b0ac143899,龙子湖,0.35,line_propagated,1号线,0,normal_info,0,1号线
ZZM_CN_92074709d829,ZZS_b37a0bcf35,郑大科技园,0.35,line_propagated,1号线,0,normal_info,0,1号线
ZZM_CN_92074709d829,ZZS_b8d795b006,黄河南路,0.35,line_propagated,1号线,0,normal_info,0,1号线
ZZM_CN_92074709d829,ZZS_bb3c17098a,人民路,0.35,line_propagated,1号线,0,normal_info,0,1号线
ZZM_CN_92074709d829,ZZS_bf7f2bfbd0,博学路,0.35,line_propagated,1号线,0,normal_info,0,1号线
ZZM_CN_92074709d829,ZZS_c9109d3d9f,医学院,0.35,line_propagated,1号线,0,normal_info,0,1号线
ZZM_CN_92074709d829,ZZS_cc61daaced,市体育中心,0.35,line_propagated,1号线,0,normal_info,0,1号线
ZZM_CN_92074709d829,ZZS_d61a964e41,市民中心,0.35,line_propagated,1号线,0,normal_info,0,1号线
ZZM_CN_92074709d829,ZZS_e4b35b2f4d,郑州大学,0.35,line_propagated,1号线,0,normal_info,0,1号线
ZZM_CN_92074709d829,ZZS_e67ffc082e,西流湖,0.35,line_propagated,1号线,0,normal_info,0,1号线
ZZM_CN_92074709d829,ZZS_ff2a277828,民航路,0.35,line_propagated,1号线,0,normal_info,0,1号线
ZZM_CN_92074709d829,ZZS_ff6940526d,郑州东站,0.35,line_propagated,1号线,0,normal_info,0,1号线
ZZM_CN_933e316a5a68,ZZS_00f55fa149,碧沙岗,0.35,line_propagated,1号线,0,normal_info,0,1号线
ZZM_CN_933e316a5a68,ZZS_065e638aef,东风南路,0.35,line_propagated,1号线,0,normal_info,0,1号线
ZZM_CN_933e316a5a68,ZZS_0660d199a6,农业南路,0.35,line_propagated,1号线,0,normal_info,0,1号线
ZZM_CN_933e316a5a68,ZZS_0ccbb4888d,二七广场,0.35,line_propagated,1号线,0,normal_info,0,1号线
ZZM_CN_933e316a5a68,ZZS_1acdaac4ce,铁炉,0.35,line_propagated,1号线,0,normal_info,0,1号线
ZZM_CN_933e316a5a68,ZZS_27d32a2e36,五一公园,0.35,line_propagated,1号线,0,normal_info,0,1号线
ZZM_CN_933e316a5a68,ZZS_3813354d55,绿城广场,0.35,line_propagated,1号线,0,normal_info,0,1号线
ZZM_CN_933e316a5a68,ZZS_38180914a0,燕庄,0.35,line_propagated,1号线,0,normal_info,0,1号线
ZZM_CN_933e316a5a68,ZZS_52a5a7940c,兰寨,0.35,line_propagated,1号线,0,normal_info,0,1号线
ZZM_CN_933e316a5a68,ZZS_5d37b2006d,河南大学新区,0.35,line_propagated,1号线,0,normal_info,0,1号线
ZZM_CN_933e316a5a68,ZZS_6c89efbe2c,文苑北路,0.35,line_propagated,1号线,0,normal_info,0,1号线
ZZM_CN_933e316a5a68,ZZS_87213b5129,会展中心,0.35,line_propagated,1号线,0,normal_info,0,1号线
ZZM_CN_933e316a5a68,ZZS_881a48e5bb,西三环,0.35,line_propagated,1号线,0,normal_info,0,1号线
ZZM_CN_933e316a5a68,ZZS_89f2ce9b1d,秦岭路,0.35,line_propagated,1号线,0,normal_info,0,1号线
ZZM_CN_933e316a5a68,ZZS_90196f31d6,郑州火车站,0.35,line_propagated,1号线,0,normal_info,0,1号线
ZZM_CN_933e316a5a68,ZZS_a14df2d44f,紫荆山,0.35,line_propagated,1号线,0,normal_info,0,1号线
ZZM_CN_933e316a5a68,ZZS_ae1b2afcad,梧桐街,0.35,line_propagated,1号线,0,normal_info,0,1号线
ZZM_CN_933e316a5a68,ZZS_aed2ee7bb7,河南工业大学,0.35,line_propagated,1号线,0,normal_info,0,1号线
ZZM_CN_933e316a5a68,ZZS_b0ac143899,龙子湖,0.35,line_propagated,1号线,0,normal_info,0,1号线
ZZM_CN_933e316a5a68,ZZS_b37a0bcf35,郑大科技园,0.35,line_propagated,1号线,0,normal_info,0,1号线
ZZM_CN_933e316a5a68,ZZS_b8d795b006,黄河南路,0.35,line_propagated,1号线,0,normal_info,0,1号线
ZZM_CN_933e316a5a68,ZZS_bb3c17098a,人民路,0.35,line_propagated,1号线,0,normal_info,0,1号线
ZZM_CN_933e316a5a68,ZZS_bf7f2bfbd0,博学路,0.35,line_propagated,1号线,0,normal_info,0,1号线
ZZM_CN_933e316a5a68,ZZS_c9109d3d9f,医学院,0.35,line_propagated,1号线,0,normal_info,0,1号线
ZZM_CN_933e316a5a68,ZZS_cc61daaced,市体育中心,0.35,line_propagated,1号线,0,normal_info,0,1号线
ZZM_CN_933e316a5a68,ZZS_d61a964e41,市民中心,0.35,line_propagated,1号线,0,normal_info,0,1号线
ZZM_CN_933e316a5a68,ZZS_e4b35b2f4d,郑州大学,0.35,line_propagated,1号线,0,normal_info,0,1号线
ZZM_CN_933e316a5a68,ZZS_e67ffc082e,西流湖,0.35,line_propagated,1号线,0,normal_info,0,1号线
ZZM_CN_933e316a5a68,ZZS_ff2a277828,民航路,0.35,line_propagated,1号线,0,normal_info,0,1号线
ZZM_CN_933e316a5a68,ZZS_ff6940526d,郑州东站,0.35,line_propagated,1号线,0,normal_info,0,1号线
ZZM_CN_95dda01126fd,ZZS_00f55fa149,碧沙岗,0.35,line_propagated,1号线,0,normal_info,0,1号线
ZZM_CN_95dda01126fd,ZZS_065e638aef,东风南路,0.35,line_propagated,1号线,0,normal_info,0,1号线
ZZM_CN_95dda01126fd,ZZS_0660d199a6,农业南路,0.35,line_propagated,1号线,0,normal_info,0,1号线
ZZM_CN_95dda01126fd,ZZS_06c5d1c11c,商鼎路,0.6,interval_inferred,interval,0,normal_info,0,1号线
ZZM_CN_95dda01126fd,ZZS_0ccbb4888d,二七广场,0.35,line_propagated,1号线,0,normal_info,0,1号线
ZZM_CN_95dda01126fd,ZZS_1236ed80e3,中央商务区,0.6,interval_inferred,interval,0,normal_info,0,1号线
ZZM_CN_95dda01126fd,ZZS_1acdaac4ce,铁炉,0.35,line_propagated,1号线,0,normal_info,0,1号线
ZZM_CN_95dda01126fd,ZZS_27d32a2e36,五一公园,0.35,line_propagated,1号线,0,normal_info,0,1号线
ZZM_CN_95dda01126fd,ZZS_28ee7061d7,东十里铺,0.6,interval_inferred,interval,0,normal_info,0,1号线
ZZM_CN_95dda01126fd,ZZS_3813354d55,绿城广场,0.35,line_propagated,1号线,0,normal_info,0,1号线
ZZM_CN_95dda01126fd,ZZS_38180914a0,燕庄,0.35,line_propagated,1号线,0,normal_info,0,1号线
ZZM_CN_95dda01126fd,ZZS_45679e4fc0,七里河,0.9,exact,七里河,0,normal_info,0,1号线
ZZM_CN_95dda01126fd,ZZS_52a5a7940c,兰寨,0.35,line_propagated,1号线,0,normal_info,0,1号线
ZZM_CN_95dda01126fd,ZZS_5d37b2006d,河南大学新区,0.35,line_propagated,1号线,0,normal_info,0,1号线
ZZM_CN_95dda01126fd,ZZS_6c89efbe2c,文苑北路,0.35,line_propagated,1号线,0,normal_info,0,1号线
ZZM_CN_95dda01126fd,ZZS_87213b5129,会展中心,0.6,interval_inferred,interval,0,normal_info,0,1号线
ZZM_CN_95dda01126fd,ZZS_881a48e5bb,西三环,0.35,line_propagated,1号线,0,normal_info,0,1号线
ZZM_CN_95dda01126fd,ZZS_89f2ce9b1d,秦岭路,0.35,line_propagated,1号线,0,normal_info,0,1号线
ZZM_CN_95dda01126fd,ZZS_90196f31d6,郑州火车站,0.35,line_propagated,1号线,0,normal_info,0,1号线
ZZM_CN_95dda01126fd,ZZS_90de6fab35,货站街,0.6,interval_inferred,interval,0,normal_info,0,1号线
ZZM_CN_95dda01126fd,ZZS_a14df2d44f,紫荆山,0.35,line_propagated,1号线,0,normal_info,0,1号线
ZZM_CN_95dda01126fd,ZZS_ae1b2afcad,梧桐街,0.35,line_propagated,1号线,0,normal_info,0,1号线
ZZM_CN_95dda01126fd,ZZS_aed2ee7bb7,河南工业大学,0.35,line_propagated,1号线,0,normal_info,0,1号线
ZZM_CN_95dda01126fd,ZZS_b0ac143899,龙子湖,0.35,line_propagated,1号线,0,normal_info,0,1号线
ZZM_CN_95dda01126fd,ZZS_b37a0bcf35,郑大科技园,0.35,line_propagated,1号线,0,normal_info,0,1号线
ZZM_CN_95dda01126fd,ZZS_b8d795b006,黄河南路,0.35,line_propagated,1号线,0,normal_info,0,1号线
ZZM_CN_95dda01126fd,ZZS_bb3c17098a,人民路,0.35,line_propagated,1号线,0,normal_info,0,1号线
ZZM_CN_95dda01126fd,ZZS_bf7f2bfbd0,博学路,0.35,line_propagated,1号线,0,normal_info,0,1号线
ZZM_CN_95dda01126fd,ZZS_c9109d3d9f,医学院,0.35,line_propagated,1号线,0,normal_info,0,1号线
ZZM_CN_95dda01126fd,ZZS_cc61daaced,市体育中心,0.35,line_propagated,1号线,0,normal_info,0,1号线
ZZM_CN_95dda01126fd,ZZS_d61a964e41,市民中心,0.35,line_propagated,1号线,0,normal_info,0,1号线
ZZM_CN_95dda01126fd,ZZS_d86c49fbed,农业东路,0.9,exact,农业东路,0,normal_info,0,1号线
ZZM_CN_95dda01126fd,ZZS_e4b35b2f4d,郑州大学,0.35,line_propagated,1号线,0,normal_info,0,1号线
ZZM_CN_95dda01126fd,ZZS_e67ffc082e,西流湖,0.35,line_propagated,1号线,0,normal_info,0,1号线
ZZM_CN_95dda01126fd,ZZS_ff2a277828,民航路,0.35,line_propagated,1号线,0,normal_info,0,1号线
ZZM_CN_95dda01126fd,ZZS_ff6940526d,郑州东站,0.35,line_propagated,1号线,0,normal_info,0,1号线
ZZM_CN_960e1e8a1f8e,ZZS_02cf3e4cf5,南三环,0.35,line_propagated,2号线,0,normal_info,0,2号线
ZZM_CN_960e1e8a1f8e,ZZS_1a5721a427,毛庄,0.35,line_propagated,2号线,0,normal_info,0,2号线
ZZM_CN_960e1e8a1f8e,ZZS_20262a52f0,南五里堡,0.35,line_propagated,2号线,0,normal_info,0,2号线
ZZM_CN_960e1e8a1f8e,ZZS_2bd57be00d,关虎屯,0.35,line_propagated,2号线,0,normal_info,0,2号线
ZZM_CN_960e1e8a1f8e,ZZS_43a808507b,金洼,0.35,line_propagated,2号线,0,normal_info,0,2号线
ZZM_CN_960e1e8a1f8e,ZZS_4d258fdd50,金达路,0.35,line_propagated,2号线,0,normal_info,0,2号线
ZZM_CN_960e1e8a1f8e,ZZS_51e572c7c3,东大街,0.35,line_propagated,2号线,0,normal_info,0,2号线
ZZM_CN_960e1e8a1f8e,ZZS_54adf32b6c,南四环,0.35,line_propagated,2号线,0,normal_info,0,2号线
ZZM_CN_960e1e8a1f8e,ZZS_6b600b7696,刘庄,0.35,line_propagated,2号线,0,normal_info,0,2号线
ZZM_CN_960e1e8a1f8e,ZZS_72de4f5f66,惠济区政府,0.35,line_propagated,2号线,0,normal_info,0,2号线
ZZM_CN_960e1e8a1f8e,ZZS_7dd13fd23f,黄河路,0.35,line_propagated,2号线,0,normal_info,0,2号线
ZZM_CN_960e1e8a1f8e,ZZS_90c4ce1eb7,沙门,0.35,line_propagated,2号线,0,normal_info,0,2号线
ZZM_CN_960e1e8a1f8e,ZZS_93b9249040,二里岗,0.35,line_propagated,2号线,0,normal_info,0,2号线
ZZM_CN_960e1e8a1f8e,ZZS_9660c27c11,站马屯,0.35,line_propagated,2号线,0,normal_info,0,2号线
ZZM_CN_960e1e8a1f8e,ZZS_9f383e1427,花寨,0.35,line_propagated,2号线,0,normal_info,0,2号线
ZZM_CN_960e1e8a1f8e,ZZS_a14df2d44f,紫荆山,0.35,line_propagated,2号线,0,normal_info,0,2号线
ZZM_CN_960e1e8a1f8e,ZZS_a7b91da4c7,陇海东路,0.35,line_propagated,2号线,0,normal_info,0,2号线
ZZM_CN_960e1e8a1f8e,ZZS_abc078ccd5,黄河迎宾馆,0.35,line_propagated,2号线,0,normal_info,0,2号线
ZZM_CN_960e1e8a1f8e,ZZS_bdc2a71da9,柳林,0.35,line_propagated,2号线,0,normal_info,0,2号线
ZZM_CN_960e1e8a1f8e,ZZS_c180efc575,贾河,0.35,line_propagated,2号线,0,normal_info,0,2号线
ZZM_CN_960e1e8a1f8e,ZZS_ff256e6634,北三环,0.35,line_propagated,2号线,0,normal_info,0,2号线
ZZM_CN_960e1e8a1f8e,ZZS_ff491e6fdf,东风路,0.35,line_propagated,2号线,0,normal_info,0,2号线
ZZM_CN_9691f0a9b3b1,ZZS_00f55fa149,碧沙岗,0.35,line_propagated,1号线,0,normal_info,0,1号线
ZZM_CN_9691f0a9b3b1,ZZS_065e638aef,东风南路,0.35,line_propagated,1号线,0,normal_info,0,1号线
ZZM_CN_9691f0a9b3b1,ZZS_0660d199a6,农业南路,0.35,line_propagated,1号线,0,normal_info,0,1号线
ZZM_CN_9691f0a9b3b1,ZZS_0ccbb4888d,二七广场,0.35,line_propagated,1号线,0,normal_info,0,1号线
ZZM_CN_9691f0a9b3b1,ZZS_1acdaac4ce,铁炉,0.35,line_propagated,1号线,0,normal_info,0,1号线
ZZM_CN_9691f0a9b3b1,ZZS_27d32a2e36,五一公园,0.35,line_propagated,1号线,0,normal_info,0,1号线
ZZM_CN_9691f0a9b3b1,ZZS_3813354d55,绿城广场,0.35,line_propagated,1号线,0,normal_info,0,1号线
ZZM_CN_9691f0a9b3b1,ZZS_38180914a0,燕庄,0.35,line_propagated,1号线,0,normal_info,0,1号线
ZZM_CN_9691f0a9b3b1,ZZS_52a5a7940c,兰寨,0.35,line_propagated,1号线,0,normal_info,0,1号线
ZZM_CN_9691f0a9b3b1,ZZS_5d37b2006d,河南大学新区,0.35,line_propagated,1号线,0,normal_info,0,1号线
ZZM_CN_9691f0a9b3b1,ZZS_6c89efbe2c,文苑北路,0.9,exact+line,1号线|文苑北路,0,normal_info,0,1号线
ZZM_CN_9691f0a9b3b1,ZZS_87213b5129,会展中心,0.35,line_propagated,1号线,0,normal_info,0,1号线
ZZM_CN_9691f0a9b3b1,ZZS_881a48e5bb,西三环,0.35,line_propagated,1号线,0,normal_info,0,1号线
ZZM_CN_9691f0a9b3b1,ZZS_89f2ce9b1d,秦岭路,0.35,line_propagated,1号线,0,normal_info,0,1号线
ZZM_CN_9691f0a9b3b1,ZZS_90196f31d6,郑州火车站,0.35,line_propagated,1号线,0,normal_info,0,1号线
ZZM_CN_9691f0a9b3b1,ZZS_a14df2d44f,紫荆山,0.35,line_propagated,1号线,0,normal_info,0,1号线
ZZM_CN_9691f0a9b3b1,ZZS_ae1b2afcad,梧桐街,0.35,line_propagated,1号线,0,normal_info,0,1号线
ZZM_CN_9691f0a9b3b1,ZZS_aed2ee7bb7,河南工业大学,0.35,line_propagated,1号线,0,normal_info,0,1号线
ZZM_CN_9691f0a9b3b1,ZZS_b0ac143899,龙子湖,0.35,line_propagated,1号线,0,normal_info,0,1号线
ZZM_CN_9691f0a9b3b1,ZZS_b37a0bcf35,郑大科技园,0.35,line_propagated,1号线,0,normal_info,0,1号线
ZZM_CN_9691f0a9b3b1,ZZS_b8d795b006,黄河南路,0.35,line_propagated,1号线,0,normal_info,0,1号线
ZZM_CN_9691f0a9b3b1,ZZS_bb3c17098a,人民路,0.35,line_propagated,1号线,0,normal_info,0,1号线
ZZM_CN_9691f0a9b3b1,ZZS_bf7f2bfbd0,博学路,0.35,line_propagated,1号线,0,normal_info,0,1号线
ZZM_CN_9691f0a9b3b1,ZZS_c9109d3d9f,医学院,0.35,line_propagated,1号线,0,normal_info,0,1号线
ZZM_CN_9691f0a9b3b1,ZZS_cc61daaced,市体育中心,0.35,line_propagated,1号线,0,normal_info,0,1号线
ZZM_CN_9691f0a9b3b1,ZZS_d61a964e41,市民中心,0.35,line_propagated,1号线,0,normal_info,0,1号线
ZZM_CN_9691f0a9b3b1,ZZS_e4b35b2f4d,郑州大学,0.35,line_propagated,1号线,0,normal_info,0,1号线
ZZM_CN_9691f0a9b3b1,ZZS_e67ffc082e,西流湖,0.35,line_propagated,1号线,0,normal_info,0,1号线
ZZM_CN_9691f0a9b3b1,ZZS_ff2a277828,民航路,0.35,line_propagated,1号线,0,normal_info,0,1号线
ZZM_CN_9691f0a9b3b1,ZZS_ff6940526d,郑州东站,0.35,line_propagated,1号线,0,normal_info,0,1号线
ZZM_CN_96aa7b19260c,ZZS_00f55fa149,碧沙岗,0.35,line_propagated,1号线,0,normal_info,0,1号线
ZZM_CN_96aa7b19260c,ZZS_065e638aef,东风南路,0.35,line_propagated,1号线,0,normal_info,0,1号线
ZZM_CN_96aa7b19260c,ZZS_0660d199a6,农业南路,0.35,line_propagated,1号线,0,normal_info,0,1号线
ZZM_CN_96aa7b19260c,ZZS_0ccbb4888d,二七广场,0.9,exact+line,1号线|二七广场,0,normal_info,0,1号线
ZZM_CN_96aa7b19260c,ZZS_1acdaac4ce,铁炉,0.35,line_propagated,1号线,0,normal_info,0,1号线
ZZM_CN_96aa7b19260c,ZZS_27d32a2e36,五一公园,0.35,line_propagated,1号线,0,normal_info,0,1号线
ZZM_CN_96aa7b19260c,ZZS_3813354d55,绿城广场,0.35,line_propagated,1号线,0,normal_info,0,1号线
ZZM_CN_96aa7b19260c,ZZS_38180914a0,燕庄,0.9,exact+line,1号线|燕庄,0,normal_info,0,1号线
ZZM_CN_96aa7b19260c,ZZS_52a5a7940c,兰寨,0.35,line_propagated,1号线,0,normal_info,0,1号线
ZZM_CN_96aa7b19260c,ZZS_5d37b2006d,河南大学新区,0.35,line_propagated,1号线,0,normal_info,0,1号线
ZZM_CN_96aa7b19260c,ZZS_6c89efbe2c,文苑北路,0.35,line_propagated,1号线,0,normal_info,0,1号线
ZZM_CN_96aa7b19260c,ZZS_87213b5129,会展中心,0.35,line_propagated,1号线,0,normal_info,0,1号线
ZZM_CN_96aa7b19260c,ZZS_881a48e5bb,西三环,0.35,line_propagated,1号线,0,normal_info,0,1号线
ZZM_CN_96aa7b19260c,ZZS_89f2ce9b1d,秦岭路,0.35,line_propagated,1号线,0,normal_info,0,1号线
ZZM_CN_96aa7b19260c,ZZS_90196f31d6,郑州火车站,0.35,line_propagated,1号线,0,normal_info,0,1号线
ZZM_CN_96aa7b19260c,ZZS_a14df2d44f,紫荆山,0.35,line_propagated,1号线,0,normal_info,0,1号线
ZZM_CN_96aa7b19260c,ZZS_ae1b2afcad,梧桐街,0.35,line_propagated,1号线,0,normal_info,0,1号线
ZZM_CN_96aa7b19260c,ZZS_aed2ee7bb7,河南工业大学,0.35,line_propagated,1号线,0,normal_info,0,1号线
ZZM_CN_96aa7b19260c,ZZS_b0ac143899,龙子湖,0.35,line_propagated,1号线,0,normal_info,0,1号线
ZZM_CN_96aa7b19260c,ZZS_b37a0bcf35,郑大科技园,0.35,line_propagated,1号线,0,normal_info,0,1号线
ZZM_CN_96aa7b19260c,ZZS_b8d795b006,黄河南路,0.35,line_propagated,1号线,0,normal_info,0,1号线
ZZM_CN_96aa7b19260c,ZZS_bb3c17098a,人民路,0.35,line_propagated,1号线,0,normal_info,0,1号线
ZZM_CN_96aa7b19260c,ZZS_bf7f2bfbd0,博学路,0.35,line_propagated,1号线,0,normal_info,0,1号线
ZZM_CN_96aa7b19260c,ZZS_c9109d3d9f,医学院,0.35,line_propagated,1号线,0,normal_info,0,1号线
ZZM_CN_96aa7b19260c,ZZS_cc61daaced,市体育中心,0.35,line_propagated,1号线,0,normal_info,0,1号线
ZZM_CN_96aa7b19260c,ZZS_d61a964e41,市民中心,0.35,line_propagated,1号线,0,normal_info,0,1号线
ZZM_CN_96aa7b19260c,ZZS_e4b35b2f4d,郑州大学,0.35,line_propagated,1号线,0,normal_info,0,1号线
ZZM_CN_96aa7b19260c,ZZS_e67ffc082e,西流湖,0.35,line_propagated,1号线,0,normal_info,0,1号线
ZZM_CN_96aa7b19260c,ZZS_ff2a277828,民航路,0.35,line_propagated,1号线,0,normal_info,0,1号线
ZZM_CN_96aa7b19260c,ZZS_ff6940526d,郑州东站,0.35,line_propagated,1号线,0,normal_info,0,1号线
ZZM_CN_96e87000c6f9,ZZS_00f55fa149,碧沙岗,0.35,line_propagated,1号线,0,normal_info,0,1号线
ZZM_CN_96e87000c6f9,ZZS_065e638aef,东风南路,0.35,line_propagated,1号线,0,normal_info,0,1号线
ZZM_CN_96e87000c6f9,ZZS_0660d199a6,农业南路,0.35,line_propagated,1号线,0,normal_info,0,1号线
ZZM_CN_96e87000c6f9,ZZS_0ccbb4888d,二七广场,0.35,line_propagated,1号线,0,normal_info,0,1号线
ZZM_CN_96e87000c6f9,ZZS_1acdaac4ce,铁炉,0.35,line_propagated,1号线,0,normal_info,0,1号线
ZZM_CN_96e87000c6f9,ZZS_27d32a2e36,五一公园,0.35,line_propagated,1号线,0,normal_info,0,1号线
ZZM_CN_96e87000c6f9,ZZS_3813354d55,绿城广场,0.35,line_propagated,1号线,0,normal_info,0,1号线
ZZM_CN_96e87000c6f9,ZZS_38180914a0,燕庄,0.35,line_propagated,1号线,0,normal_info,0,1号线
ZZM_CN_96e87000c6f9,ZZS_52a5a7940c,兰寨,0.35,line_propagated,1号线,0,normal_info,0,1号线
ZZM_CN_96e87000c6f9,ZZS_5d37b2006d,河南大学新区,0.35,line_propagated,1号线,0,normal_info,0,1号线
ZZM_CN_96e87000c6f9,ZZS_6c89efbe2c,文苑北路,0.35,line_propagated,1号线,0,normal_info,0,1号线
ZZM_CN_96e87000c6f9,ZZS_87213b5129,会展中心,0.35,line_propagated,1号线,0,normal_info,0,1号线
ZZM_CN_96e87000c6f9,ZZS_881a48e5bb,西三环,0.35,line_propagated,1号线,0,normal_info,0,1号线
ZZM_CN_96e87000c6f9,ZZS_89f2ce9b1d,秦岭路,0.35,line_propagated,1号线,0,normal_info,0,1号线
ZZM_CN_96e87000c6f9,ZZS_90196f31d6,郑州火车站,0.35,line_propagated,1号线,0,normal_info,0,1号线
ZZM_CN_96e87000c6f9,ZZS_a14df2d44f,紫荆山,0.35,line_propagated,1号线,0,normal_info,0,1号线
ZZM_CN_96e87000c6f9,ZZS_ae1b2afcad,梧桐街,0.35,line_propagated,1号线,0,normal_info,0,1号线
ZZM_CN_96e87000c6f9,ZZS_aed2ee7bb7,河南工业大学,0.35,line_propagated,1号线,0,normal_info,0,1号线
ZZM_CN_96e87000c6f9,ZZS_b0ac143899,龙子湖,0.35,line_propagated,1号线,0,normal_info,0,1号线
ZZM_CN_96e87000c6f9,ZZS_b37a0bcf35,郑大科技园,0.35,line_propagated,1号线,0,normal_info,0,1号线
ZZM_CN_96e87000c6f9,ZZS_b8d795b006,黄河南路,0.35,line_propagated,1号线,0,normal_info,0,1号线
ZZM_CN_96e87000c6f9,ZZS_bb3c17098a,人民路,0.35,line_propagated,1号线,0,normal_info,0,1号线
ZZM_CN_96e87000c6f9,ZZS_bf7f2bfbd0,博学路,0.35,line_propagated,1号线,0,normal_info,0,1号线
ZZM_CN_96e87000c6f9,ZZS_c9109d3d9f,医学院,0.35,line_propagated,1号线,0,normal_info,0,1号线
ZZM_CN_96e87000c6f9,ZZS_cc61daaced,市体育中心,0.35,line_propagated,1号线,0,normal_info,0,1号线
ZZM_CN_96e87000c6f9,ZZS_d61a964e41,市民中心,0.35,line_propagated,1号线,0,normal_info,0,1号线
ZZM_CN_96e87000c6f9,ZZS_e4b35b2f4d,郑州大学,0.35,line_propagated,1号线,0,normal_info,0,1号线
ZZM_CN_96e87000c6f9,ZZS_e67ffc082e,西流湖,0.35,line_propagated,1号线,0,normal_info,0,1号线
ZZM_CN_96e87000c6f9,ZZS_ff2a277828,民航路,0.35,line_propagated,1号线,0,normal_info,0,1号线
ZZM_CN_96e87000c6f9,ZZS_ff6940526d,郑州东站,0.35,line_propagated,1号线,0,normal_info,0,1号线
ZZM_CN_972364b79a64,ZZS_00f55fa149,碧沙岗,0.35,line_propagated,1号线,0,normal_info,0,1号线
ZZM_CN_972364b79a64,ZZS_065e638aef,东风南路,0.35,line_propagated,1号线,0,normal_info,0,1号线
ZZM_CN_972364b79a64,ZZS_0660d199a6,农业南路,0.35,line_propagated,1号线,0,normal_info,0,1号线
ZZM_CN_972364b79a64,ZZS_0ccbb4888d,二七广场,0.35,line_propagated,1号线,0,normal_info,0,1号线
ZZM_CN_972364b79a64,ZZS_1acdaac4ce,铁炉,0.35,line_propagated,1号线,0,normal_info,0,1号线
ZZM_CN_972364b79a64,ZZS_27d32a2e36,五一公园,0.35,line_propagated,1号线,0,normal_info,0,1号线
ZZM_CN_972364b79a64,ZZS_3813354d55,绿城广场,0.35,line_propagated,1号线,0,normal_info,0,1号线
ZZM_CN_972364b79a64,ZZS_38180914a0,燕庄,0.35,line_propagated,1号线,0,normal_info,0,1号线
ZZM_CN_972364b79a64,ZZS_52a5a7940c,兰寨,0.35,line_propagated,1号线,0,normal_info,0,1号线
ZZM_CN_972364b79a64,ZZS_5d37b2006d,河南大学新区,0.35,line_propagated,1号线,0,normal_info,0,1号线
ZZM_CN_972364b79a64,ZZS_6c89efbe2c,文苑北路,0.35,line_propagated,1号线,0,normal_info,0,1号线
ZZM_CN_972364b79a64,ZZS_87213b5129,会展中心,0.35,line_propagated,1号线,0,normal_info,0,1号线
ZZM_CN_972364b79a64,ZZS_881a48e5bb,西三环,0.35,line_propagated,1号线,0,normal_info,0,1号线
ZZM_CN_972364b79a64,ZZS_89f2ce9b1d,秦岭路,0.35,line_propagated,1号线,0,normal_info,0,1号线
ZZM_CN_972364b79a64,ZZS_90196f31d6,郑州火车站,0.35,line_propagated,1号线,0,normal_info,0,1号线
ZZM_CN_972364b79a64,ZZS_a14df2d44f,紫荆山,0.35,line_propagated,1号线,0,normal_info,0,1号线
ZZM_CN_972364b79a64,ZZS_ae1b2afcad,梧桐街,0.35,line_propagated,1号线,0,normal_info,0,1号线
ZZM_CN_972364b79a64,ZZS_aed2ee7bb7,河南工业大学,0.35,line_propagated,1号线,0,normal_info,0,1号线
ZZM_CN_972364b79a64,ZZS_b0ac143899,龙子湖,0.35,line_propagated,1号线,0,normal_info,0,1号线
ZZM_CN_972364b79a64,ZZS_b37a0bcf35,郑大科技园,0.35,line_propagated,1号线,0,normal_info,0,1号线
ZZM_CN_972364b79a64,ZZS_b8d795b006,黄河南路,0.35,line_propagated,1号线,0,normal_info,0,1号线
ZZM_CN_972364b79a64,ZZS_bb3c17098a,人民路,0.35,line_propagated,1号线,0,normal_info,0,1号线
ZZM_CN_972364b79a64,ZZS_bf7f2bfbd0,博学路,0.35,line_propagated,1号线,0,normal_info,0,1号线
ZZM_CN_972364b79a64,ZZS_c9109d3d9f,医学院,0.35,line_propagated,1号线,0,normal_info,0,1号线
ZZM_CN_972364b79a64,ZZS_cc61daaced,市体育中心,0.35,line_propagated,1号线,0,normal_info,0,1号线
ZZM_CN_972364b79a64,ZZS_d61a964e41,市民中心,0.35,line_propagated,1号线,0,normal_info,0,1号线
ZZM_CN_972364b79a64,ZZS_e4b35b2f4d,郑州大学,0.35,line_propagated,1号线,0,normal_info,0,1号线
ZZM_CN_972364b79a64,ZZS_e67ffc082e,西流湖,0.35,line_propagated,1号线,0,normal_info,0,1号线
ZZM_CN_972364b79a64,ZZS_ff2a277828,民航路,0.35,line_propagated,1号线,0,normal_info,0,1号线
ZZM_CN_972364b79a64,ZZS_ff6940526d,郑州东站,0.35,line_propagated,1号线,0,normal_info,0,1号线
ZZM_CN_97637b67fc1f,ZZS_00f55fa149,碧沙岗,0.35,line_propagated,1号线,0,normal_info,0,1号线
ZZM_CN_97637b67fc1f,ZZS_065e638aef,东风南路,0.35,line_propagated,1号线,0,normal_info,0,1号线
ZZM_CN_97637b67fc1f,ZZS_0660d199a6,农业南路,0.35,line_propagated,1号线,0,normal_info,0,1号线
ZZM_CN_97637b67fc1f,ZZS_0ccbb4888d,二七广场,0.35,line_propagated,1号线,0,normal_info,0,1号线
ZZM_CN_97637b67fc1f,ZZS_1acdaac4ce,铁炉,0.35,line_propagated,1号线,0,normal_info,0,1号线
ZZM_CN_97637b67fc1f,ZZS_27d32a2e36,五一公园,0.35,line_propagated,1号线,0,normal_info,0,1号线
ZZM_CN_97637b67fc1f,ZZS_3813354d55,绿城广场,0.35,line_propagated,1号线,0,normal_info,0,1号线
ZZM_CN_97637b67fc1f,ZZS_38180914a0,燕庄,0.9,exact+line,1号线|燕庄,0,normal_info,0,1号线
ZZM_CN_97637b67fc1f,ZZS_52a5a7940c,兰寨,0.35,line_propagated,1号线,0,normal_info,0,1号线
ZZM_CN_97637b67fc1f,ZZS_5d37b2006d,河南大学新区,0.35,line_propagated,1号线,0,normal_info,0,1号线
ZZM_CN_97637b67fc1f,ZZS_6c89efbe2c,文苑北路,0.35,line_propagated,1号线,0,normal_info,0,1号线
ZZM_CN_97637b67fc1f,ZZS_87213b5129,会展中心,0.35,line_propagated,1号线,0,normal_info,0,1号线
ZZM_CN_97637b67fc1f,ZZS_881a48e5bb,西三环,0.35,line_propagated,1号线,0,normal_info,0,1号线
ZZM_CN_97637b67fc1f,ZZS_89f2ce9b1d,秦岭路,0.35,line_propagated,1号线,0,normal_info,0,1号线
ZZM_CN_97637b67fc1f,ZZS_90196f31d6,郑州火车站,0.35,line_propagated,1号线,0,normal_info,0,1号线
ZZM_CN_97637b67fc1f,ZZS_a14df2d44f,紫荆山,0.35,line_propagated,1号线,0,normal_info,0,1号线
ZZM_CN_97637b67fc1f,ZZS_ae1b2afcad,梧桐街,0.35,line_propagated,1号线,0,normal_info,0,1号线
ZZM_CN_97637b67fc1f,ZZS_aed2ee7bb7,河南工业大学,0.35,line_propagated,1号线,0,normal_info,0,1号线
ZZM_CN_97637b67fc1f,ZZS_b0ac143899,龙子湖,0.35,line_propagated,1号线,0,normal_info,0,1号线
ZZM_CN_97637b67fc1f,ZZS_b37a0bcf35,郑大科技园,0.35,line_propagated,1号线,0,normal_info,0,1号线
ZZM_CN_97637b67fc1f,ZZS_b8d795b006,黄河南路,0.35,line_propagated,1号线,0,normal_info,0,1号线
ZZM_CN_97637b67fc1f,ZZS_bb3c17098a,人民路,0.35,line_propagated,1号线,0,normal_info,0,1号线
ZZM_CN_97637b67fc1f,ZZS_bf7f2bfbd0,博学路,0.35,line_propagated,1号线,0,normal_info,0,1号线
ZZM_CN_97637b67fc1f,ZZS_c9109d3d9f,医学院,0.35,line_propagated,1号线,0,normal_info,0,1号线
ZZM_CN_97637b67fc1f,ZZS_cc61daaced,市体育中心,0.35,line_propagated,1号线,0,normal_info,0,1号线
ZZM_CN_97637b67fc1f,ZZS_d61a964e41,市民中心,0.35,line_propagated,1号线,0,normal_info,0,1号线
ZZM_CN_97637b67fc1f,ZZS_e4b35b2f4d,郑州大学,0.35,line_propagated,1号线,0,normal_info,0,1号线
ZZM_CN_97637b67fc1f,ZZS_e67ffc082e,西流湖,0.35,line_propagated,1号线,0,normal_info,0,1号线
ZZM_CN_97637b67fc1f,ZZS_ff2a277828,民航路,0.35,line_propagated,1号线,0,normal_info,0,1号线
ZZM_CN_97637b67fc1f,ZZS_ff6940526d,郑州东站,0.35,line_propagated,1号线,0,normal_info,0,1号线
ZZM_CN_992e8f5f9ff3,ZZS_00f55fa149,碧沙岗,0.35,line_propagated,1号线,0,normal_info,0,1号线
ZZM_CN_992e8f5f9ff3,ZZS_065e638aef,东风南路,0.35,line_propagated,1号线,0,normal_info,0,1号线
ZZM_CN_992e8f5f9ff3,ZZS_0660d199a6,农业南路,0.35,line_propagated,1号线,0,normal_info,0,1号线
ZZM_CN_992e8f5f9ff3,ZZS_0ccbb4888d,二七广场,0.35,line_propagated,1号线,0,normal_info,0,1号线
ZZM_CN_992e8f5f9ff3,ZZS_1acdaac4ce,铁炉,0.35,line_propagated,1号线,0,normal_info,0,1号线
ZZM_CN_992e8f5f9ff3,ZZS_27d32a2e36,五一公园,0.35,line_propagated,1号线,0,normal_info,0,1号线
ZZM_CN_992e8f5f9ff3,ZZS_3813354d55,绿城广场,0.35,line_propagated,1号线,0,normal_info,0,1号线
ZZM_CN_992e8f5f9ff3,ZZS_38180914a0,燕庄,0.35,line_propagated,1号线,0,normal_info,0,1号线
ZZM_CN_992e8f5f9ff3,ZZS_52a5a7940c,兰寨,0.35,line_propagated,1号线,0,normal_info,0,1号线
ZZM_CN_992e8f5f9ff3,ZZS_5d37b2006d,河南大学新区,0.35,line_propagated,1号线,0,normal_info,0,1号线
ZZM_CN_992e8f5f9ff3,ZZS_6c89efbe2c,文苑北路,0.35,line_propagated,1号线,0,normal_info,0,1号线
ZZM_CN_992e8f5f9ff3,ZZS_87213b5129,会展中心,0.35,line_propagated,1号线,0,normal_info,0,1号线
ZZM_CN_992e8f5f9ff3,ZZS_881a48e5bb,西三环,0.35,line_propagated,1号线,0,normal_info,0,1号线
ZZM_CN_992e8f5f9ff3,ZZS_89f2ce9b1d,秦岭路,0.35,line_propagated,1号线,0,normal_info,0,1号线
ZZM_CN_992e8f5f9ff3,ZZS_90196f31d6,郑州火车站,0.35,line_propagated,1号线,0,normal_info,0,1号线
ZZM_CN_992e8f5f9ff3,ZZS_a14df2d44f,紫荆山,0.35,line_propagated,1号线,0,normal_info,0,1号线
ZZM_CN_992e8f5f9ff3,ZZS_ae1b2afcad,梧桐街,0.35,line_propagated,1号线,0,normal_info,0,1号线
ZZM_CN_992e8f5f9ff3,ZZS_aed2ee7bb7,河南工业大学,0.35,line_propagated,1号线,0,normal_info,0,1号线
ZZM_CN_992e8f5f9ff3,ZZS_b0ac143899,龙子湖,0.35,line_propagated,1号线,0,normal_info,0,1号线
ZZM_CN_992e8f5f9ff3,ZZS_b37a0bcf35,郑大科技园,0.35,line_propagated,1号线,0,normal_info,0,1号线
ZZM_CN_992e8f5f9ff3,ZZS_b8d795b006,黄河南路,0.35,line_propagated,1号线,0,normal_info,0,1号线
ZZM_CN_992e8f5f9ff3,ZZS_bb3c17098a,人民路,0.35,line_propagated,1号线,0,normal_info,0,1号线
ZZM_CN_992e8f5f9ff3,ZZS_bf7f2bfbd0,博学路,0.35,line_propagated,1号线,0,normal_info,0,1号线
ZZM_CN_992e8f5f9ff3,ZZS_c9109d3d9f,医学院,0.35,line_propagated,1号线,0,normal_info,0,1号线
ZZM_CN_992e8f5f9ff3,ZZS_cc61daaced,市体育中心,0.35,line_propagated,1号线,0,normal_info,0,1号线
ZZM_CN_992e8f5f9ff3,ZZS_d61a964e41,市民中心,0.35,line_propagated,1号线,0,normal_info,0,1号线
ZZM_CN_992e8f5f9ff3,ZZS_e4b35b2f4d,郑州大学,0.35,line_propagated,1号线,0,normal_info,0,1号线
ZZM_CN_992e8f5f9ff3,ZZS_e67ffc082e,西流湖,0.35,line_propagated,1号线,0,normal_info,0,1号线
ZZM_CN_992e8f5f9ff3,ZZS_ff2a277828,民航路,0.35,line_propagated,1号线,0,normal_info,0,1号线
ZZM_CN_992e8f5f9ff3,ZZS_ff6940526d,郑州东站,0.35,line_propagated,1号线,0,normal_info,0,1号线
ZZM_CN_99dc780470eb,ZZS_00f55fa149,碧沙岗,0.35,line_propagated,1号线,0,normal_info,0,1号线
ZZM_CN_99dc780470eb,ZZS_065e638aef,东风南路,0.35,line_propagated,1号线,0,normal_info,0,1号线
ZZM_CN_99dc780470eb,ZZS_0660d199a6,农业南路,0.35,line_propagated,1号线,0,normal_info,0,1号线
ZZM_CN_99dc780470eb,ZZS_0ccbb4888d,二七广场,0.35,line_propagated,1号线,0,normal_info,0,1号线
ZZM_CN_99dc780470eb,ZZS_1acdaac4ce,铁炉,0.35,line_propagated,1号线,0,normal_info,0,1号线
ZZM_CN_99dc780470eb,ZZS_27d32a2e36,五一公园,0.35,line_propagated,1号线,0,normal_info,0,1号线
ZZM_CN_99dc780470eb,ZZS_3813354d55,绿城广场,0.35,line_propagated,1号线,0,normal_info,0,1号线
ZZM_CN_99dc780470eb,ZZS_38180914a0,燕庄,0.35,line_propagated,1号线,0,normal_info,0,1号线
ZZM_CN_99dc780470eb,ZZS_52a5a7940c,兰寨,0.35,line_propagated,1号线,0,normal_info,0,1号线
ZZM_CN_99dc780470eb,ZZS_5d37b2006d,河南大学新区,0.35,line_propagated,1号线,0,normal_info,0,1号线
ZZM_CN_99dc780470eb,ZZS_6c89efbe2c,文苑北路,0.35,line_propagated,1号线,0,normal_info,0,1号线
ZZM_CN_99dc780470eb,ZZS_87213b5129,会展中心,0.35,line_propagated,1号线,0,normal_info,0,1号线
ZZM_CN_99dc780470eb,ZZS_881a48e5bb,西三环,0.35,line_propagated,1号线,0,normal_info,0,1号线
ZZM_CN_99dc780470eb,ZZS_89f2ce9b1d,秦岭路,0.35,line_propagated,1号线,0,normal_info,0,1号线
ZZM_CN_99dc780470eb,ZZS_90196f31d6,郑州火车站,0.35,line_propagated,1号线,0,normal_info,0,1号线
ZZM_CN_99dc780470eb,ZZS_a14df2d44f,紫荆山,0.35,line_propagated,1号线,0,normal_info,0,1号线
ZZM_CN_99dc780470eb,ZZS_ae1b2afcad,梧桐街,0.35,line_propagated,1号线,0,normal_info,0,1号线
ZZM_CN_99dc780470eb,ZZS_aed2ee7bb7,河南工业大学,0.35,line_propagated,1号线,0,normal_info,0,1号线
ZZM_CN_99dc780470eb,ZZS_b0ac143899,龙子湖,0.35,line_propagated,1号线,0,normal_info,0,1号线
ZZM_CN_99dc780470eb,ZZS_b37a0bcf35,郑大科技园,0.35,line_propagated,1号线,0,normal_info,0,1号线
ZZM_CN_99dc780470eb,ZZS_b8d795b006,黄河南路,0.35,line_propagated,1号线,0,normal_info,0,1号线
ZZM_CN_99dc780470eb,ZZS_bb3c17098a,人民路,0.35,line_propagated,1号线,0,normal_info,0,1号线
ZZM_CN_99dc780470eb,ZZS_bf7f2bfbd0,博学路,0.35,line_propagated,1号线,0,normal_info,0,1号线
ZZM_CN_99dc780470eb,ZZS_c9109d3d9f,医学院,0.35,line_propagated,1号线,0,normal_info,0,1号线
ZZM_CN_99dc780470eb,ZZS_cc61daaced,市体育中心,0.35,line_propagated,1号线,0,normal_info,0,1号线
ZZM_CN_99dc780470eb,ZZS_d61a964e41,市民中心,0.35,line_propagated,1号线,0,normal_info,0,1号线
ZZM_CN_99dc780470eb,ZZS_e4b35b2f4d,郑州大学,0.35,line_propagated,1号线,0,normal_info,0,1号线
ZZM_CN_99dc780470eb,ZZS_e67ffc082e,西流湖,0.35,line_propagated,1号线,0,normal_info,0,1号线
ZZM_CN_99dc780470eb,ZZS_ff2a277828,民航路,0.35,line_propagated,1号线,0,normal_info,0,1号线
ZZM_CN_99dc780470eb,ZZS_ff6940526d,郑州东站,0.35,line_propagated,1号线,0,normal_info,0,1号线
ZZM_CN_99e0b9c67d20,ZZS_00f55fa149,碧沙岗,0.35,line_propagated,1号线,0,normal_info,0,1号线
ZZM_CN_99e0b9c67d20,ZZS_065e638aef,东风南路,0.35,line_propagated,1号线,0,normal_info,0,1号线
ZZM_CN_99e0b9c67d20,ZZS_0660d199a6,农业南路,0.35,line_propagated,1号线,0,normal_info,0,1号线
ZZM_CN_99e0b9c67d20,ZZS_0ccbb4888d,二七广场,0.35,line_propagated,1号线,0,normal_info,0,1号线
ZZM_CN_99e0b9c67d20,ZZS_1acdaac4ce,铁炉,0.35,line_propagated,1号线,0,normal_info,0,1号线
ZZM_CN_99e0b9c67d20,ZZS_27d32a2e36,五一公园,0.35,line_propagated,1号线,0,normal_info,0,1号线
ZZM_CN_99e0b9c67d20,ZZS_3813354d55,绿城广场,0.35,line_propagated,1号线,0,normal_info,0,1号线
ZZM_CN_99e0b9c67d20,ZZS_38180914a0,燕庄,0.35,line_propagated,1号线,0,normal_info,0,1号线
ZZM_CN_99e0b9c67d20,ZZS_52a5a7940c,兰寨,0.35,line_propagated,1号线,0,normal_info,0,1号线
ZZM_CN_99e0b9c67d20,ZZS_5d37b2006d,河南大学新区,0.35,line_propagated,1号线,0,normal_info,0,1号线
ZZM_CN_99e0b9c67d20,ZZS_6c89efbe2c,文苑北路,0.35,line_propagated,1号线,0,normal_info,0,1号线
ZZM_CN_99e0b9c67d20,ZZS_87213b5129,会展中心,0.35,line_propagated,1号线,0,normal_info,0,1号线
ZZM_CN_99e0b9c67d20,ZZS_881a48e5bb,西三环,0.35,line_propagated,1号线,0,normal_info,0,1号线
ZZM_CN_99e0b9c67d20,ZZS_89f2ce9b1d,秦岭路,0.35,line_propagated,1号线,0,normal_info,0,1号线
ZZM_CN_99e0b9c67d20,ZZS_90196f31d6,郑州火车站,0.35,line_propagated,1号线,0,normal_info,0,1号线
ZZM_CN_99e0b9c67d20,ZZS_a14df2d44f,紫荆山,0.35,line_propagated,1号线,0,normal_info,0,1号线
ZZM_CN_99e0b9c67d20,ZZS_ae1b2afcad,梧桐街,0.35,line_propagated,1号线,0,normal_info,0,1号线
ZZM_CN_99e0b9c67d20,ZZS_aed2ee7bb7,河南工业大学,0.35,line_propagated,1号线,0,normal_info,0,1号线
ZZM_CN_99e0b9c67d20,ZZS_b0ac143899,龙子湖,0.35,line_propagated,1号线,0,normal_info,0,1号线
ZZM_CN_99e0b9c67d20,ZZS_b37a0bcf35,郑大科技园,0.35,line_propagated,1号线,0,normal_info,0,1号线
ZZM_CN_99e0b9c67d20,ZZS_b8d795b006,黄河南路,0.35,line_propagated,1号线,0,normal_info,0,1号线
ZZM_CN_99e0b9c67d20,ZZS_bb3c17098a,人民路,0.35,line_propagated,1号线,0,normal_info,0,1号线
ZZM_CN_99e0b9c67d20,ZZS_bf7f2bfbd0,博学路,0.35,line_propagated,1号线,0,normal_info,0,1号线
ZZM_CN_99e0b9c67d20,ZZS_c9109d3d9f,医学院,0.35,line_propagated,1号线,0,normal_info,0,1号线
ZZM_CN_99e0b9c67d20,ZZS_cc61daaced,市体育中心,0.35,line_propagated,1号线,0,normal_info,0,1号线
ZZM_CN_99e0b9c67d20,ZZS_d61a964e41,市民中心,0.35,line_propagated,1号线,0,normal_info,0,1号线
ZZM_CN_99e0b9c67d20,ZZS_e4b35b2f4d,郑州大学,0.35,line_propagated,1号线,0,normal_info,0,1号线
ZZM_CN_99e0b9c67d20,ZZS_e67ffc082e,西流湖,0.35,line_propagated,1号线,0,normal_info,0,1号线
ZZM_CN_99e0b9c67d20,ZZS_ff2a277828,民航路,0.35,line_propagated,1号线,0,normal_info,0,1号线
ZZM_CN_99e0b9c67d20,ZZS_ff6940526d,郑州东站,0.35,line_propagated,1号线,0,normal_info,0,1号线
ZZM_CN_9bc6427bda69,ZZS_017f9f7875,东赵,0.35,line_propagated,7号线,0,normal_info,0,7号线|8号线
ZZM_CN_9bc6427bda69,ZZS_05998450f4,龙王庙,0.35,line_propagated,8号线,0,normal_info,0,7号线|8号线
ZZM_CN_9bc6427bda69,ZZS_05baea497e,北大学城,0.35,line_propagated,7号线,0,normal_info,0,7号线|8号线
ZZM_CN_9bc6427bda69,ZZS_14975bb40b,大学科技园,0.35,line_propagated,8号线,0,normal_info,0,7号线|8号线
ZZM_CN_9bc6427bda69,ZZS_1798713287,枣庄,0.35,line_propagated,8号线,0,normal_info,0,7号线|8号线
ZZM_CN_9bc6427bda69,ZZS_183636a902,圃田,0.35,line_propagated,8号线,0,normal_info,0,7号线|8号线
ZZM_CN_9bc6427bda69,ZZS_1da410d5c4,五龙口,0.35,line_propagated,8号线,0,normal_info,0,7号线|8号线
ZZM_CN_9bc6427bda69,ZZS_1f9e3949c9,小营,0.35,line_propagated,8号线,0,normal_info,0,7号线|8号线
ZZM_CN_9bc6427bda69,ZZS_21cd47bbd9,农业大学,0.35,line_propagated,7号线,0,normal_info,0,7号线|8号线
ZZM_CN_9bc6427bda69,ZZS_2696ac305b,天健湖,0.35,line_propagated,8号线,0,normal_info,0,7号线|8号线
ZZM_CN_9bc6427bda69,ZZS_2dccccd192,李湖桥,0.35,line_propagated,8号线,0,normal_info,0,7号线|8号线
ZZM_CN_9bc6427bda69,ZZS_371844c59b,高铁公园,0.35,line_propagated,8号线,0,normal_info,0,7号线|8号线
ZZM_CN_9bc6427bda69,ZZS_388ac52a0a,大学中路,0.35,line_propagated,7号线,0,normal_info,0,7号线|8号线
ZZM_CN_9bc6427bda69,ZZS_479fe26d80,省中医院,0.35,line_propagated,8号线,0,normal_info,0,7号线|8号线
ZZM_CN_9bc6427bda69,ZZS_4b22562d02,祥营,0.35,line_propagated,8号线,0,normal_info,0,7号线|8号线
ZZM_CN_9bc6427bda69,ZZS_53800581f9,郑大一附院东区,0.35,line_propagated,8号线,0,normal_info,0,7号线|8号线
ZZM_CN_9bc6427bda69,ZZS_5649ff9c65,市骨科医院,0.35,line_propagated,7号线,0,normal_info,0,7号线|8号线
ZZM_CN_9bc6427bda69,ZZS_5b6c4f8186,郑州人民医院,0.35,line_propagated,7号线,0,normal_info,0,7号线|8号线
ZZM_CN_9bc6427bda69,ZZS_5dc87121c2,市第二人民医院,0.35,line_propagated,7号线,0,normal_info,0,7号线|8号线
ZZM_CN_9bc6427bda69,ZZS_69db9cfc46,绿博园,0.35,line_propagated,8号线,0,normal_info,0,7号线|8号线
ZZM_CN_9bc6427bda69,ZZS_6cce175bd4,南岗刘,0.35,line_propagated,7号线,0,normal_info,0,7号线|8号线
ZZM_CN_9bc6427bda69,ZZS_7cc440f48e,郑大一附院,0.35,line_propagated,7号线,0,normal_info,0,7号线|8号线
ZZM_CN_9bc6427bda69,ZZS_8613b32067,省社科院,0.35,line_propagated,8号线,0,normal_info,0,7号线|8号线
ZZM_CN_9bc6427bda69,ZZS_8a189aa278,南环公园,0.35,line_propagated,7号线,0,normal_info,0,7号线|8号线
ZZM_CN_9bc6427bda69,ZZS_8e500de2da,南流,0.35,line_propagated,8号线,0,normal_info,0,7号线|8号线
ZZM_CN_9bc6427bda69,ZZS_92917e47af,福泽路,0.35,line_propagated,8号线,0,normal_info,0,7号线|8号线
ZZM_CN_9bc6427bda69,ZZS_96226bcc6f,王胡寨,0.35,line_propagated,7号线,0,normal_info,0,7号线|8号线
ZZM_CN_9bc6427bda69,ZZS_973f67bf8a,同乐,0.35,line_propagated,8号线,0,normal_info,0,7号线|8号线
ZZM_CN_9bc6427bda69,ZZS_a6984fc653,冬青街,0.35,line_propagated,8号线,0,normal_info,0,7号线|8号线
ZZM_CN_9bc6427bda69,ZZS_abc078ccd5,黄河迎宾馆,0.35,line_propagated,7号线,0,normal_info,0,7号线|8号线
ZZM_CN_9bc6427bda69,ZZS_acc81fc7cf,刘李寺,0.35,line_propagated,7号线,0,normal_info,0,7号线|8号线
ZZM_CN_9bc6427bda69,ZZS_afbafd2356,银屏路,0.35,line_propagated,8号线,0,normal_info,0,7号线|8号线
ZZM_CN_9bc6427bda69,ZZS_b2a66125f0,鲁庙,0.35,line_propagated,8号线,0,normal_info,0,7号线|8号线
ZZM_CN_9bc6427bda69,ZZS_b5c4192440,圃田西,0.35,line_propagated,8号线,0,normal_info,0,7号线|8号线
ZZM_CN_9bc6427bda69,ZZS_c8f4a267a6,大石桥,0.35,line_propagated,7号线,0,normal_info,0,7号线|8号线
ZZM_CN_9bc6427bda69,ZZS_c9109d3d9f,医学院,0.35,line_propagated,7号线,0,normal_info,0,7号线|8号线
ZZM_CN_9bc6427bda69,ZZS_d42cc93ba3,畅和街,0.35,line_propagated,8号线,0,normal_info,0,7号线|8号线
ZZM_CN_9bc6427bda69,ZZS_d5ccc1f8fe,李江路,0.35,line_propagated,7号线,0,normal_info,0,7号线|8号线
ZZM_CN_9bc6427bda69,ZZS_d8521d5c3b,陈寨,0.35,line_propagated,7号线,0,normal_info,0,7号线|8号线
ZZM_CN_9bc6427bda69,ZZS_d86aaedd03,白庙,0.35,line_propagated,7号线|8号线,0,normal_info,0,7号线|8号线
ZZM_CN_9bc6427bda69,ZZS_d9b30933bc,轻工业大学,0.35,line_propagated,8号线,0,normal_info,0,7号线|8号线
ZZM_CN_9bc6427bda69,ZZS_e4b35b2f4d,郑州大学,0.35,line_propagated,8号线,0,normal_info,0,7号线|8号线
ZZM_CN_9bc6427bda69,ZZS_e93055a2d4,京广路,0.35,line_propagated,7号线,0,normal_info,0,7号线|8号线
ZZM_CN_9bc6427bda69,ZZS_eca427650a,张家村,0.35,line_propagated,7号线,0,normal_info,0,7号线|8号线
ZZM_CN_9bc6427bda69,ZZS_eda0ec6e78,龙湖中环南,0.35,line_propagated,8号线,0,normal_info,0,7号线|8号线
ZZM_CN_9bc6427bda69,ZZS_ff491e6fdf,东风路,0.35,line_propagated,8号线,0,normal_info,0,7号线|8号线
ZZM_CN_9bc6427bda69,ZZS_ff6940526d,郑州东站,0.35,line_propagated,8号线,0,normal_info,0,7号线|8号线
ZZM_CN_9c6f4ccf90ce,ZZS_45679e4fc0,七里河,0.9,exact,七里河,0,normal_info,0,
ZZM_CN_9cc2281f0863,ZZS_3813354d55,绿城广场,0.9,exact,绿城广场,0,normal_info,0,
ZZM_CN_9cc2281f0863,ZZS_c87aa9753c,体育中心,0.9,exact,体育中心,0,normal_info,0,
ZZM_CN_9cc2281f0863,ZZS_cc61daaced,市体育中心,0.9,exact,市体育中心,0,normal_info,0,
ZZM_CN_9d50ace1a903,ZZS_00f55fa149,碧沙岗,0.35,line_propagated,1号线,0,normal_info,0,1号线
ZZM_CN_9d50ace1a903,ZZS_065e638aef,东风南路,0.35,line_propagated,1号线,0,normal_info,0,1号线
ZZM_CN_9d50ace1a903,ZZS_0660d199a6,农业南路,0.35,line_propagated,1号线,0,normal_info,0,1号线
ZZM_CN_9d50ace1a903,ZZS_0ccbb4888d,二七广场,0.35,line_propagated,1号线,0,normal_info,0,1号线
ZZM_CN_9d50ace1a903,ZZS_1acdaac4ce,铁炉,0.35,line_propagated,1号线,0,normal_info,0,1号线
ZZM_CN_9d50ace1a903,ZZS_27d32a2e36,五一公园,0.35,line_propagated,1号线,0,normal_info,0,1号线
ZZM_CN_9d50ace1a903,ZZS_3813354d55,绿城广场,0.35,line_propagated,1号线,0,normal_info,0,1号线
ZZM_CN_9d50ace1a903,ZZS_38180914a0,燕庄,0.35,line_propagated,1号线,0,normal_info,0,1号线
ZZM_CN_9d50ace1a903,ZZS_52a5a7940c,兰寨,0.35,line_propagated,1号线,0,normal_info,0,1号线
ZZM_CN_9d50ace1a903,ZZS_5d37b2006d,河南大学新区,0.35,line_propagated,1号线,0,normal_info,0,1号线
ZZM_CN_9d50ace1a903,ZZS_6c89efbe2c,文苑北路,0.35,line_propagated,1号线,0,normal_info,0,1号线
ZZM_CN_9d50ace1a903,ZZS_87213b5129,会展中心,0.35,line_propagated,1号线,0,normal_info,0,1号线
ZZM_CN_9d50ace1a903,ZZS_881a48e5bb,西三环,0.35,line_propagated,1号线,0,normal_info,0,1号线
ZZM_CN_9d50ace1a903,ZZS_89f2ce9b1d,秦岭路,0.35,line_propagated,1号线,0,normal_info,0,1号线
ZZM_CN_9d50ace1a903,ZZS_90196f31d6,郑州火车站,0.35,line_propagated,1号线,0,normal_info,0,1号线
ZZM_CN_9d50ace1a903,ZZS_a14df2d44f,紫荆山,0.35,line_propagated,1号线,0,normal_info,0,1号线
ZZM_CN_9d50ace1a903,ZZS_ae1b2afcad,梧桐街,0.35,line_propagated,1号线,0,normal_info,0,1号线
ZZM_CN_9d50ace1a903,ZZS_aed2ee7bb7,河南工业大学,0.35,line_propagated,1号线,0,normal_info,0,1号线
ZZM_CN_9d50ace1a903,ZZS_b0ac143899,龙子湖,0.35,line_propagated,1号线,0,normal_info,0,1号线
ZZM_CN_9d50ace1a903,ZZS_b37a0bcf35,郑大科技园,0.35,line_propagated,1号线,0,normal_info,0,1号线
ZZM_CN_9d50ace1a903,ZZS_b8d795b006,黄河南路,0.35,line_propagated,1号线,0,normal_info,0,1号线
ZZM_CN_9d50ace1a903,ZZS_bb3c17098a,人民路,0.35,line_propagated,1号线,0,normal_info,0,1号线
ZZM_CN_9d50ace1a903,ZZS_bf7f2bfbd0,博学路,0.35,line_propagated,1号线,0,normal_info,0,1号线
ZZM_CN_9d50ace1a903,ZZS_c9109d3d9f,医学院,0.35,line_propagated,1号线,0,normal_info,0,1号线
ZZM_CN_9d50ace1a903,ZZS_cc61daaced,市体育中心,0.35,line_propagated,1号线,0,normal_info,0,1号线
ZZM_CN_9d50ace1a903,ZZS_d61a964e41,市民中心,0.35,line_propagated,1号线,0,normal_info,0,1号线
ZZM_CN_9d50ace1a903,ZZS_e4b35b2f4d,郑州大学,0.35,line_propagated,1号线,0,normal_info,0,1号线
ZZM_CN_9d50ace1a903,ZZS_e67ffc082e,西流湖,0.35,line_propagated,1号线,0,normal_info,0,1号线
ZZM_CN_9d50ace1a903,ZZS_ff2a277828,民航路,0.35,line_propagated,1号线,0,normal_info,0,1号线
ZZM_CN_9d50ace1a903,ZZS_ff6940526d,郑州东站,0.35,line_propagated,1号线,0,normal_info,0,1号线
ZZM_CN_9dab48cf0182,ZZS_00f55fa149,碧沙岗,0.35,line_propagated,1号线,0,normal_info,0,1号线|2号线|城郊线
ZZM_CN_9dab48cf0182,ZZS_02cf3e4cf5,南三环,0.6,interval_inferred,interval,0,normal_info,0,1号线|2号线|城郊线
ZZM_CN_9dab48cf0182,ZZS_065e638aef,东风南路,0.35,line_propagated,1号线,0,normal_info,0,1号线|2号线|城郊线
ZZM_CN_9dab48cf0182,ZZS_0660d199a6,农业南路,0.35,line_propagated,1号线,0,normal_info,0,1号线|2号线|城郊线
ZZM_CN_9dab48cf0182,ZZS_0ccbb4888d,二七广场,0.35,line_propagated,1号线,0,normal_info,0,1号线|2号线|城郊线
ZZM_CN_9dab48cf0182,ZZS_1a5721a427,毛庄,0.35,line_propagated,2号线,0,normal_info,0,1号线|2号线|城郊线
ZZM_CN_9dab48cf0182,ZZS_1acdaac4ce,铁炉,0.35,line_propagated,1号线,0,normal_info,0,1号线|2号线|城郊线
ZZM_CN_9dab48cf0182,ZZS_1d568209e2,康平湖,0.35,line_propagated,城郊线,0,normal_info,0,1号线|2号线|城郊线
ZZM_CN_9dab48cf0182,ZZS_20262a52f0,南五里堡,0.6,interval_inferred,interval,0,normal_info,0,1号线|2号线|城郊线
ZZM_CN_9dab48cf0182,ZZS_21e3ae133c,华南城西,0.35,line_propagated,城郊线,0,normal_info,0,1号线|2号线|城郊线
ZZM_CN_9dab48cf0182,ZZS_27d32a2e36,五一公园,0.35,line_propagated,1号线,0,normal_info,0,1号线|2号线|城郊线
ZZM_CN_9dab48cf0182,ZZS_2b74f7ecc4,综合保税区,0.35,line_propagated,城郊线,0,normal_info,0,1号线|2号线|城郊线
ZZM_CN_9dab48cf0182,ZZS_2bd57be00d,关虎屯,0.6,interval_inferred,interval,0,normal_info,0,1号线|2号线|城郊线
ZZM_CN_9dab48cf0182,ZZS_3258f191b1,港区会展,0.35,line_propagated,城郊线,0,normal_info,0,1号线|2号线|城郊线
ZZM_CN_9dab48cf0182,ZZS_3813354d55,绿城广场,0.35,line_propagated,1号线,0,normal_info,0,1号线|2号线|城郊线
ZZM_CN_9dab48cf0182,ZZS_38180914a0,燕庄,0.35,line_propagated,1号线,0,normal_info,0,1号线|2号线|城郊线
ZZM_CN_9dab48cf0182,ZZS_3e49b8e765,恩平湖,0.35,line_propagated,城郊线,0,normal_info,0,1号线|2号线|城郊线
ZZM_CN_9dab48cf0182,ZZS_43a808507b,金洼,0.35,line_propagated,2号线,0,normal_info,0,1号线|2号线|城郊线
ZZM_CN_9dab48cf0182,ZZS_4c088f0629,港区北,0.35,line_propagated,城郊线,0,normal_info,0,1号线|2号线|城郊线
ZZM_CN_9dab48cf0182,ZZS_4d258fdd50,金达路,0.35,line_propagated,2号线,0,normal_info,0,1号线|2号线|城郊线
ZZM_CN_9dab48cf0182,ZZS_4db99ddb57,华南城,0.35,line_propagated,城郊线,0,normal_info,0,1号线|2号线|城郊线
ZZM_CN_9dab48cf0182,ZZS_4ff5935177,兰河公园,0.35,line_propagated,城郊线,0,normal_info,0,1号线|2号线|城郊线
ZZM_CN_9dab48cf0182,ZZS_51e572c7c3,东大街,0.6,interval_inferred,interval,0,normal_info,0,1号线|2号线|城郊线
ZZM_CN_9dab48cf0182,ZZS_52a5a7940c,兰寨,0.35,line_propagated,1号线,0,normal_info,0,1号线|2号线|城郊线
ZZM_CN_9dab48cf0182,ZZS_54adf32b6c,南四环,0.9,exact+line,2号线|南四环|城郊线,0,normal_info,0,1号线|2号线|城郊线
ZZM_CN_9dab48cf0182,ZZS_5ce22f5450,小乔,0.35,line_propagated,城郊线,0,normal_info,0,1号线|2号线|城郊线
ZZM_CN_9dab48cf0182,ZZS_5d37b2006d,河南大学新区,0.35,line_propagated,1号线,0,normal_info,0,1号线|2号线|城郊线
ZZM_CN_9dab48cf0182,ZZS_63fa0eb855,双湖大道,0.35,line_propagated,城郊线,0,normal_info,0,1号线|2号线|城郊线
ZZM_CN_9dab48cf0182,ZZS_6b600b7696,刘庄,0.9,exact+line,2号线|刘庄,0,normal_info,0,1号线|2号线|城郊线
ZZM_CN_9dab48cf0182,ZZS_6c89efbe2c,文苑北路,0.35,line_propagated,1号线,0,normal_info,0,1号线|2号线|城郊线
ZZM_CN_9dab48cf0182,ZZS_6e6f33dc37,华南城东,0.35,line_propagated,城郊线,0,normal_info,0,1号线|2号线|城郊线
ZZM_CN_9dab48cf0182,ZZS_72de4f5f66,惠济区政府,0.35,line_propagated,2号线,0,normal_info,0,1号线|2号线|城郊线
ZZM_CN_9dab48cf0182,ZZS_7a33fc56d1,十八里河,0.35,line_propagated,城郊线,0,normal_info,0,1号线|2号线|城郊线
ZZM_CN_9dab48cf0182,ZZS_7dd13fd23f,黄河路,0.6,interval_inferred,interval,0,normal_info,0,1号线|2号线|城郊线
ZZM_CN_9dab48cf0182,ZZS_87213b5129,会展中心,0.35,line_propagated,1号线,0,normal_info,0,1号线|2号线|城郊线
ZZM_CN_9dab48cf0182,ZZS_881a48e5bb,西三环,0.35,line_propagated,1号线,0,normal_info,0,1号线|2号线|城郊线
ZZM_CN_9dab48cf0182,ZZS_89f2ce9b1d,秦岭路,0.35,line_propagated,1号线,0,normal_info,0,1号线|2号线|城郊线
ZZM_CN_9dab48cf0182,ZZS_90196f31d6,郑州火车站,0.35,line_propagated,1号线,0,normal_info,0,1号线|2号线|城郊线
ZZM_CN_9dab48cf0182,ZZS_90c4ce1eb7,沙门,0.6,interval_inferred,interval,0,normal_info,0,1号线|2号线|城郊线
ZZM_CN_9dab48cf0182,ZZS_93b9249040,二里岗,0.6,interval_inferred,interval,0,normal_info,0,1号线|2号线|城郊线
ZZM_CN_9dab48cf0182,ZZS_9660c27c11,站马屯,0.6,interval_inferred,interval,0,normal_info,0,1号线|2号线|城郊线
ZZM_CN_9dab48cf0182,ZZS_9a0290117b,新郑机场,0.35,line_propagated,城郊线,0,normal_info,0,1号线|2号线|城郊线
ZZM_CN_9dab48cf0182,ZZS_9f383e1427,花寨,0.6,interval_inferred,interval,0,normal_info,0,1号线|2号线|城郊线
ZZM_CN_9dab48cf0182,ZZS_a14df2d44f,紫荆山,0.6,interval_inferred,interval,0,normal_info,0,1号线|2号线|城郊线
ZZM_CN_9dab48cf0182,ZZS_a4bd95d57e,机场东,0.35,line_propagated,城郊线,0,normal_info,0,1号线|2号线|城郊线
ZZM_CN_9dab48cf0182,ZZS_a7b91da4c7,陇海东路,0.6,interval_inferred,interval,0,normal_info,0,1号线|2号线|城郊线
ZZM_CN_9dab48cf0182,ZZS_abc078ccd5,黄河迎宾馆,0.35,line_propagated,2号线,0,normal_info,0,1号线|2号线|城郊线
ZZM_CN_9dab48cf0182,ZZS_ae1b2afcad,梧桐街,0.35,line_propagated,1号线,0,normal_info,0,1号线|2号线|城郊线
ZZM_CN_9dab48cf0182,ZZS_aed2ee7bb7,河南工业大学,0.35,line_propagated,1号线,0,normal_info,0,1号线|2号线|城郊线
ZZM_CN_9dab48cf0182,ZZS_afdeac8ac7,沙窝李,0.35,line_propagated,城郊线,0,normal_info,0,1号线|2号线|城郊线
ZZM_CN_9dab48cf0182,ZZS_b0ac143899,龙子湖,0.35,line_propagated,1号线,0,normal_info,0,1号线|2号线|城郊线
ZZM_CN_9dab48cf0182,ZZS_b37a0bcf35,郑大科技园,0.35,line_propagated,1号线,0,normal_info,0,1号线|2号线|城郊线
ZZM_CN_9dab48cf0182,ZZS_b8d795b006,黄河南路,0.35,line_propagated,1号线,0,normal_info,0,1号线|2号线|城郊线
ZZM_CN_9dab48cf0182,ZZS_bb3c17098a,人民路,0.35,line_propagated,1号线,0,normal_info,0,1号线|2号线|城郊线
ZZM_CN_9dab48cf0182,ZZS_bdc2a71da9,柳林,0.6,interval_inferred,interval,0,normal_info,0,1号线|2号线|城郊线
ZZM_CN_9dab48cf0182,ZZS_bf7f2bfbd0,博学路,0.35,line_propagated,1号线,0,normal_info,0,1号线|2号线|城郊线
ZZM_CN_9dab48cf0182,ZZS_c180efc575,贾河,0.35,line_propagated,2号线,0,normal_info,0,1号线|2号线|城郊线
ZZM_CN_9dab48cf0182,ZZS_c9109d3d9f,医学院,0.35,line_propagated,1号线,0,normal_info,0,1号线|2号线|城郊线
ZZM_CN_9dab48cf0182,ZZS_cc61daaced,市体育中心,0.35,line_propagated,1号线,0,normal_info,0,1号线|2号线|城郊线
ZZM_CN_9dab48cf0182,ZZS_d0e428cc6b,孟庄,0.35,line_propagated,城郊线,0,normal_info,0,1号线|2号线|城郊线
ZZM_CN_9dab48cf0182,ZZS_d61a964e41,市民中心,0.35,line_propagated,1号线,0,normal_info,0,1号线|2号线|城郊线
ZZM_CN_9dab48cf0182,ZZS_e4b35b2f4d,郑州大学,0.35,line_propagated,1号线,0,normal_info,0,1号线|2号线|城郊线
ZZM_CN_9dab48cf0182,ZZS_e67ffc082e,西流湖,0.35,line_propagated,1号线,0,normal_info,0,1号线|2号线|城郊线
ZZM_CN_9dab48cf0182,ZZS_eef68bcc4f,郑州航空港站,0.35,line_propagated,城郊线,0,normal_info,0,1号线|2号线|城郊线
ZZM_CN_9dab48cf0182,ZZS_ff256e6634,北三环,0.6,interval_inferred,interval,0,normal_info,0,1号线|2号线|城郊线
ZZM_CN_9dab48cf0182,ZZS_ff2a277828,民航路,0.35,line_propagated,1号线,0,normal_info,0,1号线|2号线|城郊线
ZZM_CN_9dab48cf0182,ZZS_ff491e6fdf,东风路,0.6,interval_inferred,interval,0,normal_info,0,1号线|2号线|城郊线
ZZM_CN_9dab48cf0182,ZZS_ff6940526d,郑州东站,0.35,line_propagated,1号线,0,normal_info,0,1号线|2号线|城郊线
ZZM_CN_9e7e88412d37,ZZS_001bf66fc1,陇海西路,0.35,line_propagated,5号线,0,normal_info,0,5号线
ZZM_CN_9e7e88412d37,ZZS_1236ed80e3,中央商务区,0.35,line_propagated,5号线,0,normal_info,0,5号线
ZZM_CN_9e7e88412d37,ZZS_1246e07d02,城东南路,0.35,line_propagated,5号线,0,normal_info,0,5号线
ZZM_CN_9e7e88412d37,ZZS_136c32a256,市中心医院,0.35,line_propagated,5号线,0,normal_info,0,5号线
ZZM_CN_9e7e88412d37,ZZS_14efbdcc1b,福塔东,0.35,line_propagated,5号线,0,normal_info,0,5号线
ZZM_CN_9e7e88412d37,ZZS_190cc56901,金水东路,0.35,line_propagated,5号线,0,normal_info,0,5号线
ZZM_CN_9e7e88412d37,ZZS_20262a52f0,南五里堡,0.35,line_propagated,5号线,0,normal_info,0,5号线
ZZM_CN_9e7e88412d37,ZZS_20dcf363fc,康宁街,0.35,line_propagated,5号线,0,normal_info,0,5号线
ZZM_CN_9e7e88412d37,ZZS_27d32a2e36,五一公园,0.35,line_propagated,5号线,0,normal_info,0,5号线
ZZM_CN_9e7e88412d37,ZZS_2db8e2eabe,经北二路,0.35,line_propagated,5号线,0,normal_info,0,5号线
ZZM_CN_9e7e88412d37,ZZS_31a002aa03,海滩寺,0.35,line_propagated,5号线,0,normal_info,0,5号线
ZZM_CN_9e7e88412d37,ZZS_386438745b,祭城,0.35,line_propagated,5号线,0,normal_info,0,5号线
ZZM_CN_9e7e88412d37,ZZS_3ada9c57dc,众意西路,0.35,line_propagated,5号线,0,normal_info,0,5号线
ZZM_CN_9e7e88412d37,ZZS_45679e4fc0,七里河,0.9,exact+line,5号线|七里河,0,normal_info,0,5号线
ZZM_CN_9e7e88412d37,ZZS_4dd2360957,京广南路,0.35,line_propagated,5号线,0,normal_info,0,5号线
ZZM_CN_9e7e88412d37,ZZS_5b6c4f8186,郑州人民医院,0.35,line_propagated,5号线,0,normal_info,0,5号线
ZZM_CN_9e7e88412d37,ZZS_5babce6145,中原福塔,0.35,line_propagated,5号线,0,normal_info,0,5号线
ZZM_CN_9e7e88412d37,ZZS_5dc87121c2,市第二人民医院,0.35,line_propagated,5号线,0,normal_info,0,5号线
ZZM_CN_9e7e88412d37,ZZS_7dd13fd23f,黄河路,0.35,line_propagated,5号线,0,normal_info,0,5号线
ZZM_CN_9e7e88412d37,ZZS_9a26907088,齐礼阎,0.35,line_propagated,5号线,0,normal_info,0,5号线
ZZM_CN_9e7e88412d37,ZZS_9d8185e03c,省人民医院,0.35,line_propagated,5号线,0,normal_info,0,5号线
ZZM_CN_9e7e88412d37,ZZS_a3cc0229f4,省骨科医院,0.35,line_propagated,5号线,0,normal_info,0,5号线
ZZM_CN_9e7e88412d37,ZZS_ae7cc361da,月季公园,0.35,line_propagated,5号线,0,normal_info,0,5号线
ZZM_CN_9e7e88412d37,ZZS_bd17c52fa6,儿童医院,0.35,line_propagated,5号线,0,normal_info,0,5号线
ZZM_CN_9e7e88412d37,ZZS_c720567666,桐淮,0.35,line_propagated,5号线,0,normal_info,0,5号线
ZZM_CN_9e7e88412d37,ZZS_c94675c30b,后河芦,0.35,line_propagated,5号线,0,normal_info,0,5号线
ZZM_CN_9e7e88412d37,ZZS_c995bf7092,经开中心广场,0.35,line_propagated,5号线,0,normal_info,0,5号线
ZZM_CN_9e7e88412d37,ZZS_cb2e15cfa0,姚砦,0.35,line_propagated,5号线,0,normal_info,0,5号线
ZZM_CN_9e7e88412d37,ZZS_deb2edc4a2,沙口路,0.35,line_propagated,5号线,0,normal_info,0,5号线
ZZM_CN_9e7e88412d37,ZZS_f095e9678f,航海广场,0.35,line_propagated,5号线,0,normal_info,0,5号线
ZZM_CN_9e7e88412d37,ZZS_f97030e2b9,冯庄,0.35,line_propagated,5号线,0,normal_info,0,5号线
ZZM_CN_9e7e88412d37,ZZS_ff6940526d,郑州东站,0.35,line_propagated,5号线,0,normal_info,0,5号线
ZZM_CN_9ef849137bdd,ZZS_00f55fa149,碧沙岗,0.35,line_propagated,1号线,0,normal_info,0,1号线
ZZM_CN_9ef849137bdd,ZZS_065e638aef,东风南路,0.35,line_propagated,1号线,0,normal_info,0,1号线
ZZM_CN_9ef849137bdd,ZZS_0660d199a6,农业南路,0.35,line_propagated,1号线,0,normal_info,0,1号线
ZZM_CN_9ef849137bdd,ZZS_0ccbb4888d,二七广场,0.35,line_propagated,1号线,0,normal_info,0,1号线
ZZM_CN_9ef849137bdd,ZZS_1acdaac4ce,铁炉,0.35,line_propagated,1号线,0,normal_info,0,1号线
ZZM_CN_9ef849137bdd,ZZS_27d32a2e36,五一公园,0.35,line_propagated,1号线,0,normal_info,0,1号线
ZZM_CN_9ef849137bdd,ZZS_3813354d55,绿城广场,0.35,line_propagated,1号线,0,normal_info,0,1号线
ZZM_CN_9ef849137bdd,ZZS_38180914a0,燕庄,0.35,line_propagated,1号线,0,normal_info,0,1号线
ZZM_CN_9ef849137bdd,ZZS_52a5a7940c,兰寨,0.35,line_propagated,1号线,0,normal_info,0,1号线
ZZM_CN_9ef849137bdd,ZZS_5d37b2006d,河南大学新区,0.35,line_propagated,1号线,0,normal_info,0,1号线
ZZM_CN_9ef849137bdd,ZZS_6c89efbe2c,文苑北路,0.35,line_propagated,1号线,0,normal_info,0,1号线
ZZM_CN_9ef849137bdd,ZZS_87213b5129,会展中心,0.35,line_propagated,1号线,0,normal_info,0,1号线
ZZM_CN_9ef849137bdd,ZZS_881a48e5bb,西三环,0.35,line_propagated,1号线,0,normal_info,0,1号线
ZZM_CN_9ef849137bdd,ZZS_89f2ce9b1d,秦岭路,0.35,line_propagated,1号线,0,normal_info,0,1号线
ZZM_CN_9ef849137bdd,ZZS_90196f31d6,郑州火车站,0.35,line_propagated,1号线,0,normal_info,0,1号线
ZZM_CN_9ef849137bdd,ZZS_a14df2d44f,紫荆山,0.35,line_propagated,1号线,0,normal_info,0,1号线
ZZM_CN_9ef849137bdd,ZZS_ae1b2afcad,梧桐街,0.35,line_propagated,1号线,0,normal_info,0,1号线
ZZM_CN_9ef849137bdd,ZZS_aed2ee7bb7,河南工业大学,0.35,line_propagated,1号线,0,normal_info,0,1号线
ZZM_CN_9ef849137bdd,ZZS_b0ac143899,龙子湖,0.35,line_propagated,1号线,0,normal_info,0,1号线
ZZM_CN_9ef849137bdd,ZZS_b37a0bcf35,郑大科技园,0.35,line_propagated,1号线,0,normal_info,0,1号线
ZZM_CN_9ef849137bdd,ZZS_b8d795b006,黄河南路,0.35,line_propagated,1号线,0,normal_info,0,1号线
ZZM_CN_9ef849137bdd,ZZS_bb3c17098a,人民路,0.35,line_propagated,1号线,0,normal_info,0,1号线
ZZM_CN_9ef849137bdd,ZZS_bf7f2bfbd0,博学路,0.35,line_propagated,1号线,0,normal_info,0,1号线
ZZM_CN_9ef849137bdd,ZZS_c9109d3d9f,医学院,0.35,line_propagated,1号线,0,normal_info,0,1号线
ZZM_CN_9ef849137bdd,ZZS_cc61daaced,市体育中心,0.35,line_propagated,1号线,0,normal_info,0,1号线
ZZM_CN_9ef849137bdd,ZZS_d61a964e41,市民中心,0.35,line_propagated,1号线,0,normal_info,0,1号线
ZZM_CN_9ef849137bdd,ZZS_e4b35b2f4d,郑州大学,0.35,line_propagated,1号线,0,normal_info,0,1号线
ZZM_CN_9ef849137bdd,ZZS_e67ffc082e,西流湖,0.35,line_propagated,1号线,0,normal_info,0,1号线
ZZM_CN_9ef849137bdd,ZZS_ff2a277828,民航路,0.35,line_propagated,1号线,0,normal_info,0,1号线
ZZM_CN_9ef849137bdd,ZZS_ff6940526d,郑州东站,0.35,line_propagated,1号线,0,normal_info,0,1号线
ZZM_CN_9f81ba50bf44,ZZS_017f9f7875,东赵,0.35,line_propagated,7号线,0,normal_info,3,7号线
ZZM_CN_9f81ba50bf44,ZZS_05baea497e,北大学城,0.35,line_propagated,7号线,0,normal_info,3,7号线
ZZM_CN_9f81ba50bf44,ZZS_21cd47bbd9,农业大学,0.35,line_propagated,7号线,0,normal_info,3,7号线
ZZM_CN_9f81ba50bf44,ZZS_388ac52a0a,大学中路,0.35,line_propagated,7号线,0,normal_info,3,7号线
ZZM_CN_9f81ba50bf44,ZZS_5649ff9c65,市骨科医院,0.35,line_propagated,7号线,0,normal_info,3,7号线
ZZM_CN_9f81ba50bf44,ZZS_5b6c4f8186,郑州人民医院,0.35,line_propagated,7号线,0,normal_info,3,7号线
ZZM_CN_9f81ba50bf44,ZZS_5dc87121c2,市第二人民医院,0.35,line_propagated,7号线,0,normal_info,3,7号线
ZZM_CN_9f81ba50bf44,ZZS_6cce175bd4,南岗刘,0.35,line_propagated,7号线,0,normal_info,3,7号线
ZZM_CN_9f81ba50bf44,ZZS_7cc440f48e,郑大一附院,0.35,line_propagated,7号线,0,normal_info,3,7号线
ZZM_CN_9f81ba50bf44,ZZS_8a189aa278,南环公园,0.35,line_propagated,7号线,0,normal_info,3,7号线
ZZM_CN_9f81ba50bf44,ZZS_96226bcc6f,王胡寨,0.35,line_propagated,7号线,0,normal_info,3,7号线
ZZM_CN_9f81ba50bf44,ZZS_abc078ccd5,黄河迎宾馆,0.35,line_propagated,7号线,0,normal_info,3,7号线
ZZM_CN_9f81ba50bf44,ZZS_acc81fc7cf,刘李寺,0.35,line_propagated,7号线,0,normal_info,3,7号线
ZZM_CN_9f81ba50bf44,ZZS_c8f4a267a6,大石桥,0.35,line_propagated,7号线,0,normal_info,3,7号线
ZZM_CN_9f81ba50bf44,ZZS_c9109d3d9f,医学院,0.35,line_propagated,7号线,0,normal_info,3,7号线
ZZM_CN_9f81ba50bf44,ZZS_d5ccc1f8fe,李江路,0.35,line_propagated,7号线,0,normal_info,3,7号线
ZZM_CN_9f81ba50bf44,ZZS_d8521d5c3b,陈寨,0.35,line_propagated,7号线,0,normal_info,3,7号线
ZZM_CN_9f81ba50bf44,ZZS_d86aaedd03,白庙,0.35,line_propagated,7号线,0,normal_info,3,7号线
ZZM_CN_9f81ba50bf44,ZZS_e93055a2d4,京广路,0.35,line_propagated,7号线,0,normal_info,3,7号线
ZZM_CN_9f81ba50bf44,ZZS_eca427650a,张家村,0.35,line_propagated,7号线,0,normal_info,3,7号线
ZZM_CN_a0d00417ff68,ZZS_00f55fa149,碧沙岗,0.35,line_propagated,1号线,0,normal_info,0,1号线
ZZM_CN_a0d00417ff68,ZZS_065e638aef,东风南路,0.35,line_propagated,1号线,0,normal_info,0,1号线
ZZM_CN_a0d00417ff68,ZZS_0660d199a6,农业南路,0.35,line_propagated,1号线,0,normal_info,0,1号线
ZZM_CN_a0d00417ff68,ZZS_0ccbb4888d,二七广场,0.35,line_propagated,1号线,0,normal_info,0,1号线
ZZM_CN_a0d00417ff68,ZZS_1acdaac4ce,铁炉,0.35,line_propagated,1号线,0,normal_info,0,1号线
ZZM_CN_a0d00417ff68,ZZS_27d32a2e36,五一公园,0.35,line_propagated,1号线,0,normal_info,0,1号线
ZZM_CN_a0d00417ff68,ZZS_3813354d55,绿城广场,0.35,line_propagated,1号线,0,normal_info,0,1号线
ZZM_CN_a0d00417ff68,ZZS_38180914a0,燕庄,0.35,line_propagated,1号线,0,normal_info,0,1号线
ZZM_CN_a0d00417ff68,ZZS_52a5a7940c,兰寨,0.35,line_propagated,1号线,0,normal_info,0,1号线
ZZM_CN_a0d00417ff68,ZZS_54adf32b6c,南四环,0.9,exact,南四环,0,normal_info,0,1号线
ZZM_CN_a0d00417ff68,ZZS_5d37b2006d,河南大学新区,0.35,line_propagated,1号线,0,normal_info,0,1号线
ZZM_CN_a0d00417ff68,ZZS_6c89efbe2c,文苑北路,0.35,line_propagated,1号线,0,normal_info,0,1号线
ZZM_CN_a0d00417ff68,ZZS_87213b5129,会展中心,0.35,line_propagated,1号线,0,normal_info,0,1号线
ZZM_CN_a0d00417ff68,ZZS_881a48e5bb,西三环,0.35,line_propagated,1号线,0,normal_info,0,1号线
ZZM_CN_a0d00417ff68,ZZS_89f2ce9b1d,秦岭路,0.35,line_propagated,1号线,0,normal_info,0,1号线
ZZM_CN_a0d00417ff68,ZZS_90196f31d6,郑州火车站,0.35,line_propagated,1号线,0,normal_info,0,1号线
ZZM_CN_a0d00417ff68,ZZS_9a0290117b,新郑机场,0.9,exact,新郑机场,0,normal_info,0,1号线
ZZM_CN_a0d00417ff68,ZZS_a14df2d44f,紫荆山,0.35,line_propagated,1号线,0,normal_info,0,1号线
ZZM_CN_a0d00417ff68,ZZS_ae1b2afcad,梧桐街,0.35,line_propagated,1号线,0,normal_info,0,1号线
ZZM_CN_a0d00417ff68,ZZS_aed2ee7bb7,河南工业大学,0.35,line_propagated,1号线,0,normal_info,0,1号线
ZZM_CN_a0d00417ff68,ZZS_b0ac143899,龙子湖,0.35,line_propagated,1号线,0,normal_info,0,1号线
ZZM_CN_a0d00417ff68,ZZS_b37a0bcf35,郑大科技园,0.35,line_propagated,1号线,0,normal_info,0,1号线
ZZM_CN_a0d00417ff68,ZZS_b8d795b006,黄河南路,0.35,line_propagated,1号线,0,normal_info,0,1号线
ZZM_CN_a0d00417ff68,ZZS_bb3c17098a,人民路,0.35,line_propagated,1号线,0,normal_info,0,1号线
ZZM_CN_a0d00417ff68,ZZS_bf7f2bfbd0,博学路,0.35,line_propagated,1号线,0,normal_info,0,1号线
ZZM_CN_a0d00417ff68,ZZS_c9109d3d9f,医学院,0.35,line_propagated,1号线,0,normal_info,0,1号线
ZZM_CN_a0d00417ff68,ZZS_cc61daaced,市体育中心,0.35,line_propagated,1号线,0,normal_info,0,1号线
ZZM_CN_a0d00417ff68,ZZS_d61a964e41,市民中心,0.35,line_propagated,1号线,0,normal_info,0,1号线
ZZM_CN_a0d00417ff68,ZZS_e4b35b2f4d,郑州大学,0.35,line_propagated,1号线,0,normal_info,0,1号线
ZZM_CN_a0d00417ff68,ZZS_e67ffc082e,西流湖,0.35,line_propagated,1号线,0,normal_info,0,1号线
ZZM_CN_a0d00417ff68,ZZS_ff2a277828,民航路,0.35,line_propagated,1号线,0,normal_info,0,1号线
ZZM_CN_a0d00417ff68,ZZS_ff6940526d,郑州东站,0.35,line_propagated,1号线,0,normal_info,0,1号线
ZZM_CN_a0d221352028,ZZS_00f55fa149,碧沙岗,0.35,line_propagated,1号线,0,normal_info,3,1号线
ZZM_CN_a0d221352028,ZZS_065e638aef,东风南路,0.35,line_propagated,1号线,0,normal_info,3,1号线
ZZM_CN_a0d221352028,ZZS_0660d199a6,农业南路,0.35,line_propagated,1号线,0,normal_info,3,1号线
ZZM_CN_a0d221352028,ZZS_0ccbb4888d,二七广场,0.35,line_propagated,1号线,0,normal_info,3,1号线
ZZM_CN_a0d221352028,ZZS_1acdaac4ce,铁炉,0.35,line_propagated,1号线,0,normal_info,3,1号线
ZZM_CN_a0d221352028,ZZS_27d32a2e36,五一公园,0.35,line_propagated,1号线,0,normal_info,3,1号线
ZZM_CN_a0d221352028,ZZS_3813354d55,绿城广场,0.35,line_propagated,1号线,0,normal_info,3,1号线
ZZM_CN_a0d221352028,ZZS_38180914a0,燕庄,0.35,line_propagated,1号线,0,normal_info,3,1号线
ZZM_CN_a0d221352028,ZZS_52a5a7940c,兰寨,0.35,line_propagated,1号线,0,normal_info,3,1号线
ZZM_CN_a0d221352028,ZZS_5d37b2006d,河南大学新区,0.35,line_propagated,1号线,0,normal_info,3,1号线
ZZM_CN_a0d221352028,ZZS_6c89efbe2c,文苑北路,0.35,line_propagated,1号线,0,normal_info,3,1号线
ZZM_CN_a0d221352028,ZZS_87213b5129,会展中心,0.35,line_propagated,1号线,0,normal_info,3,1号线
ZZM_CN_a0d221352028,ZZS_881a48e5bb,西三环,0.35,line_propagated,1号线,0,normal_info,3,1号线
ZZM_CN_a0d221352028,ZZS_89f2ce9b1d,秦岭路,0.35,line_propagated,1号线,0,normal_info,3,1号线
ZZM_CN_a0d221352028,ZZS_90196f31d6,郑州火车站,0.35,line_propagated,1号线,0,normal_info,3,1号线
ZZM_CN_a0d221352028,ZZS_a14df2d44f,紫荆山,0.35,line_propagated,1号线,0,normal_info,3,1号线
ZZM_CN_a0d221352028,ZZS_ae1b2afcad,梧桐街,0.35,line_propagated,1号线,0,normal_info,3,1号线
ZZM_CN_a0d221352028,ZZS_aed2ee7bb7,河南工业大学,0.35,line_propagated,1号线,0,normal_info,3,1号线
ZZM_CN_a0d221352028,ZZS_b0ac143899,龙子湖,0.35,line_propagated,1号线,0,normal_info,3,1号线
ZZM_CN_a0d221352028,ZZS_b37a0bcf35,郑大科技园,0.35,line_propagated,1号线,0,normal_info,3,1号线
ZZM_CN_a0d221352028,ZZS_b8d795b006,黄河南路,0.35,line_propagated,1号线,0,normal_info,3,1号线
ZZM_CN_a0d221352028,ZZS_bb3c17098a,人民路,0.35,line_propagated,1号线,0,normal_info,3,1号线
ZZM_CN_a0d221352028,ZZS_bf7f2bfbd0,博学路,0.35,line_propagated,1号线,0,normal_info,3,1号线
ZZM_CN_a0d221352028,ZZS_c9109d3d9f,医学院,0.35,line_propagated,1号线,0,normal_info,3,1号线
ZZM_CN_a0d221352028,ZZS_cc61daaced,市体育中心,0.35,line_propagated,1号线,0,normal_info,3,1号线
ZZM_CN_a0d221352028,ZZS_d61a964e41,市民中心,0.35,line_propagated,1号线,0,normal_info,3,1号线
ZZM_CN_a0d221352028,ZZS_e4b35b2f4d,郑州大学,0.35,line_propagated,1号线,0,normal_info,3,1号线
ZZM_CN_a0d221352028,ZZS_e67ffc082e,西流湖,0.35,line_propagated,1号线,0,normal_info,3,1号线
ZZM_CN_a0d221352028,ZZS_ff2a277828,民航路,0.35,line_propagated,1号线,0,normal_info,3,1号线
ZZM_CN_a0d221352028,ZZS_ff6940526d,郑州东站,0.35,line_propagated,1号线,0,normal_info,3,1号线
ZZM_CN_a160bce56d77,ZZS_00f55fa149,碧沙岗,0.35,line_propagated,1号线,0,normal_info,0,1号线
ZZM_CN_a160bce56d77,ZZS_065e638aef,东风南路,0.35,line_propagated,1号线,0,normal_info,0,1号线
ZZM_CN_a160bce56d77,ZZS_0660d199a6,农业南路,0.35,line_propagated,1号线,0,normal_info,0,1号线
ZZM_CN_a160bce56d77,ZZS_0ccbb4888d,二七广场,0.35,line_propagated,1号线,0,normal_info,0,1号线
ZZM_CN_a160bce56d77,ZZS_1acdaac4ce,铁炉,0.35,line_propagated,1号线,0,normal_info,0,1号线
ZZM_CN_a160bce56d77,ZZS_27d32a2e36,五一公园,0.35,line_propagated,1号线,0,normal_info,0,1号线
ZZM_CN_a160bce56d77,ZZS_3813354d55,绿城广场,0.35,line_propagated,1号线,0,normal_info,0,1号线
ZZM_CN_a160bce56d77,ZZS_38180914a0,燕庄,0.35,line_propagated,1号线,0,normal_info,0,1号线
ZZM_CN_a160bce56d77,ZZS_52a5a7940c,兰寨,0.35,line_propagated,1号线,0,normal_info,0,1号线
ZZM_CN_a160bce56d77,ZZS_5d37b2006d,河南大学新区,0.35,line_propagated,1号线,0,normal_info,0,1号线
ZZM_CN_a160bce56d77,ZZS_6c89efbe2c,文苑北路,0.35,line_propagated,1号线,0,normal_info,0,1号线
ZZM_CN_a160bce56d77,ZZS_87213b5129,会展中心,0.35,line_propagated,1号线,0,normal_info,0,1号线
ZZM_CN_a160bce56d77,ZZS_881a48e5bb,西三环,0.35,line_propagated,1号线,0,normal_info,0,1号线
ZZM_CN_a160bce56d77,ZZS_89f2ce9b1d,秦岭路,0.35,line_propagated,1号线,0,normal_info,0,1号线
ZZM_CN_a160bce56d77,ZZS_90196f31d6,郑州火车站,0.35,line_propagated,1号线,0,normal_info,0,1号线
ZZM_CN_a160bce56d77,ZZS_a14df2d44f,紫荆山,0.35,line_propagated,1号线,0,normal_info,0,1号线
ZZM_CN_a160bce56d77,ZZS_ae1b2afcad,梧桐街,0.35,line_propagated,1号线,0,normal_info,0,1号线
ZZM_CN_a160bce56d77,ZZS_aed2ee7bb7,河南工业大学,0.35,line_propagated,1号线,0,normal_info,0,1号线
ZZM_CN_a160bce56d77,ZZS_b0ac143899,龙子湖,0.35,line_propagated,1号线,0,normal_info,0,1号线
ZZM_CN_a160bce56d77,ZZS_b37a0bcf35,郑大科技园,0.35,line_propagated,1号线,0,normal_info,0,1号线
ZZM_CN_a160bce56d77,ZZS_b8d795b006,黄河南路,0.35,line_propagated,1号线,0,normal_info,0,1号线
ZZM_CN_a160bce56d77,ZZS_bb3c17098a,人民路,0.35,line_propagated,1号线,0,normal_info,0,1号线
ZZM_CN_a160bce56d77,ZZS_bf7f2bfbd0,博学路,0.35,line_propagated,1号线,0,normal_info,0,1号线
ZZM_CN_a160bce56d77,ZZS_c9109d3d9f,医学院,0.35,line_propagated,1号线,0,normal_info,0,1号线
ZZM_CN_a160bce56d77,ZZS_cc61daaced,市体育中心,0.35,line_propagated,1号线,0,normal_info,0,1号线
ZZM_CN_a160bce56d77,ZZS_d61a964e41,市民中心,0.35,line_propagated,1号线,0,normal_info,0,1号线
ZZM_CN_a160bce56d77,ZZS_e4b35b2f4d,郑州大学,0.35,line_propagated,1号线,0,normal_info,0,1号线
ZZM_CN_a160bce56d77,ZZS_e67ffc082e,西流湖,0.35,line_propagated,1号线,0,normal_info,0,1号线
ZZM_CN_a160bce56d77,ZZS_ff2a277828,民航路,0.35,line_propagated,1号线,0,normal_info,0,1号线
ZZM_CN_a160bce56d77,ZZS_ff6940526d,郑州东站,0.35,line_propagated,1号线,0,normal_info,0,1号线
ZZM_CN_a35bf90d09f2,ZZS_00f55fa149,碧沙岗,0.35,line_propagated,1号线,0,normal_info,0,1号线
ZZM_CN_a35bf90d09f2,ZZS_065e638aef,东风南路,0.35,line_propagated,1号线,0,normal_info,0,1号线
ZZM_CN_a35bf90d09f2,ZZS_0660d199a6,农业南路,0.35,line_propagated,1号线,0,normal_info,0,1号线
ZZM_CN_a35bf90d09f2,ZZS_0ccbb4888d,二七广场,0.35,line_propagated,1号线,0,normal_info,0,1号线
ZZM_CN_a35bf90d09f2,ZZS_1acdaac4ce,铁炉,0.35,line_propagated,1号线,0,normal_info,0,1号线
ZZM_CN_a35bf90d09f2,ZZS_27d32a2e36,五一公园,0.35,line_propagated,1号线,0,normal_info,0,1号线
ZZM_CN_a35bf90d09f2,ZZS_3813354d55,绿城广场,0.35,line_propagated,1号线,0,normal_info,0,1号线
ZZM_CN_a35bf90d09f2,ZZS_38180914a0,燕庄,0.35,line_propagated,1号线,0,normal_info,0,1号线
ZZM_CN_a35bf90d09f2,ZZS_52a5a7940c,兰寨,0.35,line_propagated,1号线,0,normal_info,0,1号线
ZZM_CN_a35bf90d09f2,ZZS_5d37b2006d,河南大学新区,0.35,line_propagated,1号线,0,normal_info,0,1号线
ZZM_CN_a35bf90d09f2,ZZS_6c89efbe2c,文苑北路,0.35,line_propagated,1号线,0,normal_info,0,1号线
ZZM_CN_a35bf90d09f2,ZZS_87213b5129,会展中心,0.35,line_propagated,1号线,0,normal_info,0,1号线
ZZM_CN_a35bf90d09f2,ZZS_881a48e5bb,西三环,0.35,line_propagated,1号线,0,normal_info,0,1号线
ZZM_CN_a35bf90d09f2,ZZS_89f2ce9b1d,秦岭路,0.35,line_propagated,1号线,0,normal_info,0,1号线
ZZM_CN_a35bf90d09f2,ZZS_90196f31d6,郑州火车站,0.35,line_propagated,1号线,0,normal_info,0,1号线
ZZM_CN_a35bf90d09f2,ZZS_a14df2d44f,紫荆山,0.35,line_propagated,1号线,0,normal_info,0,1号线
ZZM_CN_a35bf90d09f2,ZZS_ae1b2afcad,梧桐街,0.35,line_propagated,1号线,0,normal_info,0,1号线
ZZM_CN_a35bf90d09f2,ZZS_aed2ee7bb7,河南工业大学,0.35,line_propagated,1号线,0,normal_info,0,1号线
ZZM_CN_a35bf90d09f2,ZZS_b0ac143899,龙子湖,0.35,line_propagated,1号线,0,normal_info,0,1号线
ZZM_CN_a35bf90d09f2,ZZS_b37a0bcf35,郑大科技园,0.35,line_propagated,1号线,0,normal_info,0,1号线
ZZM_CN_a35bf90d09f2,ZZS_b8d795b006,黄河南路,0.35,line_propagated,1号线,0,normal_info,0,1号线
ZZM_CN_a35bf90d09f2,ZZS_bb3c17098a,人民路,0.35,line_propagated,1号线,0,normal_info,0,1号线
ZZM_CN_a35bf90d09f2,ZZS_bf7f2bfbd0,博学路,0.35,line_propagated,1号线,0,normal_info,0,1号线
ZZM_CN_a35bf90d09f2,ZZS_c9109d3d9f,医学院,0.35,line_propagated,1号线,0,normal_info,0,1号线
ZZM_CN_a35bf90d09f2,ZZS_cc61daaced,市体育中心,0.35,line_propagated,1号线,0,normal_info,0,1号线
ZZM_CN_a35bf90d09f2,ZZS_d61a964e41,市民中心,0.35,line_propagated,1号线,0,normal_info,0,1号线
ZZM_CN_a35bf90d09f2,ZZS_e4b35b2f4d,郑州大学,0.35,line_propagated,1号线,0,normal_info,0,1号线
ZZM_CN_a35bf90d09f2,ZZS_e67ffc082e,西流湖,0.35,line_propagated,1号线,0,normal_info,0,1号线
ZZM_CN_a35bf90d09f2,ZZS_ff2a277828,民航路,0.35,line_propagated,1号线,0,normal_info,0,1号线
ZZM_CN_a35bf90d09f2,ZZS_ff6940526d,郑州东站,0.35,line_propagated,1号线,0,normal_info,0,1号线
ZZM_CN_a3dcee745f2b,ZZS_00f55fa149,碧沙岗,0.35,line_propagated,1号线,0,normal_info,0,1号线|2号线
ZZM_CN_a3dcee745f2b,ZZS_02cf3e4cf5,南三环,0.35,line_propagated,2号线,0,normal_info,0,1号线|2号线
ZZM_CN_a3dcee745f2b,ZZS_065e638aef,东风南路,0.35,line_propagated,1号线,0,normal_info,0,1号线|2号线
ZZM_CN_a3dcee745f2b,ZZS_0660d199a6,农业南路,0.35,line_propagated,1号线,0,normal_info,0,1号线|2号线
ZZM_CN_a3dcee745f2b,ZZS_0ccbb4888d,二七广场,0.35,line_propagated,1号线,0,normal_info,0,1号线|2号线
ZZM_CN_a3dcee745f2b,ZZS_1a5721a427,毛庄,0.35,line_propagated,2号线,0,normal_info,0,1号线|2号线
ZZM_CN_a3dcee745f2b,ZZS_1acdaac4ce,铁炉,0.35,line_propagated,1号线,0,normal_info,0,1号线|2号线
ZZM_CN_a3dcee745f2b,ZZS_20262a52f0,南五里堡,0.35,line_propagated,2号线,0,normal_info,0,1号线|2号线
ZZM_CN_a3dcee745f2b,ZZS_27d32a2e36,五一公园,0.35,line_propagated,1号线,0,normal_info,0,1号线|2号线
ZZM_CN_a3dcee745f2b,ZZS_2bd57be00d,关虎屯,0.35,line_propagated,2号线,0,normal_info,0,1号线|2号线
ZZM_CN_a3dcee745f2b,ZZS_3813354d55,绿城广场,0.35,line_propagated,1号线,0,normal_info,0,1号线|2号线
ZZM_CN_a3dcee745f2b,ZZS_38180914a0,燕庄,0.35,line_propagated,1号线,0,normal_info,0,1号线|2号线
ZZM_CN_a3dcee745f2b,ZZS_43a808507b,金洼,0.35,line_propagated,2号线,0,normal_info,0,1号线|2号线
ZZM_CN_a3dcee745f2b,ZZS_4d258fdd50,金达路,0.35,line_propagated,2号线,0,normal_info,0,1号线|2号线
ZZM_CN_a3dcee745f2b,ZZS_51e572c7c3,东大街,0.35,line_propagated,2号线,0,normal_info,0,1号线|2号线
ZZM_CN_a3dcee745f2b,ZZS_52a5a7940c,兰寨,0.35,line_propagated,1号线,0,normal_info,0,1号线|2号线
ZZM_CN_a3dcee745f2b,ZZS_54adf32b6c,南四环,0.35,line_propagated,2号线,0,normal_info,0,1号线|2号线
ZZM_CN_a3dcee745f2b,ZZS_5d37b2006d,河南大学新区,0.35,line_propagated,1号线,0,normal_info,0,1号线|2号线
ZZM_CN_a3dcee745f2b,ZZS_6b600b7696,刘庄,0.35,line_propagated,2号线,0,normal_info,0,1号线|2号线
ZZM_CN_a3dcee745f2b,ZZS_6c89efbe2c,文苑北路,0.35,line_propagated,1号线,0,normal_info,0,1号线|2号线
ZZM_CN_a3dcee745f2b,ZZS_72de4f5f66,惠济区政府,0.35,line_propagated,2号线,0,normal_info,0,1号线|2号线
ZZM_CN_a3dcee745f2b,ZZS_7dd13fd23f,黄河路,0.35,line_propagated,2号线,0,normal_info,0,1号线|2号线
ZZM_CN_a3dcee745f2b,ZZS_87213b5129,会展中心,0.35,line_propagated,1号线,0,normal_info,0,1号线|2号线
ZZM_CN_a3dcee745f2b,ZZS_881a48e5bb,西三环,0.35,line_propagated,1号线,0,normal_info,0,1号线|2号线
ZZM_CN_a3dcee745f2b,ZZS_89f2ce9b1d,秦岭路,0.35,line_propagated,1号线,0,normal_info,0,1号线|2号线
ZZM_CN_a3dcee745f2b,ZZS_90196f31d6,郑州火车站,0.35,line_propagated,1号线,0,normal_info,0,1号线|2号线
ZZM_CN_a3dcee745f2b,ZZS_90c4ce1eb7,沙门,0.35,line_propagated,2号线,0,normal_info,0,1号线|2号线
ZZM_CN_a3dcee745f2b,ZZS_93b9249040,二里岗,0.35,line_propagated,2号线,0,normal_info,0,1号线|2号线
ZZM_CN_a3dcee745f2b,ZZS_9660c27c11,站马屯,0.35,line_propagated,2号线,0,normal_info,0,1号线|2号线
ZZM_CN_a3dcee745f2b,ZZS_9f383e1427,花寨,0.35,line_propagated,2号线,0,normal_info,0,1号线|2号线
ZZM_CN_a3dcee745f2b,ZZS_a14df2d44f,紫荆山,0.35,line_propagated,1号线|2号线,0,normal_info,0,1号线|2号线
ZZM_CN_a3dcee745f2b,ZZS_a7b91da4c7,陇海东路,0.35,line_propagated,2号线,0,normal_info,0,1号线|2号线
ZZM_CN_a3dcee745f2b,ZZS_abc078ccd5,黄河迎宾馆,0.35,line_propagated,2号线,0,normal_info,0,1号线|2号线
ZZM_CN_a3dcee745f2b,ZZS_ae1b2afcad,梧桐街,0.35,line_propagated,1号线,0,normal_info,0,1号线|2号线
ZZM_CN_a3dcee745f2b,ZZS_aed2ee7bb7,河南工业大学,0.35,line_propagated,1号线,0,normal_info,0,1号线|2号线
ZZM_CN_a3dcee745f2b,ZZS_b0ac143899,龙子湖,0.35,line_propagated,1号线,0,normal_info,0,1号线|2号线
ZZM_CN_a3dcee745f2b,ZZS_b37a0bcf35,郑大科技园,0.35,line_propagated,1号线,0,normal_info,0,1号线|2号线
ZZM_CN_a3dcee745f2b,ZZS_b8d795b006,黄河南路,0.35,line_propagated,1号线,0,normal_info,0,1号线|2号线
ZZM_CN_a3dcee745f2b,ZZS_bb3c17098a,人民路,0.35,line_propagated,1号线,0,normal_info,0,1号线|2号线
ZZM_CN_a3dcee745f2b,ZZS_bdc2a71da9,柳林,0.35,line_propagated,2号线,0,normal_info,0,1号线|2号线
ZZM_CN_a3dcee745f2b,ZZS_bf7f2bfbd0,博学路,0.35,line_propagated,1号线,0,normal_info,0,1号线|2号线
ZZM_CN_a3dcee745f2b,ZZS_c180efc575,贾河,0.35,line_propagated,2号线,0,normal_info,0,1号线|2号线
ZZM_CN_a3dcee745f2b,ZZS_c9109d3d9f,医学院,0.35,line_propagated,1号线,0,normal_info,0,1号线|2号线
ZZM_CN_a3dcee745f2b,ZZS_cc61daaced,市体育中心,0.35,line_propagated,1号线,0,normal_info,0,1号线|2号线
ZZM_CN_a3dcee745f2b,ZZS_d61a964e41,市民中心,0.35,line_propagated,1号线,0,normal_info,0,1号线|2号线
ZZM_CN_a3dcee745f2b,ZZS_e4b35b2f4d,郑州大学,0.35,line_propagated,1号线,0,normal_info,0,1号线|2号线
ZZM_CN_a3dcee745f2b,ZZS_e67ffc082e,西流湖,0.35,line_propagated,1号线,0,normal_info,0,1号线|2号线
ZZM_CN_a3dcee745f2b,ZZS_ff256e6634,北三环,0.35,line_propagated,2号线,0,normal_info,0,1号线|2号线
ZZM_CN_a3dcee745f2b,ZZS_ff2a277828,民航路,0.35,line_propagated,1号线,0,normal_info,0,1号线|2号线
ZZM_CN_a3dcee745f2b,ZZS_ff491e6fdf,东风路,0.35,line_propagated,2号线,0,normal_info,0,1号线|2号线
ZZM_CN_a3dcee745f2b,ZZS_ff6940526d,郑州东站,0.35,line_propagated,1号线,0,normal_info,0,1号线|2号线
ZZM_CN_a3fb2ea56608,ZZS_00f55fa149,碧沙岗,0.35,line_propagated,1号线,0,normal_info,0,1号线
ZZM_CN_a3fb2ea56608,ZZS_065e638aef,东风南路,0.35,line_propagated,1号线,0,normal_info,0,1号线
ZZM_CN_a3fb2ea56608,ZZS_0660d199a6,农业南路,0.35,line_propagated,1号线,0,normal_info,0,1号线
ZZM_CN_a3fb2ea56608,ZZS_0ccbb4888d,二七广场,0.35,line_propagated,1号线,0,normal_info,0,1号线
ZZM_CN_a3fb2ea56608,ZZS_1acdaac4ce,铁炉,0.35,line_propagated,1号线,0,normal_info,0,1号线
ZZM_CN_a3fb2ea56608,ZZS_27d32a2e36,五一公园,0.35,line_propagated,1号线,0,normal_info,0,1号线
ZZM_CN_a3fb2ea56608,ZZS_3813354d55,绿城广场,0.9,exact+line,1号线|绿城广场,0,normal_info,0,1号线
ZZM_CN_a3fb2ea56608,ZZS_38180914a0,燕庄,0.35,line_propagated,1号线,0,normal_info,0,1号线
ZZM_CN_a3fb2ea56608,ZZS_52a5a7940c,兰寨,0.35,line_propagated,1号线,0,normal_info,0,1号线
ZZM_CN_a3fb2ea56608,ZZS_5d37b2006d,河南大学新区,0.35,line_propagated,1号线,0,normal_info,0,1号线
ZZM_CN_a3fb2ea56608,ZZS_6c89efbe2c,文苑北路,0.35,line_propagated,1号线,0,normal_info,0,1号线
ZZM_CN_a3fb2ea56608,ZZS_87213b5129,会展中心,0.35,line_propagated,1号线,0,normal_info,0,1号线
ZZM_CN_a3fb2ea56608,ZZS_881a48e5bb,西三环,0.35,line_propagated,1号线,0,normal_info,0,1号线
ZZM_CN_a3fb2ea56608,ZZS_89f2ce9b1d,秦岭路,0.35,line_propagated,1号线,0,normal_info,0,1号线
ZZM_CN_a3fb2ea56608,ZZS_90196f31d6,郑州火车站,0.35,line_propagated,1号线,0,normal_info,0,1号线
ZZM_CN_a3fb2ea56608,ZZS_a14df2d44f,紫荆山,0.35,line_propagated,1号线,0,normal_info,0,1号线
ZZM_CN_a3fb2ea56608,ZZS_ae1b2afcad,梧桐街,0.35,line_propagated,1号线,0,normal_info,0,1号线
ZZM_CN_a3fb2ea56608,ZZS_aed2ee7bb7,河南工业大学,0.35,line_propagated,1号线,0,normal_info,0,1号线
ZZM_CN_a3fb2ea56608,ZZS_b0ac143899,龙子湖,0.35,line_propagated,1号线,0,normal_info,0,1号线
ZZM_CN_a3fb2ea56608,ZZS_b37a0bcf35,郑大科技园,0.35,line_propagated,1号线,0,normal_info,0,1号线
ZZM_CN_a3fb2ea56608,ZZS_b8d795b006,黄河南路,0.35,line_propagated,1号线,0,normal_info,0,1号线
ZZM_CN_a3fb2ea56608,ZZS_bb3c17098a,人民路,0.35,line_propagated,1号线,0,normal_info,0,1号线
ZZM_CN_a3fb2ea56608,ZZS_bf7f2bfbd0,博学路,0.35,line_propagated,1号线,0,normal_info,0,1号线
ZZM_CN_a3fb2ea56608,ZZS_c9109d3d9f,医学院,0.35,line_propagated,1号线,0,normal_info,0,1号线
ZZM_CN_a3fb2ea56608,ZZS_cc61daaced,市体育中心,0.35,line_propagated,1号线,0,normal_info,0,1号线
ZZM_CN_a3fb2ea56608,ZZS_d61a964e41,市民中心,0.35,line_propagated,1号线,0,normal_info,0,1号线
ZZM_CN_a3fb2ea56608,ZZS_e4b35b2f4d,郑州大学,0.35,line_propagated,1号线,0,normal_info,0,1号线
ZZM_CN_a3fb2ea56608,ZZS_e67ffc082e,西流湖,0.35,line_propagated,1号线,0,normal_info,0,1号线
ZZM_CN_a3fb2ea56608,ZZS_ff2a277828,民航路,0.35,line_propagated,1号线,0,normal_info,0,1号线
ZZM_CN_a3fb2ea56608,ZZS_ff6940526d,郑州东站,0.35,line_propagated,1号线,0,normal_info,0,1号线
ZZM_CN_a4798fa54b5e,ZZS_00f55fa149,碧沙岗,0.35,line_propagated,1号线,0,normal_info,0,1号线
ZZM_CN_a4798fa54b5e,ZZS_065e638aef,东风南路,0.35,line_propagated,1号线,0,normal_info,0,1号线
ZZM_CN_a4798fa54b5e,ZZS_0660d199a6,农业南路,0.35,line_propagated,1号线,0,normal_info,0,1号线
ZZM_CN_a4798fa54b5e,ZZS_0ccbb4888d,二七广场,0.35,line_propagated,1号线,0,normal_info,0,1号线
ZZM_CN_a4798fa54b5e,ZZS_1acdaac4ce,铁炉,0.35,line_propagated,1号线,0,normal_info,0,1号线
ZZM_CN_a4798fa54b5e,ZZS_27d32a2e36,五一公园,0.35,line_propagated,1号线,0,normal_info,0,1号线
ZZM_CN_a4798fa54b5e,ZZS_3813354d55,绿城广场,0.35,line_propagated,1号线,0,normal_info,0,1号线
ZZM_CN_a4798fa54b5e,ZZS_38180914a0,燕庄,0.35,line_propagated,1号线,0,normal_info,0,1号线
ZZM_CN_a4798fa54b5e,ZZS_52a5a7940c,兰寨,0.35,line_propagated,1号线,0,normal_info,0,1号线
ZZM_CN_a4798fa54b5e,ZZS_5d37b2006d,河南大学新区,0.35,line_propagated,1号线,0,normal_info,0,1号线
ZZM_CN_a4798fa54b5e,ZZS_6c89efbe2c,文苑北路,0.35,line_propagated,1号线,0,normal_info,0,1号线
ZZM_CN_a4798fa54b5e,ZZS_87213b5129,会展中心,0.35,line_propagated,1号线,0,normal_info,0,1号线
ZZM_CN_a4798fa54b5e,ZZS_881a48e5bb,西三环,0.35,line_propagated,1号线,0,normal_info,0,1号线
ZZM_CN_a4798fa54b5e,ZZS_89f2ce9b1d,秦岭路,0.35,line_propagated,1号线,0,normal_info,0,1号线
ZZM_CN_a4798fa54b5e,ZZS_90196f31d6,郑州火车站,0.35,line_propagated,1号线,0,normal_info,0,1号线
ZZM_CN_a4798fa54b5e,ZZS_a14df2d44f,紫荆山,0.35,line_propagated,1号线,0,normal_info,0,1号线
ZZM_CN_a4798fa54b5e,ZZS_ae1b2afcad,梧桐街,0.35,line_propagated,1号线,0,normal_info,0,1号线
ZZM_CN_a4798fa54b5e,ZZS_aed2ee7bb7,河南工业大学,0.35,line_propagated,1号线,0,normal_info,0,1号线
ZZM_CN_a4798fa54b5e,ZZS_b0ac143899,龙子湖,0.35,line_propagated,1号线,0,normal_info,0,1号线
ZZM_CN_a4798fa54b5e,ZZS_b37a0bcf35,郑大科技园,0.35,line_propagated,1号线,0,normal_info,0,1号线
ZZM_CN_a4798fa54b5e,ZZS_b8d795b006,黄河南路,0.35,line_propagated,1号线,0,normal_info,0,1号线
ZZM_CN_a4798fa54b5e,ZZS_bb3c17098a,人民路,0.35,line_propagated,1号线,0,normal_info,0,1号线
ZZM_CN_a4798fa54b5e,ZZS_bf7f2bfbd0,博学路,0.35,line_propagated,1号线,0,normal_info,0,1号线
ZZM_CN_a4798fa54b5e,ZZS_c9109d3d9f,医学院,0.35,line_propagated,1号线,0,normal_info,0,1号线
ZZM_CN_a4798fa54b5e,ZZS_cc61daaced,市体育中心,0.35,line_propagated,1号线,0,normal_info,0,1号线
ZZM_CN_a4798fa54b5e,ZZS_d61a964e41,市民中心,0.35,line_propagated,1号线,0,normal_info,0,1号线
ZZM_CN_a4798fa54b5e,ZZS_e4b35b2f4d,郑州大学,0.35,line_propagated,1号线,0,normal_info,0,1号线
ZZM_CN_a4798fa54b5e,ZZS_e67ffc082e,西流湖,0.35,line_propagated,1号线,0,normal_info,0,1号线
ZZM_CN_a4798fa54b5e,ZZS_ff2a277828,民航路,0.35,line_propagated,1号线,0,normal_info,0,1号线
ZZM_CN_a4798fa54b5e,ZZS_ff6940526d,郑州东站,0.35,line_propagated,1号线,0,normal_info,0,1号线
ZZM_CN_a6408978b5b6,ZZS_00f55fa149,碧沙岗,0.35,line_propagated,1号线,0,normal_info,0,1号线|2号线
ZZM_CN_a6408978b5b6,ZZS_02cf3e4cf5,南三环,0.35,line_propagated,2号线,0,normal_info,0,1号线|2号线
ZZM_CN_a6408978b5b6,ZZS_065e638aef,东风南路,0.35,line_propagated,1号线,0,normal_info,0,1号线|2号线
ZZM_CN_a6408978b5b6,ZZS_0660d199a6,农业南路,0.35,line_propagated,1号线,0,normal_info,0,1号线|2号线
ZZM_CN_a6408978b5b6,ZZS_0ccbb4888d,二七广场,0.35,line_propagated,1号线,0,normal_info,0,1号线|2号线
ZZM_CN_a6408978b5b6,ZZS_1a5721a427,毛庄,0.35,line_propagated,2号线,0,normal_info,0,1号线|2号线
ZZM_CN_a6408978b5b6,ZZS_1acdaac4ce,铁炉,0.35,line_propagated,1号线,0,normal_info,0,1号线|2号线
ZZM_CN_a6408978b5b6,ZZS_20262a52f0,南五里堡,0.35,line_propagated,2号线,0,normal_info,0,1号线|2号线
ZZM_CN_a6408978b5b6,ZZS_27d32a2e36,五一公园,0.35,line_propagated,1号线,0,normal_info,0,1号线|2号线
ZZM_CN_a6408978b5b6,ZZS_2bd57be00d,关虎屯,0.35,line_propagated,2号线,0,normal_info,0,1号线|2号线
ZZM_CN_a6408978b5b6,ZZS_3813354d55,绿城广场,0.35,line_propagated,1号线,0,normal_info,0,1号线|2号线
ZZM_CN_a6408978b5b6,ZZS_38180914a0,燕庄,0.35,line_propagated,1号线,0,normal_info,0,1号线|2号线
ZZM_CN_a6408978b5b6,ZZS_43a808507b,金洼,0.35,line_propagated,2号线,0,normal_info,0,1号线|2号线
ZZM_CN_a6408978b5b6,ZZS_4d258fdd50,金达路,0.35,line_propagated,2号线,0,normal_info,0,1号线|2号线
ZZM_CN_a6408978b5b6,ZZS_51e572c7c3,东大街,0.35,line_propagated,2号线,0,normal_info,0,1号线|2号线
ZZM_CN_a6408978b5b6,ZZS_52a5a7940c,兰寨,0.35,line_propagated,1号线,0,normal_info,0,1号线|2号线
ZZM_CN_a6408978b5b6,ZZS_54adf32b6c,南四环,0.35,line_propagated,2号线,0,normal_info,0,1号线|2号线
ZZM_CN_a6408978b5b6,ZZS_5d37b2006d,河南大学新区,0.35,line_propagated,1号线,0,normal_info,0,1号线|2号线
ZZM_CN_a6408978b5b6,ZZS_6b600b7696,刘庄,0.35,line_propagated,2号线,0,normal_info,0,1号线|2号线
ZZM_CN_a6408978b5b6,ZZS_6c89efbe2c,文苑北路,0.35,line_propagated,1号线,0,normal_info,0,1号线|2号线
ZZM_CN_a6408978b5b6,ZZS_72de4f5f66,惠济区政府,0.35,line_propagated,2号线,0,normal_info,0,1号线|2号线
ZZM_CN_a6408978b5b6,ZZS_7dd13fd23f,黄河路,0.35,line_propagated,2号线,0,normal_info,0,1号线|2号线
ZZM_CN_a6408978b5b6,ZZS_87213b5129,会展中心,0.35,line_propagated,1号线,0,normal_info,0,1号线|2号线
ZZM_CN_a6408978b5b6,ZZS_881a48e5bb,西三环,0.35,line_propagated,1号线,0,normal_info,0,1号线|2号线
ZZM_CN_a6408978b5b6,ZZS_89f2ce9b1d,秦岭路,0.35,line_propagated,1号线,0,normal_info,0,1号线|2号线
ZZM_CN_a6408978b5b6,ZZS_90196f31d6,郑州火车站,0.35,line_propagated,1号线,0,normal_info,0,1号线|2号线
ZZM_CN_a6408978b5b6,ZZS_90c4ce1eb7,沙门,0.35,line_propagated,2号线,0,normal_info,0,1号线|2号线
ZZM_CN_a6408978b5b6,ZZS_93b9249040,二里岗,0.35,line_propagated,2号线,0,normal_info,0,1号线|2号线
ZZM_CN_a6408978b5b6,ZZS_9660c27c11,站马屯,0.35,line_propagated,2号线,0,normal_info,0,1号线|2号线
ZZM_CN_a6408978b5b6,ZZS_9f383e1427,花寨,0.35,line_propagated,2号线,0,normal_info,0,1号线|2号线
ZZM_CN_a6408978b5b6,ZZS_a14df2d44f,紫荆山,0.9,exact+line,1号线|2号线|紫荆山,0,normal_info,0,1号线|2号线
ZZM_CN_a6408978b5b6,ZZS_a7b91da4c7,陇海东路,0.35,line_propagated,2号线,0,normal_info,0,1号线|2号线
ZZM_CN_a6408978b5b6,ZZS_abc078ccd5,黄河迎宾馆,0.35,line_propagated,2号线,0,normal_info,0,1号线|2号线
ZZM_CN_a6408978b5b6,ZZS_ae1b2afcad,梧桐街,0.35,line_propagated,1号线,0,normal_info,0,1号线|2号线
ZZM_CN_a6408978b5b6,ZZS_aed2ee7bb7,河南工业大学,0.35,line_propagated,1号线,0,normal_info,0,1号线|2号线
ZZM_CN_a6408978b5b6,ZZS_b0ac143899,龙子湖,0.35,line_propagated,1号线,0,normal_info,0,1号线|2号线
ZZM_CN_a6408978b5b6,ZZS_b37a0bcf35,郑大科技园,0.35,line_propagated,1号线,0,normal_info,0,1号线|2号线
ZZM_CN_a6408978b5b6,ZZS_b8d795b006,黄河南路,0.35,line_propagated,1号线,0,normal_info,0,1号线|2号线
ZZM_CN_a6408978b5b6,ZZS_bb3c17098a,人民路,0.35,line_propagated,1号线,0,normal_info,0,1号线|2号线
ZZM_CN_a6408978b5b6,ZZS_bdc2a71da9,柳林,0.35,line_propagated,2号线,0,normal_info,0,1号线|2号线
ZZM_CN_a6408978b5b6,ZZS_bf7f2bfbd0,博学路,0.35,line_propagated,1号线,0,normal_info,0,1号线|2号线
ZZM_CN_a6408978b5b6,ZZS_c180efc575,贾河,0.35,line_propagated,2号线,0,normal_info,0,1号线|2号线
ZZM_CN_a6408978b5b6,ZZS_c9109d3d9f,医学院,0.35,line_propagated,1号线,0,normal_info,0,1号线|2号线
ZZM_CN_a6408978b5b6,ZZS_cc61daaced,市体育中心,0.35,line_propagated,1号线,0,normal_info,0,1号线|2号线
ZZM_CN_a6408978b5b6,ZZS_d61a964e41,市民中心,0.35,line_propagated,1号线,0,normal_info,0,1号线|2号线
ZZM_CN_a6408978b5b6,ZZS_e4b35b2f4d,郑州大学,0.35,line_propagated,1号线,0,normal_info,0,1号线|2号线
ZZM_CN_a6408978b5b6,ZZS_e67ffc082e,西流湖,0.35,line_propagated,1号线,0,normal_info,0,1号线|2号线
ZZM_CN_a6408978b5b6,ZZS_ff256e6634,北三环,0.35,line_propagated,2号线,0,normal_info,0,1号线|2号线
ZZM_CN_a6408978b5b6,ZZS_ff2a277828,民航路,0.35,line_propagated,1号线,0,normal_info,0,1号线|2号线
ZZM_CN_a6408978b5b6,ZZS_ff491e6fdf,东风路,0.35,line_propagated,2号线,0,normal_info,0,1号线|2号线
ZZM_CN_a6408978b5b6,ZZS_ff6940526d,郑州东站,0.35,line_propagated,1号线,0,normal_info,0,1号线|2号线
ZZM_CN_a7d93e6e6d9b,ZZS_02cf3e4cf5,南三环,0.35,line_propagated,2号线,0,normal_info,0,2号线
ZZM_CN_a7d93e6e6d9b,ZZS_1a5721a427,毛庄,0.35,line_propagated,2号线,0,normal_info,0,2号线
ZZM_CN_a7d93e6e6d9b,ZZS_20262a52f0,南五里堡,0.35,line_propagated,2号线,0,normal_info,0,2号线
ZZM_CN_a7d93e6e6d9b,ZZS_2bd57be00d,关虎屯,0.35,line_propagated,2号线,0,normal_info,0,2号线
ZZM_CN_a7d93e6e6d9b,ZZS_43a808507b,金洼,0.35,line_propagated,2号线,0,normal_info,0,2号线
ZZM_CN_a7d93e6e6d9b,ZZS_4d258fdd50,金达路,0.35,line_propagated,2号线,0,normal_info,0,2号线
ZZM_CN_a7d93e6e6d9b,ZZS_51e572c7c3,东大街,0.35,line_propagated,2号线,0,normal_info,0,2号线
ZZM_CN_a7d93e6e6d9b,ZZS_54adf32b6c,南四环,0.35,line_propagated,2号线,0,normal_info,0,2号线
ZZM_CN_a7d93e6e6d9b,ZZS_6b600b7696,刘庄,0.35,line_propagated,2号线,0,normal_info,0,2号线
ZZM_CN_a7d93e6e6d9b,ZZS_72de4f5f66,惠济区政府,0.35,line_propagated,2号线,0,normal_info,0,2号线
ZZM_CN_a7d93e6e6d9b,ZZS_7dd13fd23f,黄河路,0.35,line_propagated,2号线,0,normal_info,0,2号线
ZZM_CN_a7d93e6e6d9b,ZZS_90c4ce1eb7,沙门,0.35,line_propagated,2号线,0,normal_info,0,2号线
ZZM_CN_a7d93e6e6d9b,ZZS_93b9249040,二里岗,0.35,line_propagated,2号线,0,normal_info,0,2号线
ZZM_CN_a7d93e6e6d9b,ZZS_9660c27c11,站马屯,0.35,line_propagated,2号线,0,normal_info,0,2号线
ZZM_CN_a7d93e6e6d9b,ZZS_9f383e1427,花寨,0.35,line_propagated,2号线,0,normal_info,0,2号线
ZZM_CN_a7d93e6e6d9b,ZZS_a14df2d44f,紫荆山,0.35,line_propagated,2号线,0,normal_info,0,2号线
ZZM_CN_a7d93e6e6d9b,ZZS_a7b91da4c7,陇海东路,0.35,line_propagated,2号线,0,normal_info,0,2号线
ZZM_CN_a7d93e6e6d9b,ZZS_abc078ccd5,黄河迎宾馆,0.35,line_propagated,2号线,0,normal_info,0,2号线
ZZM_CN_a7d93e6e6d9b,ZZS_bdc2a71da9,柳林,0.35,line_propagated,2号线,0,normal_info,0,2号线
ZZM_CN_a7d93e6e6d9b,ZZS_c180efc575,贾河,0.35,line_propagated,2号线,0,normal_info,0,2号线
ZZM_CN_a7d93e6e6d9b,ZZS_ff256e6634,北三环,0.35,line_propagated,2号线,0,normal_info,0,2号线
ZZM_CN_a7d93e6e6d9b,ZZS_ff491e6fdf,东风路,0.35,line_propagated,2号线,0,normal_info,0,2号线
ZZM_CN_a844dee54b23,ZZS_02cf3e4cf5,南三环,0.35,line_propagated,2号线,1,service_disruption,0,2号线
ZZM_CN_a844dee54b23,ZZS_1a5721a427,毛庄,0.35,line_propagated,2号线,1,service_disruption,0,2号线
ZZM_CN_a844dee54b23,ZZS_20262a52f0,南五里堡,0.35,line_propagated,2号线,1,service_disruption,0,2号线
ZZM_CN_a844dee54b23,ZZS_2bd57be00d,关虎屯,0.35,line_propagated,2号线,1,service_disruption,0,2号线
ZZM_CN_a844dee54b23,ZZS_43a808507b,金洼,0.35,line_propagated,2号线,1,service_disruption,0,2号线
ZZM_CN_a844dee54b23,ZZS_4d258fdd50,金达路,0.35,line_propagated,2号线,1,service_disruption,0,2号线
ZZM_CN_a844dee54b23,ZZS_51e572c7c3,东大街,0.35,line_propagated,2号线,1,service_disruption,0,2号线
ZZM_CN_a844dee54b23,ZZS_54adf32b6c,南四环,0.35,line_propagated,2号线,1,service_disruption,0,2号线
ZZM_CN_a844dee54b23,ZZS_6b600b7696,刘庄,0.35,line_propagated,2号线,1,service_disruption,0,2号线
ZZM_CN_a844dee54b23,ZZS_72de4f5f66,惠济区政府,0.35,line_propagated,2号线,1,service_disruption,0,2号线
ZZM_CN_a844dee54b23,ZZS_7dd13fd23f,黄河路,0.35,line_propagated,2号线,1,service_disruption,0,2号线
ZZM_CN_a844dee54b23,ZZS_90c4ce1eb7,沙门,0.35,line_propagated,2号线,1,service_disruption,0,2号线
ZZM_CN_a844dee54b23,ZZS_93b9249040,二里岗,0.35,line_propagated,2号线,1,service_disruption,0,2号线
ZZM_CN_a844dee54b23,ZZS_9660c27c11,站马屯,0.35,line_propagated,2号线,1,service_disruption,0,2号线
ZZM_CN_a844dee54b23,ZZS_9f383e1427,花寨,0.35,line_propagated,2号线,1,service_disruption,0,2号线
ZZM_CN_a844dee54b23,ZZS_a14df2d44f,紫荆山,0.35,line_propagated,2号线,1,service_disruption,0,2号线
ZZM_CN_a844dee54b23,ZZS_a7b91da4c7,陇海东路,0.35,line_propagated,2号线,1,service_disruption,0,2号线
ZZM_CN_a844dee54b23,ZZS_abc078ccd5,黄河迎宾馆,0.35,line_propagated,2号线,1,service_disruption,0,2号线
ZZM_CN_a844dee54b23,ZZS_bdc2a71da9,柳林,0.35,line_propagated,2号线,1,service_disruption,0,2号线
ZZM_CN_a844dee54b23,ZZS_c180efc575,贾河,0.35,line_propagated,2号线,1,service_disruption,0,2号线
ZZM_CN_a844dee54b23,ZZS_ff256e6634,北三环,0.35,line_propagated,2号线,1,service_disruption,0,2号线
ZZM_CN_a844dee54b23,ZZS_ff491e6fdf,东风路,0.35,line_propagated,2号线,1,service_disruption,0,2号线
ZZM_CN_a91eff80dc41,ZZS_02cf3e4cf5,南三环,0.35,line_propagated,2号线,0,normal_info,0,2号线
ZZM_CN_a91eff80dc41,ZZS_1a5721a427,毛庄,0.35,line_propagated,2号线,0,normal_info,0,2号线
ZZM_CN_a91eff80dc41,ZZS_20262a52f0,南五里堡,0.35,line_propagated,2号线,0,normal_info,0,2号线
ZZM_CN_a91eff80dc41,ZZS_2bd57be00d,关虎屯,0.35,line_propagated,2号线,0,normal_info,0,2号线
ZZM_CN_a91eff80dc41,ZZS_43a808507b,金洼,0.35,line_propagated,2号线,0,normal_info,0,2号线
ZZM_CN_a91eff80dc41,ZZS_4d258fdd50,金达路,0.35,line_propagated,2号线,0,normal_info,0,2号线
ZZM_CN_a91eff80dc41,ZZS_51e572c7c3,东大街,0.35,line_propagated,2号线,0,normal_info,0,2号线
ZZM_CN_a91eff80dc41,ZZS_54adf32b6c,南四环,0.35,line_propagated,2号线,0,normal_info,0,2号线
ZZM_CN_a91eff80dc41,ZZS_6b600b7696,刘庄,0.35,line_propagated,2号线,0,normal_info,0,2号线
ZZM_CN_a91eff80dc41,ZZS_72de4f5f66,惠济区政府,0.35,line_propagated,2号线,0,normal_info,0,2号线
ZZM_CN_a91eff80dc41,ZZS_7dd13fd23f,黄河路,0.35,line_propagated,2号线,0,normal_info,0,2号线
ZZM_CN_a91eff80dc41,ZZS_90c4ce1eb7,沙门,0.35,line_propagated,2号线,0,normal_info,0,2号线
ZZM_CN_a91eff80dc41,ZZS_93b9249040,二里岗,0.35,line_propagated,2号线,0,normal_info,0,2号线
ZZM_CN_a91eff80dc41,ZZS_9660c27c11,站马屯,0.35,line_propagated,2号线,0,normal_info,0,2号线
ZZM_CN_a91eff80dc41,ZZS_9f383e1427,花寨,0.35,line_propagated,2号线,0,normal_info,0,2号线
ZZM_CN_a91eff80dc41,ZZS_a14df2d44f,紫荆山,0.35,line_propagated,2号线,0,normal_info,0,2号线
ZZM_CN_a91eff80dc41,ZZS_a7b91da4c7,陇海东路,0.35,line_propagated,2号线,0,normal_info,0,2号线
ZZM_CN_a91eff80dc41,ZZS_abc078ccd5,黄河迎宾馆,0.35,line_propagated,2号线,0,normal_info,0,2号线
ZZM_CN_a91eff80dc41,ZZS_bdc2a71da9,柳林,0.35,line_propagated,2号线,0,normal_info,0,2号线
ZZM_CN_a91eff80dc41,ZZS_c180efc575,贾河,0.35,line_propagated,2号线,0,normal_info,0,2号线
ZZM_CN_a91eff80dc41,ZZS_ff256e6634,北三环,0.35,line_propagated,2号线,0,normal_info,0,2号线
ZZM_CN_a91eff80dc41,ZZS_ff491e6fdf,东风路,0.35,line_propagated,2号线,0,normal_info,0,2号线
ZZM_CN_a960a1b3b0ca,ZZS_047175b6e2,老鸦陈,0.35,line_propagated,4号线,0,normal_info,0,4号线|14号线
ZZM_CN_a960a1b3b0ca,ZZS_06c5d1c11c,商鼎路,0.35,line_propagated,4号线,0,normal_info,0,4号线|14号线
ZZM_CN_a960a1b3b0ca,ZZS_1236ed80e3,中央商务区,0.35,line_propagated,4号线,0,normal_info,0,4号线|14号线
ZZM_CN_a960a1b3b0ca,ZZS_184971fb41,郎庄,0.35,line_propagated,4号线,0,normal_info,0,4号线|14号线
ZZM_CN_a960a1b3b0ca,ZZS_1acd4fa835,金岱,0.35,line_propagated,4号线,0,normal_info,0,4号线|14号线
ZZM_CN_a960a1b3b0ca,ZZS_1acdaac4ce,铁炉,0.35,line_propagated,14号线,0,normal_info,0,4号线|14号线
ZZM_CN_a960a1b3b0ca,ZZS_1e911360df,姚庄,0.35,line_propagated,4号线,0,normal_info,0,4号线|14号线
ZZM_CN_a960a1b3b0ca,ZZS_25a4eab92b,龙湖南,0.35,line_propagated,4号线,0,normal_info,0,4号线|14号线
ZZM_CN_a960a1b3b0ca,ZZS_28ee7061d7,东十里铺,0.35,line_propagated,4号线,0,normal_info,0,4号线|14号线
ZZM_CN_a960a1b3b0ca,ZZS_311ece53d8,莲湖,0.35,line_propagated,14号线,0,normal_info,0,4号线|14号线
ZZM_CN_a960a1b3b0ca,ZZS_3546d6d127,丰庆路,0.35,line_propagated,4号线,0,normal_info,0,4号线|14号线
ZZM_CN_a960a1b3b0ca,ZZS_45679e4fc0,七里河,0.35,line_propagated,4号线,0,normal_info,0,4号线|14号线
ZZM_CN_a960a1b3b0ca,ZZS_542d10f6f0,金融岛北,0.35,line_propagated,4号线,0,normal_info,0,4号线|14号线
ZZM_CN_a960a1b3b0ca,ZZS_5479c586b4,奥体中心,0.35,line_propagated,14号线,0,normal_info,0,4号线|14号线
ZZM_CN_a960a1b3b0ca,ZZS_548bc6fa98,陈寨东,0.35,line_propagated,4号线,0,normal_info,0,4号线|14号线
ZZM_CN_a960a1b3b0ca,ZZS_55f9aea406,森林公园北,0.35,line_propagated,4号线,0,normal_info,0,4号线|14号线
ZZM_CN_a960a1b3b0ca,ZZS_6605be2a4e,省体育中心,0.35,line_propagated,4号线,0,normal_info,0,4号线|14号线
ZZM_CN_a960a1b3b0ca,ZZS_6a9a14f197,北二十里铺,0.35,line_propagated,4号线,0,normal_info,0,4号线|14号线
ZZM_CN_a960a1b3b0ca,ZZS_87213b5129,会展中心,0.35,line_propagated,4号线,0,normal_info,0,4号线|14号线
ZZM_CN_a960a1b3b0ca,ZZS_90c4ce1eb7,沙门,0.35,line_propagated,4号线,0,normal_info,0,4号线|14号线
ZZM_CN_a960a1b3b0ca,ZZS_90de6fab35,货站街,0.35,line_propagated,4号线,0,normal_info,0,4号线|14号线
ZZM_CN_a960a1b3b0ca,ZZS_93f56b73b3,果树所,0.35,line_propagated,4号线,0,normal_info,0,4号线|14号线
ZZM_CN_a960a1b3b0ca,ZZS_95fb90b688,杨君刘,0.35,line_propagated,4号线,0,normal_info,0,4号线|14号线
ZZM_CN_a960a1b3b0ca,ZZS_9965eccc39,龙湖中环北,0.35,line_propagated,4号线,0,normal_info,0,4号线|14号线
ZZM_CN_a960a1b3b0ca,ZZS_aa3686fb6d,金融岛南,0.35,line_propagated,4号线,0,normal_info,0,4号线|14号线
ZZM_CN_a960a1b3b0ca,ZZS_ccf9ac5267,清华附中,0.35,line_propagated,4号线,0,normal_info,0,4号线|14号线
ZZM_CN_a960a1b3b0ca,ZZS_d86c49fbed,农业东路,0.35,line_propagated,4号线,0,normal_info,0,4号线|14号线
ZZM_CN_a960a1b3b0ca,ZZS_dbb2385d18,龙湖北,0.35,line_propagated,4号线,0,normal_info,0,4号线|14号线
ZZM_CN_a960a1b3b0ca,ZZS_e37b46cf08,市民大道,0.35,line_propagated,14号线,0,normal_info,0,4号线|14号线
ZZM_CN_a960a1b3b0ca,ZZS_eca427650a,张家村,0.35,line_propagated,4号线,0,normal_info,0,4号线|14号线
ZZM_CN_a960a1b3b0ca,ZZS_eda0ec6e78,龙湖中环南,0.35,line_propagated,4号线,0,normal_info,0,4号线|14号线
ZZM_CN_a960a1b3b0ca,ZZS_f453749a84,市委党校,0.35,line_propagated,14号线,0,normal_info,0,4号线|14号线
ZZM_CN_a9fcbea4db5a,ZZS_87213b5129,会展中心,0.9,exact,会展中心,0,normal_info,0,
ZZM_CN_aa667b103b24,ZZS_001bf66fc1,陇海西路,0.35,line_propagated,5号线,0,normal_info,0,5号线
ZZM_CN_aa667b103b24,ZZS_1236ed80e3,中央商务区,0.35,line_propagated,5号线,0,normal_info,0,5号线
ZZM_CN_aa667b103b24,ZZS_1246e07d02,城东南路,0.35,line_propagated,5号线,0,normal_info,0,5号线
ZZM_CN_aa667b103b24,ZZS_136c32a256,市中心医院,0.35,line_propagated,5号线,0,normal_info,0,5号线
ZZM_CN_aa667b103b24,ZZS_14efbdcc1b,福塔东,0.35,line_propagated,5号线,0,normal_info,0,5号线
ZZM_CN_aa667b103b24,ZZS_190cc56901,金水东路,0.35,line_propagated,5号线,0,normal_info,0,5号线
ZZM_CN_aa667b103b24,ZZS_20262a52f0,南五里堡,0.35,line_propagated,5号线,0,normal_info,0,5号线
ZZM_CN_aa667b103b24,ZZS_20dcf363fc,康宁街,0.35,line_propagated,5号线,0,normal_info,0,5号线
ZZM_CN_aa667b103b24,ZZS_27d32a2e36,五一公园,0.35,line_propagated,5号线,0,normal_info,0,5号线
ZZM_CN_aa667b103b24,ZZS_2db8e2eabe,经北二路,0.35,line_propagated,5号线,0,normal_info,0,5号线
ZZM_CN_aa667b103b24,ZZS_31a002aa03,海滩寺,0.35,line_propagated,5号线,0,normal_info,0,5号线
ZZM_CN_aa667b103b24,ZZS_386438745b,祭城,0.35,line_propagated,5号线,0,normal_info,0,5号线
ZZM_CN_aa667b103b24,ZZS_3ada9c57dc,众意西路,0.35,line_propagated,5号线,0,normal_info,0,5号线
ZZM_CN_aa667b103b24,ZZS_45679e4fc0,七里河,0.35,line_propagated,5号线,0,normal_info,0,5号线
ZZM_CN_aa667b103b24,ZZS_4dd2360957,京广南路,0.35,line_propagated,5号线,0,normal_info,0,5号线
ZZM_CN_aa667b103b24,ZZS_5b6c4f8186,郑州人民医院,0.35,line_propagated,5号线,0,normal_info,0,5号线
ZZM_CN_aa667b103b24,ZZS_5babce6145,中原福塔,0.35,line_propagated,5号线,0,normal_info,0,5号线
ZZM_CN_aa667b103b24,ZZS_5dc87121c2,市第二人民医院,0.35,line_propagated,5号线,0,normal_info,0,5号线
ZZM_CN_aa667b103b24,ZZS_7dd13fd23f,黄河路,0.35,line_propagated,5号线,0,normal_info,0,5号线
ZZM_CN_aa667b103b24,ZZS_9a26907088,齐礼阎,0.35,line_propagated,5号线,0,normal_info,0,5号线
ZZM_CN_aa667b103b24,ZZS_9d8185e03c,省人民医院,0.35,line_propagated,5号线,0,normal_info,0,5号线
ZZM_CN_aa667b103b24,ZZS_a3cc0229f4,省骨科医院,0.35,line_propagated,5号线,0,normal_info,0,5号线
ZZM_CN_aa667b103b24,ZZS_ae7cc361da,月季公园,0.35,line_propagated,5号线,0,normal_info,0,5号线
ZZM_CN_aa667b103b24,ZZS_bd17c52fa6,儿童医院,0.35,line_propagated,5号线,0,normal_info,0,5号线
ZZM_CN_aa667b103b24,ZZS_c720567666,桐淮,0.35,line_propagated,5号线,0,normal_info,0,5号线
ZZM_CN_aa667b103b24,ZZS_c94675c30b,后河芦,0.35,line_propagated,5号线,0,normal_info,0,5号线
ZZM_CN_aa667b103b24,ZZS_c995bf7092,经开中心广场,0.35,line_propagated,5号线,0,normal_info,0,5号线
ZZM_CN_aa667b103b24,ZZS_cb2e15cfa0,姚砦,0.35,line_propagated,5号线,0,normal_info,0,5号线
ZZM_CN_aa667b103b24,ZZS_deb2edc4a2,沙口路,0.35,line_propagated,5号线,0,normal_info,0,5号线
ZZM_CN_aa667b103b24,ZZS_f095e9678f,航海广场,0.35,line_propagated,5号线,0,normal_info,0,5号线
ZZM_CN_aa667b103b24,ZZS_f97030e2b9,冯庄,0.35,line_propagated,5号线,0,normal_info,0,5号线
ZZM_CN_aa667b103b24,ZZS_ff6940526d,郑州东站,0.35,line_propagated,5号线,0,normal_info,0,5号线
ZZM_CN_aadd93cc9562,ZZS_a14df2d44f,紫荆山,0.9,exact,紫荆山,2,safety_emergency,3,
ZZM_CN_aea3579492a4,ZZS_00f55fa149,碧沙岗,0.35,line_propagated,1号线,0,normal_info,0,1号线
ZZM_CN_aea3579492a4,ZZS_065e638aef,东风南路,0.35,line_propagated,1号线,0,normal_info,0,1号线
ZZM_CN_aea3579492a4,ZZS_0660d199a6,农业南路,0.35,line_propagated,1号线,0,normal_info,0,1号线
ZZM_CN_aea3579492a4,ZZS_0ccbb4888d,二七广场,0.35,line_propagated,1号线,0,normal_info,0,1号线
ZZM_CN_aea3579492a4,ZZS_1acdaac4ce,铁炉,0.35,line_propagated,1号线,0,normal_info,0,1号线
ZZM_CN_aea3579492a4,ZZS_27d32a2e36,五一公园,0.35,line_propagated,1号线,0,normal_info,0,1号线
ZZM_CN_aea3579492a4,ZZS_3813354d55,绿城广场,0.35,line_propagated,1号线,0,normal_info,0,1号线
ZZM_CN_aea3579492a4,ZZS_38180914a0,燕庄,0.35,line_propagated,1号线,0,normal_info,0,1号线
ZZM_CN_aea3579492a4,ZZS_52a5a7940c,兰寨,0.35,line_propagated,1号线,0,normal_info,0,1号线
ZZM_CN_aea3579492a4,ZZS_5d37b2006d,河南大学新区,0.35,line_propagated,1号线,0,normal_info,0,1号线
ZZM_CN_aea3579492a4,ZZS_6c89efbe2c,文苑北路,0.35,line_propagated,1号线,0,normal_info,0,1号线
ZZM_CN_aea3579492a4,ZZS_87213b5129,会展中心,0.35,line_propagated,1号线,0,normal_info,0,1号线
ZZM_CN_aea3579492a4,ZZS_881a48e5bb,西三环,0.35,line_propagated,1号线,0,normal_info,0,1号线
ZZM_CN_aea3579492a4,ZZS_89f2ce9b1d,秦岭路,0.35,line_propagated,1号线,0,normal_info,0,1号线
ZZM_CN_aea3579492a4,ZZS_90196f31d6,郑州火车站,0.35,line_propagated,1号线,0,normal_info,0,1号线
ZZM_CN_aea3579492a4,ZZS_a14df2d44f,紫荆山,0.35,line_propagated,1号线,0,normal_info,0,1号线
ZZM_CN_aea3579492a4,ZZS_ae1b2afcad,梧桐街,0.35,line_propagated,1号线,0,normal_info,0,1号线
ZZM_CN_aea3579492a4,ZZS_aed2ee7bb7,河南工业大学,0.35,line_propagated,1号线,0,normal_info,0,1号线
ZZM_CN_aea3579492a4,ZZS_b0ac143899,龙子湖,0.35,line_propagated,1号线,0,normal_info,0,1号线
ZZM_CN_aea3579492a4,ZZS_b37a0bcf35,郑大科技园,0.35,line_propagated,1号线,0,normal_info,0,1号线
ZZM_CN_aea3579492a4,ZZS_b8d795b006,黄河南路,0.35,line_propagated,1号线,0,normal_info,0,1号线
ZZM_CN_aea3579492a4,ZZS_bb3c17098a,人民路,0.35,line_propagated,1号线,0,normal_info,0,1号线
ZZM_CN_aea3579492a4,ZZS_bf7f2bfbd0,博学路,0.35,line_propagated,1号线,0,normal_info,0,1号线
ZZM_CN_aea3579492a4,ZZS_c9109d3d9f,医学院,0.35,line_propagated,1号线,0,normal_info,0,1号线
ZZM_CN_aea3579492a4,ZZS_cc61daaced,市体育中心,0.35,line_propagated,1号线,0,normal_info,0,1号线
ZZM_CN_aea3579492a4,ZZS_d61a964e41,市民中心,0.35,line_propagated,1号线,0,normal_info,0,1号线
ZZM_CN_aea3579492a4,ZZS_e4b35b2f4d,郑州大学,0.35,line_propagated,1号线,0,normal_info,0,1号线
ZZM_CN_aea3579492a4,ZZS_e67ffc082e,西流湖,0.35,line_propagated,1号线,0,normal_info,0,1号线
ZZM_CN_aea3579492a4,ZZS_ff2a277828,民航路,0.35,line_propagated,1号线,0,normal_info,0,1号线
ZZM_CN_aea3579492a4,ZZS_ff6940526d,郑州东站,0.35,line_propagated,1号线,0,normal_info,0,1号线
ZZM_CN_aeb47391b0d1,ZZS_00f55fa149,碧沙岗,0.35,line_propagated,1号线,2,safety_emergency,3,1号线
ZZM_CN_aeb47391b0d1,ZZS_065e638aef,东风南路,0.35,line_propagated,1号线,2,safety_emergency,3,1号线
ZZM_CN_aeb47391b0d1,ZZS_0660d199a6,农业南路,0.35,line_propagated,1号线,2,safety_emergency,3,1号线
ZZM_CN_aeb47391b0d1,ZZS_0ccbb4888d,二七广场,0.35,line_propagated,1号线,2,safety_emergency,3,1号线
ZZM_CN_aeb47391b0d1,ZZS_1acdaac4ce,铁炉,0.35,line_propagated,1号线,2,safety_emergency,3,1号线
ZZM_CN_aeb47391b0d1,ZZS_27d32a2e36,五一公园,0.35,line_propagated,1号线,2,safety_emergency,3,1号线
ZZM_CN_aeb47391b0d1,ZZS_3813354d55,绿城广场,0.35,line_propagated,1号线,2,safety_emergency,3,1号线
ZZM_CN_aeb47391b0d1,ZZS_38180914a0,燕庄,0.35,line_propagated,1号线,2,safety_emergency,3,1号线
ZZM_CN_aeb47391b0d1,ZZS_52a5a7940c,兰寨,0.35,line_propagated,1号线,2,safety_emergency,3,1号线
ZZM_CN_aeb47391b0d1,ZZS_5d37b2006d,河南大学新区,0.35,line_propagated,1号线,2,safety_emergency,3,1号线
ZZM_CN_aeb47391b0d1,ZZS_6c89efbe2c,文苑北路,0.35,line_propagated,1号线,2,safety_emergency,3,1号线
ZZM_CN_aeb47391b0d1,ZZS_87213b5129,会展中心,0.35,line_propagated,1号线,2,safety_emergency,3,1号线
ZZM_CN_aeb47391b0d1,ZZS_881a48e5bb,西三环,0.35,line_propagated,1号线,2,safety_emergency,3,1号线
ZZM_CN_aeb47391b0d1,ZZS_89f2ce9b1d,秦岭路,0.35,line_propagated,1号线,2,safety_emergency,3,1号线
ZZM_CN_aeb47391b0d1,ZZS_90196f31d6,郑州火车站,0.35,line_propagated,1号线,2,safety_emergency,3,1号线
ZZM_CN_aeb47391b0d1,ZZS_a14df2d44f,紫荆山,0.35,line_propagated,1号线,2,safety_emergency,3,1号线
ZZM_CN_aeb47391b0d1,ZZS_ae1b2afcad,梧桐街,0.35,line_propagated,1号线,2,safety_emergency,3,1号线
ZZM_CN_aeb47391b0d1,ZZS_aed2ee7bb7,河南工业大学,0.35,line_propagated,1号线,2,safety_emergency,3,1号线
ZZM_CN_aeb47391b0d1,ZZS_b0ac143899,龙子湖,0.35,line_propagated,1号线,2,safety_emergency,3,1号线
ZZM_CN_aeb47391b0d1,ZZS_b37a0bcf35,郑大科技园,0.35,line_propagated,1号线,2,safety_emergency,3,1号线
ZZM_CN_aeb47391b0d1,ZZS_b8d795b006,黄河南路,0.35,line_propagated,1号线,2,safety_emergency,3,1号线
ZZM_CN_aeb47391b0d1,ZZS_bb3c17098a,人民路,0.35,line_propagated,1号线,2,safety_emergency,3,1号线
ZZM_CN_aeb47391b0d1,ZZS_bf7f2bfbd0,博学路,0.35,line_propagated,1号线,2,safety_emergency,3,1号线
ZZM_CN_aeb47391b0d1,ZZS_c87aa9753c,体育中心,0.9,exact,体育中心,2,safety_emergency,3,1号线
ZZM_CN_aeb47391b0d1,ZZS_c9109d3d9f,医学院,0.35,line_propagated,1号线,2,safety_emergency,3,1号线
ZZM_CN_aeb47391b0d1,ZZS_cc61daaced,市体育中心,0.9,exact+line,1号线|市体育中心,2,safety_emergency,3,1号线
ZZM_CN_aeb47391b0d1,ZZS_d61a964e41,市民中心,0.35,line_propagated,1号线,2,safety_emergency,3,1号线
ZZM_CN_aeb47391b0d1,ZZS_e4b35b2f4d,郑州大学,0.35,line_propagated,1号线,2,safety_emergency,3,1号线
ZZM_CN_aeb47391b0d1,ZZS_e67ffc082e,西流湖,0.35,line_propagated,1号线,2,safety_emergency,3,1号线
ZZM_CN_aeb47391b0d1,ZZS_ff2a277828,民航路,0.35,line_propagated,1号线,2,safety_emergency,3,1号线
ZZM_CN_aeb47391b0d1,ZZS_ff6940526d,郑州东站,0.35,line_propagated,1号线,2,safety_emergency,3,1号线
ZZM_CN_af2a7f46dd25,ZZS_eef68bcc4f,郑州航空港站,0.9,exact,郑州航空港站,0,normal_info,0,
ZZM_CN_af534222de53,ZZS_00f55fa149,碧沙岗,0.35,line_propagated,1号线,3,facility_equipment,0,1号线
ZZM_CN_af534222de53,ZZS_065e638aef,东风南路,0.35,line_propagated,1号线,3,facility_equipment,0,1号线
ZZM_CN_af534222de53,ZZS_0660d199a6,农业南路,0.35,line_propagated,1号线,3,facility_equipment,0,1号线
ZZM_CN_af534222de53,ZZS_0ccbb4888d,二七广场,0.35,line_propagated,1号线,3,facility_equipment,0,1号线
ZZM_CN_af534222de53,ZZS_1acdaac4ce,铁炉,0.35,line_propagated,1号线,3,facility_equipment,0,1号线
ZZM_CN_af534222de53,ZZS_27d32a2e36,五一公园,0.35,line_propagated,1号线,3,facility_equipment,0,1号线
ZZM_CN_af534222de53,ZZS_3813354d55,绿城广场,0.35,line_propagated,1号线,3,facility_equipment,0,1号线
ZZM_CN_af534222de53,ZZS_38180914a0,燕庄,0.35,line_propagated,1号线,3,facility_equipment,0,1号线
ZZM_CN_af534222de53,ZZS_52a5a7940c,兰寨,0.35,line_propagated,1号线,3,facility_equipment,0,1号线
ZZM_CN_af534222de53,ZZS_5d37b2006d,河南大学新区,0.35,line_propagated,1号线,3,facility_equipment,0,1号线
ZZM_CN_af534222de53,ZZS_6c89efbe2c,文苑北路,0.35,line_propagated,1号线,3,facility_equipment,0,1号线
ZZM_CN_af534222de53,ZZS_87213b5129,会展中心,0.35,line_propagated,1号线,3,facility_equipment,0,1号线
ZZM_CN_af534222de53,ZZS_881a48e5bb,西三环,0.35,line_propagated,1号线,3,facility_equipment,0,1号线
ZZM_CN_af534222de53,ZZS_89f2ce9b1d,秦岭路,0.35,line_propagated,1号线,3,facility_equipment,0,1号线
ZZM_CN_af534222de53,ZZS_90196f31d6,郑州火车站,0.35,line_propagated,1号线,3,facility_equipment,0,1号线
ZZM_CN_af534222de53,ZZS_a14df2d44f,紫荆山,0.35,line_propagated,1号线,3,facility_equipment,0,1号线
ZZM_CN_af534222de53,ZZS_ae1b2afcad,梧桐街,0.35,line_propagated,1号线,3,facility_equipment,0,1号线
ZZM_CN_af534222de53,ZZS_aed2ee7bb7,河南工业大学,0.35,line_propagated,1号线,3,facility_equipment,0,1号线
ZZM_CN_af534222de53,ZZS_b0ac143899,龙子湖,0.35,line_propagated,1号线,3,facility_equipment,0,1号线
ZZM_CN_af534222de53,ZZS_b37a0bcf35,郑大科技园,0.35,line_propagated,1号线,3,facility_equipment,0,1号线
ZZM_CN_af534222de53,ZZS_b8d795b006,黄河南路,0.35,line_propagated,1号线,3,facility_equipment,0,1号线
ZZM_CN_af534222de53,ZZS_bb3c17098a,人民路,0.35,line_propagated,1号线,3,facility_equipment,0,1号线
ZZM_CN_af534222de53,ZZS_bf7f2bfbd0,博学路,0.35,line_propagated,1号线,3,facility_equipment,0,1号线
ZZM_CN_af534222de53,ZZS_c9109d3d9f,医学院,0.35,line_propagated,1号线,3,facility_equipment,0,1号线
ZZM_CN_af534222de53,ZZS_cc61daaced,市体育中心,0.35,line_propagated,1号线,3,facility_equipment,0,1号线
ZZM_CN_af534222de53,ZZS_d61a964e41,市民中心,0.35,line_propagated,1号线,3,facility_equipment,0,1号线
ZZM_CN_af534222de53,ZZS_e4b35b2f4d,郑州大学,0.35,line_propagated,1号线,3,facility_equipment,0,1号线
ZZM_CN_af534222de53,ZZS_e67ffc082e,西流湖,0.35,line_propagated,1号线,3,facility_equipment,0,1号线
ZZM_CN_af534222de53,ZZS_ff2a277828,民航路,0.35,line_propagated,1号线,3,facility_equipment,0,1号线
ZZM_CN_af534222de53,ZZS_ff6940526d,郑州东站,0.35,line_propagated,1号线,3,facility_equipment,0,1号线
ZZM_CN_af769af6a70f,ZZS_047175b6e2,老鸦陈,0.35,line_propagated,4号线,0,normal_info,0,4号线
ZZM_CN_af769af6a70f,ZZS_06c5d1c11c,商鼎路,0.35,line_propagated,4号线,0,normal_info,0,4号线
ZZM_CN_af769af6a70f,ZZS_1236ed80e3,中央商务区,0.35,line_propagated,4号线,0,normal_info,0,4号线
ZZM_CN_af769af6a70f,ZZS_184971fb41,郎庄,0.35,line_propagated,4号线,0,normal_info,0,4号线
ZZM_CN_af769af6a70f,ZZS_1acd4fa835,金岱,0.35,line_propagated,4号线,0,normal_info,0,4号线
ZZM_CN_af769af6a70f,ZZS_1e911360df,姚庄,0.35,line_propagated,4号线,0,normal_info,0,4号线
ZZM_CN_af769af6a70f,ZZS_25a4eab92b,龙湖南,0.35,line_propagated,4号线,0,normal_info,0,4号线
ZZM_CN_af769af6a70f,ZZS_28ee7061d7,东十里铺,0.35,line_propagated,4号线,0,normal_info,0,4号线
ZZM_CN_af769af6a70f,ZZS_3546d6d127,丰庆路,0.35,line_propagated,4号线,0,normal_info,0,4号线
ZZM_CN_af769af6a70f,ZZS_45679e4fc0,七里河,0.35,line_propagated,4号线,0,normal_info,0,4号线
ZZM_CN_af769af6a70f,ZZS_542d10f6f0,金融岛北,0.35,line_propagated,4号线,0,normal_info,0,4号线
ZZM_CN_af769af6a70f,ZZS_548bc6fa98,陈寨东,0.35,line_propagated,4号线,0,normal_info,0,4号线
ZZM_CN_af769af6a70f,ZZS_55f9aea406,森林公园北,0.35,line_propagated,4号线,0,normal_info,0,4号线
ZZM_CN_af769af6a70f,ZZS_6605be2a4e,省体育中心,0.35,line_propagated,4号线,0,normal_info,0,4号线
ZZM_CN_af769af6a70f,ZZS_6a9a14f197,北二十里铺,0.35,line_propagated,4号线,0,normal_info,0,4号线
ZZM_CN_af769af6a70f,ZZS_87213b5129,会展中心,0.9,exact+line,4号线|会展中心,0,normal_info,0,4号线
ZZM_CN_af769af6a70f,ZZS_90c4ce1eb7,沙门,0.35,line_propagated,4号线,0,normal_info,0,4号线
ZZM_CN_af769af6a70f,ZZS_90de6fab35,货站街,0.35,line_propagated,4号线,0,normal_info,0,4号线
ZZM_CN_af769af6a70f,ZZS_93f56b73b3,果树所,0.35,line_propagated,4号线,0,normal_info,0,4号线
ZZM_CN_af769af6a70f,ZZS_95fb90b688,杨君刘,0.35,line_propagated,4号线,0,normal_info,0,4号线
ZZM_CN_af769af6a70f,ZZS_9965eccc39,龙湖中环北,0.35,line_propagated,4号线,0,normal_info,0,4号线
ZZM_CN_af769af6a70f,ZZS_aa3686fb6d,金融岛南,0.35,line_propagated,4号线,0,normal_info,0,4号线
ZZM_CN_af769af6a70f,ZZS_ccf9ac5267,清华附中,0.35,line_propagated,4号线,0,normal_info,0,4号线
ZZM_CN_af769af6a70f,ZZS_d86c49fbed,农业东路,0.35,line_propagated,4号线,0,normal_info,0,4号线
ZZM_CN_af769af6a70f,ZZS_dbb2385d18,龙湖北,0.35,line_propagated,4号线,0,normal_info,0,4号线
ZZM_CN_af769af6a70f,ZZS_eca427650a,张家村,0.35,line_propagated,4号线,0,normal_info,0,4号线
ZZM_CN_af769af6a70f,ZZS_eda0ec6e78,龙湖中环南,0.35,line_propagated,4号线,0,normal_info,0,4号线
ZZM_CN_b051516c1997,ZZS_02cf3e4cf5,南三环,0.35,line_propagated,2号线,2,safety_emergency,2,2号线|12号线
ZZM_CN_b051516c1997,ZZS_1a5721a427,毛庄,0.35,line_propagated,2号线,2,safety_emergency,2,2号线|12号线
ZZM_CN_b051516c1997,ZZS_20262a52f0,南五里堡,0.35,line_propagated,2号线,2,safety_emergency,2,2号线|12号线
ZZM_CN_b051516c1997,ZZS_2bd57be00d,关虎屯,0.35,line_propagated,2号线,2,safety_emergency,2,2号线|12号线
ZZM_CN_b051516c1997,ZZS_43a808507b,金洼,0.35,line_propagated,2号线,2,safety_emergency,2,2号线|12号线
ZZM_CN_b051516c1997,ZZS_4d258fdd50,金达路,0.35,line_propagated,2号线,2,safety_emergency,2,2号线|12号线
ZZM_CN_b051516c1997,ZZS_4eb4353851,龙子湖东,0.35,line_propagated,12号线,2,safety_emergency,2,2号线|12号线
ZZM_CN_b051516c1997,ZZS_51e572c7c3,东大街,0.35,line_propagated,2号线,2,safety_emergency,2,2号线|12号线
ZZM_CN_b051516c1997,ZZS_54adf32b6c,南四环,0.35,line_propagated,2号线,2,safety_emergency,2,2号线|12号线
ZZM_CN_b051516c1997,ZZS_5babce6145,中原福塔,0.35,line_propagated,12号线,2,safety_emergency,2,2号线|12号线
ZZM_CN_b051516c1997,ZZS_6b600b7696,刘庄,0.35,line_propagated,2号线,2,safety_emergency,2,2号线|12号线
ZZM_CN_b051516c1997,ZZS_72de4f5f66,惠济区政府,0.35,line_propagated,2号线,2,safety_emergency,2,2号线|12号线
ZZM_CN_b051516c1997,ZZS_7dd13fd23f,黄河路,0.35,line_propagated,2号线,2,safety_emergency,2,2号线|12号线
ZZM_CN_b051516c1997,ZZS_90c4ce1eb7,沙门,0.35,line_propagated,2号线,2,safety_emergency,2,2号线|12号线
ZZM_CN_b051516c1997,ZZS_93b9249040,二里岗,0.35,line_propagated,2号线,2,safety_emergency,2,2号线|12号线
ZZM_CN_b051516c1997,ZZS_9660c27c11,站马屯,0.35,line_propagated,2号线,2,safety_emergency,2,2号线|12号线
ZZM_CN_b051516c1997,ZZS_9b58e62d57,郑州东站东广场,0.35,line_propagated,12号线,2,safety_emergency,2,2号线|12号线
ZZM_CN_b051516c1997,ZZS_9f383e1427,花寨,0.35,line_propagated,2号线,2,safety_emergency,2,2号线|12号线
ZZM_CN_b051516c1997,ZZS_a14df2d44f,紫荆山,0.35,line_propagated,2号线,2,safety_emergency,2,2号线|12号线
ZZM_CN_b051516c1997,ZZS_a7b91da4c7,陇海东路,0.35,line_propagated,2号线,2,safety_emergency,2,2号线|12号线
ZZM_CN_b051516c1997,ZZS_a9af1749e0,西周,0.35,line_propagated,12号线,2,safety_emergency,2,2号线|12号线
ZZM_CN_b051516c1997,ZZS_abc078ccd5,黄河迎宾馆,0.35,line_propagated,2号线,2,safety_emergency,2,2号线|12号线
ZZM_CN_b051516c1997,ZZS_b0ac143899,龙子湖,0.9,exact|mapped_from:龙子湖西,龙子湖西,2,safety_emergency,2,2号线|12号线
ZZM_CN_b051516c1997,ZZS_b4e7594df2,龙翔桥,0.35,line_propagated,12号线,2,safety_emergency,2,2号线|12号线
ZZM_CN_b051516c1997,ZZS_bd17c52fa6,儿童医院,0.35,line_propagated,12号线,2,safety_emergency,2,2号线|12号线
ZZM_CN_b051516c1997,ZZS_bdc2a71da9,柳林,0.35,line_propagated,2号线,2,safety_emergency,2,2号线|12号线
ZZM_CN_b051516c1997,ZZS_bf7f2bfbd0,博学路,0.35,line_propagated,12号线,2,safety_emergency,2,2号线|12号线
ZZM_CN_b051516c1997,ZZS_c180efc575,贾河,0.35,line_propagated,2号线,2,safety_emergency,2,2号线|12号线
ZZM_CN_b051516c1997,ZZS_dbb2385d18,龙湖北,0.35,line_propagated,12号线,2,safety_emergency,2,2号线|12号线
ZZM_CN_b051516c1997,ZZS_eda0ec6e78,龙湖中环南,0.35,line_propagated,12号线,2,safety_emergency,2,2号线|12号线
ZZM_CN_b051516c1997,ZZS_ff256e6634,北三环,0.35,line_propagated,2号线,2,safety_emergency,2,2号线|12号线
ZZM_CN_b051516c1997,ZZS_ff491e6fdf,东风路,0.35,line_propagated,2号线,2,safety_emergency,2,2号线|12号线
ZZM_CN_b051516c1997,ZZS_ff6940526d,郑州东站,0.35,line_propagated,12号线,2,safety_emergency,2,2号线|12号线
ZZM_CN_b0b5b651b26b,ZZS_02cf3e4cf5,南三环,0.35,line_propagated,2号线,0,normal_info,0,2号线
ZZM_CN_b0b5b651b26b,ZZS_1a5721a427,毛庄,0.35,line_propagated,2号线,0,normal_info,0,2号线
ZZM_CN_b0b5b651b26b,ZZS_20262a52f0,南五里堡,0.35,line_propagated,2号线,0,normal_info,0,2号线
ZZM_CN_b0b5b651b26b,ZZS_2bd57be00d,关虎屯,0.35,line_propagated,2号线,0,normal_info,0,2号线
ZZM_CN_b0b5b651b26b,ZZS_43a808507b,金洼,0.35,line_propagated,2号线,0,normal_info,0,2号线
ZZM_CN_b0b5b651b26b,ZZS_4d258fdd50,金达路,0.35,line_propagated,2号线,0,normal_info,0,2号线
ZZM_CN_b0b5b651b26b,ZZS_51e572c7c3,东大街,0.35,line_propagated,2号线,0,normal_info,0,2号线
ZZM_CN_b0b5b651b26b,ZZS_54adf32b6c,南四环,0.35,line_propagated,2号线,0,normal_info,0,2号线
ZZM_CN_b0b5b651b26b,ZZS_6b600b7696,刘庄,0.35,line_propagated,2号线,0,normal_info,0,2号线
ZZM_CN_b0b5b651b26b,ZZS_72de4f5f66,惠济区政府,0.35,line_propagated,2号线,0,normal_info,0,2号线
ZZM_CN_b0b5b651b26b,ZZS_7dd13fd23f,黄河路,0.35,line_propagated,2号线,0,normal_info,0,2号线
ZZM_CN_b0b5b651b26b,ZZS_90c4ce1eb7,沙门,0.35,line_propagated,2号线,0,normal_info,0,2号线
ZZM_CN_b0b5b651b26b,ZZS_93b9249040,二里岗,0.35,line_propagated,2号线,0,normal_info,0,2号线
ZZM_CN_b0b5b651b26b,ZZS_9660c27c11,站马屯,0.35,line_propagated,2号线,0,normal_info,0,2号线
ZZM_CN_b0b5b651b26b,ZZS_9f383e1427,花寨,0.35,line_propagated,2号线,0,normal_info,0,2号线
ZZM_CN_b0b5b651b26b,ZZS_a14df2d44f,紫荆山,0.35,line_propagated,2号线,0,normal_info,0,2号线
ZZM_CN_b0b5b651b26b,ZZS_a7b91da4c7,陇海东路,0.35,line_propagated,2号线,0,normal_info,0,2号线
ZZM_CN_b0b5b651b26b,ZZS_abc078ccd5,黄河迎宾馆,0.35,line_propagated,2号线,0,normal_info,0,2号线
ZZM_CN_b0b5b651b26b,ZZS_bdc2a71da9,柳林,0.35,line_propagated,2号线,0,normal_info,0,2号线
ZZM_CN_b0b5b651b26b,ZZS_c180efc575,贾河,0.35,line_propagated,2号线,0,normal_info,0,2号线
ZZM_CN_b0b5b651b26b,ZZS_ff256e6634,北三环,0.35,line_propagated,2号线,0,normal_info,0,2号线
ZZM_CN_b0b5b651b26b,ZZS_ff491e6fdf,东风路,0.35,line_propagated,2号线,0,normal_info,0,2号线
ZZM_CN_b1a5c2140433,ZZS_00f55fa149,碧沙岗,0.35,line_propagated,1号线,0,normal_info,0,1号线
ZZM_CN_b1a5c2140433,ZZS_065e638aef,东风南路,0.35,line_propagated,1号线,0,normal_info,0,1号线
ZZM_CN_b1a5c2140433,ZZS_0660d199a6,农业南路,0.35,line_propagated,1号线,0,normal_info,0,1号线
ZZM_CN_b1a5c2140433,ZZS_0ccbb4888d,二七广场,0.9,exact+line,1号线|二七广场,0,normal_info,0,1号线
ZZM_CN_b1a5c2140433,ZZS_1acdaac4ce,铁炉,0.35,line_propagated,1号线,0,normal_info,0,1号线
ZZM_CN_b1a5c2140433,ZZS_27d32a2e36,五一公园,0.35,line_propagated,1号线,0,normal_info,0,1号线
ZZM_CN_b1a5c2140433,ZZS_3813354d55,绿城广场,0.35,line_propagated,1号线,0,normal_info,0,1号线
ZZM_CN_b1a5c2140433,ZZS_38180914a0,燕庄,0.35,line_propagated,1号线,0,normal_info,0,1号线
ZZM_CN_b1a5c2140433,ZZS_52a5a7940c,兰寨,0.35,line_propagated,1号线,0,normal_info,0,1号线
ZZM_CN_b1a5c2140433,ZZS_5d37b2006d,河南大学新区,0.35,line_propagated,1号线,0,normal_info,0,1号线
ZZM_CN_b1a5c2140433,ZZS_6c89efbe2c,文苑北路,0.35,line_propagated,1号线,0,normal_info,0,1号线
ZZM_CN_b1a5c2140433,ZZS_87213b5129,会展中心,0.35,line_propagated,1号线,0,normal_info,0,1号线
ZZM_CN_b1a5c2140433,ZZS_881a48e5bb,西三环,0.35,line_propagated,1号线,0,normal_info,0,1号线
ZZM_CN_b1a5c2140433,ZZS_89f2ce9b1d,秦岭路,0.35,line_propagated,1号线,0,normal_info,0,1号线
ZZM_CN_b1a5c2140433,ZZS_90196f31d6,郑州火车站,0.35,line_propagated,1号线,0,normal_info,0,1号线
ZZM_CN_b1a5c2140433,ZZS_a14df2d44f,紫荆山,0.35,line_propagated,1号线,0,normal_info,0,1号线
ZZM_CN_b1a5c2140433,ZZS_ae1b2afcad,梧桐街,0.35,line_propagated,1号线,0,normal_info,0,1号线
ZZM_CN_b1a5c2140433,ZZS_aed2ee7bb7,河南工业大学,0.35,line_propagated,1号线,0,normal_info,0,1号线
ZZM_CN_b1a5c2140433,ZZS_b0ac143899,龙子湖,0.35,line_propagated,1号线,0,normal_info,0,1号线
ZZM_CN_b1a5c2140433,ZZS_b37a0bcf35,郑大科技园,0.35,line_propagated,1号线,0,normal_info,0,1号线
ZZM_CN_b1a5c2140433,ZZS_b8d795b006,黄河南路,0.35,line_propagated,1号线,0,normal_info,0,1号线
ZZM_CN_b1a5c2140433,ZZS_bb3c17098a,人民路,0.35,line_propagated,1号线,0,normal_info,0,1号线
ZZM_CN_b1a5c2140433,ZZS_bf7f2bfbd0,博学路,0.35,line_propagated,1号线,0,normal_info,0,1号线
ZZM_CN_b1a5c2140433,ZZS_c9109d3d9f,医学院,0.35,line_propagated,1号线,0,normal_info,0,1号线
ZZM_CN_b1a5c2140433,ZZS_cc61daaced,市体育中心,0.35,line_propagated,1号线,0,normal_info,0,1号线
ZZM_CN_b1a5c2140433,ZZS_d61a964e41,市民中心,0.35,line_propagated,1号线,0,normal_info,0,1号线
ZZM_CN_b1a5c2140433,ZZS_e4b35b2f4d,郑州大学,0.35,line_propagated,1号线,0,normal_info,0,1号线
ZZM_CN_b1a5c2140433,ZZS_e67ffc082e,西流湖,0.35,line_propagated,1号线,0,normal_info,0,1号线
ZZM_CN_b1a5c2140433,ZZS_ff2a277828,民航路,0.35,line_propagated,1号线,0,normal_info,0,1号线
ZZM_CN_b1a5c2140433,ZZS_ff6940526d,郑州东站,0.35,line_propagated,1号线,0,normal_info,0,1号线
ZZM_CN_b1e75441fb4e,ZZS_a14df2d44f,紫荆山,0.9,exact,紫荆山,3,facility_equipment,0,
ZZM_CN_b289c5b478f8,ZZS_00f55fa149,碧沙岗,0.35,line_propagated,1号线,0,normal_info,0,1号线
ZZM_CN_b289c5b478f8,ZZS_065e638aef,东风南路,0.35,line_propagated,1号线,0,normal_info,0,1号线
ZZM_CN_b289c5b478f8,ZZS_0660d199a6,农业南路,0.35,line_propagated,1号线,0,normal_info,0,1号线
ZZM_CN_b289c5b478f8,ZZS_0ccbb4888d,二七广场,0.35,line_propagated,1号线,0,normal_info,0,1号线
ZZM_CN_b289c5b478f8,ZZS_1acdaac4ce,铁炉,0.35,line_propagated,1号线,0,normal_info,0,1号线
ZZM_CN_b289c5b478f8,ZZS_27d32a2e36,五一公园,0.35,line_propagated,1号线,0,normal_info,0,1号线
ZZM_CN_b289c5b478f8,ZZS_3813354d55,绿城广场,0.35,line_propagated,1号线,0,normal_info,0,1号线
ZZM_CN_b289c5b478f8,ZZS_38180914a0,燕庄,0.35,line_propagated,1号线,0,normal_info,0,1号线
ZZM_CN_b289c5b478f8,ZZS_52a5a7940c,兰寨,0.35,line_propagated,1号线,0,normal_info,0,1号线
ZZM_CN_b289c5b478f8,ZZS_5d37b2006d,河南大学新区,0.35,line_propagated,1号线,0,normal_info,0,1号线
ZZM_CN_b289c5b478f8,ZZS_6c89efbe2c,文苑北路,0.35,line_propagated,1号线,0,normal_info,0,1号线
ZZM_CN_b289c5b478f8,ZZS_87213b5129,会展中心,0.35,line_propagated,1号线,0,normal_info,0,1号线
ZZM_CN_b289c5b478f8,ZZS_881a48e5bb,西三环,0.35,line_propagated,1号线,0,normal_info,0,1号线
ZZM_CN_b289c5b478f8,ZZS_89f2ce9b1d,秦岭路,0.35,line_propagated,1号线,0,normal_info,0,1号线
ZZM_CN_b289c5b478f8,ZZS_90196f31d6,郑州火车站,0.35,line_propagated,1号线,0,normal_info,0,1号线
ZZM_CN_b289c5b478f8,ZZS_a14df2d44f,紫荆山,0.35,line_propagated,1号线,0,normal_info,0,1号线
ZZM_CN_b289c5b478f8,ZZS_ae1b2afcad,梧桐街,0.35,line_propagated,1号线,0,normal_info,0,1号线
ZZM_CN_b289c5b478f8,ZZS_aed2ee7bb7,河南工业大学,0.35,line_propagated,1号线,0,normal_info,0,1号线
ZZM_CN_b289c5b478f8,ZZS_b0ac143899,龙子湖,0.35,line_propagated,1号线,0,normal_info,0,1号线
ZZM_CN_b289c5b478f8,ZZS_b37a0bcf35,郑大科技园,0.35,line_propagated,1号线,0,normal_info,0,1号线
ZZM_CN_b289c5b478f8,ZZS_b8d795b006,黄河南路,0.35,line_propagated,1号线,0,normal_info,0,1号线
ZZM_CN_b289c5b478f8,ZZS_bb3c17098a,人民路,0.35,line_propagated,1号线,0,normal_info,0,1号线
ZZM_CN_b289c5b478f8,ZZS_bf7f2bfbd0,博学路,0.35,line_propagated,1号线,0,normal_info,0,1号线
ZZM_CN_b289c5b478f8,ZZS_c9109d3d9f,医学院,0.35,line_propagated,1号线,0,normal_info,0,1号线
ZZM_CN_b289c5b478f8,ZZS_cc61daaced,市体育中心,0.35,line_propagated,1号线,0,normal_info,0,1号线
ZZM_CN_b289c5b478f8,ZZS_d61a964e41,市民中心,0.35,line_propagated,1号线,0,normal_info,0,1号线
ZZM_CN_b289c5b478f8,ZZS_e4b35b2f4d,郑州大学,0.35,line_propagated,1号线,0,normal_info,0,1号线
ZZM_CN_b289c5b478f8,ZZS_e67ffc082e,西流湖,0.35,line_propagated,1号线,0,normal_info,0,1号线
ZZM_CN_b289c5b478f8,ZZS_ff2a277828,民航路,0.35,line_propagated,1号线,0,normal_info,0,1号线
ZZM_CN_b289c5b478f8,ZZS_ff6940526d,郑州东站,0.35,line_propagated,1号线,0,normal_info,0,1号线
ZZM_CN_b3463f4155ad,ZZS_00f55fa149,碧沙岗,0.35,line_propagated,1号线,0,normal_info,0,1号线
ZZM_CN_b3463f4155ad,ZZS_065e638aef,东风南路,0.35,line_propagated,1号线,0,normal_info,0,1号线
ZZM_CN_b3463f4155ad,ZZS_0660d199a6,农业南路,0.35,line_propagated,1号线,0,normal_info,0,1号线
ZZM_CN_b3463f4155ad,ZZS_0ccbb4888d,二七广场,0.35,line_propagated,1号线,0,normal_info,0,1号线
ZZM_CN_b3463f4155ad,ZZS_1acdaac4ce,铁炉,0.35,line_propagated,1号线,0,normal_info,0,1号线
ZZM_CN_b3463f4155ad,ZZS_27d32a2e36,五一公园,0.35,line_propagated,1号线,0,normal_info,0,1号线
ZZM_CN_b3463f4155ad,ZZS_3813354d55,绿城广场,0.35,line_propagated,1号线,0,normal_info,0,1号线
ZZM_CN_b3463f4155ad,ZZS_38180914a0,燕庄,0.35,line_propagated,1号线,0,normal_info,0,1号线
ZZM_CN_b3463f4155ad,ZZS_52a5a7940c,兰寨,0.35,line_propagated,1号线,0,normal_info,0,1号线
ZZM_CN_b3463f4155ad,ZZS_5d37b2006d,河南大学新区,0.35,line_propagated,1号线,0,normal_info,0,1号线
ZZM_CN_b3463f4155ad,ZZS_6c89efbe2c,文苑北路,0.35,line_propagated,1号线,0,normal_info,0,1号线
ZZM_CN_b3463f4155ad,ZZS_87213b5129,会展中心,0.35,line_propagated,1号线,0,normal_info,0,1号线
ZZM_CN_b3463f4155ad,ZZS_881a48e5bb,西三环,0.35,line_propagated,1号线,0,normal_info,0,1号线
ZZM_CN_b3463f4155ad,ZZS_89f2ce9b1d,秦岭路,0.35,line_propagated,1号线,0,normal_info,0,1号线
ZZM_CN_b3463f4155ad,ZZS_90196f31d6,郑州火车站,0.35,line_propagated,1号线,0,normal_info,0,1号线
ZZM_CN_b3463f4155ad,ZZS_a14df2d44f,紫荆山,0.35,line_propagated,1号线,0,normal_info,0,1号线
ZZM_CN_b3463f4155ad,ZZS_ae1b2afcad,梧桐街,0.35,line_propagated,1号线,0,normal_info,0,1号线
ZZM_CN_b3463f4155ad,ZZS_aed2ee7bb7,河南工业大学,0.35,line_propagated,1号线,0,normal_info,0,1号线
ZZM_CN_b3463f4155ad,ZZS_b0ac143899,龙子湖,0.35,line_propagated,1号线,0,normal_info,0,1号线
ZZM_CN_b3463f4155ad,ZZS_b37a0bcf35,郑大科技园,0.35,line_propagated,1号线,0,normal_info,0,1号线
ZZM_CN_b3463f4155ad,ZZS_b8d795b006,黄河南路,0.35,line_propagated,1号线,0,normal_info,0,1号线
ZZM_CN_b3463f4155ad,ZZS_bb3c17098a,人民路,0.35,line_propagated,1号线,0,normal_info,0,1号线
ZZM_CN_b3463f4155ad,ZZS_bf7f2bfbd0,博学路,0.35,line_propagated,1号线,0,normal_info,0,1号线
ZZM_CN_b3463f4155ad,ZZS_c9109d3d9f,医学院,0.35,line_propagated,1号线,0,normal_info,0,1号线
ZZM_CN_b3463f4155ad,ZZS_cc61daaced,市体育中心,0.35,line_propagated,1号线,0,normal_info,0,1号线
ZZM_CN_b3463f4155ad,ZZS_d61a964e41,市民中心,0.35,line_propagated,1号线,0,normal_info,0,1号线
ZZM_CN_b3463f4155ad,ZZS_e4b35b2f4d,郑州大学,0.35,line_propagated,1号线,0,normal_info,0,1号线
ZZM_CN_b3463f4155ad,ZZS_e67ffc082e,西流湖,0.35,line_propagated,1号线,0,normal_info,0,1号线
ZZM_CN_b3463f4155ad,ZZS_ff2a277828,民航路,0.35,line_propagated,1号线,0,normal_info,0,1号线
ZZM_CN_b3463f4155ad,ZZS_ff6940526d,郑州东站,0.35,line_propagated,1号线,0,normal_info,0,1号线
ZZM_CN_b660580d13af,ZZS_012609616a,金汇桥,0.35,line_propagated,6号线,1,service_disruption,0,6号线
ZZM_CN_b660580d13af,ZZS_1f9e3949c9,小营,0.35,line_propagated,6号线,1,service_disruption,0,6号线
ZZM_CN_b660580d13af,ZZS_20d2a84fd8,火车头体育场,0.35,line_propagated,6号线,1,service_disruption,0,6号线
ZZM_CN_b660580d13af,ZZS_2f6e9b8cad,贾峪,0.9,exact+line,6号线|贾峪,1,service_disruption,0,6号线
ZZM_CN_b660580d13af,ZZS_38180914a0,燕庄,0.35,line_propagated,6号线,1,service_disruption,0,6号线
ZZM_CN_b660580d13af,ZZS_388ac52a0a,大学中路,0.35,line_propagated,6号线,1,service_disruption,0,6号线
ZZM_CN_b660580d13af,ZZS_485552a0e0,马寨,0.35,line_propagated,6号线,1,service_disruption,0,6号线
ZZM_CN_b660580d13af,ZZS_50d016b586,二里岗东,0.35,line_propagated,6号线,1,service_disruption,0,6号线
ZZM_CN_b660580d13af,ZZS_5479c586b4,奥体中心,0.35,line_propagated,6号线,1,service_disruption,0,6号线
ZZM_CN_b660580d13af,ZZS_5d10963dfa,冯湾,0.35,line_propagated,6号线,1,service_disruption,0,6号线
ZZM_CN_b660580d13af,ZZS_5d76a54f7e,卧龙岗,0.35,line_propagated,6号线,1,service_disruption,0,6号线
ZZM_CN_b660580d13af,ZZS_7027bf40e7,金融岛西,0.35,line_propagated,6号线,1,service_disruption,0,6号线
ZZM_CN_b660580d13af,ZZS_77acb25c9b,洞林寺,0.35,line_propagated,6号线,1,service_disruption,0,6号线
ZZM_CN_b660580d13af,ZZS_7af1d05702,奥体中心西,0.35,line_propagated,6号线,1,service_disruption,0,6号线
ZZM_CN_b660580d13af,ZZS_920af7f7b2,陇秀公园,0.35,line_propagated,6号线,1,service_disruption,0,6号线
ZZM_CN_b660580d13af,ZZS_93b9249040,二里岗,0.35,line_propagated,6号线,1,service_disruption,0,6号线
ZZM_CN_b660580d13af,ZZS_9e03ca5f4c,常庄,0.35,line_propagated,6号线,1,service_disruption,0,6号线
ZZM_CN_b660580d13af,ZZS_ba70aa715e,博览中心,0.35,line_propagated,6号线,1,service_disruption,0,6号线
ZZM_CN_b660580d13af,ZZS_be7c73e65a,河南建院,0.35,line_propagated,6号线,1,service_disruption,0,6号线
ZZM_CN_b660580d13af,ZZS_c684a04cd3,李江沟,0.35,line_propagated,6号线,1,service_disruption,0,6号线
ZZM_CN_b660580d13af,ZZS_c720567666,桐淮,0.35,line_propagated,6号线,1,service_disruption,0,6号线
ZZM_CN_b660580d13af,ZZS_cb2e15cfa0,姚砦,0.35,line_propagated,6号线,1,service_disruption,0,6号线
ZZM_CN_b660580d13af,ZZS_ccf9ac5267,清华附中,0.35,line_propagated,6号线,1,service_disruption,0,6号线
ZZM_CN_b660580d13af,ZZS_d657129917,嵩淮,0.35,line_propagated,6号线,1,service_disruption,0,6号线
ZZM_CN_b660580d13af,ZZS_e6a9c90243,安宁路,0.35,line_propagated,6号线,1,service_disruption,0,6号线
ZZM_CN_b660580d13af,ZZS_eab04601b0,洞林湖,0.35,line_propagated,6号线,1,service_disruption,0,6号线
ZZM_CN_b660580d13af,ZZS_f593248d09,金桢路,0.35,line_propagated,6号线,1,service_disruption,0,6号线
ZZM_CN_b660580d13af,ZZS_fab270f5e2,凤凰台南,0.35,line_propagated,6号线,1,service_disruption,0,6号线
ZZM_CN_b6b510eb853d,ZZS_a14df2d44f,紫荆山,0.9,exact,紫荆山,3,facility_equipment,0,
ZZM_CN_b781696254be,ZZS_00f55fa149,碧沙岗,0.35,line_propagated,1号线,0,normal_info,0,1号线
ZZM_CN_b781696254be,ZZS_065e638aef,东风南路,0.35,line_propagated,1号线,0,normal_info,0,1号线
ZZM_CN_b781696254be,ZZS_0660d199a6,农业南路,0.35,line_propagated,1号线,0,normal_info,0,1号线
ZZM_CN_b781696254be,ZZS_0ccbb4888d,二七广场,0.35,line_propagated,1号线,0,normal_info,0,1号线
ZZM_CN_b781696254be,ZZS_1acdaac4ce,铁炉,0.35,line_propagated,1号线,0,normal_info,0,1号线
ZZM_CN_b781696254be,ZZS_27d32a2e36,五一公园,0.35,line_propagated,1号线,0,normal_info,0,1号线
ZZM_CN_b781696254be,ZZS_3813354d55,绿城广场,0.35,line_propagated,1号线,0,normal_info,0,1号线
ZZM_CN_b781696254be,ZZS_38180914a0,燕庄,0.35,line_propagated,1号线,0,normal_info,0,1号线
ZZM_CN_b781696254be,ZZS_52a5a7940c,兰寨,0.35,line_propagated,1号线,0,normal_info,0,1号线
ZZM_CN_b781696254be,ZZS_5d37b2006d,河南大学新区,0.35,line_propagated,1号线,0,normal_info,0,1号线
ZZM_CN_b781696254be,ZZS_6c89efbe2c,文苑北路,0.35,line_propagated,1号线,0,normal_info,0,1号线
ZZM_CN_b781696254be,ZZS_87213b5129,会展中心,0.35,line_propagated,1号线,0,normal_info,0,1号线
ZZM_CN_b781696254be,ZZS_881a48e5bb,西三环,0.35,line_propagated,1号线,0,normal_info,0,1号线
ZZM_CN_b781696254be,ZZS_89f2ce9b1d,秦岭路,0.35,line_propagated,1号线,0,normal_info,0,1号线
ZZM_CN_b781696254be,ZZS_90196f31d6,郑州火车站,0.35,line_propagated,1号线,0,normal_info,0,1号线
ZZM_CN_b781696254be,ZZS_a14df2d44f,紫荆山,0.35,line_propagated,1号线,0,normal_info,0,1号线
ZZM_CN_b781696254be,ZZS_ae1b2afcad,梧桐街,0.35,line_propagated,1号线,0,normal_info,0,1号线
ZZM_CN_b781696254be,ZZS_aed2ee7bb7,河南工业大学,0.35,line_propagated,1号线,0,normal_info,0,1号线
ZZM_CN_b781696254be,ZZS_b0ac143899,龙子湖,0.35,line_propagated,1号线,0,normal_info,0,1号线
ZZM_CN_b781696254be,ZZS_b37a0bcf35,郑大科技园,0.35,line_propagated,1号线,0,normal_info,0,1号线
ZZM_CN_b781696254be,ZZS_b8d795b006,黄河南路,0.35,line_propagated,1号线,0,normal_info,0,1号线
ZZM_CN_b781696254be,ZZS_bb3c17098a,人民路,0.35,line_propagated,1号线,0,normal_info,0,1号线
ZZM_CN_b781696254be,ZZS_bf7f2bfbd0,博学路,0.35,line_propagated,1号线,0,normal_info,0,1号线
ZZM_CN_b781696254be,ZZS_c9109d3d9f,医学院,0.35,line_propagated,1号线,0,normal_info,0,1号线
ZZM_CN_b781696254be,ZZS_cc61daaced,市体育中心,0.35,line_propagated,1号线,0,normal_info,0,1号线
ZZM_CN_b781696254be,ZZS_d61a964e41,市民中心,0.35,line_propagated,1号线,0,normal_info,0,1号线
ZZM_CN_b781696254be,ZZS_e4b35b2f4d,郑州大学,0.35,line_propagated,1号线,0,normal_info,0,1号线
ZZM_CN_b781696254be,ZZS_e67ffc082e,西流湖,0.35,line_propagated,1号线,0,normal_info,0,1号线
ZZM_CN_b781696254be,ZZS_ff2a277828,民航路,0.35,line_propagated,1号线,0,normal_info,0,1号线
ZZM_CN_b781696254be,ZZS_ff6940526d,郑州东站,0.35,line_propagated,1号线,0,normal_info,0,1号线
ZZM_CN_b7d905c9bada,ZZS_001bf66fc1,陇海西路,0.35,line_propagated,5号线,0,normal_info,0,1号线|2号线|4号线|5号线|14号线|城郊线
ZZM_CN_b7d905c9bada,ZZS_00f55fa149,碧沙岗,0.35,line_propagated,1号线,0,normal_info,0,1号线|2号线|4号线|5号线|14号线|城郊线
ZZM_CN_b7d905c9bada,ZZS_02cf3e4cf5,南三环,0.35,line_propagated,2号线,0,normal_info,0,1号线|2号线|4号线|5号线|14号线|城郊线
ZZM_CN_b7d905c9bada,ZZS_047175b6e2,老鸦陈,0.35,line_propagated,4号线,0,normal_info,0,1号线|2号线|4号线|5号线|14号线|城郊线
ZZM_CN_b7d905c9bada,ZZS_065e638aef,东风南路,0.35,line_propagated,1号线,0,normal_info,0,1号线|2号线|4号线|5号线|14号线|城郊线
ZZM_CN_b7d905c9bada,ZZS_0660d199a6,农业南路,0.35,line_propagated,1号线,0,normal_info,0,1号线|2号线|4号线|5号线|14号线|城郊线
ZZM_CN_b7d905c9bada,ZZS_06c5d1c11c,商鼎路,0.35,line_propagated,4号线,0,normal_info,0,1号线|2号线|4号线|5号线|14号线|城郊线
ZZM_CN_b7d905c9bada,ZZS_0ccbb4888d,二七广场,0.35,line_propagated,1号线,0,normal_info,0,1号线|2号线|4号线|5号线|14号线|城郊线
ZZM_CN_b7d905c9bada,ZZS_1236ed80e3,中央商务区,0.35,line_propagated,4号线|5号线,0,normal_info,0,1号线|2号线|4号线|5号线|14号线|城郊线
ZZM_CN_b7d905c9bada,ZZS_1246e07d02,城东南路,0.35,line_propagated,5号线,0,normal_info,0,1号线|2号线|4号线|5号线|14号线|城郊线
ZZM_CN_b7d905c9bada,ZZS_136c32a256,市中心医院,0.35,line_propagated,5号线,0,normal_info,0,1号线|2号线|4号线|5号线|14号线|城郊线
ZZM_CN_b7d905c9bada,ZZS_14efbdcc1b,福塔东,0.35,line_propagated,5号线,0,normal_info,0,1号线|2号线|4号线|5号线|14号线|城郊线
ZZM_CN_b7d905c9bada,ZZS_184971fb41,郎庄,0.35,line_propagated,4号线,0,normal_info,0,1号线|2号线|4号线|5号线|14号线|城郊线
ZZM_CN_b7d905c9bada,ZZS_190cc56901,金水东路,0.35,line_propagated,5号线,0,normal_info,0,1号线|2号线|4号线|5号线|14号线|城郊线
ZZM_CN_b7d905c9bada,ZZS_1a5721a427,毛庄,0.35,line_propagated,2号线,0,normal_info,0,1号线|2号线|4号线|5号线|14号线|城郊线
ZZM_CN_b7d905c9bada,ZZS_1acd4fa835,金岱,0.35,line_propagated,4号线,0,normal_info,0,1号线|2号线|4号线|5号线|14号线|城郊线
ZZM_CN_b7d905c9bada,ZZS_1acdaac4ce,铁炉,0.35,line_propagated,14号线|1号线,0,normal_info,0,1号线|2号线|4号线|5号线|14号线|城郊线
ZZM_CN_b7d905c9bada,ZZS_1d568209e2,康平湖,0.35,line_propagated,城郊线,0,normal_info,0,1号线|2号线|4号线|5号线|14号线|城郊线
ZZM_CN_b7d905c9bada,ZZS_1e911360df,姚庄,0.35,line_propagated,4号线,0,normal_info,0,1号线|2号线|4号线|5号线|14号线|城郊线
ZZM_CN_b7d905c9bada,ZZS_20262a52f0,南五里堡,0.35,line_propagated,2号线|5号线,0,normal_info,0,1号线|2号线|4号线|5号线|14号线|城郊线
ZZM_CN_b7d905c9bada,ZZS_20dcf363fc,康宁街,0.35,line_propagated,5号线,0,normal_info,0,1号线|2号线|4号线|5号线|14号线|城郊线
ZZM_CN_b7d905c9bada,ZZS_21e3ae133c,华南城西,0.35,line_propagated,城郊线,0,normal_info,0,1号线|2号线|4号线|5号线|14号线|城郊线
ZZM_CN_b7d905c9bada,ZZS_25a4eab92b,龙湖南,0.35,line_propagated,4号线,0,normal_info,0,1号线|2号线|4号线|5号线|14号线|城郊线
ZZM_CN_b7d905c9bada,ZZS_27d32a2e36,五一公园,0.35,line_propagated,1号线|5号线,0,normal_info,0,1号线|2号线|4号线|5号线|14号线|城郊线
ZZM_CN_b7d905c9bada,ZZS_28ee7061d7,东十里铺,0.35,line_propagated,4号线,0,normal_info,0,1号线|2号线|4号线|5号线|14号线|城郊线
ZZM_CN_b7d905c9bada,ZZS_2b74f7ecc4,综合保税区,0.35,line_propagated,城郊线,0,normal_info,0,1号线|2号线|4号线|5号线|14号线|城郊线
ZZM_CN_b7d905c9bada,ZZS_2bd57be00d,关虎屯,0.35,line_propagated,2号线,0,normal_info,0,1号线|2号线|4号线|5号线|14号线|城郊线
ZZM_CN_b7d905c9bada,ZZS_2db8e2eabe,经北二路,0.35,line_propagated,5号线,0,normal_info,0,1号线|2号线|4号线|5号线|14号线|城郊线
ZZM_CN_b7d905c9bada,ZZS_311ece53d8,莲湖,0.35,line_propagated,14号线,0,normal_info,0,1号线|2号线|4号线|5号线|14号线|城郊线
ZZM_CN_b7d905c9bada,ZZS_31a002aa03,海滩寺,0.35,line_propagated,5号线,0,normal_info,0,1号线|2号线|4号线|5号线|14号线|城郊线
ZZM_CN_b7d905c9bada,ZZS_3258f191b1,港区会展,0.35,line_propagated,城郊线,0,normal_info,0,1号线|2号线|4号线|5号线|14号线|城郊线
ZZM_CN_b7d905c9bada,ZZS_3546d6d127,丰庆路,0.35,line_propagated,4号线,0,normal_info,0,1号线|2号线|4号线|5号线|14号线|城郊线
ZZM_CN_b7d905c9bada,ZZS_3813354d55,绿城广场,0.35,line_propagated,1号线,0,normal_info,0,1号线|2号线|4号线|5号线|14号线|城郊线
ZZM_CN_b7d905c9bada,ZZS_38180914a0,燕庄,0.35,line_propagated,1号线,0,normal_info,0,1号线|2号线|4号线|5号线|14号线|城郊线
ZZM_CN_b7d905c9bada,ZZS_386438745b,祭城,0.35,line_propagated,5号线,0,normal_info,0,1号线|2号线|4号线|5号线|14号线|城郊线
ZZM_CN_b7d905c9bada,ZZS_3ada9c57dc,众意西路,0.35,line_propagated,5号线,0,normal_info,0,1号线|2号线|4号线|5号线|14号线|城郊线
ZZM_CN_b7d905c9bada,ZZS_3e49b8e765,恩平湖,0.35,line_propagated,城郊线,0,normal_info,0,1号线|2号线|4号线|5号线|14号线|城郊线
ZZM_CN_b7d905c9bada,ZZS_43a808507b,金洼,0.35,line_propagated,2号线,0,normal_info,0,1号线|2号线|4号线|5号线|14号线|城郊线
ZZM_CN_b7d905c9bada,ZZS_45679e4fc0,七里河,0.35,line_propagated,4号线|5号线,0,normal_info,0,1号线|2号线|4号线|5号线|14号线|城郊线
ZZM_CN_b7d905c9bada,ZZS_4c088f0629,港区北,0.35,line_propagated,城郊线,0,normal_info,0,1号线|2号线|4号线|5号线|14号线|城郊线
ZZM_CN_b7d905c9bada,ZZS_4d258fdd50,金达路,0.35,line_propagated,2号线,0,normal_info,0,1号线|2号线|4号线|5号线|14号线|城郊线
ZZM_CN_b7d905c9bada,ZZS_4db99ddb57,华南城,0.35,line_propagated,城郊线,0,normal_info,0,1号线|2号线|4号线|5号线|14号线|城郊线
ZZM_CN_b7d905c9bada,ZZS_4dd2360957,京广南路,0.35,line_propagated,5号线,0,normal_info,0,1号线|2号线|4号线|5号线|14号线|城郊线
ZZM_CN_b7d905c9bada,ZZS_4ff5935177,兰河公园,0.35,line_propagated,城郊线,0,normal_info,0,1号线|2号线|4号线|5号线|14号线|城郊线
ZZM_CN_b7d905c9bada,ZZS_51e572c7c3,东大街,0.35,line_propagated,2号线,0,normal_info,0,1号线|2号线|4号线|5号线|14号线|城郊线
ZZM_CN_b7d905c9bada,ZZS_52a5a7940c,兰寨,0.35,line_propagated,1号线,0,normal_info,0,1号线|2号线|4号线|5号线|14号线|城郊线
ZZM_CN_b7d905c9bada,ZZS_542d10f6f0,金融岛北,0.35,line_propagated,4号线,0,normal_info,0,1号线|2号线|4号线|5号线|14号线|城郊线
ZZM_CN_b7d905c9bada,ZZS_5479c586b4,奥体中心,0.35,line_propagated,14号线,0,normal_info,0,1号线|2号线|4号线|5号线|14号线|城郊线
ZZM_CN_b7d905c9bada,ZZS_548bc6fa98,陈寨东,0.35,line_propagated,4号线,0,normal_info,0,1号线|2号线|4号线|5号线|14号线|城郊线
ZZM_CN_b7d905c9bada,ZZS_54adf32b6c,南四环,0.35,line_propagated,2号线|城郊线,0,normal_info,0,1号线|2号线|4号线|5号线|14号线|城郊线
ZZM_CN_b7d905c9bada,ZZS_55f9aea406,森林公园北,0.35,line_propagated,4号线,0,normal_info,0,1号线|2号线|4号线|5号线|14号线|城郊线
ZZM_CN_b7d905c9bada,ZZS_5b6c4f8186,郑州人民医院,0.35,line_propagated,5号线,0,normal_info,0,1号线|2号线|4号线|5号线|14号线|城郊线
ZZM_CN_b7d905c9bada,ZZS_5babce6145,中原福塔,0.35,line_propagated,5号线,0,normal_info,0,1号线|2号线|4号线|5号线|14号线|城郊线
ZZM_CN_b7d905c9bada,ZZS_5ce22f5450,小乔,0.35,line_propagated,城郊线,0,normal_info,0,1号线|2号线|4号线|5号线|14号线|城郊线
ZZM_CN_b7d905c9bada,ZZS_5d37b2006d,河南大学新区,0.35,line_propagated,1号线,0,normal_info,0,1号线|2号线|4号线|5号线|14号线|城郊线
ZZM_CN_b7d905c9bada,ZZS_5dc87121c2,市第二人民医院,0.35,line_propagated,5号线,0,normal_info,0,1号线|2号线|4号线|5号线|14号线|城郊线
ZZM_CN_b7d905c9bada,ZZS_63fa0eb855,双湖大道,0.35,line_propagated,城郊线,0,normal_info,0,1号线|2号线|4号线|5号线|14号线|城郊线
ZZM_CN_b7d905c9bada,ZZS_6605be2a4e,省体育中心,0.35,line_propagated,4号线,0,normal_info,0,1号线|2号线|4号线|5号线|14号线|城郊线
ZZM_CN_b7d905c9bada,ZZS_6a9a14f197,北二十里铺,0.35,line_propagated,4号线,0,normal_info,0,1号线|2号线|4号线|5号线|14号线|城郊线
ZZM_CN_b7d905c9bada,ZZS_6b600b7696,刘庄,0.35,line_propagated,2号线,0,normal_info,0,1号线|2号线|4号线|5号线|14号线|城郊线
ZZM_CN_b7d905c9bada,ZZS_6c89efbe2c,文苑北路,0.35,line_propagated,1号线,0,normal_info,0,1号线|2号线|4号线|5号线|14号线|城郊线
ZZM_CN_b7d905c9bada,ZZS_6e6f33dc37,华南城东,0.35,line_propagated,城郊线,0,normal_info,0,1号线|2号线|4号线|5号线|14号线|城郊线
ZZM_CN_b7d905c9bada,ZZS_72de4f5f66,惠济区政府,0.35,line_propagated,2号线,0,normal_info,0,1号线|2号线|4号线|5号线|14号线|城郊线
ZZM_CN_b7d905c9bada,ZZS_7a33fc56d1,十八里河,0.35,line_propagated,城郊线,0,normal_info,0,1号线|2号线|4号线|5号线|14号线|城郊线
ZZM_CN_b7d905c9bada,ZZS_7dd13fd23f,黄河路,0.35,line_propagated,2号线|5号线,0,normal_info,0,1号线|2号线|4号线|5号线|14号线|城郊线
ZZM_CN_b7d905c9bada,ZZS_87213b5129,会展中心,0.35,line_propagated,1号线|4号线,0,normal_info,0,1号线|2号线|4号线|5号线|14号线|城郊线
ZZM_CN_b7d905c9bada,ZZS_881a48e5bb,西三环,0.35,line_propagated,1号线,0,normal_info,0,1号线|2号线|4号线|5号线|14号线|城郊线
ZZM_CN_b7d905c9bada,ZZS_89f2ce9b1d,秦岭路,0.35,line_propagated,1号线,0,normal_info,0,1号线|2号线|4号线|5号线|14号线|城郊线
ZZM_CN_b7d905c9bada,ZZS_90196f31d6,郑州火车站,0.35,line_propagated,1号线,0,normal_info,0,1号线|2号线|4号线|5号线|14号线|城郊线
ZZM_CN_b7d905c9bada,ZZS_90c4ce1eb7,沙门,0.35,line_propagated,2号线|4号线,0,normal_info,0,1号线|2号线|4号线|5号线|14号线|城郊线
ZZM_CN_b7d905c9bada,ZZS_90de6fab35,货站街,0.35,line_propagated,4号线,0,normal_info,0,1号线|2号线|4号线|5号线|14号线|城郊线
ZZM_CN_b7d905c9bada,ZZS_93b9249040,二里岗,0.35,line_propagated,2号线,0,normal_info,0,1号线|2号线|4号线|5号线|14号线|城郊线
ZZM_CN_b7d905c9bada,ZZS_93f56b73b3,果树所,0.35,line_propagated,4号线,0,normal_info,0,1号线|2号线|4号线|5号线|14号线|城郊线
ZZM_CN_b7d905c9bada,ZZS_95fb90b688,杨君刘,0.35,line_propagated,4号线,0,normal_info,0,1号线|2号线|4号线|5号线|14号线|城郊线
ZZM_CN_b7d905c9bada,ZZS_9660c27c11,站马屯,0.35,line_propagated,2号线,0,normal_info,0,1号线|2号线|4号线|5号线|14号线|城郊线
ZZM_CN_b7d905c9bada,ZZS_9965eccc39,龙湖中环北,0.35,line_propagated,4号线,0,normal_info,0,1号线|2号线|4号线|5号线|14号线|城郊线
ZZM_CN_b7d905c9bada,ZZS_9a0290117b,新郑机场,0.35,line_propagated,城郊线,0,normal_info,0,1号线|2号线|4号线|5号线|14号线|城郊线
ZZM_CN_b7d905c9bada,ZZS_9a26907088,齐礼阎,0.35,line_propagated,5号线,0,normal_info,0,1号线|2号线|4号线|5号线|14号线|城郊线
ZZM_CN_b7d905c9bada,ZZS_9d8185e03c,省人民医院,0.35,line_propagated,5号线,0,normal_info,0,1号线|2号线|4号线|5号线|14号线|城郊线
ZZM_CN_b7d905c9bada,ZZS_9f383e1427,花寨,0.35,line_propagated,2号线,0,normal_info,0,1号线|2号线|4号线|5号线|14号线|城郊线
ZZM_CN_b7d905c9bada,ZZS_a14df2d44f,紫荆山,0.35,line_propagated,1号线|2号线,0,normal_info,0,1号线|2号线|4号线|5号线|14号线|城郊线
ZZM_CN_b7d905c9bada,ZZS_a3cc0229f4,省骨科医院,0.35,line_propagated,5号线,0,normal_info,0,1号线|2号线|4号线|5号线|14号线|城郊线
ZZM_CN_b7d905c9bada,ZZS_a4bd95d57e,机场东,0.35,line_propagated,城郊线,0,normal_info,0,1号线|2号线|4号线|5号线|14号线|城郊线
ZZM_CN_b7d905c9bada,ZZS_a7b91da4c7,陇海东路,0.35,line_propagated,2号线,0,normal_info,0,1号线|2号线|4号线|5号线|14号线|城郊线
ZZM_CN_b7d905c9bada,ZZS_aa3686fb6d,金融岛南,0.35,line_propagated,4号线,0,normal_info,0,1号线|2号线|4号线|5号线|14号线|城郊线
ZZM_CN_b7d905c9bada,ZZS_abc078ccd5,黄河迎宾馆,0.35,line_propagated,2号线,0,normal_info,0,1号线|2号线|4号线|5号线|14号线|城郊线
ZZM_CN_b7d905c9bada,ZZS_ae1b2afcad,梧桐街,0.35,line_propagated,1号线,0,normal_info,0,1号线|2号线|4号线|5号线|14号线|城郊线
ZZM_CN_b7d905c9bada,ZZS_ae7cc361da,月季公园,0.35,line_propagated,5号线,0,normal_info,0,1号线|2号线|4号线|5号线|14号线|城郊线
ZZM_CN_b7d905c9bada,ZZS_aed2ee7bb7,河南工业大学,0.35,line_propagated,1号线,0,normal_info,0,1号线|2号线|4号线|5号线|14号线|城郊线
ZZM_CN_b7d905c9bada,ZZS_afdeac8ac7,沙窝李,0.35,line_propagated,城郊线,0,normal_info,0,1号线|2号线|4号线|5号线|14号线|城郊线
ZZM_CN_b7d905c9bada,ZZS_b0ac143899,龙子湖,0.35,line_propagated,1号线,0,normal_info,0,1号线|2号线|4号线|5号线|14号线|城郊线
ZZM_CN_b7d905c9bada,ZZS_b37a0bcf35,郑大科技园,0.35,line_propagated,1号线,0,normal_info,0,1号线|2号线|4号线|5号线|14号线|城郊线
ZZM_CN_b7d905c9bada,ZZS_b8d795b006,黄河南路,0.35,line_propagated,1号线,0,normal_info,0,1号线|2号线|4号线|5号线|14号线|城郊线
ZZM_CN_b7d905c9bada,ZZS_bb3c17098a,人民路,0.35,line_propagated,1号线,0,normal_info,0,1号线|2号线|4号线|5号线|14号线|城郊线
ZZM_CN_b7d905c9bada,ZZS_bd17c52fa6,儿童医院,0.35,line_propagated,5号线,0,normal_info,0,1号线|2号线|4号线|5号线|14号线|城郊线
ZZM_CN_b7d905c9bada,ZZS_bdc2a71da9,柳林,0.35,line_propagated,2号线,0,normal_info,0,1号线|2号线|4号线|5号线|14号线|城郊线
ZZM_CN_b7d905c9bada,ZZS_bf7f2bfbd0,博学路,0.35,line_propagated,1号线,0,normal_info,0,1号线|2号线|4号线|5号线|14号线|城郊线
ZZM_CN_b7d905c9bada,ZZS_c180efc575,贾河,0.35,line_propagated,2号线,0,normal_info,0,1号线|2号线|4号线|5号线|14号线|城郊线
ZZM_CN_b7d905c9bada,ZZS_c720567666,桐淮,0.35,line_propagated,5号线,0,normal_info,0,1号线|2号线|4号线|5号线|14号线|城郊线
ZZM_CN_b7d905c9bada,ZZS_c9109d3d9f,医学院,0.35,line_propagated,1号线,0,normal_info,0,1号线|2号线|4号线|5号线|14号线|城郊线
ZZM_CN_b7d905c9bada,ZZS_c94675c30b,后河芦,0.35,line_propagated,5号线,0,normal_info,0,1号线|2号线|4号线|5号线|14号线|城郊线
ZZM_CN_b7d905c9bada,ZZS_c995bf7092,经开中心广场,0.35,line_propagated,5号线,0,normal_info,0,1号线|2号线|4号线|5号线|14号线|城郊线
ZZM_CN_b7d905c9bada,ZZS_cb2e15cfa0,姚砦,0.35,line_propagated,5号线,0,normal_info,0,1号线|2号线|4号线|5号线|14号线|城郊线
ZZM_CN_b7d905c9bada,ZZS_cc61daaced,市体育中心,0.35,line_propagated,1号线,0,normal_info,0,1号线|2号线|4号线|5号线|14号线|城郊线
ZZM_CN_b7d905c9bada,ZZS_ccf9ac5267,清华附中,0.35,line_propagated,4号线,0,normal_info,0,1号线|2号线|4号线|5号线|14号线|城郊线
ZZM_CN_b7d905c9bada,ZZS_d0e428cc6b,孟庄,0.35,line_propagated,城郊线,0,normal_info,0,1号线|2号线|4号线|5号线|14号线|城郊线
ZZM_CN_b7d905c9bada,ZZS_d61a964e41,市民中心,0.35,line_propagated,1号线,0,normal_info,0,1号线|2号线|4号线|5号线|14号线|城郊线
ZZM_CN_b7d905c9bada,ZZS_d86c49fbed,农业东路,0.35,line_propagated,4号线,0,normal_info,0,1号线|2号线|4号线|5号线|14号线|城郊线
ZZM_CN_b7d905c9bada,ZZS_dbb2385d18,龙湖北,0.35,line_propagated,4号线,0,normal_info,0,1号线|2号线|4号线|5号线|14号线|城郊线
ZZM_CN_b7d905c9bada,ZZS_deb2edc4a2,沙口路,0.35,line_propagated,5号线,0,normal_info,0,1号线|2号线|4号线|5号线|14号线|城郊线
ZZM_CN_b7d905c9bada,ZZS_e37b46cf08,市民大道,0.35,line_propagated,14号线,0,normal_info,0,1号线|2号线|4号线|5号线|14号线|城郊线
ZZM_CN_b7d905c9bada,ZZS_e4b35b2f4d,郑州大学,0.35,line_propagated,1号线,0,normal_info,0,1号线|2号线|4号线|5号线|14号线|城郊线
ZZM_CN_b7d905c9bada,ZZS_e67ffc082e,西流湖,0.35,line_propagated,1号线,0,normal_info,0,1号线|2号线|4号线|5号线|14号线|城郊线
ZZM_CN_b7d905c9bada,ZZS_eca427650a,张家村,0.35,line_propagated,4号线,0,normal_info,0,1号线|2号线|4号线|5号线|14号线|城郊线
ZZM_CN_b7d905c9bada,ZZS_eda0ec6e78,龙湖中环南,0.35,line_propagated,4号线,0,normal_info,0,1号线|2号线|4号线|5号线|14号线|城郊线
ZZM_CN_b7d905c9bada,ZZS_eef68bcc4f,郑州航空港站,0.35,line_propagated,城郊线,0,normal_info,0,1号线|2号线|4号线|5号线|14号线|城郊线
ZZM_CN_b7d905c9bada,ZZS_f095e9678f,航海广场,0.35,line_propagated,5号线,0,normal_info,0,1号线|2号线|4号线|5号线|14号线|城郊线
ZZM_CN_b7d905c9bada,ZZS_f453749a84,市委党校,0.35,line_propagated,14号线,0,normal_info,0,1号线|2号线|4号线|5号线|14号线|城郊线
ZZM_CN_b7d905c9bada,ZZS_f97030e2b9,冯庄,0.35,line_propagated,5号线,0,normal_info,0,1号线|2号线|4号线|5号线|14号线|城郊线
ZZM_CN_b7d905c9bada,ZZS_ff256e6634,北三环,0.35,line_propagated,2号线,0,normal_info,0,1号线|2号线|4号线|5号线|14号线|城郊线
ZZM_CN_b7d905c9bada,ZZS_ff2a277828,民航路,0.35,line_propagated,1号线,0,normal_info,0,1号线|2号线|4号线|5号线|14号线|城郊线
ZZM_CN_b7d905c9bada,ZZS_ff491e6fdf,东风路,0.35,line_propagated,2号线,0,normal_info,0,1号线|2号线|4号线|5号线|14号线|城郊线
ZZM_CN_b7d905c9bada,ZZS_ff6940526d,郑州东站,0.35,line_propagated,1号线|5号线,0,normal_info,0,1号线|2号线|4号线|5号线|14号线|城郊线
ZZM_CN_b86eaceeb7b5,ZZS_00f55fa149,碧沙岗,0.35,line_propagated,1号线,0,normal_info,0,1号线
ZZM_CN_b86eaceeb7b5,ZZS_065e638aef,东风南路,0.35,line_propagated,1号线,0,normal_info,0,1号线
ZZM_CN_b86eaceeb7b5,ZZS_0660d199a6,农业南路,0.35,line_propagated,1号线,0,normal_info,0,1号线
ZZM_CN_b86eaceeb7b5,ZZS_0ccbb4888d,二七广场,0.35,line_propagated,1号线,0,normal_info,0,1号线
ZZM_CN_b86eaceeb7b5,ZZS_1acdaac4ce,铁炉,0.35,line_propagated,1号线,0,normal_info,0,1号线
ZZM_CN_b86eaceeb7b5,ZZS_27d32a2e36,五一公园,0.35,line_propagated,1号线,0,normal_info,0,1号线
ZZM_CN_b86eaceeb7b5,ZZS_3813354d55,绿城广场,0.35,line_propagated,1号线,0,normal_info,0,1号线
ZZM_CN_b86eaceeb7b5,ZZS_38180914a0,燕庄,0.35,line_propagated,1号线,0,normal_info,0,1号线
ZZM_CN_b86eaceeb7b5,ZZS_52a5a7940c,兰寨,0.35,line_propagated,1号线,0,normal_info,0,1号线
ZZM_CN_b86eaceeb7b5,ZZS_5d37b2006d,河南大学新区,0.35,line_propagated,1号线,0,normal_info,0,1号线
ZZM_CN_b86eaceeb7b5,ZZS_6c89efbe2c,文苑北路,0.35,line_propagated,1号线,0,normal_info,0,1号线
ZZM_CN_b86eaceeb7b5,ZZS_87213b5129,会展中心,0.35,line_propagated,1号线,0,normal_info,0,1号线
ZZM_CN_b86eaceeb7b5,ZZS_881a48e5bb,西三环,0.35,line_propagated,1号线,0,normal_info,0,1号线
ZZM_CN_b86eaceeb7b5,ZZS_89f2ce9b1d,秦岭路,0.35,line_propagated,1号线,0,normal_info,0,1号线
ZZM_CN_b86eaceeb7b5,ZZS_90196f31d6,郑州火车站,0.35,line_propagated,1号线,0,normal_info,0,1号线
ZZM_CN_b86eaceeb7b5,ZZS_a14df2d44f,紫荆山,0.35,line_propagated,1号线,0,normal_info,0,1号线
ZZM_CN_b86eaceeb7b5,ZZS_ae1b2afcad,梧桐街,0.35,line_propagated,1号线,0,normal_info,0,1号线
ZZM_CN_b86eaceeb7b5,ZZS_aed2ee7bb7,河南工业大学,0.35,line_propagated,1号线,0,normal_info,0,1号线
ZZM_CN_b86eaceeb7b5,ZZS_b0ac143899,龙子湖,0.35,line_propagated,1号线,0,normal_info,0,1号线
ZZM_CN_b86eaceeb7b5,ZZS_b37a0bcf35,郑大科技园,0.35,line_propagated,1号线,0,normal_info,0,1号线
ZZM_CN_b86eaceeb7b5,ZZS_b8d795b006,黄河南路,0.35,line_propagated,1号线,0,normal_info,0,1号线
ZZM_CN_b86eaceeb7b5,ZZS_bb3c17098a,人民路,0.35,line_propagated,1号线,0,normal_info,0,1号线
ZZM_CN_b86eaceeb7b5,ZZS_bf7f2bfbd0,博学路,0.35,line_propagated,1号线,0,normal_info,0,1号线
ZZM_CN_b86eaceeb7b5,ZZS_c87aa9753c,体育中心,0.9,exact,体育中心,0,normal_info,0,1号线
ZZM_CN_b86eaceeb7b5,ZZS_c9109d3d9f,医学院,0.35,line_propagated,1号线,0,normal_info,0,1号线
ZZM_CN_b86eaceeb7b5,ZZS_cc61daaced,市体育中心,0.35,line_propagated,1号线,0,normal_info,0,1号线
ZZM_CN_b86eaceeb7b5,ZZS_d61a964e41,市民中心,0.35,line_propagated,1号线,0,normal_info,0,1号线
ZZM_CN_b86eaceeb7b5,ZZS_e4b35b2f4d,郑州大学,0.35,line_propagated,1号线,0,normal_info,0,1号线
ZZM_CN_b86eaceeb7b5,ZZS_e67ffc082e,西流湖,0.35,line_propagated,1号线,0,normal_info,0,1号线
ZZM_CN_b86eaceeb7b5,ZZS_ff2a277828,民航路,0.35,line_propagated,1号线,0,normal_info,0,1号线
ZZM_CN_b86eaceeb7b5,ZZS_ff6940526d,郑州东站,0.35,line_propagated,1号线,0,normal_info,0,1号线
ZZM_CN_b9220552b236,ZZS_00f55fa149,碧沙岗,0.35,line_propagated,1号线,0,normal_info,0,1号线
ZZM_CN_b9220552b236,ZZS_065e638aef,东风南路,0.35,line_propagated,1号线,0,normal_info,0,1号线
ZZM_CN_b9220552b236,ZZS_0660d199a6,农业南路,0.35,line_propagated,1号线,0,normal_info,0,1号线
ZZM_CN_b9220552b236,ZZS_0ccbb4888d,二七广场,0.35,line_propagated,1号线,0,normal_info,0,1号线
ZZM_CN_b9220552b236,ZZS_1acdaac4ce,铁炉,0.35,line_propagated,1号线,0,normal_info,0,1号线
ZZM_CN_b9220552b236,ZZS_27d32a2e36,五一公园,0.35,line_propagated,1号线,0,normal_info,0,1号线
ZZM_CN_b9220552b236,ZZS_3813354d55,绿城广场,0.35,line_propagated,1号线,0,normal_info,0,1号线
ZZM_CN_b9220552b236,ZZS_38180914a0,燕庄,0.35,line_propagated,1号线,0,normal_info,0,1号线
ZZM_CN_b9220552b236,ZZS_52a5a7940c,兰寨,0.35,line_propagated,1号线,0,normal_info,0,1号线
ZZM_CN_b9220552b236,ZZS_5d37b2006d,河南大学新区,0.35,line_propagated,1号线,0,normal_info,0,1号线
ZZM_CN_b9220552b236,ZZS_6c89efbe2c,文苑北路,0.35,line_propagated,1号线,0,normal_info,0,1号线
ZZM_CN_b9220552b236,ZZS_87213b5129,会展中心,0.35,line_propagated,1号线,0,normal_info,0,1号线
ZZM_CN_b9220552b236,ZZS_881a48e5bb,西三环,0.35,line_propagated,1号线,0,normal_info,0,1号线
ZZM_CN_b9220552b236,ZZS_89f2ce9b1d,秦岭路,0.35,line_propagated,1号线,0,normal_info,0,1号线
ZZM_CN_b9220552b236,ZZS_90196f31d6,郑州火车站,0.35,line_propagated,1号线,0,normal_info,0,1号线
ZZM_CN_b9220552b236,ZZS_a14df2d44f,紫荆山,0.9,exact+line,1号线|紫荆山,0,normal_info,0,1号线
ZZM_CN_b9220552b236,ZZS_ae1b2afcad,梧桐街,0.35,line_propagated,1号线,0,normal_info,0,1号线
ZZM_CN_b9220552b236,ZZS_aed2ee7bb7,河南工业大学,0.35,line_propagated,1号线,0,normal_info,0,1号线
ZZM_CN_b9220552b236,ZZS_b0ac143899,龙子湖,0.35,line_propagated,1号线,0,normal_info,0,1号线
ZZM_CN_b9220552b236,ZZS_b37a0bcf35,郑大科技园,0.35,line_propagated,1号线,0,normal_info,0,1号线
ZZM_CN_b9220552b236,ZZS_b8d795b006,黄河南路,0.35,line_propagated,1号线,0,normal_info,0,1号线
ZZM_CN_b9220552b236,ZZS_bb3c17098a,人民路,0.35,line_propagated,1号线,0,normal_info,0,1号线
ZZM_CN_b9220552b236,ZZS_bf7f2bfbd0,博学路,0.35,line_propagated,1号线,0,normal_info,0,1号线
ZZM_CN_b9220552b236,ZZS_c9109d3d9f,医学院,0.35,line_propagated,1号线,0,normal_info,0,1号线
ZZM_CN_b9220552b236,ZZS_cc61daaced,市体育中心,0.35,line_propagated,1号线,0,normal_info,0,1号线
ZZM_CN_b9220552b236,ZZS_d61a964e41,市民中心,0.35,line_propagated,1号线,0,normal_info,0,1号线
ZZM_CN_b9220552b236,ZZS_e4b35b2f4d,郑州大学,0.35,line_propagated,1号线,0,normal_info,0,1号线
ZZM_CN_b9220552b236,ZZS_e67ffc082e,西流湖,0.35,line_propagated,1号线,0,normal_info,0,1号线
ZZM_CN_b9220552b236,ZZS_ff2a277828,民航路,0.35,line_propagated,1号线,0,normal_info,0,1号线
ZZM_CN_b9220552b236,ZZS_ff6940526d,郑州东站,0.35,line_propagated,1号线,0,normal_info,0,1号线
ZZM_CN_b9f860b60647,ZZS_00f55fa149,碧沙岗,0.35,line_propagated,1号线,0,normal_info,0,1号线
ZZM_CN_b9f860b60647,ZZS_065e638aef,东风南路,0.35,line_propagated,1号线,0,normal_info,0,1号线
ZZM_CN_b9f860b60647,ZZS_0660d199a6,农业南路,0.35,line_propagated,1号线,0,normal_info,0,1号线
ZZM_CN_b9f860b60647,ZZS_0ccbb4888d,二七广场,0.35,line_propagated,1号线,0,normal_info,0,1号线
ZZM_CN_b9f860b60647,ZZS_1acdaac4ce,铁炉,0.35,line_propagated,1号线,0,normal_info,0,1号线
ZZM_CN_b9f860b60647,ZZS_27d32a2e36,五一公园,0.35,line_propagated,1号线,0,normal_info,0,1号线
ZZM_CN_b9f860b60647,ZZS_3813354d55,绿城广场,0.35,line_propagated,1号线,0,normal_info,0,1号线
ZZM_CN_b9f860b60647,ZZS_38180914a0,燕庄,0.35,line_propagated,1号线,0,normal_info,0,1号线
ZZM_CN_b9f860b60647,ZZS_52a5a7940c,兰寨,0.35,line_propagated,1号线,0,normal_info,0,1号线
ZZM_CN_b9f860b60647,ZZS_5d37b2006d,河南大学新区,0.35,line_propagated,1号线,0,normal_info,0,1号线
ZZM_CN_b9f860b60647,ZZS_6c89efbe2c,文苑北路,0.35,line_propagated,1号线,0,normal_info,0,1号线
ZZM_CN_b9f860b60647,ZZS_87213b5129,会展中心,0.35,line_propagated,1号线,0,normal_info,0,1号线
ZZM_CN_b9f860b60647,ZZS_881a48e5bb,西三环,0.35,line_propagated,1号线,0,normal_info,0,1号线
ZZM_CN_b9f860b60647,ZZS_89f2ce9b1d,秦岭路,0.35,line_propagated,1号线,0,normal_info,0,1号线
ZZM_CN_b9f860b60647,ZZS_90196f31d6,郑州火车站,0.35,line_propagated,1号线,0,normal_info,0,1号线
ZZM_CN_b9f860b60647,ZZS_a14df2d44f,紫荆山,0.35,line_propagated,1号线,0,normal_info,0,1号线
ZZM_CN_b9f860b60647,ZZS_ae1b2afcad,梧桐街,0.35,line_propagated,1号线,0,normal_info,0,1号线
ZZM_CN_b9f860b60647,ZZS_aed2ee7bb7,河南工业大学,0.35,line_propagated,1号线,0,normal_info,0,1号线
ZZM_CN_b9f860b60647,ZZS_b0ac143899,龙子湖,0.35,line_propagated,1号线,0,normal_info,0,1号线
ZZM_CN_b9f860b60647,ZZS_b37a0bcf35,郑大科技园,0.35,line_propagated,1号线,0,normal_info,0,1号线
ZZM_CN_b9f860b60647,ZZS_b8d795b006,黄河南路,0.35,line_propagated,1号线,0,normal_info,0,1号线
ZZM_CN_b9f860b60647,ZZS_bb3c17098a,人民路,0.35,line_propagated,1号线,0,normal_info,0,1号线
ZZM_CN_b9f860b60647,ZZS_bf7f2bfbd0,博学路,0.35,line_propagated,1号线,0,normal_info,0,1号线
ZZM_CN_b9f860b60647,ZZS_c9109d3d9f,医学院,0.35,line_propagated,1号线,0,normal_info,0,1号线
ZZM_CN_b9f860b60647,ZZS_cc61daaced,市体育中心,0.35,line_propagated,1号线,0,normal_info,0,1号线
ZZM_CN_b9f860b60647,ZZS_d61a964e41,市民中心,0.35,line_propagated,1号线,0,normal_info,0,1号线
ZZM_CN_b9f860b60647,ZZS_e4b35b2f4d,郑州大学,0.35,line_propagated,1号线,0,normal_info,0,1号线
ZZM_CN_b9f860b60647,ZZS_e67ffc082e,西流湖,0.35,line_propagated,1号线,0,normal_info,0,1号线
ZZM_CN_b9f860b60647,ZZS_ff2a277828,民航路,0.35,line_propagated,1号线,0,normal_info,0,1号线
ZZM_CN_b9f860b60647,ZZS_ff6940526d,郑州东站,0.35,line_propagated,1号线,0,normal_info,0,1号线
ZZM_CN_ba2fb1780f01,ZZS_00f55fa149,碧沙岗,0.35,line_propagated,1号线,1,service_disruption,0,1号线
ZZM_CN_ba2fb1780f01,ZZS_065e638aef,东风南路,0.35,line_propagated,1号线,1,service_disruption,0,1号线
ZZM_CN_ba2fb1780f01,ZZS_0660d199a6,农业南路,0.35,line_propagated,1号线,1,service_disruption,0,1号线
ZZM_CN_ba2fb1780f01,ZZS_0ccbb4888d,二七广场,0.35,line_propagated,1号线,1,service_disruption,0,1号线
ZZM_CN_ba2fb1780f01,ZZS_1acdaac4ce,铁炉,0.35,line_propagated,1号线,1,service_disruption,0,1号线
ZZM_CN_ba2fb1780f01,ZZS_27d32a2e36,五一公园,0.35,line_propagated,1号线,1,service_disruption,0,1号线
ZZM_CN_ba2fb1780f01,ZZS_3813354d55,绿城广场,0.35,line_propagated,1号线,1,service_disruption,0,1号线
ZZM_CN_ba2fb1780f01,ZZS_38180914a0,燕庄,0.35,line_propagated,1号线,1,service_disruption,0,1号线
ZZM_CN_ba2fb1780f01,ZZS_52a5a7940c,兰寨,0.35,line_propagated,1号线,1,service_disruption,0,1号线
ZZM_CN_ba2fb1780f01,ZZS_5d37b2006d,河南大学新区,0.35,line_propagated,1号线,1,service_disruption,0,1号线
ZZM_CN_ba2fb1780f01,ZZS_6c89efbe2c,文苑北路,0.35,line_propagated,1号线,1,service_disruption,0,1号线
ZZM_CN_ba2fb1780f01,ZZS_87213b5129,会展中心,0.35,line_propagated,1号线,1,service_disruption,0,1号线
ZZM_CN_ba2fb1780f01,ZZS_881a48e5bb,西三环,0.35,line_propagated,1号线,1,service_disruption,0,1号线
ZZM_CN_ba2fb1780f01,ZZS_89f2ce9b1d,秦岭路,0.35,line_propagated,1号线,1,service_disruption,0,1号线
ZZM_CN_ba2fb1780f01,ZZS_90196f31d6,郑州火车站,0.35,line_propagated,1号线,1,service_disruption,0,1号线
ZZM_CN_ba2fb1780f01,ZZS_a14df2d44f,紫荆山,0.35,line_propagated,1号线,1,service_disruption,0,1号线
ZZM_CN_ba2fb1780f01,ZZS_ae1b2afcad,梧桐街,0.35,line_propagated,1号线,1,service_disruption,0,1号线
ZZM_CN_ba2fb1780f01,ZZS_aed2ee7bb7,河南工业大学,0.35,line_propagated,1号线,1,service_disruption,0,1号线
ZZM_CN_ba2fb1780f01,ZZS_b0ac143899,龙子湖,0.35,line_propagated,1号线,1,service_disruption,0,1号线
ZZM_CN_ba2fb1780f01,ZZS_b37a0bcf35,郑大科技园,0.35,line_propagated,1号线,1,service_disruption,0,1号线
ZZM_CN_ba2fb1780f01,ZZS_b8d795b006,黄河南路,0.35,line_propagated,1号线,1,service_disruption,0,1号线
ZZM_CN_ba2fb1780f01,ZZS_bb3c17098a,人民路,0.35,line_propagated,1号线,1,service_disruption,0,1号线
ZZM_CN_ba2fb1780f01,ZZS_bf7f2bfbd0,博学路,0.35,line_propagated,1号线,1,service_disruption,0,1号线
ZZM_CN_ba2fb1780f01,ZZS_c87aa9753c,体育中心,0.9,exact,体育中心,1,service_disruption,0,1号线
ZZM_CN_ba2fb1780f01,ZZS_c9109d3d9f,医学院,0.35,line_propagated,1号线,1,service_disruption,0,1号线
ZZM_CN_ba2fb1780f01,ZZS_cc61daaced,市体育中心,0.9,exact+line,1号线|市体育中心,1,service_disruption,0,1号线
ZZM_CN_ba2fb1780f01,ZZS_d61a964e41,市民中心,0.35,line_propagated,1号线,1,service_disruption,0,1号线
ZZM_CN_ba2fb1780f01,ZZS_e4b35b2f4d,郑州大学,0.35,line_propagated,1号线,1,service_disruption,0,1号线
ZZM_CN_ba2fb1780f01,ZZS_e67ffc082e,西流湖,0.35,line_propagated,1号线,1,service_disruption,0,1号线
ZZM_CN_ba2fb1780f01,ZZS_ff2a277828,民航路,0.35,line_propagated,1号线,1,service_disruption,0,1号线
ZZM_CN_ba2fb1780f01,ZZS_ff6940526d,郑州东站,0.35,line_propagated,1号线,1,service_disruption,0,1号线
ZZM_CN_bbaade3948cd,ZZS_a14df2d44f,紫荆山,0.9,exact,紫荆山,0,normal_info,0,
ZZM_CN_bc0b0b87d12b,ZZS_047175b6e2,老鸦陈,0.35,line_propagated,4号线,0,normal_info,0,4号线
ZZM_CN_bc0b0b87d12b,ZZS_06c5d1c11c,商鼎路,0.35,line_propagated,4号线,0,normal_info,0,4号线
ZZM_CN_bc0b0b87d12b,ZZS_1236ed80e3,中央商务区,0.35,line_propagated,4号线,0,normal_info,0,4号线
ZZM_CN_bc0b0b87d12b,ZZS_184971fb41,郎庄,0.35,line_propagated,4号线,0,normal_info,0,4号线
ZZM_CN_bc0b0b87d12b,ZZS_1acd4fa835,金岱,0.35,line_propagated,4号线,0,normal_info,0,4号线
ZZM_CN_bc0b0b87d12b,ZZS_1e911360df,姚庄,0.35,line_propagated,4号线,0,normal_info,0,4号线
ZZM_CN_bc0b0b87d12b,ZZS_25a4eab92b,龙湖南,0.35,line_propagated,4号线,0,normal_info,0,4号线
ZZM_CN_bc0b0b87d12b,ZZS_28ee7061d7,东十里铺,0.35,line_propagated,4号线,0,normal_info,0,4号线
ZZM_CN_bc0b0b87d12b,ZZS_3546d6d127,丰庆路,0.35,line_propagated,4号线,0,normal_info,0,4号线
ZZM_CN_bc0b0b87d12b,ZZS_45679e4fc0,七里河,0.35,line_propagated,4号线,0,normal_info,0,4号线
ZZM_CN_bc0b0b87d12b,ZZS_542d10f6f0,金融岛北,0.35,line_propagated,4号线,0,normal_info,0,4号线
ZZM_CN_bc0b0b87d12b,ZZS_548bc6fa98,陈寨东,0.35,line_propagated,4号线,0,normal_info,0,4号线
ZZM_CN_bc0b0b87d12b,ZZS_55f9aea406,森林公园北,0.35,line_propagated,4号线,0,normal_info,0,4号线
ZZM_CN_bc0b0b87d12b,ZZS_6605be2a4e,省体育中心,0.35,line_propagated,4号线,0,normal_info,0,4号线
ZZM_CN_bc0b0b87d12b,ZZS_6a9a14f197,北二十里铺,0.35,line_propagated,4号线,0,normal_info,0,4号线
ZZM_CN_bc0b0b87d12b,ZZS_87213b5129,会展中心,0.35,line_propagated,4号线,0,normal_info,0,4号线
ZZM_CN_bc0b0b87d12b,ZZS_90c4ce1eb7,沙门,0.35,line_propagated,4号线,0,normal_info,0,4号线
ZZM_CN_bc0b0b87d12b,ZZS_90de6fab35,货站街,0.35,line_propagated,4号线,0,normal_info,0,4号线
ZZM_CN_bc0b0b87d12b,ZZS_93f56b73b3,果树所,0.35,line_propagated,4号线,0,normal_info,0,4号线
ZZM_CN_bc0b0b87d12b,ZZS_95fb90b688,杨君刘,0.35,line_propagated,4号线,0,normal_info,0,4号线
ZZM_CN_bc0b0b87d12b,ZZS_9965eccc39,龙湖中环北,0.35,line_propagated,4号线,0,normal_info,0,4号线
ZZM_CN_bc0b0b87d12b,ZZS_aa3686fb6d,金融岛南,0.35,line_propagated,4号线,0,normal_info,0,4号线
ZZM_CN_bc0b0b87d12b,ZZS_ccf9ac5267,清华附中,0.35,line_propagated,4号线,0,normal_info,0,4号线
ZZM_CN_bc0b0b87d12b,ZZS_d86c49fbed,农业东路,0.35,line_propagated,4号线,0,normal_info,0,4号线
ZZM_CN_bc0b0b87d12b,ZZS_dbb2385d18,龙湖北,0.35,line_propagated,4号线,0,normal_info,0,4号线
ZZM_CN_bc0b0b87d12b,ZZS_eca427650a,张家村,0.35,line_propagated,4号线,0,normal_info,0,4号线
ZZM_CN_bc0b0b87d12b,ZZS_eda0ec6e78,龙湖中环南,0.35,line_propagated,4号线,0,normal_info,0,4号线
ZZM_CN_bc6730deaae4,ZZS_ff6940526d,郑州东站,0.9,exact,郑州东站,0,normal_info,0,
ZZM_CN_bcb611a9d05f,ZZS_012609616a,金汇桥,0.35,line_propagated,6号线,0,normal_info,0,6号线|7号线
ZZM_CN_bcb611a9d05f,ZZS_017f9f7875,东赵,0.35,line_propagated,7号线,0,normal_info,0,6号线|7号线
ZZM_CN_bcb611a9d05f,ZZS_05baea497e,北大学城,0.35,line_propagated,7号线,0,normal_info,0,6号线|7号线
ZZM_CN_bcb611a9d05f,ZZS_1f9e3949c9,小营,0.35,line_propagated,6号线,0,normal_info,0,6号线|7号线
ZZM_CN_bcb611a9d05f,ZZS_20d2a84fd8,火车头体育场,0.35,line_propagated,6号线,0,normal_info,0,6号线|7号线
ZZM_CN_bcb611a9d05f,ZZS_21cd47bbd9,农业大学,0.35,line_propagated,7号线,0,normal_info,0,6号线|7号线
ZZM_CN_bcb611a9d05f,ZZS_2f6e9b8cad,贾峪,0.35,line_propagated,6号线,0,normal_info,0,6号线|7号线
ZZM_CN_bcb611a9d05f,ZZS_38180914a0,燕庄,0.35,line_propagated,6号线,0,normal_info,0,6号线|7号线
ZZM_CN_bcb611a9d05f,ZZS_388ac52a0a,大学中路,0.35,line_propagated,6号线|7号线,0,normal_info,0,6号线|7号线
ZZM_CN_bcb611a9d05f,ZZS_485552a0e0,马寨,0.35,line_propagated,6号线,0,normal_info,0,6号线|7号线
ZZM_CN_bcb611a9d05f,ZZS_50d016b586,二里岗东,0.35,line_propagated,6号线,0,normal_info,0,6号线|7号线
ZZM_CN_bcb611a9d05f,ZZS_5479c586b4,奥体中心,0.35,line_propagated,6号线,0,normal_info,0,6号线|7号线
ZZM_CN_bcb611a9d05f,ZZS_5649ff9c65,市骨科医院,0.35,line_propagated,7号线,0,normal_info,0,6号线|7号线
ZZM_CN_bcb611a9d05f,ZZS_5b6c4f8186,郑州人民医院,0.35,line_propagated,7号线,0,normal_info,0,6号线|7号线
ZZM_CN_bcb611a9d05f,ZZS_5d10963dfa,冯湾,0.35,line_propagated,6号线,0,normal_info,0,6号线|7号线
ZZM_CN_bcb611a9d05f,ZZS_5d76a54f7e,卧龙岗,0.35,line_propagated,6号线,0,normal_info,0,6号线|7号线
ZZM_CN_bcb611a9d05f,ZZS_5dc87121c2,市第二人民医院,0.35,line_propagated,7号线,0,normal_info,0,6号线|7号线
ZZM_CN_bcb611a9d05f,ZZS_6cce175bd4,南岗刘,0.35,line_propagated,7号线,0,normal_info,0,6号线|7号线
ZZM_CN_bcb611a9d05f,ZZS_7027bf40e7,金融岛西,0.35,line_propagated,6号线,0,normal_info,0,6号线|7号线
ZZM_CN_bcb611a9d05f,ZZS_77acb25c9b,洞林寺,0.35,line_propagated,6号线,0,normal_info,0,6号线|7号线
ZZM_CN_bcb611a9d05f,ZZS_7af1d05702,奥体中心西,0.35,line_propagated,6号线,0,normal_info,0,6号线|7号线
ZZM_CN_bcb611a9d05f,ZZS_7cc440f48e,郑大一附院,0.35,line_propagated,7号线,0,normal_info,0,6号线|7号线
ZZM_CN_bcb611a9d05f,ZZS_8a189aa278,南环公园,0.35,line_propagated,7号线,0,normal_info,0,6号线|7号线
ZZM_CN_bcb611a9d05f,ZZS_920af7f7b2,陇秀公园,0.35,line_propagated,6号线,0,normal_info,0,6号线|7号线
ZZM_CN_bcb611a9d05f,ZZS_93b9249040,二里岗,0.35,line_propagated,6号线,0,normal_info,0,6号线|7号线
ZZM_CN_bcb611a9d05f,ZZS_96226bcc6f,王胡寨,0.35,line_propagated,7号线,0,normal_info,0,6号线|7号线
ZZM_CN_bcb611a9d05f,ZZS_9e03ca5f4c,常庄,0.35,line_propagated,6号线,0,normal_info,0,6号线|7号线
ZZM_CN_bcb611a9d05f,ZZS_abc078ccd5,黄河迎宾馆,0.35,line_propagated,7号线,0,normal_info,0,6号线|7号线
ZZM_CN_bcb611a9d05f,ZZS_acc81fc7cf,刘李寺,0.35,line_propagated,7号线,0,normal_info,0,6号线|7号线
ZZM_CN_bcb611a9d05f,ZZS_ba70aa715e,博览中心,0.35,line_propagated,6号线,0,normal_info,0,6号线|7号线
ZZM_CN_bcb611a9d05f,ZZS_be7c73e65a,河南建院,0.35,line_propagated,6号线,0,normal_info,0,6号线|7号线
ZZM_CN_bcb611a9d05f,ZZS_c684a04cd3,李江沟,0.35,line_propagated,6号线,0,normal_info,0,6号线|7号线
ZZM_CN_bcb611a9d05f,ZZS_c720567666,桐淮,0.35,line_propagated,6号线,0,normal_info,0,6号线|7号线
ZZM_CN_bcb611a9d05f,ZZS_c8f4a267a6,大石桥,0.35,line_propagated,7号线,0,normal_info,0,6号线|7号线
ZZM_CN_bcb611a9d05f,ZZS_c9109d3d9f,医学院,0.35,line_propagated,7号线,0,normal_info,0,6号线|7号线
ZZM_CN_bcb611a9d05f,ZZS_cb2e15cfa0,姚砦,0.35,line_propagated,6号线,0,normal_info,0,6号线|7号线
ZZM_CN_bcb611a9d05f,ZZS_ccf9ac5267,清华附中,0.35,line_propagated,6号线,0,normal_info,0,6号线|7号线
ZZM_CN_bcb611a9d05f,ZZS_d5ccc1f8fe,李江路,0.35,line_propagated,7号线,0,normal_info,0,6号线|7号线
ZZM_CN_bcb611a9d05f,ZZS_d657129917,嵩淮,0.35,line_propagated,6号线,0,normal_info,0,6号线|7号线
ZZM_CN_bcb611a9d05f,ZZS_d8521d5c3b,陈寨,0.35,line_propagated,7号线,0,normal_info,0,6号线|7号线
ZZM_CN_bcb611a9d05f,ZZS_d86aaedd03,白庙,0.35,line_propagated,7号线,0,normal_info,0,6号线|7号线
ZZM_CN_bcb611a9d05f,ZZS_e6a9c90243,安宁路,0.35,line_propagated,6号线,0,normal_info,0,6号线|7号线
ZZM_CN_bcb611a9d05f,ZZS_e93055a2d4,京广路,0.35,line_propagated,7号线,0,normal_info,0,6号线|7号线
ZZM_CN_bcb611a9d05f,ZZS_eab04601b0,洞林湖,0.35,line_propagated,6号线,0,normal_info,0,6号线|7号线
ZZM_CN_bcb611a9d05f,ZZS_eca427650a,张家村,0.35,line_propagated,7号线,0,normal_info,0,6号线|7号线
ZZM_CN_bcb611a9d05f,ZZS_f593248d09,金桢路,0.35,line_propagated,6号线,0,normal_info,0,6号线|7号线
ZZM_CN_bcb611a9d05f,ZZS_fab270f5e2,凤凰台南,0.35,line_propagated,6号线,0,normal_info,0,6号线|7号线
ZZM_CN_bcf7c2c633d3,ZZS_00f55fa149,碧沙岗,0.35,line_propagated,1号线,0,normal_info,0,1号线
ZZM_CN_bcf7c2c633d3,ZZS_065e638aef,东风南路,0.35,line_propagated,1号线,0,normal_info,0,1号线
ZZM_CN_bcf7c2c633d3,ZZS_0660d199a6,农业南路,0.35,line_propagated,1号线,0,normal_info,0,1号线
ZZM_CN_bcf7c2c633d3,ZZS_0ccbb4888d,二七广场,0.35,line_propagated,1号线,0,normal_info,0,1号线
ZZM_CN_bcf7c2c633d3,ZZS_1acdaac4ce,铁炉,0.35,line_propagated,1号线,0,normal_info,0,1号线
ZZM_CN_bcf7c2c633d3,ZZS_27d32a2e36,五一公园,0.35,line_propagated,1号线,0,normal_info,0,1号线
ZZM_CN_bcf7c2c633d3,ZZS_3813354d55,绿城广场,0.35,line_propagated,1号线,0,normal_info,0,1号线
ZZM_CN_bcf7c2c633d3,ZZS_38180914a0,燕庄,0.9,exact+line,1号线|燕庄,0,normal_info,0,1号线
ZZM_CN_bcf7c2c633d3,ZZS_52a5a7940c,兰寨,0.35,line_propagated,1号线,0,normal_info,0,1号线
ZZM_CN_bcf7c2c633d3,ZZS_5d37b2006d,河南大学新区,0.35,line_propagated,1号线,0,normal_info,0,1号线
ZZM_CN_bcf7c2c633d3,ZZS_6c89efbe2c,文苑北路,0.35,line_propagated,1号线,0,normal_info,0,1号线
ZZM_CN_bcf7c2c633d3,ZZS_87213b5129,会展中心,0.35,line_propagated,1号线,0,normal_info,0,1号线
ZZM_CN_bcf7c2c633d3,ZZS_881a48e5bb,西三环,0.35,line_propagated,1号线,0,normal_info,0,1号线
ZZM_CN_bcf7c2c633d3,ZZS_89f2ce9b1d,秦岭路,0.35,line_propagated,1号线,0,normal_info,0,1号线
ZZM_CN_bcf7c2c633d3,ZZS_90196f31d6,郑州火车站,0.35,line_propagated,1号线,0,normal_info,0,1号线
ZZM_CN_bcf7c2c633d3,ZZS_a14df2d44f,紫荆山,0.9,exact+line,1号线|紫荆山,0,normal_info,0,1号线
ZZM_CN_bcf7c2c633d3,ZZS_ae1b2afcad,梧桐街,0.35,line_propagated,1号线,0,normal_info,0,1号线
ZZM_CN_bcf7c2c633d3,ZZS_aed2ee7bb7,河南工业大学,0.35,line_propagated,1号线,0,normal_info,0,1号线
ZZM_CN_bcf7c2c633d3,ZZS_b0ac143899,龙子湖,0.35,line_propagated,1号线,0,normal_info,0,1号线
ZZM_CN_bcf7c2c633d3,ZZS_b37a0bcf35,郑大科技园,0.35,line_propagated,1号线,0,normal_info,0,1号线
ZZM_CN_bcf7c2c633d3,ZZS_b8d795b006,黄河南路,0.35,line_propagated,1号线,0,normal_info,0,1号线
ZZM_CN_bcf7c2c633d3,ZZS_bb3c17098a,人民路,0.35,line_propagated,1号线,0,normal_info,0,1号线
ZZM_CN_bcf7c2c633d3,ZZS_bf7f2bfbd0,博学路,0.35,line_propagated,1号线,0,normal_info,0,1号线
ZZM_CN_bcf7c2c633d3,ZZS_c9109d3d9f,医学院,0.35,line_propagated,1号线,0,normal_info,0,1号线
ZZM_CN_bcf7c2c633d3,ZZS_cc61daaced,市体育中心,0.35,line_propagated,1号线,0,normal_info,0,1号线
ZZM_CN_bcf7c2c633d3,ZZS_d61a964e41,市民中心,0.35,line_propagated,1号线,0,normal_info,0,1号线
ZZM_CN_bcf7c2c633d3,ZZS_e4b35b2f4d,郑州大学,0.9,exact+line,1号线|郑州大学,0,normal_info,0,1号线
ZZM_CN_bcf7c2c633d3,ZZS_e67ffc082e,西流湖,0.35,line_propagated,1号线,0,normal_info,0,1号线
ZZM_CN_bcf7c2c633d3,ZZS_ff2a277828,民航路,0.35,line_propagated,1号线,0,normal_info,0,1号线
ZZM_CN_bcf7c2c633d3,ZZS_ff6940526d,郑州东站,0.35,line_propagated,1号线,0,normal_info,0,1号线
ZZM_CN_be57297f6ff3,ZZS_abc078ccd5,黄河迎宾馆,0.9,exact,黄河迎宾馆,0,normal_info,0,
ZZM_CN_c04afdf6887c,ZZS_00f55fa149,碧沙岗,0.35,line_propagated,1号线,0,normal_info,0,1号线|2号线
ZZM_CN_c04afdf6887c,ZZS_02cf3e4cf5,南三环,0.35,line_propagated,2号线,0,normal_info,0,1号线|2号线
ZZM_CN_c04afdf6887c,ZZS_065e638aef,东风南路,0.35,line_propagated,1号线,0,normal_info,0,1号线|2号线
ZZM_CN_c04afdf6887c,ZZS_0660d199a6,农业南路,0.35,line_propagated,1号线,0,normal_info,0,1号线|2号线
ZZM_CN_c04afdf6887c,ZZS_0ccbb4888d,二七广场,0.35,line_propagated,1号线,0,normal_info,0,1号线|2号线
ZZM_CN_c04afdf6887c,ZZS_1a5721a427,毛庄,0.35,line_propagated,2号线,0,normal_info,0,1号线|2号线
ZZM_CN_c04afdf6887c,ZZS_1acdaac4ce,铁炉,0.35,line_propagated,1号线,0,normal_info,0,1号线|2号线
ZZM_CN_c04afdf6887c,ZZS_20262a52f0,南五里堡,0.35,line_propagated,2号线,0,normal_info,0,1号线|2号线
ZZM_CN_c04afdf6887c,ZZS_27d32a2e36,五一公园,0.35,line_propagated,1号线,0,normal_info,0,1号线|2号线
ZZM_CN_c04afdf6887c,ZZS_2bd57be00d,关虎屯,0.35,line_propagated,2号线,0,normal_info,0,1号线|2号线
ZZM_CN_c04afdf6887c,ZZS_3813354d55,绿城广场,0.35,line_propagated,1号线,0,normal_info,0,1号线|2号线
ZZM_CN_c04afdf6887c,ZZS_38180914a0,燕庄,0.35,line_propagated,1号线,0,normal_info,0,1号线|2号线
ZZM_CN_c04afdf6887c,ZZS_43a808507b,金洼,0.35,line_propagated,2号线,0,normal_info,0,1号线|2号线
ZZM_CN_c04afdf6887c,ZZS_4d258fdd50,金达路,0.35,line_propagated,2号线,0,normal_info,0,1号线|2号线
ZZM_CN_c04afdf6887c,ZZS_51e572c7c3,东大街,0.35,line_propagated,2号线,0,normal_info,0,1号线|2号线
ZZM_CN_c04afdf6887c,ZZS_52a5a7940c,兰寨,0.35,line_propagated,1号线,0,normal_info,0,1号线|2号线
ZZM_CN_c04afdf6887c,ZZS_54adf32b6c,南四环,0.35,line_propagated,2号线,0,normal_info,0,1号线|2号线
ZZM_CN_c04afdf6887c,ZZS_5d37b2006d,河南大学新区,0.35,line_propagated,1号线,0,normal_info,0,1号线|2号线
ZZM_CN_c04afdf6887c,ZZS_6b600b7696,刘庄,0.35,line_propagated,2号线,0,normal_info,0,1号线|2号线
ZZM_CN_c04afdf6887c,ZZS_6c89efbe2c,文苑北路,0.35,line_propagated,1号线,0,normal_info,0,1号线|2号线
ZZM_CN_c04afdf6887c,ZZS_72de4f5f66,惠济区政府,0.35,line_propagated,2号线,0,normal_info,0,1号线|2号线
ZZM_CN_c04afdf6887c,ZZS_7dd13fd23f,黄河路,0.35,line_propagated,2号线,0,normal_info,0,1号线|2号线
ZZM_CN_c04afdf6887c,ZZS_87213b5129,会展中心,0.35,line_propagated,1号线,0,normal_info,0,1号线|2号线
ZZM_CN_c04afdf6887c,ZZS_881a48e5bb,西三环,0.35,line_propagated,1号线,0,normal_info,0,1号线|2号线
ZZM_CN_c04afdf6887c,ZZS_89f2ce9b1d,秦岭路,0.35,line_propagated,1号线,0,normal_info,0,1号线|2号线
ZZM_CN_c04afdf6887c,ZZS_90196f31d6,郑州火车站,0.35,line_propagated,1号线,0,normal_info,0,1号线|2号线
ZZM_CN_c04afdf6887c,ZZS_90c4ce1eb7,沙门,0.35,line_propagated,2号线,0,normal_info,0,1号线|2号线
ZZM_CN_c04afdf6887c,ZZS_93b9249040,二里岗,0.35,line_propagated,2号线,0,normal_info,0,1号线|2号线
ZZM_CN_c04afdf6887c,ZZS_9660c27c11,站马屯,0.35,line_propagated,2号线,0,normal_info,0,1号线|2号线
ZZM_CN_c04afdf6887c,ZZS_9f383e1427,花寨,0.35,line_propagated,2号线,0,normal_info,0,1号线|2号线
ZZM_CN_c04afdf6887c,ZZS_a14df2d44f,紫荆山,0.35,line_propagated,1号线|2号线,0,normal_info,0,1号线|2号线
ZZM_CN_c04afdf6887c,ZZS_a7b91da4c7,陇海东路,0.35,line_propagated,2号线,0,normal_info,0,1号线|2号线
ZZM_CN_c04afdf6887c,ZZS_abc078ccd5,黄河迎宾馆,0.35,line_propagated,2号线,0,normal_info,0,1号线|2号线
ZZM_CN_c04afdf6887c,ZZS_ae1b2afcad,梧桐街,0.35,line_propagated,1号线,0,normal_info,0,1号线|2号线
ZZM_CN_c04afdf6887c,ZZS_aed2ee7bb7,河南工业大学,0.35,line_propagated,1号线,0,normal_info,0,1号线|2号线
ZZM_CN_c04afdf6887c,ZZS_b0ac143899,龙子湖,0.35,line_propagated,1号线,0,normal_info,0,1号线|2号线
ZZM_CN_c04afdf6887c,ZZS_b37a0bcf35,郑大科技园,0.35,line_propagated,1号线,0,normal_info,0,1号线|2号线
ZZM_CN_c04afdf6887c,ZZS_b8d795b006,黄河南路,0.35,line_propagated,1号线,0,normal_info,0,1号线|2号线
ZZM_CN_c04afdf6887c,ZZS_bb3c17098a,人民路,0.35,line_propagated,1号线,0,normal_info,0,1号线|2号线
ZZM_CN_c04afdf6887c,ZZS_bdc2a71da9,柳林,0.35,line_propagated,2号线,0,normal_info,0,1号线|2号线
ZZM_CN_c04afdf6887c,ZZS_bf7f2bfbd0,博学路,0.35,line_propagated,1号线,0,normal_info,0,1号线|2号线
ZZM_CN_c04afdf6887c,ZZS_c180efc575,贾河,0.35,line_propagated,2号线,0,normal_info,0,1号线|2号线
ZZM_CN_c04afdf6887c,ZZS_c9109d3d9f,医学院,0.9,exact+line,1号线|医学院,0,normal_info,0,1号线|2号线
ZZM_CN_c04afdf6887c,ZZS_cc61daaced,市体育中心,0.35,line_propagated,1号线,0,normal_info,0,1号线|2号线
ZZM_CN_c04afdf6887c,ZZS_d61a964e41,市民中心,0.35,line_propagated,1号线,0,normal_info,0,1号线|2号线
ZZM_CN_c04afdf6887c,ZZS_e4b35b2f4d,郑州大学,0.35,line_propagated,1号线,0,normal_info,0,1号线|2号线
ZZM_CN_c04afdf6887c,ZZS_e67ffc082e,西流湖,0.35,line_propagated,1号线,0,normal_info,0,1号线|2号线
ZZM_CN_c04afdf6887c,ZZS_ff256e6634,北三环,0.35,line_propagated,2号线,0,normal_info,0,1号线|2号线
ZZM_CN_c04afdf6887c,ZZS_ff2a277828,民航路,0.35,line_propagated,1号线,0,normal_info,0,1号线|2号线
ZZM_CN_c04afdf6887c,ZZS_ff491e6fdf,东风路,0.35,line_propagated,2号线,0,normal_info,0,1号线|2号线
ZZM_CN_c04afdf6887c,ZZS_ff6940526d,郑州东站,0.35,line_propagated,1号线,0,normal_info,0,1号线|2号线
ZZM_CN_c0dc1ade6915,ZZS_87213b5129,会展中心,0.9,exact,会展中心,0,normal_info,0,
ZZM_CN_c0de33b96eca,ZZS_0ccbb4888d,二七广场,0.9,exact,二七广场,0,normal_info,0,
ZZM_CN_c0e4ce399cac,ZZS_02cf3e4cf5,南三环,0.35,line_propagated,2号线,0,normal_info,0,2号线
ZZM_CN_c0e4ce399cac,ZZS_1a5721a427,毛庄,0.35,line_propagated,2号线,0,normal_info,0,2号线
ZZM_CN_c0e4ce399cac,ZZS_20262a52f0,南五里堡,0.35,line_propagated,2号线,0,normal_info,0,2号线
ZZM_CN_c0e4ce399cac,ZZS_2bd57be00d,关虎屯,0.35,line_propagated,2号线,0,normal_info,0,2号线
ZZM_CN_c0e4ce399cac,ZZS_43a808507b,金洼,0.35,line_propagated,2号线,0,normal_info,0,2号线
ZZM_CN_c0e4ce399cac,ZZS_4d258fdd50,金达路,0.35,line_propagated,2号线,0,normal_info,0,2号线
ZZM_CN_c0e4ce399cac,ZZS_51e572c7c3,东大街,0.35,line_propagated,2号线,0,normal_info,0,2号线
ZZM_CN_c0e4ce399cac,ZZS_54adf32b6c,南四环,0.35,line_propagated,2号线,0,normal_info,0,2号线
ZZM_CN_c0e4ce399cac,ZZS_6b600b7696,刘庄,0.35,line_propagated,2号线,0,normal_info,0,2号线
ZZM_CN_c0e4ce399cac,ZZS_72de4f5f66,惠济区政府,0.35,line_propagated,2号线,0,normal_info,0,2号线
ZZM_CN_c0e4ce399cac,ZZS_7dd13fd23f,黄河路,0.35,line_propagated,2号线,0,normal_info,0,2号线
ZZM_CN_c0e4ce399cac,ZZS_90c4ce1eb7,沙门,0.35,line_propagated,2号线,0,normal_info,0,2号线
ZZM_CN_c0e4ce399cac,ZZS_93b9249040,二里岗,0.35,line_propagated,2号线,0,normal_info,0,2号线
ZZM_CN_c0e4ce399cac,ZZS_9660c27c11,站马屯,0.35,line_propagated,2号线,0,normal_info,0,2号线
ZZM_CN_c0e4ce399cac,ZZS_9f383e1427,花寨,0.35,line_propagated,2号线,0,normal_info,0,2号线
ZZM_CN_c0e4ce399cac,ZZS_a14df2d44f,紫荆山,0.35,line_propagated,2号线,0,normal_info,0,2号线
ZZM_CN_c0e4ce399cac,ZZS_a7b91da4c7,陇海东路,0.35,line_propagated,2号线,0,normal_info,0,2号线
ZZM_CN_c0e4ce399cac,ZZS_abc078ccd5,黄河迎宾馆,0.35,line_propagated,2号线,0,normal_info,0,2号线
ZZM_CN_c0e4ce399cac,ZZS_bdc2a71da9,柳林,0.35,line_propagated,2号线,0,normal_info,0,2号线
ZZM_CN_c0e4ce399cac,ZZS_c180efc575,贾河,0.35,line_propagated,2号线,0,normal_info,0,2号线
ZZM_CN_c0e4ce399cac,ZZS_ff256e6634,北三环,0.35,line_propagated,2号线,0,normal_info,0,2号线
ZZM_CN_c0e4ce399cac,ZZS_ff491e6fdf,东风路,0.35,line_propagated,2号线,0,normal_info,0,2号线
ZZM_CN_c14925204dfd,ZZS_00f55fa149,碧沙岗,0.35,line_propagated,1号线,0,normal_info,0,1号线
ZZM_CN_c14925204dfd,ZZS_065e638aef,东风南路,0.35,line_propagated,1号线,0,normal_info,0,1号线
ZZM_CN_c14925204dfd,ZZS_0660d199a6,农业南路,0.35,line_propagated,1号线,0,normal_info,0,1号线
ZZM_CN_c14925204dfd,ZZS_0ccbb4888d,二七广场,0.35,line_propagated,1号线,0,normal_info,0,1号线
ZZM_CN_c14925204dfd,ZZS_1acdaac4ce,铁炉,0.35,line_propagated,1号线,0,normal_info,0,1号线
ZZM_CN_c14925204dfd,ZZS_27d32a2e36,五一公园,0.35,line_propagated,1号线,0,normal_info,0,1号线
ZZM_CN_c14925204dfd,ZZS_3813354d55,绿城广场,0.35,line_propagated,1号线,0,normal_info,0,1号线
ZZM_CN_c14925204dfd,ZZS_38180914a0,燕庄,0.35,line_propagated,1号线,0,normal_info,0,1号线
ZZM_CN_c14925204dfd,ZZS_52a5a7940c,兰寨,0.35,line_propagated,1号线,0,normal_info,0,1号线
ZZM_CN_c14925204dfd,ZZS_5d37b2006d,河南大学新区,0.35,line_propagated,1号线,0,normal_info,0,1号线
ZZM_CN_c14925204dfd,ZZS_6c89efbe2c,文苑北路,0.35,line_propagated,1号线,0,normal_info,0,1号线
ZZM_CN_c14925204dfd,ZZS_87213b5129,会展中心,0.35,line_propagated,1号线,0,normal_info,0,1号线
ZZM_CN_c14925204dfd,ZZS_881a48e5bb,西三环,0.35,line_propagated,1号线,0,normal_info,0,1号线
ZZM_CN_c14925204dfd,ZZS_89f2ce9b1d,秦岭路,0.35,line_propagated,1号线,0,normal_info,0,1号线
ZZM_CN_c14925204dfd,ZZS_90196f31d6,郑州火车站,0.35,line_propagated,1号线,0,normal_info,0,1号线
ZZM_CN_c14925204dfd,ZZS_a14df2d44f,紫荆山,0.35,line_propagated,1号线,0,normal_info,0,1号线
ZZM_CN_c14925204dfd,ZZS_ae1b2afcad,梧桐街,0.35,line_propagated,1号线,0,normal_info,0,1号线
ZZM_CN_c14925204dfd,ZZS_aed2ee7bb7,河南工业大学,0.35,line_propagated,1号线,0,normal_info,0,1号线
ZZM_CN_c14925204dfd,ZZS_b0ac143899,龙子湖,0.35,line_propagated,1号线,0,normal_info,0,1号线
ZZM_CN_c14925204dfd,ZZS_b37a0bcf35,郑大科技园,0.35,line_propagated,1号线,0,normal_info,0,1号线
ZZM_CN_c14925204dfd,ZZS_b8d795b006,黄河南路,0.35,line_propagated,1号线,0,normal_info,0,1号线
ZZM_CN_c14925204dfd,ZZS_bb3c17098a,人民路,0.9,exact+line,1号线|人民路,0,normal_info,0,1号线
ZZM_CN_c14925204dfd,ZZS_bf7f2bfbd0,博学路,0.35,line_propagated,1号线,0,normal_info,0,1号线
ZZM_CN_c14925204dfd,ZZS_c9109d3d9f,医学院,0.35,line_propagated,1号线,0,normal_info,0,1号线
ZZM_CN_c14925204dfd,ZZS_cc61daaced,市体育中心,0.35,line_propagated,1号线,0,normal_info,0,1号线
ZZM_CN_c14925204dfd,ZZS_d61a964e41,市民中心,0.35,line_propagated,1号线,0,normal_info,0,1号线
ZZM_CN_c14925204dfd,ZZS_e4b35b2f4d,郑州大学,0.35,line_propagated,1号线,0,normal_info,0,1号线
ZZM_CN_c14925204dfd,ZZS_e67ffc082e,西流湖,0.35,line_propagated,1号线,0,normal_info,0,1号线
ZZM_CN_c14925204dfd,ZZS_ff2a277828,民航路,0.35,line_propagated,1号线,0,normal_info,0,1号线
ZZM_CN_c14925204dfd,ZZS_ff6940526d,郑州东站,0.35,line_propagated,1号线,0,normal_info,0,1号线
ZZM_CN_c1c0afaefcfe,ZZS_012609616a,金汇桥,0.35,line_propagated,6号线,0,normal_info,3,6号线
ZZM_CN_c1c0afaefcfe,ZZS_1f9e3949c9,小营,0.35,line_propagated,6号线,0,normal_info,3,6号线
ZZM_CN_c1c0afaefcfe,ZZS_20d2a84fd8,火车头体育场,0.35,line_propagated,6号线,0,normal_info,3,6号线
ZZM_CN_c1c0afaefcfe,ZZS_2f6e9b8cad,贾峪,0.35,line_propagated,6号线,0,normal_info,3,6号线
ZZM_CN_c1c0afaefcfe,ZZS_38180914a0,燕庄,0.35,line_propagated,6号线,0,normal_info,3,6号线
ZZM_CN_c1c0afaefcfe,ZZS_388ac52a0a,大学中路,0.9,exact+line,6号线|大学中路,0,normal_info,3,6号线
ZZM_CN_c1c0afaefcfe,ZZS_485552a0e0,马寨,0.35,line_propagated,6号线,0,normal_info,3,6号线
ZZM_CN_c1c0afaefcfe,ZZS_50d016b586,二里岗东,0.35,line_propagated,6号线,0,normal_info,3,6号线
ZZM_CN_c1c0afaefcfe,ZZS_5479c586b4,奥体中心,0.35,line_propagated,6号线,0,normal_info,3,6号线
ZZM_CN_c1c0afaefcfe,ZZS_5d10963dfa,冯湾,0.35,line_propagated,6号线,0,normal_info,3,6号线
ZZM_CN_c1c0afaefcfe,ZZS_5d76a54f7e,卧龙岗,0.35,line_propagated,6号线,0,normal_info,3,6号线
ZZM_CN_c1c0afaefcfe,ZZS_7027bf40e7,金融岛西,0.35,line_propagated,6号线,0,normal_info,3,6号线
ZZM_CN_c1c0afaefcfe,ZZS_77acb25c9b,洞林寺,0.35,line_propagated,6号线,0,normal_info,3,6号线
ZZM_CN_c1c0afaefcfe,ZZS_7af1d05702,奥体中心西,0.35,line_propagated,6号线,0,normal_info,3,6号线
ZZM_CN_c1c0afaefcfe,ZZS_920af7f7b2,陇秀公园,0.35,line_propagated,6号线,0,normal_info,3,6号线
ZZM_CN_c1c0afaefcfe,ZZS_93b9249040,二里岗,0.35,line_propagated,6号线,0,normal_info,3,6号线
ZZM_CN_c1c0afaefcfe,ZZS_9e03ca5f4c,常庄,0.35,line_propagated,6号线,0,normal_info,3,6号线
ZZM_CN_c1c0afaefcfe,ZZS_ba70aa715e,博览中心,0.35,line_propagated,6号线,0,normal_info,3,6号线
ZZM_CN_c1c0afaefcfe,ZZS_be7c73e65a,河南建院,0.35,line_propagated,6号线,0,normal_info,3,6号线
ZZM_CN_c1c0afaefcfe,ZZS_c684a04cd3,李江沟,0.35,line_propagated,6号线,0,normal_info,3,6号线
ZZM_CN_c1c0afaefcfe,ZZS_c720567666,桐淮,0.35,line_propagated,6号线,0,normal_info,3,6号线
ZZM_CN_c1c0afaefcfe,ZZS_cb2e15cfa0,姚砦,0.35,line_propagated,6号线,0,normal_info,3,6号线
ZZM_CN_c1c0afaefcfe,ZZS_ccf9ac5267,清华附中,0.35,line_propagated,6号线,0,normal_info,3,6号线
ZZM_CN_c1c0afaefcfe,ZZS_d657129917,嵩淮,0.35,line_propagated,6号线,0,normal_info,3,6号线
ZZM_CN_c1c0afaefcfe,ZZS_e6a9c90243,安宁路,0.35,line_propagated,6号线,0,normal_info,3,6号线
ZZM_CN_c1c0afaefcfe,ZZS_eab04601b0,洞林湖,0.35,line_propagated,6号线,0,normal_info,3,6号线
ZZM_CN_c1c0afaefcfe,ZZS_f593248d09,金桢路,0.35,line_propagated,6号线,0,normal_info,3,6号线
ZZM_CN_c1c0afaefcfe,ZZS_fab270f5e2,凤凰台南,0.35,line_propagated,6号线,0,normal_info,3,6号线
ZZM_CN_c2292ff04e73,ZZS_00f55fa149,碧沙岗,0.35,line_propagated,1号线,0,normal_info,0,1号线
ZZM_CN_c2292ff04e73,ZZS_065e638aef,东风南路,0.35,line_propagated,1号线,0,normal_info,0,1号线
ZZM_CN_c2292ff04e73,ZZS_0660d199a6,农业南路,0.35,line_propagated,1号线,0,normal_info,0,1号线
ZZM_CN_c2292ff04e73,ZZS_0ccbb4888d,二七广场,0.35,line_propagated,1号线,0,normal_info,0,1号线
ZZM_CN_c2292ff04e73,ZZS_1acdaac4ce,铁炉,0.35,line_propagated,1号线,0,normal_info,0,1号线
ZZM_CN_c2292ff04e73,ZZS_27d32a2e36,五一公园,0.35,line_propagated,1号线,0,normal_info,0,1号线
ZZM_CN_c2292ff04e73,ZZS_3813354d55,绿城广场,0.35,line_propagated,1号线,0,normal_info,0,1号线
ZZM_CN_c2292ff04e73,ZZS_38180914a0,燕庄,0.35,line_propagated,1号线,0,normal_info,0,1号线
ZZM_CN_c2292ff04e73,ZZS_52a5a7940c,兰寨,0.35,line_propagated,1号线,0,normal_info,0,1号线
ZZM_CN_c2292ff04e73,ZZS_5d37b2006d,河南大学新区,0.35,line_propagated,1号线,0,normal_info,0,1号线
ZZM_CN_c2292ff04e73,ZZS_6c89efbe2c,文苑北路,0.35,line_propagated,1号线,0,normal_info,0,1号线
ZZM_CN_c2292ff04e73,ZZS_87213b5129,会展中心,0.35,line_propagated,1号线,0,normal_info,0,1号线
ZZM_CN_c2292ff04e73,ZZS_881a48e5bb,西三环,0.35,line_propagated,1号线,0,normal_info,0,1号线
ZZM_CN_c2292ff04e73,ZZS_89f2ce9b1d,秦岭路,0.35,line_propagated,1号线,0,normal_info,0,1号线
ZZM_CN_c2292ff04e73,ZZS_90196f31d6,郑州火车站,0.35,line_propagated,1号线,0,normal_info,0,1号线
ZZM_CN_c2292ff04e73,ZZS_a14df2d44f,紫荆山,0.35,line_propagated,1号线,0,normal_info,0,1号线
ZZM_CN_c2292ff04e73,ZZS_ae1b2afcad,梧桐街,0.35,line_propagated,1号线,0,normal_info,0,1号线
ZZM_CN_c2292ff04e73,ZZS_aed2ee7bb7,河南工业大学,0.35,line_propagated,1号线,0,normal_info,0,1号线
ZZM_CN_c2292ff04e73,ZZS_b0ac143899,龙子湖,0.35,line_propagated,1号线,0,normal_info,0,1号线
ZZM_CN_c2292ff04e73,ZZS_b37a0bcf35,郑大科技园,0.35,line_propagated,1号线,0,normal_info,0,1号线
ZZM_CN_c2292ff04e73,ZZS_b8d795b006,黄河南路,0.35,line_propagated,1号线,0,normal_info,0,1号线
ZZM_CN_c2292ff04e73,ZZS_bb3c17098a,人民路,0.35,line_propagated,1号线,0,normal_info,0,1号线
ZZM_CN_c2292ff04e73,ZZS_bf7f2bfbd0,博学路,0.35,line_propagated,1号线,0,normal_info,0,1号线
ZZM_CN_c2292ff04e73,ZZS_c9109d3d9f,医学院,0.35,line_propagated,1号线,0,normal_info,0,1号线
ZZM_CN_c2292ff04e73,ZZS_cc61daaced,市体育中心,0.35,line_propagated,1号线,0,normal_info,0,1号线
ZZM_CN_c2292ff04e73,ZZS_d61a964e41,市民中心,0.35,line_propagated,1号线,0,normal_info,0,1号线
ZZM_CN_c2292ff04e73,ZZS_e4b35b2f4d,郑州大学,0.35,line_propagated,1号线,0,normal_info,0,1号线
ZZM_CN_c2292ff04e73,ZZS_e67ffc082e,西流湖,0.35,line_propagated,1号线,0,normal_info,0,1号线
ZZM_CN_c2292ff04e73,ZZS_ff2a277828,民航路,0.35,line_propagated,1号线,0,normal_info,0,1号线
ZZM_CN_c2292ff04e73,ZZS_ff6940526d,郑州东站,0.35,line_propagated,1号线,0,normal_info,0,1号线
ZZM_CN_c27e1fe456a2,ZZS_02cf3e4cf5,南三环,0.35,line_propagated,2号线,0,normal_info,1,2号线
ZZM_CN_c27e1fe456a2,ZZS_1a5721a427,毛庄,0.35,line_propagated,2号线,0,normal_info,1,2号线
ZZM_CN_c27e1fe456a2,ZZS_20262a52f0,南五里堡,0.35,line_propagated,2号线,0,normal_info,1,2号线
ZZM_CN_c27e1fe456a2,ZZS_2bd57be00d,关虎屯,0.35,line_propagated,2号线,0,normal_info,1,2号线
ZZM_CN_c27e1fe456a2,ZZS_43a808507b,金洼,0.35,line_propagated,2号线,0,normal_info,1,2号线
ZZM_CN_c27e1fe456a2,ZZS_4d258fdd50,金达路,0.35,line_propagated,2号线,0,normal_info,1,2号线
ZZM_CN_c27e1fe456a2,ZZS_51e572c7c3,东大街,0.35,line_propagated,2号线,0,normal_info,1,2号线
ZZM_CN_c27e1fe456a2,ZZS_54adf32b6c,南四环,0.35,line_propagated,2号线,0,normal_info,1,2号线
ZZM_CN_c27e1fe456a2,ZZS_6b600b7696,刘庄,0.35,line_propagated,2号线,0,normal_info,1,2号线
ZZM_CN_c27e1fe456a2,ZZS_72de4f5f66,惠济区政府,0.35,line_propagated,2号线,0,normal_info,1,2号线
ZZM_CN_c27e1fe456a2,ZZS_7dd13fd23f,黄河路,0.35,line_propagated,2号线,0,normal_info,1,2号线
ZZM_CN_c27e1fe456a2,ZZS_90c4ce1eb7,沙门,0.35,line_propagated,2号线,0,normal_info,1,2号线
ZZM_CN_c27e1fe456a2,ZZS_93b9249040,二里岗,0.35,line_propagated,2号线,0,normal_info,1,2号线
ZZM_CN_c27e1fe456a2,ZZS_9660c27c11,站马屯,0.35,line_propagated,2号线,0,normal_info,1,2号线
ZZM_CN_c27e1fe456a2,ZZS_9f383e1427,花寨,0.35,line_propagated,2号线,0,normal_info,1,2号线
ZZM_CN_c27e1fe456a2,ZZS_a14df2d44f,紫荆山,0.9,exact+line,2号线|紫荆山,0,normal_info,1,2号线
ZZM_CN_c27e1fe456a2,ZZS_a7b91da4c7,陇海东路,0.35,line_propagated,2号线,0,normal_info,1,2号线
ZZM_CN_c27e1fe456a2,ZZS_abc078ccd5,黄河迎宾馆,0.35,line_propagated,2号线,0,normal_info,1,2号线
ZZM_CN_c27e1fe456a2,ZZS_bdc2a71da9,柳林,0.35,line_propagated,2号线,0,normal_info,1,2号线
ZZM_CN_c27e1fe456a2,ZZS_c180efc575,贾河,0.35,line_propagated,2号线,0,normal_info,1,2号线
ZZM_CN_c27e1fe456a2,ZZS_ff256e6634,北三环,0.35,line_propagated,2号线,0,normal_info,1,2号线
ZZM_CN_c27e1fe456a2,ZZS_ff491e6fdf,东风路,0.35,line_propagated,2号线,0,normal_info,1,2号线
ZZM_CN_c3475c753d0a,ZZS_017f9f7875,东赵,0.35,line_propagated,7号线,0,normal_info,3,7号线
ZZM_CN_c3475c753d0a,ZZS_05baea497e,北大学城,0.35,line_propagated,7号线,0,normal_info,3,7号线
ZZM_CN_c3475c753d0a,ZZS_21cd47bbd9,农业大学,0.35,line_propagated,7号线,0,normal_info,3,7号线
ZZM_CN_c3475c753d0a,ZZS_388ac52a0a,大学中路,0.35,line_propagated,7号线,0,normal_info,3,7号线
ZZM_CN_c3475c753d0a,ZZS_5649ff9c65,市骨科医院,0.35,line_propagated,7号线,0,normal_info,3,7号线
ZZM_CN_c3475c753d0a,ZZS_5b6c4f8186,郑州人民医院,0.35,line_propagated,7号线,0,normal_info,3,7号线
ZZM_CN_c3475c753d0a,ZZS_5dc87121c2,市第二人民医院,0.35,line_propagated,7号线,0,normal_info,3,7号线
ZZM_CN_c3475c753d0a,ZZS_6cce175bd4,南岗刘,0.35,line_propagated,7号线,0,normal_info,3,7号线
ZZM_CN_c3475c753d0a,ZZS_7cc440f48e,郑大一附院,0.35,line_propagated,7号线,0,normal_info,3,7号线
ZZM_CN_c3475c753d0a,ZZS_8a189aa278,南环公园,0.35,line_propagated,7号线,0,normal_info,3,7号线
ZZM_CN_c3475c753d0a,ZZS_96226bcc6f,王胡寨,0.35,line_propagated,7号线,0,normal_info,3,7号线
ZZM_CN_c3475c753d0a,ZZS_abc078ccd5,黄河迎宾馆,0.35,line_propagated,7号线,0,normal_info,3,7号线
ZZM_CN_c3475c753d0a,ZZS_acc81fc7cf,刘李寺,0.35,line_propagated,7号线,0,normal_info,3,7号线
ZZM_CN_c3475c753d0a,ZZS_c8f4a267a6,大石桥,0.35,line_propagated,7号线,0,normal_info,3,7号线
ZZM_CN_c3475c753d0a,ZZS_c9109d3d9f,医学院,0.35,line_propagated,7号线,0,normal_info,3,7号线
ZZM_CN_c3475c753d0a,ZZS_d5ccc1f8fe,李江路,0.35,line_propagated,7号线,0,normal_info,3,7号线
ZZM_CN_c3475c753d0a,ZZS_d8521d5c3b,陈寨,0.35,line_propagated,7号线,0,normal_info,3,7号线
ZZM_CN_c3475c753d0a,ZZS_d86aaedd03,白庙,0.35,line_propagated,7号线,0,normal_info,3,7号线
ZZM_CN_c3475c753d0a,ZZS_e93055a2d4,京广路,0.35,line_propagated,7号线,0,normal_info,3,7号线
ZZM_CN_c3475c753d0a,ZZS_eca427650a,张家村,0.35,line_propagated,7号线,0,normal_info,3,7号线
ZZM_CN_c39dde5e9a6d,ZZS_00f55fa149,碧沙岗,0.35,line_propagated,1号线,0,normal_info,0,1号线
ZZM_CN_c39dde5e9a6d,ZZS_065e638aef,东风南路,0.35,line_propagated,1号线,0,normal_info,0,1号线
ZZM_CN_c39dde5e9a6d,ZZS_0660d199a6,农业南路,0.9,exact+line,1号线|农业南路,0,normal_info,0,1号线
ZZM_CN_c39dde5e9a6d,ZZS_0ccbb4888d,二七广场,0.35,line_propagated,1号线,0,normal_info,0,1号线
ZZM_CN_c39dde5e9a6d,ZZS_1acdaac4ce,铁炉,0.35,line_propagated,1号线,0,normal_info,0,1号线
ZZM_CN_c39dde5e9a6d,ZZS_27d32a2e36,五一公园,0.35,line_propagated,1号线,0,normal_info,0,1号线
ZZM_CN_c39dde5e9a6d,ZZS_3813354d55,绿城广场,0.35,line_propagated,1号线,0,normal_info,0,1号线
ZZM_CN_c39dde5e9a6d,ZZS_38180914a0,燕庄,0.35,line_propagated,1号线,0,normal_info,0,1号线
ZZM_CN_c39dde5e9a6d,ZZS_52a5a7940c,兰寨,0.35,line_propagated,1号线,0,normal_info,0,1号线
ZZM_CN_c39dde5e9a6d,ZZS_5d37b2006d,河南大学新区,0.35,line_propagated,1号线,0,normal_info,0,1号线
ZZM_CN_c39dde5e9a6d,ZZS_6c89efbe2c,文苑北路,0.35,line_propagated,1号线,0,normal_info,0,1号线
ZZM_CN_c39dde5e9a6d,ZZS_87213b5129,会展中心,0.35,line_propagated,1号线,0,normal_info,0,1号线
ZZM_CN_c39dde5e9a6d,ZZS_881a48e5bb,西三环,0.35,line_propagated,1号线,0,normal_info,0,1号线
ZZM_CN_c39dde5e9a6d,ZZS_89f2ce9b1d,秦岭路,0.35,line_propagated,1号线,0,normal_info,0,1号线
ZZM_CN_c39dde5e9a6d,ZZS_90196f31d6,郑州火车站,0.35,line_propagated,1号线,0,normal_info,0,1号线
ZZM_CN_c39dde5e9a6d,ZZS_a14df2d44f,紫荆山,0.9,exact+line,1号线|紫荆山,0,normal_info,0,1号线
ZZM_CN_c39dde5e9a6d,ZZS_ae1b2afcad,梧桐街,0.35,line_propagated,1号线,0,normal_info,0,1号线
ZZM_CN_c39dde5e9a6d,ZZS_aed2ee7bb7,河南工业大学,0.35,line_propagated,1号线,0,normal_info,0,1号线
ZZM_CN_c39dde5e9a6d,ZZS_b0ac143899,龙子湖,0.35,line_propagated,1号线,0,normal_info,0,1号线
ZZM_CN_c39dde5e9a6d,ZZS_b37a0bcf35,郑大科技园,0.35,line_propagated,1号线,0,normal_info,0,1号线
ZZM_CN_c39dde5e9a6d,ZZS_b8d795b006,黄河南路,0.35,line_propagated,1号线,0,normal_info,0,1号线
ZZM_CN_c39dde5e9a6d,ZZS_bb3c17098a,人民路,0.35,line_propagated,1号线,0,normal_info,0,1号线
ZZM_CN_c39dde5e9a6d,ZZS_bf7f2bfbd0,博学路,0.35,line_propagated,1号线,0,normal_info,0,1号线
ZZM_CN_c39dde5e9a6d,ZZS_c9109d3d9f,医学院,0.35,line_propagated,1号线,0,normal_info,0,1号线
ZZM_CN_c39dde5e9a6d,ZZS_cc61daaced,市体育中心,0.35,line_propagated,1号线,0,normal_info,0,1号线
ZZM_CN_c39dde5e9a6d,ZZS_d61a964e41,市民中心,0.35,line_propagated,1号线,0,normal_info,0,1号线
ZZM_CN_c39dde5e9a6d,ZZS_e4b35b2f4d,郑州大学,0.35,line_propagated,1号线,0,normal_info,0,1号线
ZZM_CN_c39dde5e9a6d,ZZS_e67ffc082e,西流湖,0.35,line_propagated,1号线,0,normal_info,0,1号线
ZZM_CN_c39dde5e9a6d,ZZS_ff2a277828,民航路,0.35,line_propagated,1号线,0,normal_info,0,1号线
ZZM_CN_c39dde5e9a6d,ZZS_ff6940526d,郑州东站,0.35,line_propagated,1号线,0,normal_info,0,1号线
ZZM_CN_c53cc61f30b3,ZZS_02cf3e4cf5,南三环,0.35,line_propagated,2号线,0,normal_info,0,2号线
ZZM_CN_c53cc61f30b3,ZZS_1a5721a427,毛庄,0.35,line_propagated,2号线,0,normal_info,0,2号线
ZZM_CN_c53cc61f30b3,ZZS_20262a52f0,南五里堡,0.35,line_propagated,2号线,0,normal_info,0,2号线
ZZM_CN_c53cc61f30b3,ZZS_2bd57be00d,关虎屯,0.35,line_propagated,2号线,0,normal_info,0,2号线
ZZM_CN_c53cc61f30b3,ZZS_43a808507b,金洼,0.35,line_propagated,2号线,0,normal_info,0,2号线
ZZM_CN_c53cc61f30b3,ZZS_4d258fdd50,金达路,0.35,line_propagated,2号线,0,normal_info,0,2号线
ZZM_CN_c53cc61f30b3,ZZS_51e572c7c3,东大街,0.35,line_propagated,2号线,0,normal_info,0,2号线
ZZM_CN_c53cc61f30b3,ZZS_54adf32b6c,南四环,0.35,line_propagated,2号线,0,normal_info,0,2号线
ZZM_CN_c53cc61f30b3,ZZS_6b600b7696,刘庄,0.35,line_propagated,2号线,0,normal_info,0,2号线
ZZM_CN_c53cc61f30b3,ZZS_72de4f5f66,惠济区政府,0.35,line_propagated,2号线,0,normal_info,0,2号线
ZZM_CN_c53cc61f30b3,ZZS_7dd13fd23f,黄河路,0.35,line_propagated,2号线,0,normal_info,0,2号线
ZZM_CN_c53cc61f30b3,ZZS_90c4ce1eb7,沙门,0.35,line_propagated,2号线,0,normal_info,0,2号线
ZZM_CN_c53cc61f30b3,ZZS_93b9249040,二里岗,0.35,line_propagated,2号线,0,normal_info,0,2号线
ZZM_CN_c53cc61f30b3,ZZS_9660c27c11,站马屯,0.35,line_propagated,2号线,0,normal_info,0,2号线
ZZM_CN_c53cc61f30b3,ZZS_9f383e1427,花寨,0.35,line_propagated,2号线,0,normal_info,0,2号线
ZZM_CN_c53cc61f30b3,ZZS_a14df2d44f,紫荆山,0.35,line_propagated,2号线,0,normal_info,0,2号线
ZZM_CN_c53cc61f30b3,ZZS_a7b91da4c7,陇海东路,0.35,line_propagated,2号线,0,normal_info,0,2号线
ZZM_CN_c53cc61f30b3,ZZS_abc078ccd5,黄河迎宾馆,0.35,line_propagated,2号线,0,normal_info,0,2号线
ZZM_CN_c53cc61f30b3,ZZS_bdc2a71da9,柳林,0.35,line_propagated,2号线,0,normal_info,0,2号线
ZZM_CN_c53cc61f30b3,ZZS_c180efc575,贾河,0.35,line_propagated,2号线,0,normal_info,0,2号线
ZZM_CN_c53cc61f30b3,ZZS_ff256e6634,北三环,0.35,line_propagated,2号线,0,normal_info,0,2号线
ZZM_CN_c53cc61f30b3,ZZS_ff491e6fdf,东风路,0.35,line_propagated,2号线,0,normal_info,0,2号线
ZZM_CN_c5deeab2318d,ZZS_00f55fa149,碧沙岗,0.35,line_propagated,1号线,1,service_disruption,0,1号线
ZZM_CN_c5deeab2318d,ZZS_065e638aef,东风南路,0.35,line_propagated,1号线,1,service_disruption,0,1号线
ZZM_CN_c5deeab2318d,ZZS_0660d199a6,农业南路,0.35,line_propagated,1号线,1,service_disruption,0,1号线
ZZM_CN_c5deeab2318d,ZZS_0ccbb4888d,二七广场,0.35,line_propagated,1号线,1,service_disruption,0,1号线
ZZM_CN_c5deeab2318d,ZZS_1acdaac4ce,铁炉,0.35,line_propagated,1号线,1,service_disruption,0,1号线
ZZM_CN_c5deeab2318d,ZZS_27d32a2e36,五一公园,0.35,line_propagated,1号线,1,service_disruption,0,1号线
ZZM_CN_c5deeab2318d,ZZS_3813354d55,绿城广场,0.35,line_propagated,1号线,1,service_disruption,0,1号线
ZZM_CN_c5deeab2318d,ZZS_38180914a0,燕庄,0.35,line_propagated,1号线,1,service_disruption,0,1号线
ZZM_CN_c5deeab2318d,ZZS_52a5a7940c,兰寨,0.35,line_propagated,1号线,1,service_disruption,0,1号线
ZZM_CN_c5deeab2318d,ZZS_5d37b2006d,河南大学新区,0.35,line_propagated,1号线,1,service_disruption,0,1号线
ZZM_CN_c5deeab2318d,ZZS_6c89efbe2c,文苑北路,0.35,line_propagated,1号线,1,service_disruption,0,1号线
ZZM_CN_c5deeab2318d,ZZS_87213b5129,会展中心,0.35,line_propagated,1号线,1,service_disruption,0,1号线
ZZM_CN_c5deeab2318d,ZZS_881a48e5bb,西三环,0.35,line_propagated,1号线,1,service_disruption,0,1号线
ZZM_CN_c5deeab2318d,ZZS_89f2ce9b1d,秦岭路,0.35,line_propagated,1号线,1,service_disruption,0,1号线
ZZM_CN_c5deeab2318d,ZZS_90196f31d6,郑州火车站,0.35,line_propagated,1号线,1,service_disruption,0,1号线
ZZM_CN_c5deeab2318d,ZZS_a14df2d44f,紫荆山,0.35,line_propagated,1号线,1,service_disruption,0,1号线
ZZM_CN_c5deeab2318d,ZZS_ae1b2afcad,梧桐街,0.35,line_propagated,1号线,1,service_disruption,0,1号线
ZZM_CN_c5deeab2318d,ZZS_aed2ee7bb7,河南工业大学,0.35,line_propagated,1号线,1,service_disruption,0,1号线
ZZM_CN_c5deeab2318d,ZZS_b0ac143899,龙子湖,0.35,line_propagated,1号线,1,service_disruption,0,1号线
ZZM_CN_c5deeab2318d,ZZS_b37a0bcf35,郑大科技园,0.35,line_propagated,1号线,1,service_disruption,0,1号线
ZZM_CN_c5deeab2318d,ZZS_b8d795b006,黄河南路,0.35,line_propagated,1号线,1,service_disruption,0,1号线
ZZM_CN_c5deeab2318d,ZZS_bb3c17098a,人民路,0.35,line_propagated,1号线,1,service_disruption,0,1号线
ZZM_CN_c5deeab2318d,ZZS_bf7f2bfbd0,博学路,0.35,line_propagated,1号线,1,service_disruption,0,1号线
ZZM_CN_c5deeab2318d,ZZS_c9109d3d9f,医学院,0.35,line_propagated,1号线,1,service_disruption,0,1号线
ZZM_CN_c5deeab2318d,ZZS_cc61daaced,市体育中心,0.35,line_propagated,1号线,1,service_disruption,0,1号线
ZZM_CN_c5deeab2318d,ZZS_d61a964e41,市民中心,0.35,line_propagated,1号线,1,service_disruption,0,1号线
ZZM_CN_c5deeab2318d,ZZS_e4b35b2f4d,郑州大学,0.35,line_propagated,1号线,1,service_disruption,0,1号线
ZZM_CN_c5deeab2318d,ZZS_e67ffc082e,西流湖,0.35,line_propagated,1号线,1,service_disruption,0,1号线
ZZM_CN_c5deeab2318d,ZZS_ff2a277828,民航路,0.35,line_propagated,1号线,1,service_disruption,0,1号线
ZZM_CN_c5deeab2318d,ZZS_ff6940526d,郑州东站,0.35,line_propagated,1号线,1,service_disruption,0,1号线
ZZM_CN_c5f4bf1ccb85,ZZS_02cf3e4cf5,南三环,0.35,line_propagated,2号线,0,normal_info,0,2号线
ZZM_CN_c5f4bf1ccb85,ZZS_1a5721a427,毛庄,0.35,line_propagated,2号线,0,normal_info,0,2号线
ZZM_CN_c5f4bf1ccb85,ZZS_20262a52f0,南五里堡,0.35,line_propagated,2号线,0,normal_info,0,2号线
ZZM_CN_c5f4bf1ccb85,ZZS_2bd57be00d,关虎屯,0.35,line_propagated,2号线,0,normal_info,0,2号线
ZZM_CN_c5f4bf1ccb85,ZZS_43a808507b,金洼,0.35,line_propagated,2号线,0,normal_info,0,2号线
ZZM_CN_c5f4bf1ccb85,ZZS_4d258fdd50,金达路,0.35,line_propagated,2号线,0,normal_info,0,2号线
ZZM_CN_c5f4bf1ccb85,ZZS_51e572c7c3,东大街,0.35,line_propagated,2号线,0,normal_info,0,2号线
ZZM_CN_c5f4bf1ccb85,ZZS_54adf32b6c,南四环,0.35,line_propagated,2号线,0,normal_info,0,2号线
ZZM_CN_c5f4bf1ccb85,ZZS_6b600b7696,刘庄,0.35,line_propagated,2号线,0,normal_info,0,2号线
ZZM_CN_c5f4bf1ccb85,ZZS_72de4f5f66,惠济区政府,0.35,line_propagated,2号线,0,normal_info,0,2号线
ZZM_CN_c5f4bf1ccb85,ZZS_7dd13fd23f,黄河路,0.35,line_propagated,2号线,0,normal_info,0,2号线
ZZM_CN_c5f4bf1ccb85,ZZS_90c4ce1eb7,沙门,0.35,line_propagated,2号线,0,normal_info,0,2号线
ZZM_CN_c5f4bf1ccb85,ZZS_93b9249040,二里岗,0.35,line_propagated,2号线,0,normal_info,0,2号线
ZZM_CN_c5f4bf1ccb85,ZZS_9660c27c11,站马屯,0.35,line_propagated,2号线,0,normal_info,0,2号线
ZZM_CN_c5f4bf1ccb85,ZZS_9f383e1427,花寨,0.35,line_propagated,2号线,0,normal_info,0,2号线
ZZM_CN_c5f4bf1ccb85,ZZS_a14df2d44f,紫荆山,0.35,line_propagated,2号线,0,normal_info,0,2号线
ZZM_CN_c5f4bf1ccb85,ZZS_a7b91da4c7,陇海东路,0.35,line_propagated,2号线,0,normal_info,0,2号线
ZZM_CN_c5f4bf1ccb85,ZZS_abc078ccd5,黄河迎宾馆,0.35,line_propagated,2号线,0,normal_info,0,2号线
ZZM_CN_c5f4bf1ccb85,ZZS_bdc2a71da9,柳林,0.35,line_propagated,2号线,0,normal_info,0,2号线
ZZM_CN_c5f4bf1ccb85,ZZS_c180efc575,贾河,0.35,line_propagated,2号线,0,normal_info,0,2号线
ZZM_CN_c5f4bf1ccb85,ZZS_ff256e6634,北三环,0.35,line_propagated,2号线,0,normal_info,0,2号线
ZZM_CN_c5f4bf1ccb85,ZZS_ff491e6fdf,东风路,0.35,line_propagated,2号线,0,normal_info,0,2号线
ZZM_CN_c5f90a8b3502,ZZS_001bf66fc1,陇海西路,0.35,line_propagated,5号线,0,normal_info,0,5号线
ZZM_CN_c5f90a8b3502,ZZS_1236ed80e3,中央商务区,0.35,line_propagated,5号线,0,normal_info,0,5号线
ZZM_CN_c5f90a8b3502,ZZS_1246e07d02,城东南路,0.35,line_propagated,5号线,0,normal_info,0,5号线
ZZM_CN_c5f90a8b3502,ZZS_136c32a256,市中心医院,0.35,line_propagated,5号线,0,normal_info,0,5号线
ZZM_CN_c5f90a8b3502,ZZS_14efbdcc1b,福塔东,0.35,line_propagated,5号线,0,normal_info,0,5号线
ZZM_CN_c5f90a8b3502,ZZS_190cc56901,金水东路,0.35,line_propagated,5号线,0,normal_info,0,5号线
ZZM_CN_c5f90a8b3502,ZZS_20262a52f0,南五里堡,0.35,line_propagated,5号线,0,normal_info,0,5号线
ZZM_CN_c5f90a8b3502,ZZS_20dcf363fc,康宁街,0.35,line_propagated,5号线,0,normal_info,0,5号线
ZZM_CN_c5f90a8b3502,ZZS_27d32a2e36,五一公园,0.35,line_propagated,5号线,0,normal_info,0,5号线
ZZM_CN_c5f90a8b3502,ZZS_2db8e2eabe,经北二路,0.35,line_propagated,5号线,0,normal_info,0,5号线
ZZM_CN_c5f90a8b3502,ZZS_31a002aa03,海滩寺,0.35,line_propagated,5号线,0,normal_info,0,5号线
ZZM_CN_c5f90a8b3502,ZZS_386438745b,祭城,0.35,line_propagated,5号线,0,normal_info,0,5号线
ZZM_CN_c5f90a8b3502,ZZS_3ada9c57dc,众意西路,0.35,line_propagated,5号线,0,normal_info,0,5号线
ZZM_CN_c5f90a8b3502,ZZS_45679e4fc0,七里河,0.35,line_propagated,5号线,0,normal_info,0,5号线
ZZM_CN_c5f90a8b3502,ZZS_4dd2360957,京广南路,0.35,line_propagated,5号线,0,normal_info,0,5号线
ZZM_CN_c5f90a8b3502,ZZS_5b6c4f8186,郑州人民医院,0.35,line_propagated,5号线,0,normal_info,0,5号线
ZZM_CN_c5f90a8b3502,ZZS_5babce6145,中原福塔,0.35,line_propagated,5号线,0,normal_info,0,5号线
ZZM_CN_c5f90a8b3502,ZZS_5dc87121c2,市第二人民医院,0.35,line_propagated,5号线,0,normal_info,0,5号线
ZZM_CN_c5f90a8b3502,ZZS_7dd13fd23f,黄河路,0.35,line_propagated,5号线,0,normal_info,0,5号线
ZZM_CN_c5f90a8b3502,ZZS_9a26907088,齐礼阎,0.35,line_propagated,5号线,0,normal_info,0,5号线
ZZM_CN_c5f90a8b3502,ZZS_9d8185e03c,省人民医院,0.35,line_propagated,5号线,0,normal_info,0,5号线
ZZM_CN_c5f90a8b3502,ZZS_a3cc0229f4,省骨科医院,0.35,line_propagated,5号线,0,normal_info,0,5号线
ZZM_CN_c5f90a8b3502,ZZS_ae7cc361da,月季公园,0.35,line_propagated,5号线,0,normal_info,0,5号线
ZZM_CN_c5f90a8b3502,ZZS_bd17c52fa6,儿童医院,0.35,line_propagated,5号线,0,normal_info,0,5号线
ZZM_CN_c5f90a8b3502,ZZS_c720567666,桐淮,0.35,line_propagated,5号线,0,normal_info,0,5号线
ZZM_CN_c5f90a8b3502,ZZS_c94675c30b,后河芦,0.35,line_propagated,5号线,0,normal_info,0,5号线
ZZM_CN_c5f90a8b3502,ZZS_c995bf7092,经开中心广场,0.35,line_propagated,5号线,0,normal_info,0,5号线
ZZM_CN_c5f90a8b3502,ZZS_cb2e15cfa0,姚砦,0.35,line_propagated,5号线,0,normal_info,0,5号线
ZZM_CN_c5f90a8b3502,ZZS_d0e428cc6b,孟庄,0.9,exact,孟庄,0,normal_info,0,5号线
ZZM_CN_c5f90a8b3502,ZZS_deb2edc4a2,沙口路,0.35,line_propagated,5号线,0,normal_info,0,5号线
ZZM_CN_c5f90a8b3502,ZZS_f095e9678f,航海广场,0.35,line_propagated,5号线,0,normal_info,0,5号线
ZZM_CN_c5f90a8b3502,ZZS_f97030e2b9,冯庄,0.35,line_propagated,5号线,0,normal_info,0,5号线
ZZM_CN_c5f90a8b3502,ZZS_ff6940526d,郑州东站,0.35,line_propagated,5号线,0,normal_info,0,5号线
ZZM_CN_c619ce8712f3,ZZS_00f55fa149,碧沙岗,0.35,line_propagated,1号线,0,normal_info,0,1号线
ZZM_CN_c619ce8712f3,ZZS_065e638aef,东风南路,0.35,line_propagated,1号线,0,normal_info,0,1号线
ZZM_CN_c619ce8712f3,ZZS_0660d199a6,农业南路,0.35,line_propagated,1号线,0,normal_info,0,1号线
ZZM_CN_c619ce8712f3,ZZS_0ccbb4888d,二七广场,0.35,line_propagated,1号线,0,normal_info,0,1号线
ZZM_CN_c619ce8712f3,ZZS_1acdaac4ce,铁炉,0.35,line_propagated,1号线,0,normal_info,0,1号线
ZZM_CN_c619ce8712f3,ZZS_27d32a2e36,五一公园,0.35,line_propagated,1号线,0,normal_info,0,1号线
ZZM_CN_c619ce8712f3,ZZS_3813354d55,绿城广场,0.35,line_propagated,1号线,0,normal_info,0,1号线
ZZM_CN_c619ce8712f3,ZZS_38180914a0,燕庄,0.35,line_propagated,1号线,0,normal_info,0,1号线
ZZM_CN_c619ce8712f3,ZZS_52a5a7940c,兰寨,0.35,line_propagated,1号线,0,normal_info,0,1号线
ZZM_CN_c619ce8712f3,ZZS_5d37b2006d,河南大学新区,0.35,line_propagated,1号线,0,normal_info,0,1号线
ZZM_CN_c619ce8712f3,ZZS_6c89efbe2c,文苑北路,0.35,line_propagated,1号线,0,normal_info,0,1号线
ZZM_CN_c619ce8712f3,ZZS_87213b5129,会展中心,0.35,line_propagated,1号线,0,normal_info,0,1号线
ZZM_CN_c619ce8712f3,ZZS_881a48e5bb,西三环,0.35,line_propagated,1号线,0,normal_info,0,1号线
ZZM_CN_c619ce8712f3,ZZS_89f2ce9b1d,秦岭路,0.35,line_propagated,1号线,0,normal_info,0,1号线
ZZM_CN_c619ce8712f3,ZZS_90196f31d6,郑州火车站,0.35,line_propagated,1号线,0,normal_info,0,1号线
ZZM_CN_c619ce8712f3,ZZS_a14df2d44f,紫荆山,0.35,line_propagated,1号线,0,normal_info,0,1号线
ZZM_CN_c619ce8712f3,ZZS_ae1b2afcad,梧桐街,0.35,line_propagated,1号线,0,normal_info,0,1号线
ZZM_CN_c619ce8712f3,ZZS_aed2ee7bb7,河南工业大学,0.35,line_propagated,1号线,0,normal_info,0,1号线
ZZM_CN_c619ce8712f3,ZZS_b0ac143899,龙子湖,0.35,line_propagated,1号线,0,normal_info,0,1号线
ZZM_CN_c619ce8712f3,ZZS_b37a0bcf35,郑大科技园,0.35,line_propagated,1号线,0,normal_info,0,1号线
ZZM_CN_c619ce8712f3,ZZS_b8d795b006,黄河南路,0.35,line_propagated,1号线,0,normal_info,0,1号线
ZZM_CN_c619ce8712f3,ZZS_bb3c17098a,人民路,0.35,line_propagated,1号线,0,normal_info,0,1号线
ZZM_CN_c619ce8712f3,ZZS_bf7f2bfbd0,博学路,0.35,line_propagated,1号线,0,normal_info,0,1号线
ZZM_CN_c619ce8712f3,ZZS_c9109d3d9f,医学院,0.35,line_propagated,1号线,0,normal_info,0,1号线
ZZM_CN_c619ce8712f3,ZZS_cc61daaced,市体育中心,0.35,line_propagated,1号线,0,normal_info,0,1号线
ZZM_CN_c619ce8712f3,ZZS_d61a964e41,市民中心,0.35,line_propagated,1号线,0,normal_info,0,1号线
ZZM_CN_c619ce8712f3,ZZS_e4b35b2f4d,郑州大学,0.35,line_propagated,1号线,0,normal_info,0,1号线
ZZM_CN_c619ce8712f3,ZZS_e67ffc082e,西流湖,0.35,line_propagated,1号线,0,normal_info,0,1号线
ZZM_CN_c619ce8712f3,ZZS_ff2a277828,民航路,0.35,line_propagated,1号线,0,normal_info,0,1号线
ZZM_CN_c619ce8712f3,ZZS_ff6940526d,郑州东站,0.35,line_propagated,1号线,0,normal_info,0,1号线
ZZM_CN_c61f4191d717,ZZS_00f55fa149,碧沙岗,0.35,line_propagated,1号线,0,normal_info,0,1号线
ZZM_CN_c61f4191d717,ZZS_065e638aef,东风南路,0.35,line_propagated,1号线,0,normal_info,0,1号线
ZZM_CN_c61f4191d717,ZZS_0660d199a6,农业南路,0.35,line_propagated,1号线,0,normal_info,0,1号线
ZZM_CN_c61f4191d717,ZZS_0ccbb4888d,二七广场,0.9,exact+line,1号线|二七广场,0,normal_info,0,1号线
ZZM_CN_c61f4191d717,ZZS_1acdaac4ce,铁炉,0.35,line_propagated,1号线,0,normal_info,0,1号线
ZZM_CN_c61f4191d717,ZZS_27d32a2e36,五一公园,0.35,line_propagated,1号线,0,normal_info,0,1号线
ZZM_CN_c61f4191d717,ZZS_3813354d55,绿城广场,0.35,line_propagated,1号线,0,normal_info,0,1号线
ZZM_CN_c61f4191d717,ZZS_38180914a0,燕庄,0.35,line_propagated,1号线,0,normal_info,0,1号线
ZZM_CN_c61f4191d717,ZZS_52a5a7940c,兰寨,0.35,line_propagated,1号线,0,normal_info,0,1号线
ZZM_CN_c61f4191d717,ZZS_5d37b2006d,河南大学新区,0.35,line_propagated,1号线,0,normal_info,0,1号线
ZZM_CN_c61f4191d717,ZZS_6c89efbe2c,文苑北路,0.35,line_propagated,1号线,0,normal_info,0,1号线
ZZM_CN_c61f4191d717,ZZS_87213b5129,会展中心,0.35,line_propagated,1号线,0,normal_info,0,1号线
ZZM_CN_c61f4191d717,ZZS_881a48e5bb,西三环,0.35,line_propagated,1号线,0,normal_info,0,1号线
ZZM_CN_c61f4191d717,ZZS_89f2ce9b1d,秦岭路,0.35,line_propagated,1号线,0,normal_info,0,1号线
ZZM_CN_c61f4191d717,ZZS_90196f31d6,郑州火车站,0.35,line_propagated,1号线,0,normal_info,0,1号线
ZZM_CN_c61f4191d717,ZZS_a14df2d44f,紫荆山,0.9,exact+line,1号线|紫荆山,0,normal_info,0,1号线
ZZM_CN_c61f4191d717,ZZS_ae1b2afcad,梧桐街,0.35,line_propagated,1号线,0,normal_info,0,1号线
ZZM_CN_c61f4191d717,ZZS_aed2ee7bb7,河南工业大学,0.35,line_propagated,1号线,0,normal_info,0,1号线
ZZM_CN_c61f4191d717,ZZS_b0ac143899,龙子湖,0.35,line_propagated,1号线,0,normal_info,0,1号线
ZZM_CN_c61f4191d717,ZZS_b37a0bcf35,郑大科技园,0.35,line_propagated,1号线,0,normal_info,0,1号线
ZZM_CN_c61f4191d717,ZZS_b8d795b006,黄河南路,0.35,line_propagated,1号线,0,normal_info,0,1号线
ZZM_CN_c61f4191d717,ZZS_bb3c17098a,人民路,0.35,line_propagated,1号线,0,normal_info,0,1号线
ZZM_CN_c61f4191d717,ZZS_bf7f2bfbd0,博学路,0.35,line_propagated,1号线,0,normal_info,0,1号线
ZZM_CN_c61f4191d717,ZZS_c9109d3d9f,医学院,0.35,line_propagated,1号线,0,normal_info,0,1号线
ZZM_CN_c61f4191d717,ZZS_cc61daaced,市体育中心,0.35,line_propagated,1号线,0,normal_info,0,1号线
ZZM_CN_c61f4191d717,ZZS_d61a964e41,市民中心,0.35,line_propagated,1号线,0,normal_info,0,1号线
ZZM_CN_c61f4191d717,ZZS_e4b35b2f4d,郑州大学,0.35,line_propagated,1号线,0,normal_info,0,1号线
ZZM_CN_c61f4191d717,ZZS_e67ffc082e,西流湖,0.35,line_propagated,1号线,0,normal_info,0,1号线
ZZM_CN_c61f4191d717,ZZS_ff2a277828,民航路,0.9,exact+line,1号线|民航路,0,normal_info,0,1号线
ZZM_CN_c61f4191d717,ZZS_ff6940526d,郑州东站,0.35,line_propagated,1号线,0,normal_info,0,1号线
ZZM_CN_c75aea5d0813,ZZS_047175b6e2,老鸦陈,0.35,line_propagated,4号线,0,normal_info,0,3号线|4号线
ZZM_CN_c75aea5d0813,ZZS_05d97db6f2,司赵,0.35,line_propagated,3号线,0,normal_info,0,3号线|4号线
ZZM_CN_c75aea5d0813,ZZS_06c5d1c11c,商鼎路,0.35,line_propagated,4号线,0,normal_info,0,3号线|4号线
ZZM_CN_c75aea5d0813,ZZS_0ccbb4888d,二七广场,0.35,line_propagated,3号线,0,normal_info,0,3号线|4号线
ZZM_CN_c75aea5d0813,ZZS_1236ed80e3,中央商务区,0.35,line_propagated,4号线,0,normal_info,0,3号线|4号线
ZZM_CN_c75aea5d0813,ZZS_1371fabdab,西大街,0.35,line_propagated,3号线,0,normal_info,0,3号线|4号线
ZZM_CN_c75aea5d0813,ZZS_13fc13c558,郑州文庙,0.35,line_propagated,3号线,0,normal_info,0,3号线|4号线
ZZM_CN_c75aea5d0813,ZZS_184971fb41,郎庄,0.35,line_propagated,4号线,0,normal_info,0,3号线|4号线
ZZM_CN_c75aea5d0813,ZZS_1acd4fa835,金岱,0.35,line_propagated,4号线,0,normal_info,0,3号线|4号线
ZZM_CN_c75aea5d0813,ZZS_1e911360df,姚庄,0.35,line_propagated,4号线,0,normal_info,0,3号线|4号线
ZZM_CN_c75aea5d0813,ZZS_25a45ff011,东周,0.35,line_propagated,3号线,0,normal_info,0,3号线|4号线
ZZM_CN_c75aea5d0813,ZZS_25a4eab92b,龙湖南,0.35,line_propagated,4号线,0,normal_info,0,3号线|4号线
ZZM_CN_c75aea5d0813,ZZS_28ee7061d7,东十里铺,0.35,line_propagated,3号线|4号线,0,normal_info,0,3号线|4号线
ZZM_CN_c75aea5d0813,ZZS_29284451da,凤凰台,0.35,line_propagated,3号线,0,normal_info,0,3号线|4号线
ZZM_CN_c75aea5d0813,ZZS_31a002aa03,海滩寺,0.35,line_propagated,3号线,0,normal_info,0,3号线|4号线
ZZM_CN_c75aea5d0813,ZZS_3546d6d127,丰庆路,0.35,line_propagated,4号线,0,normal_info,0,3号线|4号线
ZZM_CN_c75aea5d0813,ZZS_44eab6c022,南阳新村,0.35,line_propagated,3号线,0,normal_info,0,3号线|4号线
ZZM_CN_c75aea5d0813,ZZS_45679e4fc0,七里河,0.35,line_propagated,4号线,0,normal_info,0,3号线|4号线
ZZM_CN_c75aea5d0813,ZZS_51e572c7c3,东大街,0.35,line_propagated,3号线,0,normal_info,0,3号线|4号线
ZZM_CN_c75aea5d0813,ZZS_542d10f6f0,金融岛北,0.35,line_propagated,4号线,0,normal_info,0,3号线|4号线
ZZM_CN_c75aea5d0813,ZZS_548bc6fa98,陈寨东,0.35,line_propagated,4号线,0,normal_info,0,3号线|4号线
ZZM_CN_c75aea5d0813,ZZS_5563728074,营岗,0.35,line_propagated,3号线,0,normal_info,0,3号线|4号线
ZZM_CN_c75aea5d0813,ZZS_55f9aea406,森林公园北,0.35,line_propagated,4号线,0,normal_info,0,3号线|4号线
ZZM_CN_c75aea5d0813,ZZS_6605be2a4e,省体育中心,0.9,exact+line,3号线|4号线|省体育中心,0,normal_info,0,3号线|4号线
ZZM_CN_c75aea5d0813,ZZS_662c95b759,王砦,0.35,line_propagated,3号线,0,normal_info,0,3号线|4号线
ZZM_CN_c75aea5d0813,ZZS_6a0a21f658,通泰路,0.35,line_propagated,3号线,0,normal_info,0,3号线|4号线
ZZM_CN_c75aea5d0813,ZZS_6a9a14f197,北二十里铺,0.35,line_propagated,4号线,0,normal_info,0,3号线|4号线
ZZM_CN_c75aea5d0813,ZZS_87213b5129,会展中心,0.35,line_propagated,4号线,0,normal_info,0,3号线|4号线
ZZM_CN_c75aea5d0813,ZZS_90c4ce1eb7,沙门,0.35,line_propagated,4号线,0,normal_info,0,3号线|4号线
ZZM_CN_c75aea5d0813,ZZS_90de6fab35,货站街,0.35,line_propagated,4号线,0,normal_info,0,3号线|4号线
ZZM_CN_c75aea5d0813,ZZS_93f56b73b3,果树所,0.35,line_propagated,4号线,0,normal_info,0,3号线|4号线
ZZM_CN_c75aea5d0813,ZZS_95fb90b688,杨君刘,0.35,line_propagated,4号线,0,normal_info,0,3号线|4号线
ZZM_CN_c75aea5d0813,ZZS_973f67bf8a,同乐,0.35,line_propagated,3号线,0,normal_info,0,3号线|4号线
ZZM_CN_c75aea5d0813,ZZS_9965eccc39,龙湖中环北,0.35,line_propagated,4号线,0,normal_info,0,3号线|4号线
ZZM_CN_c75aea5d0813,ZZS_9a51a2fe83,兴隆铺,0.35,line_propagated,3号线,0,normal_info,0,3号线|4号线
ZZM_CN_c75aea5d0813,ZZS_a3cc0229f4,省骨科医院,0.35,line_propagated,3号线,0,normal_info,0,3号线|4号线
ZZM_CN_c75aea5d0813,ZZS_a9af1749e0,西周,0.35,line_propagated,3号线,0,normal_info,0,3号线|4号线
ZZM_CN_c75aea5d0813,ZZS_aa3686fb6d,金融岛南,0.35,line_propagated,4号线,0,normal_info,0,3号线|4号线
ZZM_CN_c75aea5d0813,ZZS_b5c4192440,圃田西,0.35,line_propagated,3号线,0,normal_info,0,3号线|4号线
ZZM_CN_c75aea5d0813,ZZS_b9cd9992ce,人民公园,0.35,line_propagated,3号线,0,normal_info,0,3号线|4号线
ZZM_CN_c75aea5d0813,ZZS_ba70aa715e,博览中心,0.35,line_propagated,3号线,0,normal_info,0,3号线|4号线
ZZM_CN_c75aea5d0813,ZZS_c5943bbf34,滨河新城,0.35,line_propagated,3号线,0,normal_info,0,3号线|4号线
ZZM_CN_c75aea5d0813,ZZS_c87aa9753c,体育中心,0.9,exact,体育中心,0,normal_info,0,3号线|4号线
ZZM_CN_c75aea5d0813,ZZS_c8f4a267a6,大石桥,0.35,line_propagated,3号线,0,normal_info,0,3号线|4号线
ZZM_CN_c75aea5d0813,ZZS_ccf9ac5267,清华附中,0.35,line_propagated,4号线,0,normal_info,0,3号线|4号线
ZZM_CN_c75aea5d0813,ZZS_d86c49fbed,农业东路,0.35,line_propagated,4号线,0,normal_info,0,3号线|4号线
ZZM_CN_c75aea5d0813,ZZS_dbb2385d18,龙湖北,0.35,line_propagated,4号线,0,normal_info,0,3号线|4号线
ZZM_CN_c75aea5d0813,ZZS_e9c14949ec,滨河新城南,0.35,line_propagated,3号线,0,normal_info,0,3号线|4号线
ZZM_CN_c75aea5d0813,ZZS_eca427650a,张家村,0.35,line_propagated,4号线,0,normal_info,0,3号线|4号线
ZZM_CN_c75aea5d0813,ZZS_eda0ec6e78,龙湖中环南,0.35,line_propagated,4号线,0,normal_info,0,3号线|4号线
ZZM_CN_c75aea5d0813,ZZS_ef6263ba13,潮河,0.35,line_propagated,3号线,0,normal_info,0,3号线|4号线
ZZM_CN_c8230643b8f5,ZZS_371844c59b,高铁公园,0.9,exact,高铁公园,2,safety_emergency,3,
ZZM_CN_c85037896f81,ZZS_00f55fa149,碧沙岗,0.35,line_propagated,1号线,0,normal_info,0,1号线
ZZM_CN_c85037896f81,ZZS_065e638aef,东风南路,0.35,line_propagated,1号线,0,normal_info,0,1号线
ZZM_CN_c85037896f81,ZZS_0660d199a6,农业南路,0.35,line_propagated,1号线,0,normal_info,0,1号线
ZZM_CN_c85037896f81,ZZS_0ccbb4888d,二七广场,0.35,line_propagated,1号线,0,normal_info,0,1号线
ZZM_CN_c85037896f81,ZZS_1acdaac4ce,铁炉,0.35,line_propagated,1号线,0,normal_info,0,1号线
ZZM_CN_c85037896f81,ZZS_27d32a2e36,五一公园,0.35,line_propagated,1号线,0,normal_info,0,1号线
ZZM_CN_c85037896f81,ZZS_3813354d55,绿城广场,0.35,line_propagated,1号线,0,normal_info,0,1号线
ZZM_CN_c85037896f81,ZZS_38180914a0,燕庄,0.35,line_propagated,1号线,0,normal_info,0,1号线
ZZM_CN_c85037896f81,ZZS_52a5a7940c,兰寨,0.35,line_propagated,1号线,0,normal_info,0,1号线
ZZM_CN_c85037896f81,ZZS_5d37b2006d,河南大学新区,0.35,line_propagated,1号线,0,normal_info,0,1号线
ZZM_CN_c85037896f81,ZZS_6c89efbe2c,文苑北路,0.35,line_propagated,1号线,0,normal_info,0,1号线
ZZM_CN_c85037896f81,ZZS_87213b5129,会展中心,0.35,line_propagated,1号线,0,normal_info,0,1号线
ZZM_CN_c85037896f81,ZZS_881a48e5bb,西三环,0.35,line_propagated,1号线,0,normal_info,0,1号线
ZZM_CN_c85037896f81,ZZS_89f2ce9b1d,秦岭路,0.35,line_propagated,1号线,0,normal_info,0,1号线
ZZM_CN_c85037896f81,ZZS_90196f31d6,郑州火车站,0.35,line_propagated,1号线,0,normal_info,0,1号线
ZZM_CN_c85037896f81,ZZS_a14df2d44f,紫荆山,0.35,line_propagated,1号线,0,normal_info,0,1号线
ZZM_CN_c85037896f81,ZZS_ae1b2afcad,梧桐街,0.35,line_propagated,1号线,0,normal_info,0,1号线
ZZM_CN_c85037896f81,ZZS_aed2ee7bb7,河南工业大学,0.35,line_propagated,1号线,0,normal_info,0,1号线
ZZM_CN_c85037896f81,ZZS_b0ac143899,龙子湖,0.35,line_propagated,1号线,0,normal_info,0,1号线
ZZM_CN_c85037896f81,ZZS_b37a0bcf35,郑大科技园,0.35,line_propagated,1号线,0,normal_info,0,1号线
ZZM_CN_c85037896f81,ZZS_b8d795b006,黄河南路,0.35,line_propagated,1号线,0,normal_info,0,1号线
ZZM_CN_c85037896f81,ZZS_bb3c17098a,人民路,0.35,line_propagated,1号线,0,normal_info,0,1号线
ZZM_CN_c85037896f81,ZZS_bf7f2bfbd0,博学路,0.35,line_propagated,1号线,0,normal_info,0,1号线
ZZM_CN_c85037896f81,ZZS_c9109d3d9f,医学院,0.35,line_propagated,1号线,0,normal_info,0,1号线
ZZM_CN_c85037896f81,ZZS_cc61daaced,市体育中心,0.35,line_propagated,1号线,0,normal_info,0,1号线
ZZM_CN_c85037896f81,ZZS_d61a964e41,市民中心,0.35,line_propagated,1号线,0,normal_info,0,1号线
ZZM_CN_c85037896f81,ZZS_e4b35b2f4d,郑州大学,0.35,line_propagated,1号线,0,normal_info,0,1号线
ZZM_CN_c85037896f81,ZZS_e67ffc082e,西流湖,0.35,line_propagated,1号线,0,normal_info,0,1号线
ZZM_CN_c85037896f81,ZZS_ff2a277828,民航路,0.35,line_propagated,1号线,0,normal_info,0,1号线
ZZM_CN_c85037896f81,ZZS_ff6940526d,郑州东站,0.35,line_propagated,1号线,0,normal_info,0,1号线
ZZM_CN_c99ac0fb4c4f,ZZS_54adf32b6c,南四环,0.9,exact,南四环,0,normal_info,0,
ZZM_CN_cb59eb53fee4,ZZS_00f55fa149,碧沙岗,0.35,line_propagated,1号线,0,normal_info,0,1号线
ZZM_CN_cb59eb53fee4,ZZS_065e638aef,东风南路,0.35,line_propagated,1号线,0,normal_info,0,1号线
ZZM_CN_cb59eb53fee4,ZZS_0660d199a6,农业南路,0.35,line_propagated,1号线,0,normal_info,0,1号线
ZZM_CN_cb59eb53fee4,ZZS_0ccbb4888d,二七广场,0.9,exact+line,1号线|二七广场,0,normal_info,0,1号线
ZZM_CN_cb59eb53fee4,ZZS_1acdaac4ce,铁炉,0.35,line_propagated,1号线,0,normal_info,0,1号线
ZZM_CN_cb59eb53fee4,ZZS_27d32a2e36,五一公园,0.35,line_propagated,1号线,0,normal_info,0,1号线
ZZM_CN_cb59eb53fee4,ZZS_3813354d55,绿城广场,0.35,line_propagated,1号线,0,normal_info,0,1号线
ZZM_CN_cb59eb53fee4,ZZS_38180914a0,燕庄,0.35,line_propagated,1号线,0,normal_info,0,1号线
ZZM_CN_cb59eb53fee4,ZZS_52a5a7940c,兰寨,0.35,line_propagated,1号线,0,normal_info,0,1号线
ZZM_CN_cb59eb53fee4,ZZS_5d37b2006d,河南大学新区,0.35,line_propagated,1号线,0,normal_info,0,1号线
ZZM_CN_cb59eb53fee4,ZZS_6c89efbe2c,文苑北路,0.35,line_propagated,1号线,0,normal_info,0,1号线
ZZM_CN_cb59eb53fee4,ZZS_87213b5129,会展中心,0.35,line_propagated,1号线,0,normal_info,0,1号线
ZZM_CN_cb59eb53fee4,ZZS_881a48e5bb,西三环,0.35,line_propagated,1号线,0,normal_info,0,1号线
ZZM_CN_cb59eb53fee4,ZZS_89f2ce9b1d,秦岭路,0.35,line_propagated,1号线,0,normal_info,0,1号线
ZZM_CN_cb59eb53fee4,ZZS_90196f31d6,郑州火车站,0.35,line_propagated,1号线,0,normal_info,0,1号线
ZZM_CN_cb59eb53fee4,ZZS_a14df2d44f,紫荆山,0.35,line_propagated,1号线,0,normal_info,0,1号线
ZZM_CN_cb59eb53fee4,ZZS_ae1b2afcad,梧桐街,0.35,line_propagated,1号线,0,normal_info,0,1号线
ZZM_CN_cb59eb53fee4,ZZS_aed2ee7bb7,河南工业大学,0.35,line_propagated,1号线,0,normal_info,0,1号线
ZZM_CN_cb59eb53fee4,ZZS_b0ac143899,龙子湖,0.35,line_propagated,1号线,0,normal_info,0,1号线
ZZM_CN_cb59eb53fee4,ZZS_b37a0bcf35,郑大科技园,0.35,line_propagated,1号线,0,normal_info,0,1号线
ZZM_CN_cb59eb53fee4,ZZS_b8d795b006,黄河南路,0.35,line_propagated,1号线,0,normal_info,0,1号线
ZZM_CN_cb59eb53fee4,ZZS_bb3c17098a,人民路,0.35,line_propagated,1号线,0,normal_info,0,1号线
ZZM_CN_cb59eb53fee4,ZZS_bf7f2bfbd0,博学路,0.35,line_propagated,1号线,0,normal_info,0,1号线
ZZM_CN_cb59eb53fee4,ZZS_c9109d3d9f,医学院,0.35,line_propagated,1号线,0,normal_info,0,1号线
ZZM_CN_cb59eb53fee4,ZZS_cc61daaced,市体育中心,0.35,line_propagated,1号线,0,normal_info,0,1号线
ZZM_CN_cb59eb53fee4,ZZS_d61a964e41,市民中心,0.35,line_propagated,1号线,0,normal_info,0,1号线
ZZM_CN_cb59eb53fee4,ZZS_e4b35b2f4d,郑州大学,0.35,line_propagated,1号线,0,normal_info,0,1号线
ZZM_CN_cb59eb53fee4,ZZS_e67ffc082e,西流湖,0.35,line_propagated,1号线,0,normal_info,0,1号线
ZZM_CN_cb59eb53fee4,ZZS_ff2a277828,民航路,0.35,line_propagated,1号线,0,normal_info,0,1号线
ZZM_CN_cb59eb53fee4,ZZS_ff6940526d,郑州东站,0.35,line_propagated,1号线,0,normal_info,0,1号线
ZZM_CN_cbdd9649d484,ZZS_38180914a0,燕庄,0.9,exact,燕庄,0,normal_info,0,
ZZM_CN_ce65b9545af1,ZZS_02cf3e4cf5,南三环,0.9,exact+line,2号线|南三环,4,crowd_weather_external,0,2号线
ZZM_CN_ce65b9545af1,ZZS_1a5721a427,毛庄,0.35,line_propagated,2号线,4,crowd_weather_external,0,2号线
ZZM_CN_ce65b9545af1,ZZS_20262a52f0,南五里堡,0.9,exact+line,2号线|南五里堡,4,crowd_weather_external,0,2号线
ZZM_CN_ce65b9545af1,ZZS_2bd57be00d,关虎屯,0.35,line_propagated,2号线,4,crowd_weather_external,0,2号线
ZZM_CN_ce65b9545af1,ZZS_43a808507b,金洼,0.35,line_propagated,2号线,4,crowd_weather_external,0,2号线
ZZM_CN_ce65b9545af1,ZZS_4d258fdd50,金达路,0.35,line_propagated,2号线,4,crowd_weather_external,0,2号线
ZZM_CN_ce65b9545af1,ZZS_51e572c7c3,东大街,0.35,line_propagated,2号线,4,crowd_weather_external,0,2号线
ZZM_CN_ce65b9545af1,ZZS_54adf32b6c,南四环,0.35,line_propagated,2号线,4,crowd_weather_external,0,2号线
ZZM_CN_ce65b9545af1,ZZS_6b600b7696,刘庄,0.35,line_propagated,2号线,4,crowd_weather_external,0,2号线
ZZM_CN_ce65b9545af1,ZZS_72de4f5f66,惠济区政府,0.35,line_propagated,2号线,4,crowd_weather_external,0,2号线
ZZM_CN_ce65b9545af1,ZZS_7dd13fd23f,黄河路,0.35,line_propagated,2号线,4,crowd_weather_external,0,2号线
ZZM_CN_ce65b9545af1,ZZS_90c4ce1eb7,沙门,0.35,line_propagated,2号线,4,crowd_weather_external,0,2号线
ZZM_CN_ce65b9545af1,ZZS_93b9249040,二里岗,0.9,exact+line,2号线|二里岗,4,crowd_weather_external,0,2号线
ZZM_CN_ce65b9545af1,ZZS_9660c27c11,站马屯,0.9,exact+line,2号线|站马屯,4,crowd_weather_external,0,2号线
ZZM_CN_ce65b9545af1,ZZS_9f383e1427,花寨,0.9,exact+line,2号线|花寨,4,crowd_weather_external,0,2号线
ZZM_CN_ce65b9545af1,ZZS_a14df2d44f,紫荆山,0.9,exact+line,2号线|紫荆山,4,crowd_weather_external,0,2号线
ZZM_CN_ce65b9545af1,ZZS_a7b91da4c7,陇海东路,0.9,exact+line,2号线|陇海东路,4,crowd_weather_external,0,2号线
ZZM_CN_ce65b9545af1,ZZS_abc078ccd5,黄河迎宾馆,0.35,line_propagated,2号线,4,crowd_weather_external,0,2号线
ZZM_CN_ce65b9545af1,ZZS_bdc2a71da9,柳林,0.35,line_propagated,2号线,4,crowd_weather_external,0,2号线
ZZM_CN_ce65b9545af1,ZZS_c180efc575,贾河,0.35,line_propagated,2号线,4,crowd_weather_external,0,2号线
ZZM_CN_ce65b9545af1,ZZS_ff256e6634,北三环,0.35,line_propagated,2号线,4,crowd_weather_external,0,2号线
ZZM_CN_ce65b9545af1,ZZS_ff491e6fdf,东风路,0.35,line_propagated,2号线,4,crowd_weather_external,0,2号线
ZZM_CN_ce88ed60d7a7,ZZS_001bf66fc1,陇海西路,0.35,line_propagated,5号线,4,crowd_weather_external,0,5号线
ZZM_CN_ce88ed60d7a7,ZZS_1236ed80e3,中央商务区,0.35,line_propagated,5号线,4,crowd_weather_external,0,5号线
ZZM_CN_ce88ed60d7a7,ZZS_1246e07d02,城东南路,0.35,line_propagated,5号线,4,crowd_weather_external,0,5号线
ZZM_CN_ce88ed60d7a7,ZZS_136c32a256,市中心医院,0.35,line_propagated,5号线,4,crowd_weather_external,0,5号线
ZZM_CN_ce88ed60d7a7,ZZS_14efbdcc1b,福塔东,0.35,line_propagated,5号线,4,crowd_weather_external,0,5号线
ZZM_CN_ce88ed60d7a7,ZZS_190cc56901,金水东路,0.35,line_propagated,5号线,4,crowd_weather_external,0,5号线
ZZM_CN_ce88ed60d7a7,ZZS_20262a52f0,南五里堡,0.35,line_propagated,5号线,4,crowd_weather_external,0,5号线
ZZM_CN_ce88ed60d7a7,ZZS_20dcf363fc,康宁街,0.35,line_propagated,5号线,4,crowd_weather_external,0,5号线
ZZM_CN_ce88ed60d7a7,ZZS_27d32a2e36,五一公园,0.35,line_propagated,5号线,4,crowd_weather_external,0,5号线
ZZM_CN_ce88ed60d7a7,ZZS_2db8e2eabe,经北二路,0.35,line_propagated,5号线,4,crowd_weather_external,0,5号线
ZZM_CN_ce88ed60d7a7,ZZS_31a002aa03,海滩寺,0.35,line_propagated,5号线,4,crowd_weather_external,0,5号线
ZZM_CN_ce88ed60d7a7,ZZS_386438745b,祭城,0.35,line_propagated,5号线,4,crowd_weather_external,0,5号线
ZZM_CN_ce88ed60d7a7,ZZS_3ada9c57dc,众意西路,0.35,line_propagated,5号线,4,crowd_weather_external,0,5号线
ZZM_CN_ce88ed60d7a7,ZZS_45679e4fc0,七里河,0.35,line_propagated,5号线,4,crowd_weather_external,0,5号线
ZZM_CN_ce88ed60d7a7,ZZS_4dd2360957,京广南路,0.35,line_propagated,5号线,4,crowd_weather_external,0,5号线
ZZM_CN_ce88ed60d7a7,ZZS_5b6c4f8186,郑州人民医院,0.35,line_propagated,5号线,4,crowd_weather_external,0,5号线
ZZM_CN_ce88ed60d7a7,ZZS_5babce6145,中原福塔,0.35,line_propagated,5号线,4,crowd_weather_external,0,5号线
ZZM_CN_ce88ed60d7a7,ZZS_5dc87121c2,市第二人民医院,0.35,line_propagated,5号线,4,crowd_weather_external,0,5号线
ZZM_CN_ce88ed60d7a7,ZZS_7dd13fd23f,黄河路,0.35,line_propagated,5号线,4,crowd_weather_external,0,5号线
ZZM_CN_ce88ed60d7a7,ZZS_9a26907088,齐礼阎,0.35,line_propagated,5号线,4,crowd_weather_external,0,5号线
ZZM_CN_ce88ed60d7a7,ZZS_9d8185e03c,省人民医院,0.35,line_propagated,5号线,4,crowd_weather_external,0,5号线
ZZM_CN_ce88ed60d7a7,ZZS_a3cc0229f4,省骨科医院,0.35,line_propagated,5号线,4,crowd_weather_external,0,5号线
ZZM_CN_ce88ed60d7a7,ZZS_ae7cc361da,月季公园,0.35,line_propagated,5号线,4,crowd_weather_external,0,5号线
ZZM_CN_ce88ed60d7a7,ZZS_bd17c52fa6,儿童医院,0.35,line_propagated,5号线,4,crowd_weather_external,0,5号线
ZZM_CN_ce88ed60d7a7,ZZS_c720567666,桐淮,0.35,line_propagated,5号线,4,crowd_weather_external,0,5号线
ZZM_CN_ce88ed60d7a7,ZZS_c94675c30b,后河芦,0.35,line_propagated,5号线,4,crowd_weather_external,0,5号线
ZZM_CN_ce88ed60d7a7,ZZS_c995bf7092,经开中心广场,0.35,line_propagated,5号线,4,crowd_weather_external,0,5号线
ZZM_CN_ce88ed60d7a7,ZZS_cb2e15cfa0,姚砦,0.35,line_propagated,5号线,4,crowd_weather_external,0,5号线
ZZM_CN_ce88ed60d7a7,ZZS_deb2edc4a2,沙口路,0.35,line_propagated,5号线,4,crowd_weather_external,0,5号线
ZZM_CN_ce88ed60d7a7,ZZS_f095e9678f,航海广场,0.35,line_propagated,5号线,4,crowd_weather_external,0,5号线
ZZM_CN_ce88ed60d7a7,ZZS_f97030e2b9,冯庄,0.35,line_propagated,5号线,4,crowd_weather_external,0,5号线
ZZM_CN_ce88ed60d7a7,ZZS_ff6940526d,郑州东站,0.35,line_propagated,5号线,4,crowd_weather_external,0,5号线
ZZM_CN_cea38acb2581,ZZS_02cf3e4cf5,南三环,0.35,line_propagated,2号线,2,safety_emergency,2,2号线
ZZM_CN_cea38acb2581,ZZS_1a5721a427,毛庄,0.35,line_propagated,2号线,2,safety_emergency,2,2号线
ZZM_CN_cea38acb2581,ZZS_20262a52f0,南五里堡,0.35,line_propagated,2号线,2,safety_emergency,2,2号线
ZZM_CN_cea38acb2581,ZZS_2bd57be00d,关虎屯,0.35,line_propagated,2号线,2,safety_emergency,2,2号线
ZZM_CN_cea38acb2581,ZZS_43a808507b,金洼,0.35,line_propagated,2号线,2,safety_emergency,2,2号线
ZZM_CN_cea38acb2581,ZZS_4d258fdd50,金达路,0.35,line_propagated,2号线,2,safety_emergency,2,2号线
ZZM_CN_cea38acb2581,ZZS_51e572c7c3,东大街,0.35,line_propagated,2号线,2,safety_emergency,2,2号线
ZZM_CN_cea38acb2581,ZZS_54adf32b6c,南四环,0.35,line_propagated,2号线,2,safety_emergency,2,2号线
ZZM_CN_cea38acb2581,ZZS_6b600b7696,刘庄,0.35,line_propagated,2号线,2,safety_emergency,2,2号线
ZZM_CN_cea38acb2581,ZZS_72de4f5f66,惠济区政府,0.35,line_propagated,2号线,2,safety_emergency,2,2号线
ZZM_CN_cea38acb2581,ZZS_7dd13fd23f,黄河路,0.35,line_propagated,2号线,2,safety_emergency,2,2号线
ZZM_CN_cea38acb2581,ZZS_90c4ce1eb7,沙门,0.35,line_propagated,2号线,2,safety_emergency,2,2号线
ZZM_CN_cea38acb2581,ZZS_93b9249040,二里岗,0.35,line_propagated,2号线,2,safety_emergency,2,2号线
ZZM_CN_cea38acb2581,ZZS_9660c27c11,站马屯,0.35,line_propagated,2号线,2,safety_emergency,2,2号线
ZZM_CN_cea38acb2581,ZZS_9f383e1427,花寨,0.35,line_propagated,2号线,2,safety_emergency,2,2号线
ZZM_CN_cea38acb2581,ZZS_a14df2d44f,紫荆山,0.35,line_propagated,2号线,2,safety_emergency,2,2号线
ZZM_CN_cea38acb2581,ZZS_a7b91da4c7,陇海东路,0.35,line_propagated,2号线,2,safety_emergency,2,2号线
ZZM_CN_cea38acb2581,ZZS_abc078ccd5,黄河迎宾馆,0.35,line_propagated,2号线,2,safety_emergency,2,2号线
ZZM_CN_cea38acb2581,ZZS_bdc2a71da9,柳林,0.35,line_propagated,2号线,2,safety_emergency,2,2号线
ZZM_CN_cea38acb2581,ZZS_c180efc575,贾河,0.35,line_propagated,2号线,2,safety_emergency,2,2号线
ZZM_CN_cea38acb2581,ZZS_ff256e6634,北三环,0.35,line_propagated,2号线,2,safety_emergency,2,2号线
ZZM_CN_cea38acb2581,ZZS_ff491e6fdf,东风路,0.35,line_propagated,2号线,2,safety_emergency,2,2号线
ZZM_CN_cf2482cc8e6b,ZZS_00f55fa149,碧沙岗,0.35,line_propagated,1号线,0,normal_info,0,1号线
ZZM_CN_cf2482cc8e6b,ZZS_065e638aef,东风南路,0.35,line_propagated,1号线,0,normal_info,0,1号线
ZZM_CN_cf2482cc8e6b,ZZS_0660d199a6,农业南路,0.35,line_propagated,1号线,0,normal_info,0,1号线
ZZM_CN_cf2482cc8e6b,ZZS_0ccbb4888d,二七广场,0.35,line_propagated,1号线,0,normal_info,0,1号线
ZZM_CN_cf2482cc8e6b,ZZS_1acdaac4ce,铁炉,0.35,line_propagated,1号线,0,normal_info,0,1号线
ZZM_CN_cf2482cc8e6b,ZZS_27d32a2e36,五一公园,0.35,line_propagated,1号线,0,normal_info,0,1号线
ZZM_CN_cf2482cc8e6b,ZZS_3813354d55,绿城广场,0.35,line_propagated,1号线,0,normal_info,0,1号线
ZZM_CN_cf2482cc8e6b,ZZS_38180914a0,燕庄,0.35,line_propagated,1号线,0,normal_info,0,1号线
ZZM_CN_cf2482cc8e6b,ZZS_52a5a7940c,兰寨,0.35,line_propagated,1号线,0,normal_info,0,1号线
ZZM_CN_cf2482cc8e6b,ZZS_5d37b2006d,河南大学新区,0.35,line_propagated,1号线,0,normal_info,0,1号线
ZZM_CN_cf2482cc8e6b,ZZS_6c89efbe2c,文苑北路,0.35,line_propagated,1号线,0,normal_info,0,1号线
ZZM_CN_cf2482cc8e6b,ZZS_87213b5129,会展中心,0.9,exact+line,1号线|会展中心,0,normal_info,0,1号线
ZZM_CN_cf2482cc8e6b,ZZS_881a48e5bb,西三环,0.35,line_propagated,1号线,0,normal_info,0,1号线
ZZM_CN_cf2482cc8e6b,ZZS_89f2ce9b1d,秦岭路,0.35,line_propagated,1号线,0,normal_info,0,1号线
ZZM_CN_cf2482cc8e6b,ZZS_90196f31d6,郑州火车站,0.35,line_propagated,1号线,0,normal_info,0,1号线
ZZM_CN_cf2482cc8e6b,ZZS_a14df2d44f,紫荆山,0.35,line_propagated,1号线,0,normal_info,0,1号线
ZZM_CN_cf2482cc8e6b,ZZS_ae1b2afcad,梧桐街,0.35,line_propagated,1号线,0,normal_info,0,1号线
ZZM_CN_cf2482cc8e6b,ZZS_aed2ee7bb7,河南工业大学,0.35,line_propagated,1号线,0,normal_info,0,1号线
ZZM_CN_cf2482cc8e6b,ZZS_b0ac143899,龙子湖,0.35,line_propagated,1号线,0,normal_info,0,1号线
ZZM_CN_cf2482cc8e6b,ZZS_b37a0bcf35,郑大科技园,0.35,line_propagated,1号线,0,normal_info,0,1号线
ZZM_CN_cf2482cc8e6b,ZZS_b8d795b006,黄河南路,0.35,line_propagated,1号线,0,normal_info,0,1号线
ZZM_CN_cf2482cc8e6b,ZZS_bb3c17098a,人民路,0.35,line_propagated,1号线,0,normal_info,0,1号线
ZZM_CN_cf2482cc8e6b,ZZS_bf7f2bfbd0,博学路,0.35,line_propagated,1号线,0,normal_info,0,1号线
ZZM_CN_cf2482cc8e6b,ZZS_c9109d3d9f,医学院,0.35,line_propagated,1号线,0,normal_info,0,1号线
ZZM_CN_cf2482cc8e6b,ZZS_cc61daaced,市体育中心,0.35,line_propagated,1号线,0,normal_info,0,1号线
ZZM_CN_cf2482cc8e6b,ZZS_d61a964e41,市民中心,0.35,line_propagated,1号线,0,normal_info,0,1号线
ZZM_CN_cf2482cc8e6b,ZZS_e4b35b2f4d,郑州大学,0.35,line_propagated,1号线,0,normal_info,0,1号线
ZZM_CN_cf2482cc8e6b,ZZS_e67ffc082e,西流湖,0.35,line_propagated,1号线,0,normal_info,0,1号线
ZZM_CN_cf2482cc8e6b,ZZS_ff2a277828,民航路,0.35,line_propagated,1号线,0,normal_info,0,1号线
ZZM_CN_cf2482cc8e6b,ZZS_ff6940526d,郑州东站,0.35,line_propagated,1号线,0,normal_info,0,1号线
ZZM_CN_cfde300f9b6d,ZZS_001bf66fc1,陇海西路,0.35,line_propagated,5号线,0,normal_info,0,5号线
ZZM_CN_cfde300f9b6d,ZZS_1236ed80e3,中央商务区,0.35,line_propagated,5号线,0,normal_info,0,5号线
ZZM_CN_cfde300f9b6d,ZZS_1246e07d02,城东南路,0.35,line_propagated,5号线,0,normal_info,0,5号线
ZZM_CN_cfde300f9b6d,ZZS_136c32a256,市中心医院,0.35,line_propagated,5号线,0,normal_info,0,5号线
ZZM_CN_cfde300f9b6d,ZZS_14efbdcc1b,福塔东,0.35,line_propagated,5号线,0,normal_info,0,5号线
ZZM_CN_cfde300f9b6d,ZZS_190cc56901,金水东路,0.35,line_propagated,5号线,0,normal_info,0,5号线
ZZM_CN_cfde300f9b6d,ZZS_20262a52f0,南五里堡,0.35,line_propagated,5号线,0,normal_info,0,5号线
ZZM_CN_cfde300f9b6d,ZZS_20dcf363fc,康宁街,0.35,line_propagated,5号线,0,normal_info,0,5号线
ZZM_CN_cfde300f9b6d,ZZS_27d32a2e36,五一公园,0.35,line_propagated,5号线,0,normal_info,0,5号线
ZZM_CN_cfde300f9b6d,ZZS_2db8e2eabe,经北二路,0.35,line_propagated,5号线,0,normal_info,0,5号线
ZZM_CN_cfde300f9b6d,ZZS_31a002aa03,海滩寺,0.35,line_propagated,5号线,0,normal_info,0,5号线
ZZM_CN_cfde300f9b6d,ZZS_386438745b,祭城,0.35,line_propagated,5号线,0,normal_info,0,5号线
ZZM_CN_cfde300f9b6d,ZZS_3ada9c57dc,众意西路,0.35,line_propagated,5号线,0,normal_info,0,5号线
ZZM_CN_cfde300f9b6d,ZZS_45679e4fc0,七里河,0.35,line_propagated,5号线,0,normal_info,0,5号线
ZZM_CN_cfde300f9b6d,ZZS_4dd2360957,京广南路,0.35,line_propagated,5号线,0,normal_info,0,5号线
ZZM_CN_cfde300f9b6d,ZZS_5b6c4f8186,郑州人民医院,0.35,line_propagated,5号线,0,normal_info,0,5号线
ZZM_CN_cfde300f9b6d,ZZS_5babce6145,中原福塔,0.35,line_propagated,5号线,0,normal_info,0,5号线
ZZM_CN_cfde300f9b6d,ZZS_5dc87121c2,市第二人民医院,0.35,line_propagated,5号线,0,normal_info,0,5号线
ZZM_CN_cfde300f9b6d,ZZS_7dd13fd23f,黄河路,0.35,line_propagated,5号线,0,normal_info,0,5号线
ZZM_CN_cfde300f9b6d,ZZS_9a26907088,齐礼阎,0.35,line_propagated,5号线,0,normal_info,0,5号线
ZZM_CN_cfde300f9b6d,ZZS_9d8185e03c,省人民医院,0.35,line_propagated,5号线,0,normal_info,0,5号线
ZZM_CN_cfde300f9b6d,ZZS_a3cc0229f4,省骨科医院,0.35,line_propagated,5号线,0,normal_info,0,5号线
ZZM_CN_cfde300f9b6d,ZZS_ae7cc361da,月季公园,0.35,line_propagated,5号线,0,normal_info,0,5号线
ZZM_CN_cfde300f9b6d,ZZS_bd17c52fa6,儿童医院,0.35,line_propagated,5号线,0,normal_info,0,5号线
ZZM_CN_cfde300f9b6d,ZZS_c720567666,桐淮,0.35,line_propagated,5号线,0,normal_info,0,5号线
ZZM_CN_cfde300f9b6d,ZZS_c94675c30b,后河芦,0.35,line_propagated,5号线,0,normal_info,0,5号线
ZZM_CN_cfde300f9b6d,ZZS_c995bf7092,经开中心广场,0.35,line_propagated,5号线,0,normal_info,0,5号线
ZZM_CN_cfde300f9b6d,ZZS_cb2e15cfa0,姚砦,0.35,line_propagated,5号线,0,normal_info,0,5号线
ZZM_CN_cfde300f9b6d,ZZS_deb2edc4a2,沙口路,0.35,line_propagated,5号线,0,normal_info,0,5号线
ZZM_CN_cfde300f9b6d,ZZS_f095e9678f,航海广场,0.35,line_propagated,5号线,0,normal_info,0,5号线
ZZM_CN_cfde300f9b6d,ZZS_f97030e2b9,冯庄,0.35,line_propagated,5号线,0,normal_info,0,5号线
ZZM_CN_cfde300f9b6d,ZZS_ff6940526d,郑州东站,0.9,exact+line,5号线|郑州东站,0,normal_info,0,5号线
ZZM_CN_d00445c6496e,ZZS_001bf66fc1,陇海西路,0.35,line_propagated,5号线,0,normal_info,0,5号线
ZZM_CN_d00445c6496e,ZZS_1236ed80e3,中央商务区,0.35,line_propagated,5号线,0,normal_info,0,5号线
ZZM_CN_d00445c6496e,ZZS_1246e07d02,城东南路,0.35,line_propagated,5号线,0,normal_info,0,5号线
ZZM_CN_d00445c6496e,ZZS_136c32a256,市中心医院,0.35,line_propagated,5号线,0,normal_info,0,5号线
ZZM_CN_d00445c6496e,ZZS_14efbdcc1b,福塔东,0.35,line_propagated,5号线,0,normal_info,0,5号线
ZZM_CN_d00445c6496e,ZZS_190cc56901,金水东路,0.35,line_propagated,5号线,0,normal_info,0,5号线
ZZM_CN_d00445c6496e,ZZS_20262a52f0,南五里堡,0.35,line_propagated,5号线,0,normal_info,0,5号线
ZZM_CN_d00445c6496e,ZZS_20dcf363fc,康宁街,0.35,line_propagated,5号线,0,normal_info,0,5号线
ZZM_CN_d00445c6496e,ZZS_27d32a2e36,五一公园,0.35,line_propagated,5号线,0,normal_info,0,5号线
ZZM_CN_d00445c6496e,ZZS_2db8e2eabe,经北二路,0.35,line_propagated,5号线,0,normal_info,0,5号线
ZZM_CN_d00445c6496e,ZZS_31a002aa03,海滩寺,0.35,line_propagated,5号线,0,normal_info,0,5号线
ZZM_CN_d00445c6496e,ZZS_386438745b,祭城,0.35,line_propagated,5号线,0,normal_info,0,5号线
ZZM_CN_d00445c6496e,ZZS_3ada9c57dc,众意西路,0.35,line_propagated,5号线,0,normal_info,0,5号线
ZZM_CN_d00445c6496e,ZZS_45679e4fc0,七里河,0.9,exact+line,5号线|七里河,0,normal_info,0,5号线
ZZM_CN_d00445c6496e,ZZS_4dd2360957,京广南路,0.35,line_propagated,5号线,0,normal_info,0,5号线
ZZM_CN_d00445c6496e,ZZS_5b6c4f8186,郑州人民医院,0.35,line_propagated,5号线,0,normal_info,0,5号线
ZZM_CN_d00445c6496e,ZZS_5babce6145,中原福塔,0.35,line_propagated,5号线,0,normal_info,0,5号线
ZZM_CN_d00445c6496e,ZZS_5dc87121c2,市第二人民医院,0.35,line_propagated,5号线,0,normal_info,0,5号线
ZZM_CN_d00445c6496e,ZZS_7dd13fd23f,黄河路,0.35,line_propagated,5号线,0,normal_info,0,5号线
ZZM_CN_d00445c6496e,ZZS_9a26907088,齐礼阎,0.35,line_propagated,5号线,0,normal_info,0,5号线
ZZM_CN_d00445c6496e,ZZS_9d8185e03c,省人民医院,0.35,line_propagated,5号线,0,normal_info,0,5号线
ZZM_CN_d00445c6496e,ZZS_a3cc0229f4,省骨科医院,0.35,line_propagated,5号线,0,normal_info,0,5号线
ZZM_CN_d00445c6496e,ZZS_ae7cc361da,月季公园,0.35,line_propagated,5号线,0,normal_info,0,5号线
ZZM_CN_d00445c6496e,ZZS_bd17c52fa6,儿童医院,0.35,line_propagated,5号线,0,normal_info,0,5号线
ZZM_CN_d00445c6496e,ZZS_c720567666,桐淮,0.35,line_propagated,5号线,0,normal_info,0,5号线
ZZM_CN_d00445c6496e,ZZS_c94675c30b,后河芦,0.35,line_propagated,5号线,0,normal_info,0,5号线
ZZM_CN_d00445c6496e,ZZS_c995bf7092,经开中心广场,0.35,line_propagated,5号线,0,normal_info,0,5号线
ZZM_CN_d00445c6496e,ZZS_cb2e15cfa0,姚砦,0.35,line_propagated,5号线,0,normal_info,0,5号线
ZZM_CN_d00445c6496e,ZZS_deb2edc4a2,沙口路,0.35,line_propagated,5号线,0,normal_info,0,5号线
ZZM_CN_d00445c6496e,ZZS_f095e9678f,航海广场,0.35,line_propagated,5号线,0,normal_info,0,5号线
ZZM_CN_d00445c6496e,ZZS_f97030e2b9,冯庄,0.35,line_propagated,5号线,0,normal_info,0,5号线
ZZM_CN_d00445c6496e,ZZS_ff6940526d,郑州东站,0.35,line_propagated,5号线,0,normal_info,0,5号线
ZZM_CN_d05b651df386,ZZS_02cf3e4cf5,南三环,0.35,line_propagated,2号线,0,normal_info,0,2号线
ZZM_CN_d05b651df386,ZZS_1a5721a427,毛庄,0.35,line_propagated,2号线,0,normal_info,0,2号线
ZZM_CN_d05b651df386,ZZS_20262a52f0,南五里堡,0.35,line_propagated,2号线,0,normal_info,0,2号线
ZZM_CN_d05b651df386,ZZS_2bd57be00d,关虎屯,0.35,line_propagated,2号线,0,normal_info,0,2号线
ZZM_CN_d05b651df386,ZZS_43a808507b,金洼,0.35,line_propagated,2号线,0,normal_info,0,2号线
ZZM_CN_d05b651df386,ZZS_4d258fdd50,金达路,0.35,line_propagated,2号线,0,normal_info,0,2号线
ZZM_CN_d05b651df386,ZZS_51e572c7c3,东大街,0.35,line_propagated,2号线,0,normal_info,0,2号线
ZZM_CN_d05b651df386,ZZS_54adf32b6c,南四环,0.35,line_propagated,2号线,0,normal_info,0,2号线
ZZM_CN_d05b651df386,ZZS_6b600b7696,刘庄,0.35,line_propagated,2号线,0,normal_info,0,2号线
ZZM_CN_d05b651df386,ZZS_72de4f5f66,惠济区政府,0.35,line_propagated,2号线,0,normal_info,0,2号线
ZZM_CN_d05b651df386,ZZS_7dd13fd23f,黄河路,0.35,line_propagated,2号线,0,normal_info,0,2号线
ZZM_CN_d05b651df386,ZZS_90c4ce1eb7,沙门,0.35,line_propagated,2号线,0,normal_info,0,2号线
ZZM_CN_d05b651df386,ZZS_93b9249040,二里岗,0.35,line_propagated,2号线,0,normal_info,0,2号线
ZZM_CN_d05b651df386,ZZS_9660c27c11,站马屯,0.35,line_propagated,2号线,0,normal_info,0,2号线
ZZM_CN_d05b651df386,ZZS_9f383e1427,花寨,0.35,line_propagated,2号线,0,normal_info,0,2号线
ZZM_CN_d05b651df386,ZZS_a14df2d44f,紫荆山,0.35,line_propagated,2号线,0,normal_info,0,2号线
ZZM_CN_d05b651df386,ZZS_a7b91da4c7,陇海东路,0.35,line_propagated,2号线,0,normal_info,0,2号线
ZZM_CN_d05b651df386,ZZS_abc078ccd5,黄河迎宾馆,0.35,line_propagated,2号线,0,normal_info,0,2号线
ZZM_CN_d05b651df386,ZZS_bdc2a71da9,柳林,0.35,line_propagated,2号线,0,normal_info,0,2号线
ZZM_CN_d05b651df386,ZZS_c180efc575,贾河,0.35,line_propagated,2号线,0,normal_info,0,2号线
ZZM_CN_d05b651df386,ZZS_ff256e6634,北三环,0.35,line_propagated,2号线,0,normal_info,0,2号线
ZZM_CN_d05b651df386,ZZS_ff491e6fdf,东风路,0.35,line_propagated,2号线,0,normal_info,0,2号线
ZZM_CN_d0c0850e023f,ZZS_87213b5129,会展中心,0.9,exact,会展中心,0,normal_info,0,
ZZM_CN_d13dec9fd4e9,ZZS_00f55fa149,碧沙岗,0.35,line_propagated,1号线,0,normal_info,0,1号线
ZZM_CN_d13dec9fd4e9,ZZS_065e638aef,东风南路,0.35,line_propagated,1号线,0,normal_info,0,1号线
ZZM_CN_d13dec9fd4e9,ZZS_0660d199a6,农业南路,0.35,line_propagated,1号线,0,normal_info,0,1号线
ZZM_CN_d13dec9fd4e9,ZZS_0ccbb4888d,二七广场,0.35,line_propagated,1号线,0,normal_info,0,1号线
ZZM_CN_d13dec9fd4e9,ZZS_1acdaac4ce,铁炉,0.35,line_propagated,1号线,0,normal_info,0,1号线
ZZM_CN_d13dec9fd4e9,ZZS_27d32a2e36,五一公园,0.35,line_propagated,1号线,0,normal_info,0,1号线
ZZM_CN_d13dec9fd4e9,ZZS_3813354d55,绿城广场,0.35,line_propagated,1号线,0,normal_info,0,1号线
ZZM_CN_d13dec9fd4e9,ZZS_38180914a0,燕庄,0.35,line_propagated,1号线,0,normal_info,0,1号线
ZZM_CN_d13dec9fd4e9,ZZS_52a5a7940c,兰寨,0.35,line_propagated,1号线,0,normal_info,0,1号线
ZZM_CN_d13dec9fd4e9,ZZS_5d37b2006d,河南大学新区,0.35,line_propagated,1号线,0,normal_info,0,1号线
ZZM_CN_d13dec9fd4e9,ZZS_6c89efbe2c,文苑北路,0.35,line_propagated,1号线,0,normal_info,0,1号线
ZZM_CN_d13dec9fd4e9,ZZS_87213b5129,会展中心,0.35,line_propagated,1号线,0,normal_info,0,1号线
ZZM_CN_d13dec9fd4e9,ZZS_881a48e5bb,西三环,0.35,line_propagated,1号线,0,normal_info,0,1号线
ZZM_CN_d13dec9fd4e9,ZZS_89f2ce9b1d,秦岭路,0.35,line_propagated,1号线,0,normal_info,0,1号线
ZZM_CN_d13dec9fd4e9,ZZS_90196f31d6,郑州火车站,0.35,line_propagated,1号线,0,normal_info,0,1号线
ZZM_CN_d13dec9fd4e9,ZZS_a14df2d44f,紫荆山,0.35,line_propagated,1号线,0,normal_info,0,1号线
ZZM_CN_d13dec9fd4e9,ZZS_ae1b2afcad,梧桐街,0.35,line_propagated,1号线,0,normal_info,0,1号线
ZZM_CN_d13dec9fd4e9,ZZS_aed2ee7bb7,河南工业大学,0.35,line_propagated,1号线,0,normal_info,0,1号线
ZZM_CN_d13dec9fd4e9,ZZS_b0ac143899,龙子湖,0.35,line_propagated,1号线,0,normal_info,0,1号线
ZZM_CN_d13dec9fd4e9,ZZS_b37a0bcf35,郑大科技园,0.35,line_propagated,1号线,0,normal_info,0,1号线
ZZM_CN_d13dec9fd4e9,ZZS_b8d795b006,黄河南路,0.35,line_propagated,1号线,0,normal_info,0,1号线
ZZM_CN_d13dec9fd4e9,ZZS_bb3c17098a,人民路,0.35,line_propagated,1号线,0,normal_info,0,1号线
ZZM_CN_d13dec9fd4e9,ZZS_bf7f2bfbd0,博学路,0.35,line_propagated,1号线,0,normal_info,0,1号线
ZZM_CN_d13dec9fd4e9,ZZS_c9109d3d9f,医学院,0.35,line_propagated,1号线,0,normal_info,0,1号线
ZZM_CN_d13dec9fd4e9,ZZS_cc61daaced,市体育中心,0.35,line_propagated,1号线,0,normal_info,0,1号线
ZZM_CN_d13dec9fd4e9,ZZS_d61a964e41,市民中心,0.35,line_propagated,1号线,0,normal_info,0,1号线
ZZM_CN_d13dec9fd4e9,ZZS_e4b35b2f4d,郑州大学,0.35,line_propagated,1号线,0,normal_info,0,1号线
ZZM_CN_d13dec9fd4e9,ZZS_e67ffc082e,西流湖,0.35,line_propagated,1号线,0,normal_info,0,1号线
ZZM_CN_d13dec9fd4e9,ZZS_ff2a277828,民航路,0.35,line_propagated,1号线,0,normal_info,0,1号线
ZZM_CN_d13dec9fd4e9,ZZS_ff6940526d,郑州东站,0.35,line_propagated,1号线,0,normal_info,0,1号线
ZZM_CN_d20a8c25fe0f,ZZS_00f55fa149,碧沙岗,0.35,line_propagated,1号线,0,normal_info,0,1号线
ZZM_CN_d20a8c25fe0f,ZZS_065e638aef,东风南路,0.35,line_propagated,1号线,0,normal_info,0,1号线
ZZM_CN_d20a8c25fe0f,ZZS_0660d199a6,农业南路,0.35,line_propagated,1号线,0,normal_info,0,1号线
ZZM_CN_d20a8c25fe0f,ZZS_0ccbb4888d,二七广场,0.35,line_propagated,1号线,0,normal_info,0,1号线
ZZM_CN_d20a8c25fe0f,ZZS_1acdaac4ce,铁炉,0.35,line_propagated,1号线,0,normal_info,0,1号线
ZZM_CN_d20a8c25fe0f,ZZS_27d32a2e36,五一公园,0.35,line_propagated,1号线,0,normal_info,0,1号线
ZZM_CN_d20a8c25fe0f,ZZS_3813354d55,绿城广场,0.35,line_propagated,1号线,0,normal_info,0,1号线
ZZM_CN_d20a8c25fe0f,ZZS_38180914a0,燕庄,0.35,line_propagated,1号线,0,normal_info,0,1号线
ZZM_CN_d20a8c25fe0f,ZZS_52a5a7940c,兰寨,0.35,line_propagated,1号线,0,normal_info,0,1号线
ZZM_CN_d20a8c25fe0f,ZZS_5d37b2006d,河南大学新区,0.35,line_propagated,1号线,0,normal_info,0,1号线
ZZM_CN_d20a8c25fe0f,ZZS_6c89efbe2c,文苑北路,0.35,line_propagated,1号线,0,normal_info,0,1号线
ZZM_CN_d20a8c25fe0f,ZZS_87213b5129,会展中心,0.35,line_propagated,1号线,0,normal_info,0,1号线
ZZM_CN_d20a8c25fe0f,ZZS_881a48e5bb,西三环,0.35,line_propagated,1号线,0,normal_info,0,1号线
ZZM_CN_d20a8c25fe0f,ZZS_89f2ce9b1d,秦岭路,0.35,line_propagated,1号线,0,normal_info,0,1号线
ZZM_CN_d20a8c25fe0f,ZZS_90196f31d6,郑州火车站,0.35,line_propagated,1号线,0,normal_info,0,1号线
ZZM_CN_d20a8c25fe0f,ZZS_a14df2d44f,紫荆山,0.9,exact+line,1号线|紫荆山,0,normal_info,0,1号线
ZZM_CN_d20a8c25fe0f,ZZS_ae1b2afcad,梧桐街,0.35,line_propagated,1号线,0,normal_info,0,1号线
ZZM_CN_d20a8c25fe0f,ZZS_aed2ee7bb7,河南工业大学,0.35,line_propagated,1号线,0,normal_info,0,1号线
ZZM_CN_d20a8c25fe0f,ZZS_b0ac143899,龙子湖,0.35,line_propagated,1号线,0,normal_info,0,1号线
ZZM_CN_d20a8c25fe0f,ZZS_b37a0bcf35,郑大科技园,0.35,line_propagated,1号线,0,normal_info,0,1号线
ZZM_CN_d20a8c25fe0f,ZZS_b8d795b006,黄河南路,0.35,line_propagated,1号线,0,normal_info,0,1号线
ZZM_CN_d20a8c25fe0f,ZZS_bb3c17098a,人民路,0.35,line_propagated,1号线,0,normal_info,0,1号线
ZZM_CN_d20a8c25fe0f,ZZS_bf7f2bfbd0,博学路,0.35,line_propagated,1号线,0,normal_info,0,1号线
ZZM_CN_d20a8c25fe0f,ZZS_c9109d3d9f,医学院,0.35,line_propagated,1号线,0,normal_info,0,1号线
ZZM_CN_d20a8c25fe0f,ZZS_cc61daaced,市体育中心,0.35,line_propagated,1号线,0,normal_info,0,1号线
ZZM_CN_d20a8c25fe0f,ZZS_d61a964e41,市民中心,0.35,line_propagated,1号线,0,normal_info,0,1号线
ZZM_CN_d20a8c25fe0f,ZZS_e4b35b2f4d,郑州大学,0.35,line_propagated,1号线,0,normal_info,0,1号线
ZZM_CN_d20a8c25fe0f,ZZS_e67ffc082e,西流湖,0.35,line_propagated,1号线,0,normal_info,0,1号线
ZZM_CN_d20a8c25fe0f,ZZS_ff2a277828,民航路,0.35,line_propagated,1号线,0,normal_info,0,1号线
ZZM_CN_d20a8c25fe0f,ZZS_ff6940526d,郑州东站,0.35,line_propagated,1号线,0,normal_info,0,1号线
ZZM_CN_d42ac53e438f,ZZS_00f55fa149,碧沙岗,0.35,line_propagated,1号线,0,normal_info,0,1号线|2号线|城郊线
ZZM_CN_d42ac53e438f,ZZS_02cf3e4cf5,南三环,0.35,line_propagated,2号线,0,normal_info,0,1号线|2号线|城郊线
ZZM_CN_d42ac53e438f,ZZS_065e638aef,东风南路,0.35,line_propagated,1号线,0,normal_info,0,1号线|2号线|城郊线
ZZM_CN_d42ac53e438f,ZZS_0660d199a6,农业南路,0.35,line_propagated,1号线,0,normal_info,0,1号线|2号线|城郊线
ZZM_CN_d42ac53e438f,ZZS_0ccbb4888d,二七广场,0.35,line_propagated,1号线,0,normal_info,0,1号线|2号线|城郊线
ZZM_CN_d42ac53e438f,ZZS_1a5721a427,毛庄,0.35,line_propagated,2号线,0,normal_info,0,1号线|2号线|城郊线
ZZM_CN_d42ac53e438f,ZZS_1acdaac4ce,铁炉,0.35,line_propagated,1号线,0,normal_info,0,1号线|2号线|城郊线
ZZM_CN_d42ac53e438f,ZZS_1d568209e2,康平湖,0.35,line_propagated,城郊线,0,normal_info,0,1号线|2号线|城郊线
ZZM_CN_d42ac53e438f,ZZS_20262a52f0,南五里堡,0.35,line_propagated,2号线,0,normal_info,0,1号线|2号线|城郊线
ZZM_CN_d42ac53e438f,ZZS_21e3ae133c,华南城西,0.35,line_propagated,城郊线,0,normal_info,0,1号线|2号线|城郊线
ZZM_CN_d42ac53e438f,ZZS_27d32a2e36,五一公园,0.35,line_propagated,1号线,0,normal_info,0,1号线|2号线|城郊线
ZZM_CN_d42ac53e438f,ZZS_2b74f7ecc4,综合保税区,0.35,line_propagated,城郊线,0,normal_info,0,1号线|2号线|城郊线
ZZM_CN_d42ac53e438f,ZZS_2bd57be00d,关虎屯,0.35,line_propagated,2号线,0,normal_info,0,1号线|2号线|城郊线
ZZM_CN_d42ac53e438f,ZZS_3258f191b1,港区会展,0.35,line_propagated,城郊线,0,normal_info,0,1号线|2号线|城郊线
ZZM_CN_d42ac53e438f,ZZS_3813354d55,绿城广场,0.35,line_propagated,1号线,0,normal_info,0,1号线|2号线|城郊线
ZZM_CN_d42ac53e438f,ZZS_38180914a0,燕庄,0.35,line_propagated,1号线,0,normal_info,0,1号线|2号线|城郊线
ZZM_CN_d42ac53e438f,ZZS_3e49b8e765,恩平湖,0.35,line_propagated,城郊线,0,normal_info,0,1号线|2号线|城郊线
ZZM_CN_d42ac53e438f,ZZS_43a808507b,金洼,0.35,line_propagated,2号线,0,normal_info,0,1号线|2号线|城郊线
ZZM_CN_d42ac53e438f,ZZS_4c088f0629,港区北,0.35,line_propagated,城郊线,0,normal_info,0,1号线|2号线|城郊线
ZZM_CN_d42ac53e438f,ZZS_4d258fdd50,金达路,0.35,line_propagated,2号线,0,normal_info,0,1号线|2号线|城郊线
ZZM_CN_d42ac53e438f,ZZS_4db99ddb57,华南城,0.35,line_propagated,城郊线,0,normal_info,0,1号线|2号线|城郊线
ZZM_CN_d42ac53e438f,ZZS_4ff5935177,兰河公园,0.35,line_propagated,城郊线,0,normal_info,0,1号线|2号线|城郊线
ZZM_CN_d42ac53e438f,ZZS_51e572c7c3,东大街,0.35,line_propagated,2号线,0,normal_info,0,1号线|2号线|城郊线
ZZM_CN_d42ac53e438f,ZZS_52a5a7940c,兰寨,0.35,line_propagated,1号线,0,normal_info,0,1号线|2号线|城郊线
ZZM_CN_d42ac53e438f,ZZS_54adf32b6c,南四环,0.35,line_propagated,2号线|城郊线,0,normal_info,0,1号线|2号线|城郊线
ZZM_CN_d42ac53e438f,ZZS_5ce22f5450,小乔,0.35,line_propagated,城郊线,0,normal_info,0,1号线|2号线|城郊线
ZZM_CN_d42ac53e438f,ZZS_5d37b2006d,河南大学新区,0.35,line_propagated,1号线,0,normal_info,0,1号线|2号线|城郊线
ZZM_CN_d42ac53e438f,ZZS_63fa0eb855,双湖大道,0.35,line_propagated,城郊线,0,normal_info,0,1号线|2号线|城郊线
ZZM_CN_d42ac53e438f,ZZS_6b600b7696,刘庄,0.35,line_propagated,2号线,0,normal_info,0,1号线|2号线|城郊线
ZZM_CN_d42ac53e438f,ZZS_6c89efbe2c,文苑北路,0.35,line_propagated,1号线,0,normal_info,0,1号线|2号线|城郊线
ZZM_CN_d42ac53e438f,ZZS_6e6f33dc37,华南城东,0.35,line_propagated,城郊线,0,normal_info,0,1号线|2号线|城郊线
ZZM_CN_d42ac53e438f,ZZS_72de4f5f66,惠济区政府,0.35,line_propagated,2号线,0,normal_info,0,1号线|2号线|城郊线
ZZM_CN_d42ac53e438f,ZZS_7a33fc56d1,十八里河,0.35,line_propagated,城郊线,0,normal_info,0,1号线|2号线|城郊线
ZZM_CN_d42ac53e438f,ZZS_7dd13fd23f,黄河路,0.35,line_propagated,2号线,0,normal_info,0,1号线|2号线|城郊线
ZZM_CN_d42ac53e438f,ZZS_87213b5129,会展中心,0.35,line_propagated,1号线,0,normal_info,0,1号线|2号线|城郊线
ZZM_CN_d42ac53e438f,ZZS_881a48e5bb,西三环,0.35,line_propagated,1号线,0,normal_info,0,1号线|2号线|城郊线
ZZM_CN_d42ac53e438f,ZZS_89f2ce9b1d,秦岭路,0.35,line_propagated,1号线,0,normal_info,0,1号线|2号线|城郊线
ZZM_CN_d42ac53e438f,ZZS_90196f31d6,郑州火车站,0.35,line_propagated,1号线,0,normal_info,0,1号线|2号线|城郊线
ZZM_CN_d42ac53e438f,ZZS_90c4ce1eb7,沙门,0.35,line_propagated,2号线,0,normal_info,0,1号线|2号线|城郊线
ZZM_CN_d42ac53e438f,ZZS_93b9249040,二里岗,0.35,line_propagated,2号线,0,normal_info,0,1号线|2号线|城郊线
ZZM_CN_d42ac53e438f,ZZS_9660c27c11,站马屯,0.35,line_propagated,2号线,0,normal_info,0,1号线|2号线|城郊线
ZZM_CN_d42ac53e438f,ZZS_9a0290117b,新郑机场,0.35,line_propagated,城郊线,0,normal_info,0,1号线|2号线|城郊线
ZZM_CN_d42ac53e438f,ZZS_9f383e1427,花寨,0.35,line_propagated,2号线,0,normal_info,0,1号线|2号线|城郊线
ZZM_CN_d42ac53e438f,ZZS_a14df2d44f,紫荆山,0.35,line_propagated,1号线|2号线,0,normal_info,0,1号线|2号线|城郊线
ZZM_CN_d42ac53e438f,ZZS_a4bd95d57e,机场东,0.35,line_propagated,城郊线,0,normal_info,0,1号线|2号线|城郊线
ZZM_CN_d42ac53e438f,ZZS_a7b91da4c7,陇海东路,0.35,line_propagated,2号线,0,normal_info,0,1号线|2号线|城郊线
ZZM_CN_d42ac53e438f,ZZS_abc078ccd5,黄河迎宾馆,0.35,line_propagated,2号线,0,normal_info,0,1号线|2号线|城郊线
ZZM_CN_d42ac53e438f,ZZS_ae1b2afcad,梧桐街,0.35,line_propagated,1号线,0,normal_info,0,1号线|2号线|城郊线
ZZM_CN_d42ac53e438f,ZZS_aed2ee7bb7,河南工业大学,0.35,line_propagated,1号线,0,normal_info,0,1号线|2号线|城郊线
ZZM_CN_d42ac53e438f,ZZS_afdeac8ac7,沙窝李,0.35,line_propagated,城郊线,0,normal_info,0,1号线|2号线|城郊线
ZZM_CN_d42ac53e438f,ZZS_b0ac143899,龙子湖,0.35,line_propagated,1号线,0,normal_info,0,1号线|2号线|城郊线
ZZM_CN_d42ac53e438f,ZZS_b37a0bcf35,郑大科技园,0.35,line_propagated,1号线,0,normal_info,0,1号线|2号线|城郊线
ZZM_CN_d42ac53e438f,ZZS_b8d795b006,黄河南路,0.35,line_propagated,1号线,0,normal_info,0,1号线|2号线|城郊线
ZZM_CN_d42ac53e438f,ZZS_bb3c17098a,人民路,0.35,line_propagated,1号线,0,normal_info,0,1号线|2号线|城郊线
ZZM_CN_d42ac53e438f,ZZS_bdc2a71da9,柳林,0.35,line_propagated,2号线,0,normal_info,0,1号线|2号线|城郊线
ZZM_CN_d42ac53e438f,ZZS_bf7f2bfbd0,博学路,0.35,line_propagated,1号线,0,normal_info,0,1号线|2号线|城郊线
ZZM_CN_d42ac53e438f,ZZS_c180efc575,贾河,0.35,line_propagated,2号线,0,normal_info,0,1号线|2号线|城郊线
ZZM_CN_d42ac53e438f,ZZS_c9109d3d9f,医学院,0.35,line_propagated,1号线,0,normal_info,0,1号线|2号线|城郊线
ZZM_CN_d42ac53e438f,ZZS_cc61daaced,市体育中心,0.35,line_propagated,1号线,0,normal_info,0,1号线|2号线|城郊线
ZZM_CN_d42ac53e438f,ZZS_d0e428cc6b,孟庄,0.35,line_propagated,城郊线,0,normal_info,0,1号线|2号线|城郊线
ZZM_CN_d42ac53e438f,ZZS_d61a964e41,市民中心,0.35,line_propagated,1号线,0,normal_info,0,1号线|2号线|城郊线
ZZM_CN_d42ac53e438f,ZZS_e4b35b2f4d,郑州大学,0.35,line_propagated,1号线,0,normal_info,0,1号线|2号线|城郊线
ZZM_CN_d42ac53e438f,ZZS_e67ffc082e,西流湖,0.35,line_propagated,1号线,0,normal_info,0,1号线|2号线|城郊线
ZZM_CN_d42ac53e438f,ZZS_eef68bcc4f,郑州航空港站,0.35,line_propagated,城郊线,0,normal_info,0,1号线|2号线|城郊线
ZZM_CN_d42ac53e438f,ZZS_ff256e6634,北三环,0.35,line_propagated,2号线,0,normal_info,0,1号线|2号线|城郊线
ZZM_CN_d42ac53e438f,ZZS_ff2a277828,民航路,0.35,line_propagated,1号线,0,normal_info,0,1号线|2号线|城郊线
ZZM_CN_d42ac53e438f,ZZS_ff491e6fdf,东风路,0.35,line_propagated,2号线,0,normal_info,0,1号线|2号线|城郊线
ZZM_CN_d42ac53e438f,ZZS_ff6940526d,郑州东站,0.35,line_propagated,1号线,0,normal_info,0,1号线|2号线|城郊线
ZZM_CN_d45c6d92c060,ZZS_00f55fa149,碧沙岗,0.35,line_propagated,1号线,1,service_disruption,3,1号线
ZZM_CN_d45c6d92c060,ZZS_065e638aef,东风南路,0.35,line_propagated,1号线,1,service_disruption,3,1号线
ZZM_CN_d45c6d92c060,ZZS_0660d199a6,农业南路,0.35,line_propagated,1号线,1,service_disruption,3,1号线
ZZM_CN_d45c6d92c060,ZZS_0ccbb4888d,二七广场,0.35,line_propagated,1号线,1,service_disruption,3,1号线
ZZM_CN_d45c6d92c060,ZZS_1acdaac4ce,铁炉,0.35,line_propagated,1号线,1,service_disruption,3,1号线
ZZM_CN_d45c6d92c060,ZZS_27d32a2e36,五一公园,0.35,line_propagated,1号线,1,service_disruption,3,1号线
ZZM_CN_d45c6d92c060,ZZS_3813354d55,绿城广场,0.35,line_propagated,1号线,1,service_disruption,3,1号线
ZZM_CN_d45c6d92c060,ZZS_38180914a0,燕庄,0.35,line_propagated,1号线,1,service_disruption,3,1号线
ZZM_CN_d45c6d92c060,ZZS_52a5a7940c,兰寨,0.35,line_propagated,1号线,1,service_disruption,3,1号线
ZZM_CN_d45c6d92c060,ZZS_5d37b2006d,河南大学新区,0.35,line_propagated,1号线,1,service_disruption,3,1号线
ZZM_CN_d45c6d92c060,ZZS_6c89efbe2c,文苑北路,0.35,line_propagated,1号线,1,service_disruption,3,1号线
ZZM_CN_d45c6d92c060,ZZS_87213b5129,会展中心,0.35,line_propagated,1号线,1,service_disruption,3,1号线
ZZM_CN_d45c6d92c060,ZZS_881a48e5bb,西三环,0.35,line_propagated,1号线,1,service_disruption,3,1号线
ZZM_CN_d45c6d92c060,ZZS_89f2ce9b1d,秦岭路,0.35,line_propagated,1号线,1,service_disruption,3,1号线
ZZM_CN_d45c6d92c060,ZZS_90196f31d6,郑州火车站,0.35,line_propagated,1号线,1,service_disruption,3,1号线
ZZM_CN_d45c6d92c060,ZZS_a14df2d44f,紫荆山,0.35,line_propagated,1号线,1,service_disruption,3,1号线
ZZM_CN_d45c6d92c060,ZZS_ae1b2afcad,梧桐街,0.35,line_propagated,1号线,1,service_disruption,3,1号线
ZZM_CN_d45c6d92c060,ZZS_aed2ee7bb7,河南工业大学,0.35,line_propagated,1号线,1,service_disruption,3,1号线
ZZM_CN_d45c6d92c060,ZZS_b0ac143899,龙子湖,0.35,line_propagated,1号线,1,service_disruption,3,1号线
ZZM_CN_d45c6d92c060,ZZS_b37a0bcf35,郑大科技园,0.35,line_propagated,1号线,1,service_disruption,3,1号线
ZZM_CN_d45c6d92c060,ZZS_b8d795b006,黄河南路,0.35,line_propagated,1号线,1,service_disruption,3,1号线
ZZM_CN_d45c6d92c060,ZZS_bb3c17098a,人民路,0.35,line_propagated,1号线,1,service_disruption,3,1号线
ZZM_CN_d45c6d92c060,ZZS_bf7f2bfbd0,博学路,0.35,line_propagated,1号线,1,service_disruption,3,1号线
ZZM_CN_d45c6d92c060,ZZS_c9109d3d9f,医学院,0.35,line_propagated,1号线,1,service_disruption,3,1号线
ZZM_CN_d45c6d92c060,ZZS_cc61daaced,市体育中心,0.35,line_propagated,1号线,1,service_disruption,3,1号线
ZZM_CN_d45c6d92c060,ZZS_d61a964e41,市民中心,0.35,line_propagated,1号线,1,service_disruption,3,1号线
ZZM_CN_d45c6d92c060,ZZS_e4b35b2f4d,郑州大学,0.35,line_propagated,1号线,1,service_disruption,3,1号线
ZZM_CN_d45c6d92c060,ZZS_e67ffc082e,西流湖,0.35,line_propagated,1号线,1,service_disruption,3,1号线
ZZM_CN_d45c6d92c060,ZZS_ff2a277828,民航路,0.35,line_propagated,1号线,1,service_disruption,3,1号线
ZZM_CN_d45c6d92c060,ZZS_ff6940526d,郑州东站,0.35,line_propagated,1号线,1,service_disruption,3,1号线
ZZM_CN_d50c32fda630,ZZS_54adf32b6c,南四环,0.9,exact,南四环,0,normal_info,0,
ZZM_CN_d5802999245d,ZZS_012609616a,金汇桥,0.35,line_propagated,6号线,0,normal_info,3,6号线
ZZM_CN_d5802999245d,ZZS_1f9e3949c9,小营,0.35,line_propagated,6号线,0,normal_info,3,6号线
ZZM_CN_d5802999245d,ZZS_20d2a84fd8,火车头体育场,0.35,line_propagated,6号线,0,normal_info,3,6号线
ZZM_CN_d5802999245d,ZZS_2f6e9b8cad,贾峪,0.35,line_propagated,6号线,0,normal_info,3,6号线
ZZM_CN_d5802999245d,ZZS_38180914a0,燕庄,0.35,line_propagated,6号线,0,normal_info,3,6号线
ZZM_CN_d5802999245d,ZZS_388ac52a0a,大学中路,0.35,line_propagated,6号线,0,normal_info,3,6号线
ZZM_CN_d5802999245d,ZZS_485552a0e0,马寨,0.35,line_propagated,6号线,0,normal_info,3,6号线
ZZM_CN_d5802999245d,ZZS_50d016b586,二里岗东,0.35,line_propagated,6号线,0,normal_info,3,6号线
ZZM_CN_d5802999245d,ZZS_5479c586b4,奥体中心,0.35,line_propagated,6号线,0,normal_info,3,6号线
ZZM_CN_d5802999245d,ZZS_5d10963dfa,冯湾,0.9,exact+line,6号线|冯湾,0,normal_info,3,6号线
ZZM_CN_d5802999245d,ZZS_5d76a54f7e,卧龙岗,0.35,line_propagated,6号线,0,normal_info,3,6号线
ZZM_CN_d5802999245d,ZZS_7027bf40e7,金融岛西,0.35,line_propagated,6号线,0,normal_info,3,6号线
ZZM_CN_d5802999245d,ZZS_77acb25c9b,洞林寺,0.35,line_propagated,6号线,0,normal_info,3,6号线
ZZM_CN_d5802999245d,ZZS_7af1d05702,奥体中心西,0.35,line_propagated,6号线,0,normal_info,3,6号线
ZZM_CN_d5802999245d,ZZS_920af7f7b2,陇秀公园,0.35,line_propagated,6号线,0,normal_info,3,6号线
ZZM_CN_d5802999245d,ZZS_93b9249040,二里岗,0.35,line_propagated,6号线,0,normal_info,3,6号线
ZZM_CN_d5802999245d,ZZS_9e03ca5f4c,常庄,0.35,line_propagated,6号线,0,normal_info,3,6号线
ZZM_CN_d5802999245d,ZZS_ba70aa715e,博览中心,0.35,line_propagated,6号线,0,normal_info,3,6号线
ZZM_CN_d5802999245d,ZZS_be7c73e65a,河南建院,0.35,line_propagated,6号线,0,normal_info,3,6号线
ZZM_CN_d5802999245d,ZZS_c684a04cd3,李江沟,0.35,line_propagated,6号线,0,normal_info,3,6号线
ZZM_CN_d5802999245d,ZZS_c720567666,桐淮,0.35,line_propagated,6号线,0,normal_info,3,6号线
ZZM_CN_d5802999245d,ZZS_cb2e15cfa0,姚砦,0.35,line_propagated,6号线,0,normal_info,3,6号线
ZZM_CN_d5802999245d,ZZS_ccf9ac5267,清华附中,0.35,line_propagated,6号线,0,normal_info,3,6号线
ZZM_CN_d5802999245d,ZZS_d657129917,嵩淮,0.35,line_propagated,6号线,0,normal_info,3,6号线
ZZM_CN_d5802999245d,ZZS_e6a9c90243,安宁路,0.35,line_propagated,6号线,0,normal_info,3,6号线
ZZM_CN_d5802999245d,ZZS_eab04601b0,洞林湖,0.35,line_propagated,6号线,0,normal_info,3,6号线
ZZM_CN_d5802999245d,ZZS_f593248d09,金桢路,0.35,line_propagated,6号线,0,normal_info,3,6号线
ZZM_CN_d5802999245d,ZZS_fab270f5e2,凤凰台南,0.35,line_propagated,6号线,0,normal_info,3,6号线
ZZM_CN_d5c42dbe9452,ZZS_00f55fa149,碧沙岗,0.35,line_propagated,1号线,0,normal_info,0,1号线
ZZM_CN_d5c42dbe9452,ZZS_065e638aef,东风南路,0.35,line_propagated,1号线,0,normal_info,0,1号线
ZZM_CN_d5c42dbe9452,ZZS_0660d199a6,农业南路,0.35,line_propagated,1号线,0,normal_info,0,1号线
ZZM_CN_d5c42dbe9452,ZZS_0ccbb4888d,二七广场,0.35,line_propagated,1号线,0,normal_info,0,1号线
ZZM_CN_d5c42dbe9452,ZZS_1acdaac4ce,铁炉,0.35,line_propagated,1号线,0,normal_info,0,1号线
ZZM_CN_d5c42dbe9452,ZZS_27d32a2e36,五一公园,0.35,line_propagated,1号线,0,normal_info,0,1号线
ZZM_CN_d5c42dbe9452,ZZS_3813354d55,绿城广场,0.35,line_propagated,1号线,0,normal_info,0,1号线
ZZM_CN_d5c42dbe9452,ZZS_38180914a0,燕庄,0.35,line_propagated,1号线,0,normal_info,0,1号线
ZZM_CN_d5c42dbe9452,ZZS_52a5a7940c,兰寨,0.35,line_propagated,1号线,0,normal_info,0,1号线
ZZM_CN_d5c42dbe9452,ZZS_5d37b2006d,河南大学新区,0.35,line_propagated,1号线,0,normal_info,0,1号线
ZZM_CN_d5c42dbe9452,ZZS_6c89efbe2c,文苑北路,0.35,line_propagated,1号线,0,normal_info,0,1号线
ZZM_CN_d5c42dbe9452,ZZS_87213b5129,会展中心,0.35,line_propagated,1号线,0,normal_info,0,1号线
ZZM_CN_d5c42dbe9452,ZZS_881a48e5bb,西三环,0.35,line_propagated,1号线,0,normal_info,0,1号线
ZZM_CN_d5c42dbe9452,ZZS_89f2ce9b1d,秦岭路,0.35,line_propagated,1号线,0,normal_info,0,1号线
ZZM_CN_d5c42dbe9452,ZZS_90196f31d6,郑州火车站,0.35,line_propagated,1号线,0,normal_info,0,1号线
ZZM_CN_d5c42dbe9452,ZZS_a14df2d44f,紫荆山,0.35,line_propagated,1号线,0,normal_info,0,1号线
ZZM_CN_d5c42dbe9452,ZZS_ae1b2afcad,梧桐街,0.35,line_propagated,1号线,0,normal_info,0,1号线
ZZM_CN_d5c42dbe9452,ZZS_aed2ee7bb7,河南工业大学,0.35,line_propagated,1号线,0,normal_info,0,1号线
ZZM_CN_d5c42dbe9452,ZZS_b0ac143899,龙子湖,0.35,line_propagated,1号线,0,normal_info,0,1号线
ZZM_CN_d5c42dbe9452,ZZS_b37a0bcf35,郑大科技园,0.35,line_propagated,1号线,0,normal_info,0,1号线
ZZM_CN_d5c42dbe9452,ZZS_b8d795b006,黄河南路,0.35,line_propagated,1号线,0,normal_info,0,1号线
ZZM_CN_d5c42dbe9452,ZZS_bb3c17098a,人民路,0.35,line_propagated,1号线,0,normal_info,0,1号线
ZZM_CN_d5c42dbe9452,ZZS_bf7f2bfbd0,博学路,0.35,line_propagated,1号线,0,normal_info,0,1号线
ZZM_CN_d5c42dbe9452,ZZS_c9109d3d9f,医学院,0.35,line_propagated,1号线,0,normal_info,0,1号线
ZZM_CN_d5c42dbe9452,ZZS_cc61daaced,市体育中心,0.35,line_propagated,1号线,0,normal_info,0,1号线
ZZM_CN_d5c42dbe9452,ZZS_d61a964e41,市民中心,0.35,line_propagated,1号线,0,normal_info,0,1号线
ZZM_CN_d5c42dbe9452,ZZS_e4b35b2f4d,郑州大学,0.35,line_propagated,1号线,0,normal_info,0,1号线
ZZM_CN_d5c42dbe9452,ZZS_e67ffc082e,西流湖,0.35,line_propagated,1号线,0,normal_info,0,1号线
ZZM_CN_d5c42dbe9452,ZZS_ff2a277828,民航路,0.35,line_propagated,1号线,0,normal_info,0,1号线
ZZM_CN_d5c42dbe9452,ZZS_ff6940526d,郑州东站,0.35,line_propagated,1号线,0,normal_info,0,1号线
ZZM_CN_d5d2dbd650b6,ZZS_00f55fa149,碧沙岗,0.35,line_propagated,1号线,3,facility_equipment,0,1号线
ZZM_CN_d5d2dbd650b6,ZZS_065e638aef,东风南路,0.35,line_propagated,1号线,3,facility_equipment,0,1号线
ZZM_CN_d5d2dbd650b6,ZZS_0660d199a6,农业南路,0.35,line_propagated,1号线,3,facility_equipment,0,1号线
ZZM_CN_d5d2dbd650b6,ZZS_0ccbb4888d,二七广场,0.35,line_propagated,1号线,3,facility_equipment,0,1号线
ZZM_CN_d5d2dbd650b6,ZZS_1acdaac4ce,铁炉,0.35,line_propagated,1号线,3,facility_equipment,0,1号线
ZZM_CN_d5d2dbd650b6,ZZS_27d32a2e36,五一公园,0.35,line_propagated,1号线,3,facility_equipment,0,1号线
ZZM_CN_d5d2dbd650b6,ZZS_3813354d55,绿城广场,0.35,line_propagated,1号线,3,facility_equipment,0,1号线
ZZM_CN_d5d2dbd650b6,ZZS_38180914a0,燕庄,0.35,line_propagated,1号线,3,facility_equipment,0,1号线
ZZM_CN_d5d2dbd650b6,ZZS_52a5a7940c,兰寨,0.35,line_propagated,1号线,3,facility_equipment,0,1号线
ZZM_CN_d5d2dbd650b6,ZZS_5d37b2006d,河南大学新区,0.35,line_propagated,1号线,3,facility_equipment,0,1号线
ZZM_CN_d5d2dbd650b6,ZZS_6c89efbe2c,文苑北路,0.35,line_propagated,1号线,3,facility_equipment,0,1号线
ZZM_CN_d5d2dbd650b6,ZZS_87213b5129,会展中心,0.35,line_propagated,1号线,3,facility_equipment,0,1号线
ZZM_CN_d5d2dbd650b6,ZZS_881a48e5bb,西三环,0.35,line_propagated,1号线,3,facility_equipment,0,1号线
ZZM_CN_d5d2dbd650b6,ZZS_89f2ce9b1d,秦岭路,0.35,line_propagated,1号线,3,facility_equipment,0,1号线
ZZM_CN_d5d2dbd650b6,ZZS_90196f31d6,郑州火车站,0.35,line_propagated,1号线,3,facility_equipment,0,1号线
ZZM_CN_d5d2dbd650b6,ZZS_a14df2d44f,紫荆山,0.35,line_propagated,1号线,3,facility_equipment,0,1号线
ZZM_CN_d5d2dbd650b6,ZZS_ae1b2afcad,梧桐街,0.35,line_propagated,1号线,3,facility_equipment,0,1号线
ZZM_CN_d5d2dbd650b6,ZZS_aed2ee7bb7,河南工业大学,0.35,line_propagated,1号线,3,facility_equipment,0,1号线
ZZM_CN_d5d2dbd650b6,ZZS_b0ac143899,龙子湖,0.35,line_propagated,1号线,3,facility_equipment,0,1号线
ZZM_CN_d5d2dbd650b6,ZZS_b37a0bcf35,郑大科技园,0.35,line_propagated,1号线,3,facility_equipment,0,1号线
ZZM_CN_d5d2dbd650b6,ZZS_b8d795b006,黄河南路,0.35,line_propagated,1号线,3,facility_equipment,0,1号线
ZZM_CN_d5d2dbd650b6,ZZS_bb3c17098a,人民路,0.35,line_propagated,1号线,3,facility_equipment,0,1号线
ZZM_CN_d5d2dbd650b6,ZZS_bf7f2bfbd0,博学路,0.35,line_propagated,1号线,3,facility_equipment,0,1号线
ZZM_CN_d5d2dbd650b6,ZZS_c9109d3d9f,医学院,0.35,line_propagated,1号线,3,facility_equipment,0,1号线
ZZM_CN_d5d2dbd650b6,ZZS_cc61daaced,市体育中心,0.35,line_propagated,1号线,3,facility_equipment,0,1号线
ZZM_CN_d5d2dbd650b6,ZZS_d61a964e41,市民中心,0.35,line_propagated,1号线,3,facility_equipment,0,1号线
ZZM_CN_d5d2dbd650b6,ZZS_e4b35b2f4d,郑州大学,0.35,line_propagated,1号线,3,facility_equipment,0,1号线
ZZM_CN_d5d2dbd650b6,ZZS_e67ffc082e,西流湖,0.35,line_propagated,1号线,3,facility_equipment,0,1号线
ZZM_CN_d5d2dbd650b6,ZZS_ff2a277828,民航路,0.35,line_propagated,1号线,3,facility_equipment,0,1号线
ZZM_CN_d5d2dbd650b6,ZZS_ff6940526d,郑州东站,0.35,line_propagated,1号线,3,facility_equipment,0,1号线
ZZM_CN_d665965840e3,ZZS_54adf32b6c,南四环,0.9,exact,南四环,0,normal_info,0,
ZZM_CN_d7cef937986a,ZZS_00f55fa149,碧沙岗,0.35,line_propagated,1号线,0,normal_info,0,1号线
ZZM_CN_d7cef937986a,ZZS_065e638aef,东风南路,0.35,line_propagated,1号线,0,normal_info,0,1号线
ZZM_CN_d7cef937986a,ZZS_0660d199a6,农业南路,0.35,line_propagated,1号线,0,normal_info,0,1号线
ZZM_CN_d7cef937986a,ZZS_0ccbb4888d,二七广场,0.35,line_propagated,1号线,0,normal_info,0,1号线
ZZM_CN_d7cef937986a,ZZS_1acdaac4ce,铁炉,0.35,line_propagated,1号线,0,normal_info,0,1号线
ZZM_CN_d7cef937986a,ZZS_27d32a2e36,五一公园,0.35,line_propagated,1号线,0,normal_info,0,1号线
ZZM_CN_d7cef937986a,ZZS_3813354d55,绿城广场,0.35,line_propagated,1号线,0,normal_info,0,1号线
ZZM_CN_d7cef937986a,ZZS_38180914a0,燕庄,0.35,line_propagated,1号线,0,normal_info,0,1号线
ZZM_CN_d7cef937986a,ZZS_52a5a7940c,兰寨,0.35,line_propagated,1号线,0,normal_info,0,1号线
ZZM_CN_d7cef937986a,ZZS_5d37b2006d,河南大学新区,0.35,line_propagated,1号线,0,normal_info,0,1号线
ZZM_CN_d7cef937986a,ZZS_6c89efbe2c,文苑北路,0.35,line_propagated,1号线,0,normal_info,0,1号线
ZZM_CN_d7cef937986a,ZZS_87213b5129,会展中心,0.35,line_propagated,1号线,0,normal_info,0,1号线
ZZM_CN_d7cef937986a,ZZS_881a48e5bb,西三环,0.35,line_propagated,1号线,0,normal_info,0,1号线
ZZM_CN_d7cef937986a,ZZS_89f2ce9b1d,秦岭路,0.35,line_propagated,1号线,0,normal_info,0,1号线
ZZM_CN_d7cef937986a,ZZS_90196f31d6,郑州火车站,0.35,line_propagated,1号线,0,normal_info,0,1号线
ZZM_CN_d7cef937986a,ZZS_a14df2d44f,紫荆山,0.35,line_propagated,1号线,0,normal_info,0,1号线
ZZM_CN_d7cef937986a,ZZS_ae1b2afcad,梧桐街,0.35,line_propagated,1号线,0,normal_info,0,1号线
ZZM_CN_d7cef937986a,ZZS_aed2ee7bb7,河南工业大学,0.35,line_propagated,1号线,0,normal_info,0,1号线
ZZM_CN_d7cef937986a,ZZS_b0ac143899,龙子湖,0.35,line_propagated,1号线,0,normal_info,0,1号线
ZZM_CN_d7cef937986a,ZZS_b37a0bcf35,郑大科技园,0.35,line_propagated,1号线,0,normal_info,0,1号线
ZZM_CN_d7cef937986a,ZZS_b8d795b006,黄河南路,0.35,line_propagated,1号线,0,normal_info,0,1号线
ZZM_CN_d7cef937986a,ZZS_bb3c17098a,人民路,0.35,line_propagated,1号线,0,normal_info,0,1号线
ZZM_CN_d7cef937986a,ZZS_bf7f2bfbd0,博学路,0.35,line_propagated,1号线,0,normal_info,0,1号线
ZZM_CN_d7cef937986a,ZZS_c9109d3d9f,医学院,0.35,line_propagated,1号线,0,normal_info,0,1号线
ZZM_CN_d7cef937986a,ZZS_cc61daaced,市体育中心,0.35,line_propagated,1号线,0,normal_info,0,1号线
ZZM_CN_d7cef937986a,ZZS_d61a964e41,市民中心,0.35,line_propagated,1号线,0,normal_info,0,1号线
ZZM_CN_d7cef937986a,ZZS_e4b35b2f4d,郑州大学,0.35,line_propagated,1号线,0,normal_info,0,1号线
ZZM_CN_d7cef937986a,ZZS_e67ffc082e,西流湖,0.35,line_propagated,1号线,0,normal_info,0,1号线
ZZM_CN_d7cef937986a,ZZS_ff2a277828,民航路,0.35,line_propagated,1号线,0,normal_info,0,1号线
ZZM_CN_d7cef937986a,ZZS_ff6940526d,郑州东站,0.35,line_propagated,1号线,0,normal_info,0,1号线
ZZM_CN_da2bde5922fd,ZZS_00f55fa149,碧沙岗,0.9,exact+line,1号线|碧沙岗,0,normal_info,0,1号线
ZZM_CN_da2bde5922fd,ZZS_065e638aef,东风南路,0.35,line_propagated,1号线,0,normal_info,0,1号线
ZZM_CN_da2bde5922fd,ZZS_0660d199a6,农业南路,0.35,line_propagated,1号线,0,normal_info,0,1号线
ZZM_CN_da2bde5922fd,ZZS_0ccbb4888d,二七广场,0.35,line_propagated,1号线,0,normal_info,0,1号线
ZZM_CN_da2bde5922fd,ZZS_1acdaac4ce,铁炉,0.35,line_propagated,1号线,0,normal_info,0,1号线
ZZM_CN_da2bde5922fd,ZZS_27d32a2e36,五一公园,0.35,line_propagated,1号线,0,normal_info,0,1号线
ZZM_CN_da2bde5922fd,ZZS_3813354d55,绿城广场,0.9,exact+line,1号线|绿城广场,0,normal_info,0,1号线
ZZM_CN_da2bde5922fd,ZZS_38180914a0,燕庄,0.35,line_propagated,1号线,0,normal_info,0,1号线
ZZM_CN_da2bde5922fd,ZZS_52a5a7940c,兰寨,0.35,line_propagated,1号线,0,normal_info,0,1号线
ZZM_CN_da2bde5922fd,ZZS_5d37b2006d,河南大学新区,0.35,line_propagated,1号线,0,normal_info,0,1号线
ZZM_CN_da2bde5922fd,ZZS_6c89efbe2c,文苑北路,0.35,line_propagated,1号线,0,normal_info,0,1号线
ZZM_CN_da2bde5922fd,ZZS_87213b5129,会展中心,0.35,line_propagated,1号线,0,normal_info,0,1号线
ZZM_CN_da2bde5922fd,ZZS_881a48e5bb,西三环,0.35,line_propagated,1号线,0,normal_info,0,1号线
ZZM_CN_da2bde5922fd,ZZS_89f2ce9b1d,秦岭路,0.35,line_propagated,1号线,0,normal_info,0,1号线
ZZM_CN_da2bde5922fd,ZZS_90196f31d6,郑州火车站,0.35,line_propagated,1号线,0,normal_info,0,1号线
ZZM_CN_da2bde5922fd,ZZS_a14df2d44f,紫荆山,0.35,line_propagated,1号线,0,normal_info,0,1号线
ZZM_CN_da2bde5922fd,ZZS_ae1b2afcad,梧桐街,0.35,line_propagated,1号线,0,normal_info,0,1号线
ZZM_CN_da2bde5922fd,ZZS_aed2ee7bb7,河南工业大学,0.35,line_propagated,1号线,0,normal_info,0,1号线
ZZM_CN_da2bde5922fd,ZZS_b0ac143899,龙子湖,0.35,line_propagated,1号线,0,normal_info,0,1号线
ZZM_CN_da2bde5922fd,ZZS_b37a0bcf35,郑大科技园,0.35,line_propagated,1号线,0,normal_info,0,1号线
ZZM_CN_da2bde5922fd,ZZS_b8d795b006,黄河南路,0.35,line_propagated,1号线,0,normal_info,0,1号线
ZZM_CN_da2bde5922fd,ZZS_bb3c17098a,人民路,0.35,line_propagated,1号线,0,normal_info,0,1号线
ZZM_CN_da2bde5922fd,ZZS_bf7f2bfbd0,博学路,0.35,line_propagated,1号线,0,normal_info,0,1号线
ZZM_CN_da2bde5922fd,ZZS_c9109d3d9f,医学院,0.9,exact+line,1号线|医学院,0,normal_info,0,1号线
ZZM_CN_da2bde5922fd,ZZS_cc61daaced,市体育中心,0.35,line_propagated,1号线,0,normal_info,0,1号线
ZZM_CN_da2bde5922fd,ZZS_d61a964e41,市民中心,0.35,line_propagated,1号线,0,normal_info,0,1号线
ZZM_CN_da2bde5922fd,ZZS_e4b35b2f4d,郑州大学,0.35,line_propagated,1号线,0,normal_info,0,1号线
ZZM_CN_da2bde5922fd,ZZS_e67ffc082e,西流湖,0.35,line_propagated,1号线,0,normal_info,0,1号线
ZZM_CN_da2bde5922fd,ZZS_ff2a277828,民航路,0.35,line_propagated,1号线,0,normal_info,0,1号线
ZZM_CN_da2bde5922fd,ZZS_ff6940526d,郑州东站,0.35,line_propagated,1号线,0,normal_info,0,1号线
ZZM_CN_dae3793fa2f3,ZZS_05d97db6f2,司赵,0.35,line_propagated,3号线,0,normal_info,0,3号线
ZZM_CN_dae3793fa2f3,ZZS_0ccbb4888d,二七广场,0.35,line_propagated,3号线,0,normal_info,0,3号线
ZZM_CN_dae3793fa2f3,ZZS_1371fabdab,西大街,0.35,line_propagated,3号线,0,normal_info,0,3号线
ZZM_CN_dae3793fa2f3,ZZS_13fc13c558,郑州文庙,0.35,line_propagated,3号线,0,normal_info,0,3号线
ZZM_CN_dae3793fa2f3,ZZS_25a45ff011,东周,0.35,line_propagated,3号线,0,normal_info,0,3号线
ZZM_CN_dae3793fa2f3,ZZS_28ee7061d7,东十里铺,0.35,line_propagated,3号线,0,normal_info,0,3号线
ZZM_CN_dae3793fa2f3,ZZS_29284451da,凤凰台,0.35,line_propagated,3号线,0,normal_info,0,3号线
ZZM_CN_dae3793fa2f3,ZZS_31a002aa03,海滩寺,0.35,line_propagated,3号线,0,normal_info,0,3号线
ZZM_CN_dae3793fa2f3,ZZS_44eab6c022,南阳新村,0.35,line_propagated,3号线,0,normal_info,0,3号线
ZZM_CN_dae3793fa2f3,ZZS_51e572c7c3,东大街,0.35,line_propagated,3号线,0,normal_info,0,3号线
ZZM_CN_dae3793fa2f3,ZZS_5563728074,营岗,0.35,line_propagated,3号线,0,normal_info,0,3号线
ZZM_CN_dae3793fa2f3,ZZS_6605be2a4e,省体育中心,0.35,line_propagated,3号线,0,normal_info,0,3号线
ZZM_CN_dae3793fa2f3,ZZS_662c95b759,王砦,0.35,line_propagated,3号线,0,normal_info,0,3号线
ZZM_CN_dae3793fa2f3,ZZS_6a0a21f658,通泰路,0.35,line_propagated,3号线,0,normal_info,0,3号线
ZZM_CN_dae3793fa2f3,ZZS_973f67bf8a,同乐,0.35,line_propagated,3号线,0,normal_info,0,3号线
ZZM_CN_dae3793fa2f3,ZZS_9a51a2fe83,兴隆铺,0.35,line_propagated,3号线,0,normal_info,0,3号线
ZZM_CN_dae3793fa2f3,ZZS_a3cc0229f4,省骨科医院,0.35,line_propagated,3号线,0,normal_info,0,3号线
ZZM_CN_dae3793fa2f3,ZZS_a9af1749e0,西周,0.35,line_propagated,3号线,0,normal_info,0,3号线
ZZM_CN_dae3793fa2f3,ZZS_b5c4192440,圃田西,0.35,line_propagated,3号线,0,normal_info,0,3号线
ZZM_CN_dae3793fa2f3,ZZS_b9cd9992ce,人民公园,0.35,line_propagated,3号线,0,normal_info,0,3号线
ZZM_CN_dae3793fa2f3,ZZS_ba70aa715e,博览中心,0.35,line_propagated,3号线,0,normal_info,0,3号线
ZZM_CN_dae3793fa2f3,ZZS_c5943bbf34,滨河新城,0.35,line_propagated,3号线,0,normal_info,0,3号线
ZZM_CN_dae3793fa2f3,ZZS_c8f4a267a6,大石桥,0.35,line_propagated,3号线,0,normal_info,0,3号线
ZZM_CN_dae3793fa2f3,ZZS_e9c14949ec,滨河新城南,0.35,line_propagated,3号线,0,normal_info,0,3号线
ZZM_CN_dae3793fa2f3,ZZS_ef6263ba13,潮河,0.35,line_propagated,3号线,0,normal_info,0,3号线
ZZM_CN_db900199a990,ZZS_02cf3e4cf5,南三环,0.35,line_propagated,2号线,0,normal_info,0,2号线
ZZM_CN_db900199a990,ZZS_1a5721a427,毛庄,0.35,line_propagated,2号线,0,normal_info,0,2号线
ZZM_CN_db900199a990,ZZS_20262a52f0,南五里堡,0.35,line_propagated,2号线,0,normal_info,0,2号线
ZZM_CN_db900199a990,ZZS_2bd57be00d,关虎屯,0.35,line_propagated,2号线,0,normal_info,0,2号线
ZZM_CN_db900199a990,ZZS_43a808507b,金洼,0.35,line_propagated,2号线,0,normal_info,0,2号线
ZZM_CN_db900199a990,ZZS_4d258fdd50,金达路,0.35,line_propagated,2号线,0,normal_info,0,2号线
ZZM_CN_db900199a990,ZZS_51e572c7c3,东大街,0.35,line_propagated,2号线,0,normal_info,0,2号线
ZZM_CN_db900199a990,ZZS_54adf32b6c,南四环,0.35,line_propagated,2号线,0,normal_info,0,2号线
ZZM_CN_db900199a990,ZZS_6b600b7696,刘庄,0.35,line_propagated,2号线,0,normal_info,0,2号线
ZZM_CN_db900199a990,ZZS_72de4f5f66,惠济区政府,0.35,line_propagated,2号线,0,normal_info,0,2号线
ZZM_CN_db900199a990,ZZS_7dd13fd23f,黄河路,0.35,line_propagated,2号线,0,normal_info,0,2号线
ZZM_CN_db900199a990,ZZS_90c4ce1eb7,沙门,0.35,line_propagated,2号线,0,normal_info,0,2号线
ZZM_CN_db900199a990,ZZS_93b9249040,二里岗,0.35,line_propagated,2号线,0,normal_info,0,2号线
ZZM_CN_db900199a990,ZZS_9660c27c11,站马屯,0.35,line_propagated,2号线,0,normal_info,0,2号线
ZZM_CN_db900199a990,ZZS_9f383e1427,花寨,0.35,line_propagated,2号线,0,normal_info,0,2号线
ZZM_CN_db900199a990,ZZS_a14df2d44f,紫荆山,0.35,line_propagated,2号线,0,normal_info,0,2号线
ZZM_CN_db900199a990,ZZS_a7b91da4c7,陇海东路,0.35,line_propagated,2号线,0,normal_info,0,2号线
ZZM_CN_db900199a990,ZZS_abc078ccd5,黄河迎宾馆,0.35,line_propagated,2号线,0,normal_info,0,2号线
ZZM_CN_db900199a990,ZZS_bdc2a71da9,柳林,0.35,line_propagated,2号线,0,normal_info,0,2号线
ZZM_CN_db900199a990,ZZS_c180efc575,贾河,0.35,line_propagated,2号线,0,normal_info,0,2号线
ZZM_CN_db900199a990,ZZS_ff256e6634,北三环,0.35,line_propagated,2号线,0,normal_info,0,2号线
ZZM_CN_db900199a990,ZZS_ff491e6fdf,东风路,0.35,line_propagated,2号线,0,normal_info,0,2号线
ZZM_CN_dbba27010fe7,ZZS_02cf3e4cf5,南三环,0.9,exact+line,2号线|南三环,0,normal_info,0,2号线
ZZM_CN_dbba27010fe7,ZZS_1a5721a427,毛庄,0.35,line_propagated,2号线,0,normal_info,0,2号线
ZZM_CN_dbba27010fe7,ZZS_20262a52f0,南五里堡,0.35,line_propagated,2号线,0,normal_info,0,2号线
ZZM_CN_dbba27010fe7,ZZS_2bd57be00d,关虎屯,0.35,line_propagated,2号线,0,normal_info,0,2号线
ZZM_CN_dbba27010fe7,ZZS_43a808507b,金洼,0.35,line_propagated,2号线,0,normal_info,0,2号线
ZZM_CN_dbba27010fe7,ZZS_4d258fdd50,金达路,0.35,line_propagated,2号线,0,normal_info,0,2号线
ZZM_CN_dbba27010fe7,ZZS_51e572c7c3,东大街,0.35,line_propagated,2号线,0,normal_info,0,2号线
ZZM_CN_dbba27010fe7,ZZS_54adf32b6c,南四环,0.35,line_propagated,2号线,0,normal_info,0,2号线
ZZM_CN_dbba27010fe7,ZZS_6b600b7696,刘庄,0.35,line_propagated,2号线,0,normal_info,0,2号线
ZZM_CN_dbba27010fe7,ZZS_72de4f5f66,惠济区政府,0.35,line_propagated,2号线,0,normal_info,0,2号线
ZZM_CN_dbba27010fe7,ZZS_7dd13fd23f,黄河路,0.35,line_propagated,2号线,0,normal_info,0,2号线
ZZM_CN_dbba27010fe7,ZZS_90c4ce1eb7,沙门,0.35,line_propagated,2号线,0,normal_info,0,2号线
ZZM_CN_dbba27010fe7,ZZS_93b9249040,二里岗,0.35,line_propagated,2号线,0,normal_info,0,2号线
ZZM_CN_dbba27010fe7,ZZS_9660c27c11,站马屯,0.35,line_propagated,2号线,0,normal_info,0,2号线
ZZM_CN_dbba27010fe7,ZZS_9f383e1427,花寨,0.35,line_propagated,2号线,0,normal_info,0,2号线
ZZM_CN_dbba27010fe7,ZZS_a14df2d44f,紫荆山,0.9,exact+line,2号线|紫荆山,0,normal_info,0,2号线
ZZM_CN_dbba27010fe7,ZZS_a7b91da4c7,陇海东路,0.35,line_propagated,2号线,0,normal_info,0,2号线
ZZM_CN_dbba27010fe7,ZZS_abc078ccd5,黄河迎宾馆,0.35,line_propagated,2号线,0,normal_info,0,2号线
ZZM_CN_dbba27010fe7,ZZS_bdc2a71da9,柳林,0.35,line_propagated,2号线,0,normal_info,0,2号线
ZZM_CN_dbba27010fe7,ZZS_c180efc575,贾河,0.35,line_propagated,2号线,0,normal_info,0,2号线
ZZM_CN_dbba27010fe7,ZZS_ff256e6634,北三环,0.35,line_propagated,2号线,0,normal_info,0,2号线
ZZM_CN_dbba27010fe7,ZZS_ff491e6fdf,东风路,0.35,line_propagated,2号线,0,normal_info,0,2号线
ZZM_CN_dc4db29fbc7a,ZZS_02cf3e4cf5,南三环,0.35,line_propagated,2号线,0,normal_info,0,2号线
ZZM_CN_dc4db29fbc7a,ZZS_1a5721a427,毛庄,0.35,line_propagated,2号线,0,normal_info,0,2号线
ZZM_CN_dc4db29fbc7a,ZZS_20262a52f0,南五里堡,0.35,line_propagated,2号线,0,normal_info,0,2号线
ZZM_CN_dc4db29fbc7a,ZZS_2bd57be00d,关虎屯,0.35,line_propagated,2号线,0,normal_info,0,2号线
ZZM_CN_dc4db29fbc7a,ZZS_43a808507b,金洼,0.35,line_propagated,2号线,0,normal_info,0,2号线
ZZM_CN_dc4db29fbc7a,ZZS_4d258fdd50,金达路,0.35,line_propagated,2号线,0,normal_info,0,2号线
ZZM_CN_dc4db29fbc7a,ZZS_51e572c7c3,东大街,0.35,line_propagated,2号线,0,normal_info,0,2号线
ZZM_CN_dc4db29fbc7a,ZZS_54adf32b6c,南四环,0.35,line_propagated,2号线,0,normal_info,0,2号线
ZZM_CN_dc4db29fbc7a,ZZS_6b600b7696,刘庄,0.35,line_propagated,2号线,0,normal_info,0,2号线
ZZM_CN_dc4db29fbc7a,ZZS_72de4f5f66,惠济区政府,0.35,line_propagated,2号线,0,normal_info,0,2号线
ZZM_CN_dc4db29fbc7a,ZZS_7dd13fd23f,黄河路,0.35,line_propagated,2号线,0,normal_info,0,2号线
ZZM_CN_dc4db29fbc7a,ZZS_90c4ce1eb7,沙门,0.35,line_propagated,2号线,0,normal_info,0,2号线
ZZM_CN_dc4db29fbc7a,ZZS_93b9249040,二里岗,0.35,line_propagated,2号线,0,normal_info,0,2号线
ZZM_CN_dc4db29fbc7a,ZZS_9660c27c11,站马屯,0.35,line_propagated,2号线,0,normal_info,0,2号线
ZZM_CN_dc4db29fbc7a,ZZS_9f383e1427,花寨,0.35,line_propagated,2号线,0,normal_info,0,2号线
ZZM_CN_dc4db29fbc7a,ZZS_a14df2d44f,紫荆山,0.35,line_propagated,2号线,0,normal_info,0,2号线
ZZM_CN_dc4db29fbc7a,ZZS_a7b91da4c7,陇海东路,0.35,line_propagated,2号线,0,normal_info,0,2号线
ZZM_CN_dc4db29fbc7a,ZZS_abc078ccd5,黄河迎宾馆,0.35,line_propagated,2号线,0,normal_info,0,2号线
ZZM_CN_dc4db29fbc7a,ZZS_bdc2a71da9,柳林,0.35,line_propagated,2号线,0,normal_info,0,2号线
ZZM_CN_dc4db29fbc7a,ZZS_c180efc575,贾河,0.35,line_propagated,2号线,0,normal_info,0,2号线
ZZM_CN_dc4db29fbc7a,ZZS_ff256e6634,北三环,0.35,line_propagated,2号线,0,normal_info,0,2号线
ZZM_CN_dc4db29fbc7a,ZZS_ff491e6fdf,东风路,0.35,line_propagated,2号线,0,normal_info,0,2号线
ZZM_CN_dcc3349d2085,ZZS_00f55fa149,碧沙岗,0.35,line_propagated,1号线,0,normal_info,0,1号线
ZZM_CN_dcc3349d2085,ZZS_065e638aef,东风南路,0.35,line_propagated,1号线,0,normal_info,0,1号线
ZZM_CN_dcc3349d2085,ZZS_0660d199a6,农业南路,0.35,line_propagated,1号线,0,normal_info,0,1号线
ZZM_CN_dcc3349d2085,ZZS_0ccbb4888d,二七广场,0.35,line_propagated,1号线,0,normal_info,0,1号线
ZZM_CN_dcc3349d2085,ZZS_1acdaac4ce,铁炉,0.35,line_propagated,1号线,0,normal_info,0,1号线
ZZM_CN_dcc3349d2085,ZZS_27d32a2e36,五一公园,0.35,line_propagated,1号线,0,normal_info,0,1号线
ZZM_CN_dcc3349d2085,ZZS_3813354d55,绿城广场,0.35,line_propagated,1号线,0,normal_info,0,1号线
ZZM_CN_dcc3349d2085,ZZS_38180914a0,燕庄,0.35,line_propagated,1号线,0,normal_info,0,1号线
ZZM_CN_dcc3349d2085,ZZS_52a5a7940c,兰寨,0.35,line_propagated,1号线,0,normal_info,0,1号线
ZZM_CN_dcc3349d2085,ZZS_5d37b2006d,河南大学新区,0.35,line_propagated,1号线,0,normal_info,0,1号线
ZZM_CN_dcc3349d2085,ZZS_6c89efbe2c,文苑北路,0.35,line_propagated,1号线,0,normal_info,0,1号线
ZZM_CN_dcc3349d2085,ZZS_87213b5129,会展中心,0.35,line_propagated,1号线,0,normal_info,0,1号线
ZZM_CN_dcc3349d2085,ZZS_881a48e5bb,西三环,0.35,line_propagated,1号线,0,normal_info,0,1号线
ZZM_CN_dcc3349d2085,ZZS_89f2ce9b1d,秦岭路,0.35,line_propagated,1号线,0,normal_info,0,1号线
ZZM_CN_dcc3349d2085,ZZS_90196f31d6,郑州火车站,0.35,line_propagated,1号线,0,normal_info,0,1号线
ZZM_CN_dcc3349d2085,ZZS_a14df2d44f,紫荆山,0.35,line_propagated,1号线,0,normal_info,0,1号线
ZZM_CN_dcc3349d2085,ZZS_ae1b2afcad,梧桐街,0.35,line_propagated,1号线,0,normal_info,0,1号线
ZZM_CN_dcc3349d2085,ZZS_aed2ee7bb7,河南工业大学,0.35,line_propagated,1号线,0,normal_info,0,1号线
ZZM_CN_dcc3349d2085,ZZS_b0ac143899,龙子湖,0.35,line_propagated,1号线,0,normal_info,0,1号线
ZZM_CN_dcc3349d2085,ZZS_b37a0bcf35,郑大科技园,0.35,line_propagated,1号线,0,normal_info,0,1号线
ZZM_CN_dcc3349d2085,ZZS_b8d795b006,黄河南路,0.35,line_propagated,1号线,0,normal_info,0,1号线
ZZM_CN_dcc3349d2085,ZZS_bb3c17098a,人民路,0.35,line_propagated,1号线,0,normal_info,0,1号线
ZZM_CN_dcc3349d2085,ZZS_bf7f2bfbd0,博学路,0.35,line_propagated,1号线,0,normal_info,0,1号线
ZZM_CN_dcc3349d2085,ZZS_c9109d3d9f,医学院,0.35,line_propagated,1号线,0,normal_info,0,1号线
ZZM_CN_dcc3349d2085,ZZS_cc61daaced,市体育中心,0.35,line_propagated,1号线,0,normal_info,0,1号线
ZZM_CN_dcc3349d2085,ZZS_d61a964e41,市民中心,0.35,line_propagated,1号线,0,normal_info,0,1号线
ZZM_CN_dcc3349d2085,ZZS_e4b35b2f4d,郑州大学,0.35,line_propagated,1号线,0,normal_info,0,1号线
ZZM_CN_dcc3349d2085,ZZS_e67ffc082e,西流湖,0.35,line_propagated,1号线,0,normal_info,0,1号线
ZZM_CN_dcc3349d2085,ZZS_ff2a277828,民航路,0.35,line_propagated,1号线,0,normal_info,0,1号线
ZZM_CN_dcc3349d2085,ZZS_ff6940526d,郑州东站,0.35,line_propagated,1号线,0,normal_info,0,1号线
ZZM_CN_dcffdbc04060,ZZS_047175b6e2,老鸦陈,0.35,line_propagated,4号线,2,safety_emergency,2,4号线
ZZM_CN_dcffdbc04060,ZZS_06c5d1c11c,商鼎路,0.35,line_propagated,4号线,2,safety_emergency,2,4号线
ZZM_CN_dcffdbc04060,ZZS_1236ed80e3,中央商务区,0.35,line_propagated,4号线,2,safety_emergency,2,4号线
ZZM_CN_dcffdbc04060,ZZS_184971fb41,郎庄,0.35,line_propagated,4号线,2,safety_emergency,2,4号线
ZZM_CN_dcffdbc04060,ZZS_1acd4fa835,金岱,0.35,line_propagated,4号线,2,safety_emergency,2,4号线
ZZM_CN_dcffdbc04060,ZZS_1e911360df,姚庄,0.35,line_propagated,4号线,2,safety_emergency,2,4号线
ZZM_CN_dcffdbc04060,ZZS_25a4eab92b,龙湖南,0.35,line_propagated,4号线,2,safety_emergency,2,4号线
ZZM_CN_dcffdbc04060,ZZS_28ee7061d7,东十里铺,0.35,line_propagated,4号线,2,safety_emergency,2,4号线
ZZM_CN_dcffdbc04060,ZZS_3546d6d127,丰庆路,0.35,line_propagated,4号线,2,safety_emergency,2,4号线
ZZM_CN_dcffdbc04060,ZZS_45679e4fc0,七里河,0.35,line_propagated,4号线,2,safety_emergency,2,4号线
ZZM_CN_dcffdbc04060,ZZS_542d10f6f0,金融岛北,0.35,line_propagated,4号线,2,safety_emergency,2,4号线
ZZM_CN_dcffdbc04060,ZZS_548bc6fa98,陈寨东,0.35,line_propagated,4号线,2,safety_emergency,2,4号线
ZZM_CN_dcffdbc04060,ZZS_55f9aea406,森林公园北,0.35,line_propagated,4号线,2,safety_emergency,2,4号线
ZZM_CN_dcffdbc04060,ZZS_6605be2a4e,省体育中心,0.35,line_propagated,4号线,2,safety_emergency,2,4号线
ZZM_CN_dcffdbc04060,ZZS_6a9a14f197,北二十里铺,0.35,line_propagated,4号线,2,safety_emergency,2,4号线
ZZM_CN_dcffdbc04060,ZZS_87213b5129,会展中心,0.35,line_propagated,4号线,2,safety_emergency,2,4号线
ZZM_CN_dcffdbc04060,ZZS_90c4ce1eb7,沙门,0.35,line_propagated,4号线,2,safety_emergency,2,4号线
ZZM_CN_dcffdbc04060,ZZS_90de6fab35,货站街,0.35,line_propagated,4号线,2,safety_emergency,2,4号线
ZZM_CN_dcffdbc04060,ZZS_93f56b73b3,果树所,0.35,line_propagated,4号线,2,safety_emergency,2,4号线
ZZM_CN_dcffdbc04060,ZZS_95fb90b688,杨君刘,0.35,line_propagated,4号线,2,safety_emergency,2,4号线
ZZM_CN_dcffdbc04060,ZZS_9965eccc39,龙湖中环北,0.35,line_propagated,4号线,2,safety_emergency,2,4号线
ZZM_CN_dcffdbc04060,ZZS_aa3686fb6d,金融岛南,0.35,line_propagated,4号线,2,safety_emergency,2,4号线
ZZM_CN_dcffdbc04060,ZZS_ccf9ac5267,清华附中,0.35,line_propagated,4号线,2,safety_emergency,2,4号线
ZZM_CN_dcffdbc04060,ZZS_d86c49fbed,农业东路,0.35,line_propagated,4号线,2,safety_emergency,2,4号线
ZZM_CN_dcffdbc04060,ZZS_dbb2385d18,龙湖北,0.35,line_propagated,4号线,2,safety_emergency,2,4号线
ZZM_CN_dcffdbc04060,ZZS_eca427650a,张家村,0.35,line_propagated,4号线,2,safety_emergency,2,4号线
ZZM_CN_dcffdbc04060,ZZS_eda0ec6e78,龙湖中环南,0.35,line_propagated,4号线,2,safety_emergency,2,4号线
ZZM_CN_de7f79193489,ZZS_00f55fa149,碧沙岗,0.35,line_propagated,1号线,0,normal_info,0,1号线
ZZM_CN_de7f79193489,ZZS_065e638aef,东风南路,0.35,line_propagated,1号线,0,normal_info,0,1号线
ZZM_CN_de7f79193489,ZZS_0660d199a6,农业南路,0.35,line_propagated,1号线,0,normal_info,0,1号线
ZZM_CN_de7f79193489,ZZS_0ccbb4888d,二七广场,0.35,line_propagated,1号线,0,normal_info,0,1号线
ZZM_CN_de7f79193489,ZZS_1acdaac4ce,铁炉,0.35,line_propagated,1号线,0,normal_info,0,1号线
ZZM_CN_de7f79193489,ZZS_27d32a2e36,五一公园,0.35,line_propagated,1号线,0,normal_info,0,1号线
ZZM_CN_de7f79193489,ZZS_3813354d55,绿城广场,0.35,line_propagated,1号线,0,normal_info,0,1号线
ZZM_CN_de7f79193489,ZZS_38180914a0,燕庄,0.35,line_propagated,1号线,0,normal_info,0,1号线
ZZM_CN_de7f79193489,ZZS_52a5a7940c,兰寨,0.35,line_propagated,1号线,0,normal_info,0,1号线
ZZM_CN_de7f79193489,ZZS_5d37b2006d,河南大学新区,0.35,line_propagated,1号线,0,normal_info,0,1号线
ZZM_CN_de7f79193489,ZZS_6c89efbe2c,文苑北路,0.35,line_propagated,1号线,0,normal_info,0,1号线
ZZM_CN_de7f79193489,ZZS_87213b5129,会展中心,0.9,exact+line,1号线|会展中心,0,normal_info,0,1号线
ZZM_CN_de7f79193489,ZZS_881a48e5bb,西三环,0.35,line_propagated,1号线,0,normal_info,0,1号线
ZZM_CN_de7f79193489,ZZS_89f2ce9b1d,秦岭路,0.35,line_propagated,1号线,0,normal_info,0,1号线
ZZM_CN_de7f79193489,ZZS_90196f31d6,郑州火车站,0.35,line_propagated,1号线,0,normal_info,0,1号线
ZZM_CN_de7f79193489,ZZS_a14df2d44f,紫荆山,0.35,line_propagated,1号线,0,normal_info,0,1号线
ZZM_CN_de7f79193489,ZZS_ae1b2afcad,梧桐街,0.35,line_propagated,1号线,0,normal_info,0,1号线
ZZM_CN_de7f79193489,ZZS_aed2ee7bb7,河南工业大学,0.35,line_propagated,1号线,0,normal_info,0,1号线
ZZM_CN_de7f79193489,ZZS_b0ac143899,龙子湖,0.35,line_propagated,1号线,0,normal_info,0,1号线
ZZM_CN_de7f79193489,ZZS_b37a0bcf35,郑大科技园,0.35,line_propagated,1号线,0,normal_info,0,1号线
ZZM_CN_de7f79193489,ZZS_b8d795b006,黄河南路,0.35,line_propagated,1号线,0,normal_info,0,1号线
ZZM_CN_de7f79193489,ZZS_bb3c17098a,人民路,0.35,line_propagated,1号线,0,normal_info,0,1号线
ZZM_CN_de7f79193489,ZZS_bf7f2bfbd0,博学路,0.35,line_propagated,1号线,0,normal_info,0,1号线
ZZM_CN_de7f79193489,ZZS_c9109d3d9f,医学院,0.35,line_propagated,1号线,0,normal_info,0,1号线
ZZM_CN_de7f79193489,ZZS_cc61daaced,市体育中心,0.35,line_propagated,1号线,0,normal_info,0,1号线
ZZM_CN_de7f79193489,ZZS_d61a964e41,市民中心,0.35,line_propagated,1号线,0,normal_info,0,1号线
ZZM_CN_de7f79193489,ZZS_e4b35b2f4d,郑州大学,0.35,line_propagated,1号线,0,normal_info,0,1号线
ZZM_CN_de7f79193489,ZZS_e67ffc082e,西流湖,0.35,line_propagated,1号线,0,normal_info,0,1号线
ZZM_CN_de7f79193489,ZZS_ff2a277828,民航路,0.35,line_propagated,1号线,0,normal_info,0,1号线
ZZM_CN_de7f79193489,ZZS_ff6940526d,郑州东站,0.35,line_propagated,1号线,0,normal_info,0,1号线
ZZM_CN_df6d817bcec6,ZZS_00f55fa149,碧沙岗,0.35,line_propagated,1号线,0,normal_info,0,1号线
ZZM_CN_df6d817bcec6,ZZS_065e638aef,东风南路,0.35,line_propagated,1号线,0,normal_info,0,1号线
ZZM_CN_df6d817bcec6,ZZS_0660d199a6,农业南路,0.35,line_propagated,1号线,0,normal_info,0,1号线
ZZM_CN_df6d817bcec6,ZZS_0ccbb4888d,二七广场,0.35,line_propagated,1号线,0,normal_info,0,1号线
ZZM_CN_df6d817bcec6,ZZS_1acdaac4ce,铁炉,0.35,line_propagated,1号线,0,normal_info,0,1号线
ZZM_CN_df6d817bcec6,ZZS_27d32a2e36,五一公园,0.35,line_propagated,1号线,0,normal_info,0,1号线
ZZM_CN_df6d817bcec6,ZZS_3813354d55,绿城广场,0.35,line_propagated,1号线,0,normal_info,0,1号线
ZZM_CN_df6d817bcec6,ZZS_38180914a0,燕庄,0.35,line_propagated,1号线,0,normal_info,0,1号线
ZZM_CN_df6d817bcec6,ZZS_52a5a7940c,兰寨,0.35,line_propagated,1号线,0,normal_info,0,1号线
ZZM_CN_df6d817bcec6,ZZS_5d37b2006d,河南大学新区,0.35,line_propagated,1号线,0,normal_info,0,1号线
ZZM_CN_df6d817bcec6,ZZS_6c89efbe2c,文苑北路,0.35,line_propagated,1号线,0,normal_info,0,1号线
ZZM_CN_df6d817bcec6,ZZS_87213b5129,会展中心,0.35,line_propagated,1号线,0,normal_info,0,1号线
ZZM_CN_df6d817bcec6,ZZS_881a48e5bb,西三环,0.35,line_propagated,1号线,0,normal_info,0,1号线
ZZM_CN_df6d817bcec6,ZZS_89f2ce9b1d,秦岭路,0.35,line_propagated,1号线,0,normal_info,0,1号线
ZZM_CN_df6d817bcec6,ZZS_90196f31d6,郑州火车站,0.35,line_propagated,1号线,0,normal_info,0,1号线
ZZM_CN_df6d817bcec6,ZZS_a14df2d44f,紫荆山,0.35,line_propagated,1号线,0,normal_info,0,1号线
ZZM_CN_df6d817bcec6,ZZS_ae1b2afcad,梧桐街,0.35,line_propagated,1号线,0,normal_info,0,1号线
ZZM_CN_df6d817bcec6,ZZS_aed2ee7bb7,河南工业大学,0.35,line_propagated,1号线,0,normal_info,0,1号线
ZZM_CN_df6d817bcec6,ZZS_b0ac143899,龙子湖,0.35,line_propagated,1号线,0,normal_info,0,1号线
ZZM_CN_df6d817bcec6,ZZS_b37a0bcf35,郑大科技园,0.35,line_propagated,1号线,0,normal_info,0,1号线
ZZM_CN_df6d817bcec6,ZZS_b8d795b006,黄河南路,0.35,line_propagated,1号线,0,normal_info,0,1号线
ZZM_CN_df6d817bcec6,ZZS_bb3c17098a,人民路,0.35,line_propagated,1号线,0,normal_info,0,1号线
ZZM_CN_df6d817bcec6,ZZS_bf7f2bfbd0,博学路,0.35,line_propagated,1号线,0,normal_info,0,1号线
ZZM_CN_df6d817bcec6,ZZS_c9109d3d9f,医学院,0.35,line_propagated,1号线,0,normal_info,0,1号线
ZZM_CN_df6d817bcec6,ZZS_cc61daaced,市体育中心,0.35,line_propagated,1号线,0,normal_info,0,1号线
ZZM_CN_df6d817bcec6,ZZS_d61a964e41,市民中心,0.35,line_propagated,1号线,0,normal_info,0,1号线
ZZM_CN_df6d817bcec6,ZZS_e4b35b2f4d,郑州大学,0.35,line_propagated,1号线,0,normal_info,0,1号线
ZZM_CN_df6d817bcec6,ZZS_e67ffc082e,西流湖,0.35,line_propagated,1号线,0,normal_info,0,1号线
ZZM_CN_df6d817bcec6,ZZS_ff2a277828,民航路,0.35,line_propagated,1号线,0,normal_info,0,1号线
ZZM_CN_df6d817bcec6,ZZS_ff6940526d,郑州东站,0.35,line_propagated,1号线,0,normal_info,0,1号线
ZZM_CN_dfac5263b19a,ZZS_00f55fa149,碧沙岗,0.35,line_propagated,1号线,0,normal_info,0,1号线
ZZM_CN_dfac5263b19a,ZZS_065e638aef,东风南路,0.35,line_propagated,1号线,0,normal_info,0,1号线
ZZM_CN_dfac5263b19a,ZZS_0660d199a6,农业南路,0.35,line_propagated,1号线,0,normal_info,0,1号线
ZZM_CN_dfac5263b19a,ZZS_0ccbb4888d,二七广场,0.35,line_propagated,1号线,0,normal_info,0,1号线
ZZM_CN_dfac5263b19a,ZZS_1acdaac4ce,铁炉,0.35,line_propagated,1号线,0,normal_info,0,1号线
ZZM_CN_dfac5263b19a,ZZS_27d32a2e36,五一公园,0.35,line_propagated,1号线,0,normal_info,0,1号线
ZZM_CN_dfac5263b19a,ZZS_3813354d55,绿城广场,0.35,line_propagated,1号线,0,normal_info,0,1号线
ZZM_CN_dfac5263b19a,ZZS_38180914a0,燕庄,0.35,line_propagated,1号线,0,normal_info,0,1号线
ZZM_CN_dfac5263b19a,ZZS_52a5a7940c,兰寨,0.35,line_propagated,1号线,0,normal_info,0,1号线
ZZM_CN_dfac5263b19a,ZZS_5d37b2006d,河南大学新区,0.35,line_propagated,1号线,0,normal_info,0,1号线
ZZM_CN_dfac5263b19a,ZZS_6c89efbe2c,文苑北路,0.35,line_propagated,1号线,0,normal_info,0,1号线
ZZM_CN_dfac5263b19a,ZZS_87213b5129,会展中心,0.35,line_propagated,1号线,0,normal_info,0,1号线
ZZM_CN_dfac5263b19a,ZZS_881a48e5bb,西三环,0.35,line_propagated,1号线,0,normal_info,0,1号线
ZZM_CN_dfac5263b19a,ZZS_89f2ce9b1d,秦岭路,0.35,line_propagated,1号线,0,normal_info,0,1号线
ZZM_CN_dfac5263b19a,ZZS_90196f31d6,郑州火车站,0.35,line_propagated,1号线,0,normal_info,0,1号线
ZZM_CN_dfac5263b19a,ZZS_a14df2d44f,紫荆山,0.35,line_propagated,1号线,0,normal_info,0,1号线
ZZM_CN_dfac5263b19a,ZZS_ae1b2afcad,梧桐街,0.35,line_propagated,1号线,0,normal_info,0,1号线
ZZM_CN_dfac5263b19a,ZZS_aed2ee7bb7,河南工业大学,0.35,line_propagated,1号线,0,normal_info,0,1号线
ZZM_CN_dfac5263b19a,ZZS_b0ac143899,龙子湖,0.35,line_propagated,1号线,0,normal_info,0,1号线
ZZM_CN_dfac5263b19a,ZZS_b37a0bcf35,郑大科技园,0.35,line_propagated,1号线,0,normal_info,0,1号线
ZZM_CN_dfac5263b19a,ZZS_b8d795b006,黄河南路,0.35,line_propagated,1号线,0,normal_info,0,1号线
ZZM_CN_dfac5263b19a,ZZS_bb3c17098a,人民路,0.35,line_propagated,1号线,0,normal_info,0,1号线
ZZM_CN_dfac5263b19a,ZZS_bf7f2bfbd0,博学路,0.35,line_propagated,1号线,0,normal_info,0,1号线
ZZM_CN_dfac5263b19a,ZZS_c9109d3d9f,医学院,0.35,line_propagated,1号线,0,normal_info,0,1号线
ZZM_CN_dfac5263b19a,ZZS_cc61daaced,市体育中心,0.35,line_propagated,1号线,0,normal_info,0,1号线
ZZM_CN_dfac5263b19a,ZZS_d61a964e41,市民中心,0.35,line_propagated,1号线,0,normal_info,0,1号线
ZZM_CN_dfac5263b19a,ZZS_e4b35b2f4d,郑州大学,0.35,line_propagated,1号线,0,normal_info,0,1号线
ZZM_CN_dfac5263b19a,ZZS_e67ffc082e,西流湖,0.35,line_propagated,1号线,0,normal_info,0,1号线
ZZM_CN_dfac5263b19a,ZZS_ff2a277828,民航路,0.35,line_propagated,1号线,0,normal_info,0,1号线
ZZM_CN_dfac5263b19a,ZZS_ff6940526d,郑州东站,0.35,line_propagated,1号线,0,normal_info,0,1号线
ZZM_CN_dff807eeb55e,ZZS_001bf66fc1,陇海西路,0.35,line_propagated,5号线,0,normal_info,0,2号线|3号线|4号线|5号线
ZZM_CN_dff807eeb55e,ZZS_02cf3e4cf5,南三环,0.35,line_propagated,2号线,0,normal_info,0,2号线|3号线|4号线|5号线
ZZM_CN_dff807eeb55e,ZZS_047175b6e2,老鸦陈,0.35,line_propagated,4号线,0,normal_info,0,2号线|3号线|4号线|5号线
ZZM_CN_dff807eeb55e,ZZS_05d97db6f2,司赵,0.35,line_propagated,3号线,0,normal_info,0,2号线|3号线|4号线|5号线
ZZM_CN_dff807eeb55e,ZZS_06c5d1c11c,商鼎路,0.35,line_propagated,4号线,0,normal_info,0,2号线|3号线|4号线|5号线
ZZM_CN_dff807eeb55e,ZZS_0ccbb4888d,二七广场,0.35,line_propagated,3号线,0,normal_info,0,2号线|3号线|4号线|5号线
ZZM_CN_dff807eeb55e,ZZS_1236ed80e3,中央商务区,0.35,line_propagated,4号线|5号线,0,normal_info,0,2号线|3号线|4号线|5号线
ZZM_CN_dff807eeb55e,ZZS_1246e07d02,城东南路,0.35,line_propagated,5号线,0,normal_info,0,2号线|3号线|4号线|5号线
ZZM_CN_dff807eeb55e,ZZS_136c32a256,市中心医院,0.35,line_propagated,5号线,0,normal_info,0,2号线|3号线|4号线|5号线
ZZM_CN_dff807eeb55e,ZZS_1371fabdab,西大街,0.35,line_propagated,3号线,0,normal_info,0,2号线|3号线|4号线|5号线
ZZM_CN_dff807eeb55e,ZZS_13fc13c558,郑州文庙,0.35,line_propagated,3号线,0,normal_info,0,2号线|3号线|4号线|5号线
ZZM_CN_dff807eeb55e,ZZS_14efbdcc1b,福塔东,0.35,line_propagated,5号线,0,normal_info,0,2号线|3号线|4号线|5号线
ZZM_CN_dff807eeb55e,ZZS_184971fb41,郎庄,0.35,line_propagated,4号线,0,normal_info,0,2号线|3号线|4号线|5号线
ZZM_CN_dff807eeb55e,ZZS_190cc56901,金水东路,0.35,line_propagated,5号线,0,normal_info,0,2号线|3号线|4号线|5号线
ZZM_CN_dff807eeb55e,ZZS_1a5721a427,毛庄,0.6,interval_inferred,interval,0,normal_info,0,2号线|3号线|4号线|5号线
ZZM_CN_dff807eeb55e,ZZS_1acd4fa835,金岱,0.35,line_propagated,4号线,0,normal_info,0,2号线|3号线|4号线|5号线
ZZM_CN_dff807eeb55e,ZZS_1e911360df,姚庄,0.35,line_propagated,4号线,0,normal_info,0,2号线|3号线|4号线|5号线
ZZM_CN_dff807eeb55e,ZZS_20262a52f0,南五里堡,0.35,line_propagated,2号线|5号线,0,normal_info,0,2号线|3号线|4号线|5号线
ZZM_CN_dff807eeb55e,ZZS_20dcf363fc,康宁街,0.35,line_propagated,5号线,0,normal_info,0,2号线|3号线|4号线|5号线
ZZM_CN_dff807eeb55e,ZZS_25a45ff011,东周,0.35,line_propagated,3号线,0,normal_info,0,2号线|3号线|4号线|5号线
ZZM_CN_dff807eeb55e,ZZS_25a4eab92b,龙湖南,0.35,line_propagated,4号线,0,normal_info,0,2号线|3号线|4号线|5号线
ZZM_CN_dff807eeb55e,ZZS_27d32a2e36,五一公园,0.35,line_propagated,5号线,0,normal_info,0,2号线|3号线|4号线|5号线
ZZM_CN_dff807eeb55e,ZZS_28ee7061d7,东十里铺,0.35,line_propagated,3号线|4号线,0,normal_info,0,2号线|3号线|4号线|5号线
ZZM_CN_dff807eeb55e,ZZS_29284451da,凤凰台,0.35,line_propagated,3号线,0,normal_info,0,2号线|3号线|4号线|5号线
ZZM_CN_dff807eeb55e,ZZS_2bd57be00d,关虎屯,0.35,line_propagated,2号线,0,normal_info,0,2号线|3号线|4号线|5号线
ZZM_CN_dff807eeb55e,ZZS_2db8e2eabe,经北二路,0.35,line_propagated,5号线,0,normal_info,0,2号线|3号线|4号线|5号线
ZZM_CN_dff807eeb55e,ZZS_31a002aa03,海滩寺,0.35,line_propagated,3号线|5号线,0,normal_info,0,2号线|3号线|4号线|5号线
ZZM_CN_dff807eeb55e,ZZS_3546d6d127,丰庆路,0.35,line_propagated,4号线,0,normal_info,0,2号线|3号线|4号线|5号线
ZZM_CN_dff807eeb55e,ZZS_386438745b,祭城,0.35,line_propagated,5号线,0,normal_info,0,2号线|3号线|4号线|5号线
ZZM_CN_dff807eeb55e,ZZS_3ada9c57dc,众意西路,0.35,line_propagated,5号线,0,normal_info,0,2号线|3号线|4号线|5号线
ZZM_CN_dff807eeb55e,ZZS_43a808507b,金洼,0.6,interval_inferred,interval,0,normal_info,0,2号线|3号线|4号线|5号线
ZZM_CN_dff807eeb55e,ZZS_44eab6c022,南阳新村,0.35,line_propagated,3号线,0,normal_info,0,2号线|3号线|4号线|5号线
ZZM_CN_dff807eeb55e,ZZS_45679e4fc0,七里河,0.35,line_propagated,4号线|5号线,0,normal_info,0,2号线|3号线|4号线|5号线
ZZM_CN_dff807eeb55e,ZZS_4d258fdd50,金达路,0.6,interval_inferred,interval,0,normal_info,0,2号线|3号线|4号线|5号线
ZZM_CN_dff807eeb55e,ZZS_4dd2360957,京广南路,0.35,line_propagated,5号线,0,normal_info,0,2号线|3号线|4号线|5号线
ZZM_CN_dff807eeb55e,ZZS_51e572c7c3,东大街,0.35,line_propagated,2号线|3号线,0,normal_info,0,2号线|3号线|4号线|5号线
ZZM_CN_dff807eeb55e,ZZS_542d10f6f0,金融岛北,0.35,line_propagated,4号线,0,normal_info,0,2号线|3号线|4号线|5号线
ZZM_CN_dff807eeb55e,ZZS_548bc6fa98,陈寨东,0.35,line_propagated,4号线,0,normal_info,0,2号线|3号线|4号线|5号线
ZZM_CN_dff807eeb55e,ZZS_54adf32b6c,南四环,0.35,line_propagated,2号线,0,normal_info,0,2号线|3号线|4号线|5号线
ZZM_CN_dff807eeb55e,ZZS_5563728074,营岗,0.35,line_propagated,3号线,0,normal_info,0,2号线|3号线|4号线|5号线
ZZM_CN_dff807eeb55e,ZZS_55f9aea406,森林公园北,0.35,line_propagated,4号线,0,normal_info,0,2号线|3号线|4号线|5号线
ZZM_CN_dff807eeb55e,ZZS_5b6c4f8186,郑州人民医院,0.35,line_propagated,5号线,0,normal_info,0,2号线|3号线|4号线|5号线
ZZM_CN_dff807eeb55e,ZZS_5babce6145,中原福塔,0.35,line_propagated,5号线,0,normal_info,0,2号线|3号线|4号线|5号线
ZZM_CN_dff807eeb55e,ZZS_5dc87121c2,市第二人民医院,0.35,line_propagated,5号线,0,normal_info,0,2号线|3号线|4号线|5号线
ZZM_CN_dff807eeb55e,ZZS_6605be2a4e,省体育中心,0.35,line_propagated,3号线|4号线,0,normal_info,0,2号线|3号线|4号线|5号线
ZZM_CN_dff807eeb55e,ZZS_662c95b759,王砦,0.35,line_propagated,3号线,0,normal_info,0,2号线|3号线|4号线|5号线
ZZM_CN_dff807eeb55e,ZZS_6a0a21f658,通泰路,0.35,line_propagated,3号线,0,normal_info,0,2号线|3号线|4号线|5号线
ZZM_CN_dff807eeb55e,ZZS_6a9a14f197,北二十里铺,0.35,line_propagated,4号线,0,normal_info,0,2号线|3号线|4号线|5号线
ZZM_CN_dff807eeb55e,ZZS_6b600b7696,刘庄,0.9,exact+line,2号线|刘庄,0,normal_info,0,2号线|3号线|4号线|5号线
ZZM_CN_dff807eeb55e,ZZS_72de4f5f66,惠济区政府,0.6,interval_inferred,interval,0,normal_info,0,2号线|3号线|4号线|5号线
ZZM_CN_dff807eeb55e,ZZS_7dd13fd23f,黄河路,0.35,line_propagated,2号线|5号线,0,normal_info,0,2号线|3号线|4号线|5号线
ZZM_CN_dff807eeb55e,ZZS_87213b5129,会展中心,0.35,line_propagated,4号线,0,normal_info,0,2号线|3号线|4号线|5号线
ZZM_CN_dff807eeb55e,ZZS_90c4ce1eb7,沙门,0.35,line_propagated,2号线|4号线,0,normal_info,0,2号线|3号线|4号线|5号线
ZZM_CN_dff807eeb55e,ZZS_90de6fab35,货站街,0.35,line_propagated,4号线,0,normal_info,0,2号线|3号线|4号线|5号线
ZZM_CN_dff807eeb55e,ZZS_93b9249040,二里岗,0.35,line_propagated,2号线,0,normal_info,0,2号线|3号线|4号线|5号线
ZZM_CN_dff807eeb55e,ZZS_93f56b73b3,果树所,0.35,line_propagated,4号线,0,normal_info,0,2号线|3号线|4号线|5号线
ZZM_CN_dff807eeb55e,ZZS_95fb90b688,杨君刘,0.35,line_propagated,4号线,0,normal_info,0,2号线|3号线|4号线|5号线
ZZM_CN_dff807eeb55e,ZZS_9660c27c11,站马屯,0.35,line_propagated,2号线,0,normal_info,0,2号线|3号线|4号线|5号线
ZZM_CN_dff807eeb55e,ZZS_973f67bf8a,同乐,0.35,line_propagated,3号线,0,normal_info,0,2号线|3号线|4号线|5号线
ZZM_CN_dff807eeb55e,ZZS_9965eccc39,龙湖中环北,0.35,line_propagated,4号线,0,normal_info,0,2号线|3号线|4号线|5号线
ZZM_CN_dff807eeb55e,ZZS_9a26907088,齐礼阎,0.35,line_propagated,5号线,0,normal_info,0,2号线|3号线|4号线|5号线
ZZM_CN_dff807eeb55e,ZZS_9a51a2fe83,兴隆铺,0.35,line_propagated,3号线,0,normal_info,0,2号线|3号线|4号线|5号线
ZZM_CN_dff807eeb55e,ZZS_9d8185e03c,省人民医院,0.35,line_propagated,5号线,0,normal_info,0,2号线|3号线|4号线|5号线
ZZM_CN_dff807eeb55e,ZZS_9f383e1427,花寨,0.35,line_propagated,2号线,0,normal_info,0,2号线|3号线|4号线|5号线
ZZM_CN_dff807eeb55e,ZZS_a14df2d44f,紫荆山,0.35,line_propagated,2号线,0,normal_info,0,2号线|3号线|4号线|5号线
ZZM_CN_dff807eeb55e,ZZS_a3cc0229f4,省骨科医院,0.35,line_propagated,3号线|5号线,0,normal_info,0,2号线|3号线|4号线|5号线
ZZM_CN_dff807eeb55e,ZZS_a7b91da4c7,陇海东路,0.35,line_propagated,2号线,0,normal_info,0,2号线|3号线|4号线|5号线
ZZM_CN_dff807eeb55e,ZZS_a9af1749e0,西周,0.35,line_propagated,3号线,0,normal_info,0,2号线|3号线|4号线|5号线
ZZM_CN_dff807eeb55e,ZZS_aa3686fb6d,金融岛南,0.35,line_propagated,4号线,0,normal_info,0,2号线|3号线|4号线|5号线
ZZM_CN_dff807eeb55e,ZZS_abc078ccd5,黄河迎宾馆,0.6,interval_inferred,interval,0,normal_info,0,2号线|3号线|4号线|5号线
ZZM_CN_dff807eeb55e,ZZS_ae7cc361da,月季公园,0.35,line_propagated,5号线,0,normal_info,0,2号线|3号线|4号线|5号线
ZZM_CN_dff807eeb55e,ZZS_b5c4192440,圃田西,0.35,line_propagated,3号线,0,normal_info,0,2号线|3号线|4号线|5号线
ZZM_CN_dff807eeb55e,ZZS_b9cd9992ce,人民公园,0.35,line_propagated,3号线,0,normal_info,0,2号线|3号线|4号线|5号线
ZZM_CN_dff807eeb55e,ZZS_ba70aa715e,博览中心,0.35,line_propagated,3号线,0,normal_info,0,2号线|3号线|4号线|5号线
ZZM_CN_dff807eeb55e,ZZS_bd17c52fa6,儿童医院,0.35,line_propagated,5号线,0,normal_info,0,2号线|3号线|4号线|5号线
ZZM_CN_dff807eeb55e,ZZS_bdc2a71da9,柳林,0.35,line_propagated,2号线,0,normal_info,0,2号线|3号线|4号线|5号线
ZZM_CN_dff807eeb55e,ZZS_c180efc575,贾河,0.9,exact+line,2号线|贾河,0,normal_info,0,2号线|3号线|4号线|5号线
ZZM_CN_dff807eeb55e,ZZS_c5943bbf34,滨河新城,0.35,line_propagated,3号线,0,normal_info,0,2号线|3号线|4号线|5号线
ZZM_CN_dff807eeb55e,ZZS_c720567666,桐淮,0.35,line_propagated,5号线,0,normal_info,0,2号线|3号线|4号线|5号线
ZZM_CN_dff807eeb55e,ZZS_c8f4a267a6,大石桥,0.35,line_propagated,3号线,0,normal_info,0,2号线|3号线|4号线|5号线
ZZM_CN_dff807eeb55e,ZZS_c94675c30b,后河芦,0.35,line_propagated,5号线,0,normal_info,0,2号线|3号线|4号线|5号线
ZZM_CN_dff807eeb55e,ZZS_c995bf7092,经开中心广场,0.35,line_propagated,5号线,0,normal_info,0,2号线|3号线|4号线|5号线
ZZM_CN_dff807eeb55e,ZZS_cb2e15cfa0,姚砦,0.35,line_propagated,5号线,0,normal_info,0,2号线|3号线|4号线|5号线
ZZM_CN_dff807eeb55e,ZZS_ccf9ac5267,清华附中,0.35,line_propagated,4号线,0,normal_info,0,2号线|3号线|4号线|5号线
ZZM_CN_dff807eeb55e,ZZS_d86c49fbed,农业东路,0.35,line_propagated,4号线,0,normal_info,0,2号线|3号线|4号线|5号线
ZZM_CN_dff807eeb55e,ZZS_dbb2385d18,龙湖北,0.35,line_propagated,4号线,0,normal_info,0,2号线|3号线|4号线|5号线
ZZM_CN_dff807eeb55e,ZZS_deb2edc4a2,沙口路,0.35,line_propagated,5号线,0,normal_info,0,2号线|3号线|4号线|5号线
ZZM_CN_dff807eeb55e,ZZS_e9c14949ec,滨河新城南,0.35,line_propagated,3号线,0,normal_info,0,2号线|3号线|4号线|5号线
ZZM_CN_dff807eeb55e,ZZS_eca427650a,张家村,0.35,line_propagated,4号线,0,normal_info,0,2号线|3号线|4号线|5号线
ZZM_CN_dff807eeb55e,ZZS_eda0ec6e78,龙湖中环南,0.35,line_propagated,4号线,0,normal_info,0,2号线|3号线|4号线|5号线
ZZM_CN_dff807eeb55e,ZZS_ef6263ba13,潮河,0.35,line_propagated,3号线,0,normal_info,0,2号线|3号线|4号线|5号线
ZZM_CN_dff807eeb55e,ZZS_f095e9678f,航海广场,0.35,line_propagated,5号线,0,normal_info,0,2号线|3号线|4号线|5号线
ZZM_CN_dff807eeb55e,ZZS_f97030e2b9,冯庄,0.35,line_propagated,5号线,0,normal_info,0,2号线|3号线|4号线|5号线
ZZM_CN_dff807eeb55e,ZZS_ff256e6634,北三环,0.35,line_propagated,2号线,0,normal_info,0,2号线|3号线|4号线|5号线
ZZM_CN_dff807eeb55e,ZZS_ff491e6fdf,东风路,0.35,line_propagated,2号线,0,normal_info,0,2号线|3号线|4号线|5号线
ZZM_CN_dff807eeb55e,ZZS_ff6940526d,郑州东站,0.35,line_propagated,5号线,0,normal_info,0,2号线|3号线|4号线|5号线
ZZM_CN_e0498ec422a4,ZZS_00f55fa149,碧沙岗,0.35,line_propagated,1号线,0,normal_info,0,1号线
ZZM_CN_e0498ec422a4,ZZS_065e638aef,东风南路,0.35,line_propagated,1号线,0,normal_info,0,1号线
ZZM_CN_e0498ec422a4,ZZS_0660d199a6,农业南路,0.35,line_propagated,1号线,0,normal_info,0,1号线
ZZM_CN_e0498ec422a4,ZZS_0ccbb4888d,二七广场,0.35,line_propagated,1号线,0,normal_info,0,1号线
ZZM_CN_e0498ec422a4,ZZS_1acdaac4ce,铁炉,0.35,line_propagated,1号线,0,normal_info,0,1号线
ZZM_CN_e0498ec422a4,ZZS_27d32a2e36,五一公园,0.35,line_propagated,1号线,0,normal_info,0,1号线
ZZM_CN_e0498ec422a4,ZZS_3813354d55,绿城广场,0.35,line_propagated,1号线,0,normal_info,0,1号线
ZZM_CN_e0498ec422a4,ZZS_38180914a0,燕庄,0.35,line_propagated,1号线,0,normal_info,0,1号线
ZZM_CN_e0498ec422a4,ZZS_52a5a7940c,兰寨,0.35,line_propagated,1号线,0,normal_info,0,1号线
ZZM_CN_e0498ec422a4,ZZS_5d37b2006d,河南大学新区,0.35,line_propagated,1号线,0,normal_info,0,1号线
ZZM_CN_e0498ec422a4,ZZS_6c89efbe2c,文苑北路,0.35,line_propagated,1号线,0,normal_info,0,1号线
ZZM_CN_e0498ec422a4,ZZS_87213b5129,会展中心,0.35,line_propagated,1号线,0,normal_info,0,1号线
ZZM_CN_e0498ec422a4,ZZS_881a48e5bb,西三环,0.35,line_propagated,1号线,0,normal_info,0,1号线
ZZM_CN_e0498ec422a4,ZZS_89f2ce9b1d,秦岭路,0.35,line_propagated,1号线,0,normal_info,0,1号线
ZZM_CN_e0498ec422a4,ZZS_90196f31d6,郑州火车站,0.35,line_propagated,1号线,0,normal_info,0,1号线
ZZM_CN_e0498ec422a4,ZZS_a14df2d44f,紫荆山,0.35,line_propagated,1号线,0,normal_info,0,1号线
ZZM_CN_e0498ec422a4,ZZS_ae1b2afcad,梧桐街,0.35,line_propagated,1号线,0,normal_info,0,1号线
ZZM_CN_e0498ec422a4,ZZS_aed2ee7bb7,河南工业大学,0.35,line_propagated,1号线,0,normal_info,0,1号线
ZZM_CN_e0498ec422a4,ZZS_b0ac143899,龙子湖,0.35,line_propagated,1号线,0,normal_info,0,1号线
ZZM_CN_e0498ec422a4,ZZS_b37a0bcf35,郑大科技园,0.35,line_propagated,1号线,0,normal_info,0,1号线
ZZM_CN_e0498ec422a4,ZZS_b8d795b006,黄河南路,0.35,line_propagated,1号线,0,normal_info,0,1号线
ZZM_CN_e0498ec422a4,ZZS_bb3c17098a,人民路,0.35,line_propagated,1号线,0,normal_info,0,1号线
ZZM_CN_e0498ec422a4,ZZS_bf7f2bfbd0,博学路,0.35,line_propagated,1号线,0,normal_info,0,1号线
ZZM_CN_e0498ec422a4,ZZS_c9109d3d9f,医学院,0.35,line_propagated,1号线,0,normal_info,0,1号线
ZZM_CN_e0498ec422a4,ZZS_cc61daaced,市体育中心,0.35,line_propagated,1号线,0,normal_info,0,1号线
ZZM_CN_e0498ec422a4,ZZS_d61a964e41,市民中心,0.35,line_propagated,1号线,0,normal_info,0,1号线
ZZM_CN_e0498ec422a4,ZZS_e4b35b2f4d,郑州大学,0.35,line_propagated,1号线,0,normal_info,0,1号线
ZZM_CN_e0498ec422a4,ZZS_e67ffc082e,西流湖,0.35,line_propagated,1号线,0,normal_info,0,1号线
ZZM_CN_e0498ec422a4,ZZS_ff2a277828,民航路,0.35,line_propagated,1号线,0,normal_info,0,1号线
ZZM_CN_e0498ec422a4,ZZS_ff6940526d,郑州东站,0.35,line_propagated,1号线,0,normal_info,0,1号线
ZZM_CN_e081df22dd92,ZZS_05998450f4,龙王庙,0.35,line_propagated,8号线,0,normal_info,3,8号线
ZZM_CN_e081df22dd92,ZZS_14975bb40b,大学科技园,0.35,line_propagated,8号线,0,normal_info,3,8号线
ZZM_CN_e081df22dd92,ZZS_1798713287,枣庄,0.35,line_propagated,8号线,0,normal_info,3,8号线
ZZM_CN_e081df22dd92,ZZS_183636a902,圃田,0.35,line_propagated,8号线,0,normal_info,3,8号线
ZZM_CN_e081df22dd92,ZZS_1da410d5c4,五龙口,0.35,line_propagated,8号线,0,normal_info,3,8号线
ZZM_CN_e081df22dd92,ZZS_1f9e3949c9,小营,0.35,line_propagated,8号线,0,normal_info,3,8号线
ZZM_CN_e081df22dd92,ZZS_2696ac305b,天健湖,0.35,line_propagated,8号线,0,normal_info,3,8号线
ZZM_CN_e081df22dd92,ZZS_2dccccd192,李湖桥,0.35,line_propagated,8号线,0,normal_info,3,8号线
ZZM_CN_e081df22dd92,ZZS_371844c59b,高铁公园,0.35,line_propagated,8号线,0,normal_info,3,8号线
ZZM_CN_e081df22dd92,ZZS_479fe26d80,省中医院,0.35,line_propagated,8号线,0,normal_info,3,8号线
ZZM_CN_e081df22dd92,ZZS_4b22562d02,祥营,0.35,line_propagated,8号线,0,normal_info,3,8号线
ZZM_CN_e081df22dd92,ZZS_53800581f9,郑大一附院东区,0.35,line_propagated,8号线,0,normal_info,3,8号线
ZZM_CN_e081df22dd92,ZZS_69db9cfc46,绿博园,0.35,line_propagated,8号线,0,normal_info,3,8号线
ZZM_CN_e081df22dd92,ZZS_8613b32067,省社科院,0.35,line_propagated,8号线,0,normal_info,3,8号线
ZZM_CN_e081df22dd92,ZZS_8e500de2da,南流,0.35,line_propagated,8号线,0,normal_info,3,8号线
ZZM_CN_e081df22dd92,ZZS_92917e47af,福泽路,0.35,line_propagated,8号线,0,normal_info,3,8号线
ZZM_CN_e081df22dd92,ZZS_973f67bf8a,同乐,0.35,line_propagated,8号线,0,normal_info,3,8号线
ZZM_CN_e081df22dd92,ZZS_a6984fc653,冬青街,0.35,line_propagated,8号线,0,normal_info,3,8号线
ZZM_CN_e081df22dd92,ZZS_afbafd2356,银屏路,0.35,line_propagated,8号线,0,normal_info,3,8号线
ZZM_CN_e081df22dd92,ZZS_b2a66125f0,鲁庙,0.9,exact+line,8号线|鲁庙,0,normal_info,3,8号线
ZZM_CN_e081df22dd92,ZZS_b5c4192440,圃田西,0.35,line_propagated,8号线,0,normal_info,3,8号线
ZZM_CN_e081df22dd92,ZZS_d42cc93ba3,畅和街,0.35,line_propagated,8号线,0,normal_info,3,8号线
ZZM_CN_e081df22dd92,ZZS_d86aaedd03,白庙,0.35,line_propagated,8号线,0,normal_info,3,8号线
ZZM_CN_e081df22dd92,ZZS_d9b30933bc,轻工业大学,0.35,line_propagated,8号线,0,normal_info,3,8号线
ZZM_CN_e081df22dd92,ZZS_e4b35b2f4d,郑州大学,0.35,line_propagated,8号线,0,normal_info,3,8号线
ZZM_CN_e081df22dd92,ZZS_eda0ec6e78,龙湖中环南,0.35,line_propagated,8号线,0,normal_info,3,8号线
ZZM_CN_e081df22dd92,ZZS_ff491e6fdf,东风路,0.35,line_propagated,8号线,0,normal_info,3,8号线
ZZM_CN_e081df22dd92,ZZS_ff6940526d,郑州东站,0.35,line_propagated,8号线,0,normal_info,3,8号线
ZZM_CN_e0fbaa87d4a5,ZZS_00f55fa149,碧沙岗,0.35,line_propagated,1号线,0,normal_info,0,1号线
ZZM_CN_e0fbaa87d4a5,ZZS_065e638aef,东风南路,0.35,line_propagated,1号线,0,normal_info,0,1号线
ZZM_CN_e0fbaa87d4a5,ZZS_0660d199a6,农业南路,0.35,line_propagated,1号线,0,normal_info,0,1号线
ZZM_CN_e0fbaa87d4a5,ZZS_0ccbb4888d,二七广场,0.35,line_propagated,1号线,0,normal_info,0,1号线
ZZM_CN_e0fbaa87d4a5,ZZS_1acdaac4ce,铁炉,0.35,line_propagated,1号线,0,normal_info,0,1号线
ZZM_CN_e0fbaa87d4a5,ZZS_27d32a2e36,五一公园,0.35,line_propagated,1号线,0,normal_info,0,1号线
ZZM_CN_e0fbaa87d4a5,ZZS_3813354d55,绿城广场,0.35,line_propagated,1号线,0,normal_info,0,1号线
ZZM_CN_e0fbaa87d4a5,ZZS_38180914a0,燕庄,0.35,line_propagated,1号线,0,normal_info,0,1号线
ZZM_CN_e0fbaa87d4a5,ZZS_52a5a7940c,兰寨,0.35,line_propagated,1号线,0,normal_info,0,1号线
ZZM_CN_e0fbaa87d4a5,ZZS_5d37b2006d,河南大学新区,0.35,line_propagated,1号线,0,normal_info,0,1号线
ZZM_CN_e0fbaa87d4a5,ZZS_6c89efbe2c,文苑北路,0.35,line_propagated,1号线,0,normal_info,0,1号线
ZZM_CN_e0fbaa87d4a5,ZZS_87213b5129,会展中心,0.9,exact+line,1号线|会展中心,0,normal_info,0,1号线
ZZM_CN_e0fbaa87d4a5,ZZS_881a48e5bb,西三环,0.35,line_propagated,1号线,0,normal_info,0,1号线
ZZM_CN_e0fbaa87d4a5,ZZS_89f2ce9b1d,秦岭路,0.35,line_propagated,1号线,0,normal_info,0,1号线
ZZM_CN_e0fbaa87d4a5,ZZS_90196f31d6,郑州火车站,0.35,line_propagated,1号线,0,normal_info,0,1号线
ZZM_CN_e0fbaa87d4a5,ZZS_a14df2d44f,紫荆山,0.35,line_propagated,1号线,0,normal_info,0,1号线
ZZM_CN_e0fbaa87d4a5,ZZS_ae1b2afcad,梧桐街,0.35,line_propagated,1号线,0,normal_info,0,1号线
ZZM_CN_e0fbaa87d4a5,ZZS_aed2ee7bb7,河南工业大学,0.35,line_propagated,1号线,0,normal_info,0,1号线
ZZM_CN_e0fbaa87d4a5,ZZS_b0ac143899,龙子湖,0.35,line_propagated,1号线,0,normal_info,0,1号线
ZZM_CN_e0fbaa87d4a5,ZZS_b37a0bcf35,郑大科技园,0.35,line_propagated,1号线,0,normal_info,0,1号线
ZZM_CN_e0fbaa87d4a5,ZZS_b8d795b006,黄河南路,0.35,line_propagated,1号线,0,normal_info,0,1号线
ZZM_CN_e0fbaa87d4a5,ZZS_bb3c17098a,人民路,0.35,line_propagated,1号线,0,normal_info,0,1号线
ZZM_CN_e0fbaa87d4a5,ZZS_bf7f2bfbd0,博学路,0.35,line_propagated,1号线,0,normal_info,0,1号线
ZZM_CN_e0fbaa87d4a5,ZZS_c9109d3d9f,医学院,0.35,line_propagated,1号线,0,normal_info,0,1号线
ZZM_CN_e0fbaa87d4a5,ZZS_cc61daaced,市体育中心,0.35,line_propagated,1号线,0,normal_info,0,1号线
ZZM_CN_e0fbaa87d4a5,ZZS_d61a964e41,市民中心,0.35,line_propagated,1号线,0,normal_info,0,1号线
ZZM_CN_e0fbaa87d4a5,ZZS_e4b35b2f4d,郑州大学,0.35,line_propagated,1号线,0,normal_info,0,1号线
ZZM_CN_e0fbaa87d4a5,ZZS_e67ffc082e,西流湖,0.35,line_propagated,1号线,0,normal_info,0,1号线
ZZM_CN_e0fbaa87d4a5,ZZS_ff2a277828,民航路,0.35,line_propagated,1号线,0,normal_info,0,1号线
ZZM_CN_e0fbaa87d4a5,ZZS_ff6940526d,郑州东站,0.35,line_propagated,1号线,0,normal_info,0,1号线
ZZM_CN_e1e8d60d73e1,ZZS_00f55fa149,碧沙岗,0.35,line_propagated,1号线,0,normal_info,0,1号线
ZZM_CN_e1e8d60d73e1,ZZS_065e638aef,东风南路,0.35,line_propagated,1号线,0,normal_info,0,1号线
ZZM_CN_e1e8d60d73e1,ZZS_0660d199a6,农业南路,0.9,exact+line,1号线|农业南路,0,normal_info,0,1号线
ZZM_CN_e1e8d60d73e1,ZZS_0ccbb4888d,二七广场,0.35,line_propagated,1号线,0,normal_info,0,1号线
ZZM_CN_e1e8d60d73e1,ZZS_1acdaac4ce,铁炉,0.35,line_propagated,1号线,0,normal_info,0,1号线
ZZM_CN_e1e8d60d73e1,ZZS_27d32a2e36,五一公园,0.35,line_propagated,1号线,0,normal_info,0,1号线
ZZM_CN_e1e8d60d73e1,ZZS_3813354d55,绿城广场,0.35,line_propagated,1号线,0,normal_info,0,1号线
ZZM_CN_e1e8d60d73e1,ZZS_38180914a0,燕庄,0.35,line_propagated,1号线,0,normal_info,0,1号线
ZZM_CN_e1e8d60d73e1,ZZS_52a5a7940c,兰寨,0.35,line_propagated,1号线,0,normal_info,0,1号线
ZZM_CN_e1e8d60d73e1,ZZS_5d37b2006d,河南大学新区,0.35,line_propagated,1号线,0,normal_info,0,1号线
ZZM_CN_e1e8d60d73e1,ZZS_6c89efbe2c,文苑北路,0.35,line_propagated,1号线,0,normal_info,0,1号线
ZZM_CN_e1e8d60d73e1,ZZS_87213b5129,会展中心,0.35,line_propagated,1号线,0,normal_info,0,1号线
ZZM_CN_e1e8d60d73e1,ZZS_881a48e5bb,西三环,0.35,line_propagated,1号线,0,normal_info,0,1号线
ZZM_CN_e1e8d60d73e1,ZZS_89f2ce9b1d,秦岭路,0.35,line_propagated,1号线,0,normal_info,0,1号线
ZZM_CN_e1e8d60d73e1,ZZS_90196f31d6,郑州火车站,0.35,line_propagated,1号线,0,normal_info,0,1号线
ZZM_CN_e1e8d60d73e1,ZZS_a14df2d44f,紫荆山,0.35,line_propagated,1号线,0,normal_info,0,1号线
ZZM_CN_e1e8d60d73e1,ZZS_ae1b2afcad,梧桐街,0.35,line_propagated,1号线,0,normal_info,0,1号线
ZZM_CN_e1e8d60d73e1,ZZS_aed2ee7bb7,河南工业大学,0.35,line_propagated,1号线,0,normal_info,0,1号线
ZZM_CN_e1e8d60d73e1,ZZS_b0ac143899,龙子湖,0.35,line_propagated,1号线,0,normal_info,0,1号线
ZZM_CN_e1e8d60d73e1,ZZS_b37a0bcf35,郑大科技园,0.35,line_propagated,1号线,0,normal_info,0,1号线
ZZM_CN_e1e8d60d73e1,ZZS_b8d795b006,黄河南路,0.35,line_propagated,1号线,0,normal_info,0,1号线
ZZM_CN_e1e8d60d73e1,ZZS_bb3c17098a,人民路,0.35,line_propagated,1号线,0,normal_info,0,1号线
ZZM_CN_e1e8d60d73e1,ZZS_bf7f2bfbd0,博学路,0.35,line_propagated,1号线,0,normal_info,0,1号线
ZZM_CN_e1e8d60d73e1,ZZS_c9109d3d9f,医学院,0.35,line_propagated,1号线,0,normal_info,0,1号线
ZZM_CN_e1e8d60d73e1,ZZS_cc61daaced,市体育中心,0.35,line_propagated,1号线,0,normal_info,0,1号线
ZZM_CN_e1e8d60d73e1,ZZS_d61a964e41,市民中心,0.35,line_propagated,1号线,0,normal_info,0,1号线
ZZM_CN_e1e8d60d73e1,ZZS_e4b35b2f4d,郑州大学,0.35,line_propagated,1号线,0,normal_info,0,1号线
ZZM_CN_e1e8d60d73e1,ZZS_e67ffc082e,西流湖,0.35,line_propagated,1号线,0,normal_info,0,1号线
ZZM_CN_e1e8d60d73e1,ZZS_ff2a277828,民航路,0.35,line_propagated,1号线,0,normal_info,0,1号线
ZZM_CN_e1e8d60d73e1,ZZS_ff6940526d,郑州东站,0.35,line_propagated,1号线,0,normal_info,0,1号线
ZZM_CN_e372cb30580a,ZZS_00f55fa149,碧沙岗,0.35,line_propagated,1号线,0,normal_info,0,1号线
ZZM_CN_e372cb30580a,ZZS_065e638aef,东风南路,0.35,line_propagated,1号线,0,normal_info,0,1号线
ZZM_CN_e372cb30580a,ZZS_0660d199a6,农业南路,0.35,line_propagated,1号线,0,normal_info,0,1号线
ZZM_CN_e372cb30580a,ZZS_0ccbb4888d,二七广场,0.35,line_propagated,1号线,0,normal_info,0,1号线
ZZM_CN_e372cb30580a,ZZS_1acdaac4ce,铁炉,0.35,line_propagated,1号线,0,normal_info,0,1号线
ZZM_CN_e372cb30580a,ZZS_27d32a2e36,五一公园,0.35,line_propagated,1号线,0,normal_info,0,1号线
ZZM_CN_e372cb30580a,ZZS_3813354d55,绿城广场,0.35,line_propagated,1号线,0,normal_info,0,1号线
ZZM_CN_e372cb30580a,ZZS_38180914a0,燕庄,0.35,line_propagated,1号线,0,normal_info,0,1号线
ZZM_CN_e372cb30580a,ZZS_52a5a7940c,兰寨,0.35,line_propagated,1号线,0,normal_info,0,1号线
ZZM_CN_e372cb30580a,ZZS_5d37b2006d,河南大学新区,0.35,line_propagated,1号线,0,normal_info,0,1号线
ZZM_CN_e372cb30580a,ZZS_6c89efbe2c,文苑北路,0.35,line_propagated,1号线,0,normal_info,0,1号线
ZZM_CN_e372cb30580a,ZZS_87213b5129,会展中心,0.35,line_propagated,1号线,0,normal_info,0,1号线
ZZM_CN_e372cb30580a,ZZS_881a48e5bb,西三环,0.35,line_propagated,1号线,0,normal_info,0,1号线
ZZM_CN_e372cb30580a,ZZS_89f2ce9b1d,秦岭路,0.35,line_propagated,1号线,0,normal_info,0,1号线
ZZM_CN_e372cb30580a,ZZS_90196f31d6,郑州火车站,0.35,line_propagated,1号线,0,normal_info,0,1号线
ZZM_CN_e372cb30580a,ZZS_a14df2d44f,紫荆山,0.35,line_propagated,1号线,0,normal_info,0,1号线
ZZM_CN_e372cb30580a,ZZS_ae1b2afcad,梧桐街,0.35,line_propagated,1号线,0,normal_info,0,1号线
ZZM_CN_e372cb30580a,ZZS_aed2ee7bb7,河南工业大学,0.35,line_propagated,1号线,0,normal_info,0,1号线
ZZM_CN_e372cb30580a,ZZS_b0ac143899,龙子湖,0.35,line_propagated,1号线,0,normal_info,0,1号线
ZZM_CN_e372cb30580a,ZZS_b37a0bcf35,郑大科技园,0.35,line_propagated,1号线,0,normal_info,0,1号线
ZZM_CN_e372cb30580a,ZZS_b8d795b006,黄河南路,0.35,line_propagated,1号线,0,normal_info,0,1号线
ZZM_CN_e372cb30580a,ZZS_bb3c17098a,人民路,0.35,line_propagated,1号线,0,normal_info,0,1号线
ZZM_CN_e372cb30580a,ZZS_bf7f2bfbd0,博学路,0.35,line_propagated,1号线,0,normal_info,0,1号线
ZZM_CN_e372cb30580a,ZZS_c9109d3d9f,医学院,0.35,line_propagated,1号线,0,normal_info,0,1号线
ZZM_CN_e372cb30580a,ZZS_cc61daaced,市体育中心,0.35,line_propagated,1号线,0,normal_info,0,1号线
ZZM_CN_e372cb30580a,ZZS_d61a964e41,市民中心,0.35,line_propagated,1号线,0,normal_info,0,1号线
ZZM_CN_e372cb30580a,ZZS_e4b35b2f4d,郑州大学,0.35,line_propagated,1号线,0,normal_info,0,1号线
ZZM_CN_e372cb30580a,ZZS_e67ffc082e,西流湖,0.35,line_propagated,1号线,0,normal_info,0,1号线
ZZM_CN_e372cb30580a,ZZS_ff2a277828,民航路,0.35,line_propagated,1号线,0,normal_info,0,1号线
ZZM_CN_e372cb30580a,ZZS_ff6940526d,郑州东站,0.35,line_propagated,1号线,0,normal_info,0,1号线
ZZM_CN_e4eb7f13c8d2,ZZS_00f55fa149,碧沙岗,0.35,line_propagated,1号线,1,service_disruption,0,1号线
ZZM_CN_e4eb7f13c8d2,ZZS_065e638aef,东风南路,0.35,line_propagated,1号线,1,service_disruption,0,1号线
ZZM_CN_e4eb7f13c8d2,ZZS_0660d199a6,农业南路,0.35,line_propagated,1号线,1,service_disruption,0,1号线
ZZM_CN_e4eb7f13c8d2,ZZS_0ccbb4888d,二七广场,0.35,line_propagated,1号线,1,service_disruption,0,1号线
ZZM_CN_e4eb7f13c8d2,ZZS_1acdaac4ce,铁炉,0.35,line_propagated,1号线,1,service_disruption,0,1号线
ZZM_CN_e4eb7f13c8d2,ZZS_27d32a2e36,五一公园,0.35,line_propagated,1号线,1,service_disruption,0,1号线
ZZM_CN_e4eb7f13c8d2,ZZS_3813354d55,绿城广场,0.35,line_propagated,1号线,1,service_disruption,0,1号线
ZZM_CN_e4eb7f13c8d2,ZZS_38180914a0,燕庄,0.35,line_propagated,1号线,1,service_disruption,0,1号线
ZZM_CN_e4eb7f13c8d2,ZZS_52a5a7940c,兰寨,0.35,line_propagated,1号线,1,service_disruption,0,1号线
ZZM_CN_e4eb7f13c8d2,ZZS_5d37b2006d,河南大学新区,0.35,line_propagated,1号线,1,service_disruption,0,1号线
ZZM_CN_e4eb7f13c8d2,ZZS_6c89efbe2c,文苑北路,0.35,line_propagated,1号线,1,service_disruption,0,1号线
ZZM_CN_e4eb7f13c8d2,ZZS_87213b5129,会展中心,0.35,line_propagated,1号线,1,service_disruption,0,1号线
ZZM_CN_e4eb7f13c8d2,ZZS_881a48e5bb,西三环,0.35,line_propagated,1号线,1,service_disruption,0,1号线
ZZM_CN_e4eb7f13c8d2,ZZS_89f2ce9b1d,秦岭路,0.35,line_propagated,1号线,1,service_disruption,0,1号线
ZZM_CN_e4eb7f13c8d2,ZZS_90196f31d6,郑州火车站,0.35,line_propagated,1号线,1,service_disruption,0,1号线
ZZM_CN_e4eb7f13c8d2,ZZS_a14df2d44f,紫荆山,0.35,line_propagated,1号线,1,service_disruption,0,1号线
ZZM_CN_e4eb7f13c8d2,ZZS_ae1b2afcad,梧桐街,0.35,line_propagated,1号线,1,service_disruption,0,1号线
ZZM_CN_e4eb7f13c8d2,ZZS_aed2ee7bb7,河南工业大学,0.35,line_propagated,1号线,1,service_disruption,0,1号线
ZZM_CN_e4eb7f13c8d2,ZZS_b0ac143899,龙子湖,0.35,line_propagated,1号线,1,service_disruption,0,1号线
ZZM_CN_e4eb7f13c8d2,ZZS_b37a0bcf35,郑大科技园,0.35,line_propagated,1号线,1,service_disruption,0,1号线
ZZM_CN_e4eb7f13c8d2,ZZS_b8d795b006,黄河南路,0.35,line_propagated,1号线,1,service_disruption,0,1号线
ZZM_CN_e4eb7f13c8d2,ZZS_bb3c17098a,人民路,0.35,line_propagated,1号线,1,service_disruption,0,1号线
ZZM_CN_e4eb7f13c8d2,ZZS_bf7f2bfbd0,博学路,0.35,line_propagated,1号线,1,service_disruption,0,1号线
ZZM_CN_e4eb7f13c8d2,ZZS_c9109d3d9f,医学院,0.35,line_propagated,1号线,1,service_disruption,0,1号线
ZZM_CN_e4eb7f13c8d2,ZZS_cc61daaced,市体育中心,0.35,line_propagated,1号线,1,service_disruption,0,1号线
ZZM_CN_e4eb7f13c8d2,ZZS_d61a964e41,市民中心,0.35,line_propagated,1号线,1,service_disruption,0,1号线
ZZM_CN_e4eb7f13c8d2,ZZS_e4b35b2f4d,郑州大学,0.35,line_propagated,1号线,1,service_disruption,0,1号线
ZZM_CN_e4eb7f13c8d2,ZZS_e67ffc082e,西流湖,0.35,line_propagated,1号线,1,service_disruption,0,1号线
ZZM_CN_e4eb7f13c8d2,ZZS_ff2a277828,民航路,0.35,line_propagated,1号线,1,service_disruption,0,1号线
ZZM_CN_e4eb7f13c8d2,ZZS_ff6940526d,郑州东站,0.35,line_propagated,1号线,1,service_disruption,0,1号线
ZZM_CN_e70a54ebdd67,ZZS_00f55fa149,碧沙岗,0.35,line_propagated,1号线,0,normal_info,0,1号线
ZZM_CN_e70a54ebdd67,ZZS_065e638aef,东风南路,0.35,line_propagated,1号线,0,normal_info,0,1号线
ZZM_CN_e70a54ebdd67,ZZS_0660d199a6,农业南路,0.35,line_propagated,1号线,0,normal_info,0,1号线
ZZM_CN_e70a54ebdd67,ZZS_0ccbb4888d,二七广场,0.35,line_propagated,1号线,0,normal_info,0,1号线
ZZM_CN_e70a54ebdd67,ZZS_1acdaac4ce,铁炉,0.35,line_propagated,1号线,0,normal_info,0,1号线
ZZM_CN_e70a54ebdd67,ZZS_27d32a2e36,五一公园,0.35,line_propagated,1号线,0,normal_info,0,1号线
ZZM_CN_e70a54ebdd67,ZZS_3813354d55,绿城广场,0.35,line_propagated,1号线,0,normal_info,0,1号线
ZZM_CN_e70a54ebdd67,ZZS_38180914a0,燕庄,0.35,line_propagated,1号线,0,normal_info,0,1号线
ZZM_CN_e70a54ebdd67,ZZS_52a5a7940c,兰寨,0.35,line_propagated,1号线,0,normal_info,0,1号线
ZZM_CN_e70a54ebdd67,ZZS_5d37b2006d,河南大学新区,0.35,line_propagated,1号线,0,normal_info,0,1号线
ZZM_CN_e70a54ebdd67,ZZS_6c89efbe2c,文苑北路,0.35,line_propagated,1号线,0,normal_info,0,1号线
ZZM_CN_e70a54ebdd67,ZZS_87213b5129,会展中心,0.35,line_propagated,1号线,0,normal_info,0,1号线
ZZM_CN_e70a54ebdd67,ZZS_881a48e5bb,西三环,0.35,line_propagated,1号线,0,normal_info,0,1号线
ZZM_CN_e70a54ebdd67,ZZS_89f2ce9b1d,秦岭路,0.35,line_propagated,1号线,0,normal_info,0,1号线
ZZM_CN_e70a54ebdd67,ZZS_90196f31d6,郑州火车站,0.35,line_propagated,1号线,0,normal_info,0,1号线
ZZM_CN_e70a54ebdd67,ZZS_a14df2d44f,紫荆山,0.35,line_propagated,1号线,0,normal_info,0,1号线
ZZM_CN_e70a54ebdd67,ZZS_ae1b2afcad,梧桐街,0.35,line_propagated,1号线,0,normal_info,0,1号线
ZZM_CN_e70a54ebdd67,ZZS_aed2ee7bb7,河南工业大学,0.35,line_propagated,1号线,0,normal_info,0,1号线
ZZM_CN_e70a54ebdd67,ZZS_b0ac143899,龙子湖,0.35,line_propagated,1号线,0,normal_info,0,1号线
ZZM_CN_e70a54ebdd67,ZZS_b37a0bcf35,郑大科技园,0.35,line_propagated,1号线,0,normal_info,0,1号线
ZZM_CN_e70a54ebdd67,ZZS_b8d795b006,黄河南路,0.35,line_propagated,1号线,0,normal_info,0,1号线
ZZM_CN_e70a54ebdd67,ZZS_bb3c17098a,人民路,0.35,line_propagated,1号线,0,normal_info,0,1号线
ZZM_CN_e70a54ebdd67,ZZS_bf7f2bfbd0,博学路,0.35,line_propagated,1号线,0,normal_info,0,1号线
ZZM_CN_e70a54ebdd67,ZZS_c9109d3d9f,医学院,0.35,line_propagated,1号线,0,normal_info,0,1号线
ZZM_CN_e70a54ebdd67,ZZS_cc61daaced,市体育中心,0.35,line_propagated,1号线,0,normal_info,0,1号线
ZZM_CN_e70a54ebdd67,ZZS_d61a964e41,市民中心,0.35,line_propagated,1号线,0,normal_info,0,1号线
ZZM_CN_e70a54ebdd67,ZZS_e4b35b2f4d,郑州大学,0.35,line_propagated,1号线,0,normal_info,0,1号线
ZZM_CN_e70a54ebdd67,ZZS_e67ffc082e,西流湖,0.35,line_propagated,1号线,0,normal_info,0,1号线
ZZM_CN_e70a54ebdd67,ZZS_ff2a277828,民航路,0.35,line_propagated,1号线,0,normal_info,0,1号线
ZZM_CN_e70a54ebdd67,ZZS_ff6940526d,郑州东站,0.35,line_propagated,1号线,0,normal_info,0,1号线
ZZM_CN_e89241a55bf2,ZZS_00f55fa149,碧沙岗,0.35,line_propagated,1号线,0,normal_info,0,1号线
ZZM_CN_e89241a55bf2,ZZS_065e638aef,东风南路,0.35,line_propagated,1号线,0,normal_info,0,1号线
ZZM_CN_e89241a55bf2,ZZS_0660d199a6,农业南路,0.35,line_propagated,1号线,0,normal_info,0,1号线
ZZM_CN_e89241a55bf2,ZZS_0ccbb4888d,二七广场,0.35,line_propagated,1号线,0,normal_info,0,1号线
ZZM_CN_e89241a55bf2,ZZS_1acdaac4ce,铁炉,0.35,line_propagated,1号线,0,normal_info,0,1号线
ZZM_CN_e89241a55bf2,ZZS_27d32a2e36,五一公园,0.35,line_propagated,1号线,0,normal_info,0,1号线
ZZM_CN_e89241a55bf2,ZZS_3813354d55,绿城广场,0.35,line_propagated,1号线,0,normal_info,0,1号线
ZZM_CN_e89241a55bf2,ZZS_38180914a0,燕庄,0.35,line_propagated,1号线,0,normal_info,0,1号线
ZZM_CN_e89241a55bf2,ZZS_52a5a7940c,兰寨,0.35,line_propagated,1号线,0,normal_info,0,1号线
ZZM_CN_e89241a55bf2,ZZS_5d37b2006d,河南大学新区,0.35,line_propagated,1号线,0,normal_info,0,1号线
ZZM_CN_e89241a55bf2,ZZS_6c89efbe2c,文苑北路,0.35,line_propagated,1号线,0,normal_info,0,1号线
ZZM_CN_e89241a55bf2,ZZS_87213b5129,会展中心,0.35,line_propagated,1号线,0,normal_info,0,1号线
ZZM_CN_e89241a55bf2,ZZS_881a48e5bb,西三环,0.35,line_propagated,1号线,0,normal_info,0,1号线
ZZM_CN_e89241a55bf2,ZZS_89f2ce9b1d,秦岭路,0.9,exact+line,1号线|秦岭路,0,normal_info,0,1号线
ZZM_CN_e89241a55bf2,ZZS_90196f31d6,郑州火车站,0.35,line_propagated,1号线,0,normal_info,0,1号线
ZZM_CN_e89241a55bf2,ZZS_a14df2d44f,紫荆山,0.35,line_propagated,1号线,0,normal_info,0,1号线
ZZM_CN_e89241a55bf2,ZZS_ae1b2afcad,梧桐街,0.35,line_propagated,1号线,0,normal_info,0,1号线
ZZM_CN_e89241a55bf2,ZZS_aed2ee7bb7,河南工业大学,0.35,line_propagated,1号线,0,normal_info,0,1号线
ZZM_CN_e89241a55bf2,ZZS_b0ac143899,龙子湖,0.35,line_propagated,1号线,0,normal_info,0,1号线
ZZM_CN_e89241a55bf2,ZZS_b37a0bcf35,郑大科技园,0.35,line_propagated,1号线,0,normal_info,0,1号线
ZZM_CN_e89241a55bf2,ZZS_b8d795b006,黄河南路,0.35,line_propagated,1号线,0,normal_info,0,1号线
ZZM_CN_e89241a55bf2,ZZS_bb3c17098a,人民路,0.35,line_propagated,1号线,0,normal_info,0,1号线
ZZM_CN_e89241a55bf2,ZZS_bf7f2bfbd0,博学路,0.35,line_propagated,1号线,0,normal_info,0,1号线
ZZM_CN_e89241a55bf2,ZZS_c9109d3d9f,医学院,0.35,line_propagated,1号线,0,normal_info,0,1号线
ZZM_CN_e89241a55bf2,ZZS_cc61daaced,市体育中心,0.35,line_propagated,1号线,0,normal_info,0,1号线
ZZM_CN_e89241a55bf2,ZZS_d61a964e41,市民中心,0.35,line_propagated,1号线,0,normal_info,0,1号线
ZZM_CN_e89241a55bf2,ZZS_d86c49fbed,农业东路,0.9,exact,农业东路,0,normal_info,0,1号线
ZZM_CN_e89241a55bf2,ZZS_e4b35b2f4d,郑州大学,0.35,line_propagated,1号线,0,normal_info,0,1号线
ZZM_CN_e89241a55bf2,ZZS_e67ffc082e,西流湖,0.35,line_propagated,1号线,0,normal_info,0,1号线
ZZM_CN_e89241a55bf2,ZZS_ff2a277828,民航路,0.35,line_propagated,1号线,0,normal_info,0,1号线
ZZM_CN_e89241a55bf2,ZZS_ff6940526d,郑州东站,0.35,line_propagated,1号线,0,normal_info,0,1号线
ZZM_CN_e98d37484967,ZZS_00f55fa149,碧沙岗,0.35,line_propagated,1号线,0,normal_info,0,1号线
ZZM_CN_e98d37484967,ZZS_065e638aef,东风南路,0.35,line_propagated,1号线,0,normal_info,0,1号线
ZZM_CN_e98d37484967,ZZS_0660d199a6,农业南路,0.35,line_propagated,1号线,0,normal_info,0,1号线
ZZM_CN_e98d37484967,ZZS_0ccbb4888d,二七广场,0.35,line_propagated,1号线,0,normal_info,0,1号线
ZZM_CN_e98d37484967,ZZS_1acdaac4ce,铁炉,0.35,line_propagated,1号线,0,normal_info,0,1号线
ZZM_CN_e98d37484967,ZZS_27d32a2e36,五一公园,0.35,line_propagated,1号线,0,normal_info,0,1号线
ZZM_CN_e98d37484967,ZZS_3813354d55,绿城广场,0.35,line_propagated,1号线,0,normal_info,0,1号线
ZZM_CN_e98d37484967,ZZS_38180914a0,燕庄,0.35,line_propagated,1号线,0,normal_info,0,1号线
ZZM_CN_e98d37484967,ZZS_52a5a7940c,兰寨,0.35,line_propagated,1号线,0,normal_info,0,1号线
ZZM_CN_e98d37484967,ZZS_5d37b2006d,河南大学新区,0.35,line_propagated,1号线,0,normal_info,0,1号线
ZZM_CN_e98d37484967,ZZS_6c89efbe2c,文苑北路,0.35,line_propagated,1号线,0,normal_info,0,1号线
ZZM_CN_e98d37484967,ZZS_87213b5129,会展中心,0.35,line_propagated,1号线,0,normal_info,0,1号线
ZZM_CN_e98d37484967,ZZS_881a48e5bb,西三环,0.35,line_propagated,1号线,0,normal_info,0,1号线
ZZM_CN_e98d37484967,ZZS_89f2ce9b1d,秦岭路,0.35,line_propagated,1号线,0,normal_info,0,1号线
ZZM_CN_e98d37484967,ZZS_90196f31d6,郑州火车站,0.35,line_propagated,1号线,0,normal_info,0,1号线
ZZM_CN_e98d37484967,ZZS_a14df2d44f,紫荆山,0.35,line_propagated,1号线,0,normal_info,0,1号线
ZZM_CN_e98d37484967,ZZS_ae1b2afcad,梧桐街,0.35,line_propagated,1号线,0,normal_info,0,1号线
ZZM_CN_e98d37484967,ZZS_aed2ee7bb7,河南工业大学,0.35,line_propagated,1号线,0,normal_info,0,1号线
ZZM_CN_e98d37484967,ZZS_b0ac143899,龙子湖,0.35,line_propagated,1号线,0,normal_info,0,1号线
ZZM_CN_e98d37484967,ZZS_b37a0bcf35,郑大科技园,0.35,line_propagated,1号线,0,normal_info,0,1号线
ZZM_CN_e98d37484967,ZZS_b8d795b006,黄河南路,0.35,line_propagated,1号线,0,normal_info,0,1号线
ZZM_CN_e98d37484967,ZZS_bb3c17098a,人民路,0.35,line_propagated,1号线,0,normal_info,0,1号线
ZZM_CN_e98d37484967,ZZS_bf7f2bfbd0,博学路,0.35,line_propagated,1号线,0,normal_info,0,1号线
ZZM_CN_e98d37484967,ZZS_c9109d3d9f,医学院,0.35,line_propagated,1号线,0,normal_info,0,1号线
ZZM_CN_e98d37484967,ZZS_cc61daaced,市体育中心,0.35,line_propagated,1号线,0,normal_info,0,1号线
ZZM_CN_e98d37484967,ZZS_d61a964e41,市民中心,0.35,line_propagated,1号线,0,normal_info,0,1号线
ZZM_CN_e98d37484967,ZZS_e4b35b2f4d,郑州大学,0.35,line_propagated,1号线,0,normal_info,0,1号线
ZZM_CN_e98d37484967,ZZS_e67ffc082e,西流湖,0.35,line_propagated,1号线,0,normal_info,0,1号线
ZZM_CN_e98d37484967,ZZS_ff2a277828,民航路,0.35,line_propagated,1号线,0,normal_info,0,1号线
ZZM_CN_e98d37484967,ZZS_ff6940526d,郑州东站,0.35,line_propagated,1号线,0,normal_info,0,1号线
ZZM_CN_e9b84f0b71ed,ZZS_05d97db6f2,司赵,0.9,exact+line,3号线|司赵,0,normal_info,0,3号线
ZZM_CN_e9b84f0b71ed,ZZS_0ccbb4888d,二七广场,0.35,line_propagated,3号线,0,normal_info,0,3号线
ZZM_CN_e9b84f0b71ed,ZZS_1371fabdab,西大街,0.35,line_propagated,3号线,0,normal_info,0,3号线
ZZM_CN_e9b84f0b71ed,ZZS_13fc13c558,郑州文庙,0.35,line_propagated,3号线,0,normal_info,0,3号线
ZZM_CN_e9b84f0b71ed,ZZS_25a45ff011,东周,0.35,line_propagated,3号线,0,normal_info,0,3号线
ZZM_CN_e9b84f0b71ed,ZZS_28ee7061d7,东十里铺,0.35,line_propagated,3号线,0,normal_info,0,3号线
ZZM_CN_e9b84f0b71ed,ZZS_29284451da,凤凰台,0.35,line_propagated,3号线,0,normal_info,0,3号线
ZZM_CN_e9b84f0b71ed,ZZS_31a002aa03,海滩寺,0.35,line_propagated,3号线,0,normal_info,0,3号线
ZZM_CN_e9b84f0b71ed,ZZS_44eab6c022,南阳新村,0.35,line_propagated,3号线,0,normal_info,0,3号线
ZZM_CN_e9b84f0b71ed,ZZS_51e572c7c3,东大街,0.35,line_propagated,3号线,0,normal_info,0,3号线
ZZM_CN_e9b84f0b71ed,ZZS_5563728074,营岗,0.9,exact+line,3号线|营岗,0,normal_info,0,3号线
ZZM_CN_e9b84f0b71ed,ZZS_6605be2a4e,省体育中心,0.35,line_propagated,3号线,0,normal_info,0,3号线
ZZM_CN_e9b84f0b71ed,ZZS_662c95b759,王砦,0.35,line_propagated,3号线,0,normal_info,0,3号线
ZZM_CN_e9b84f0b71ed,ZZS_6a0a21f658,通泰路,0.35,line_propagated,3号线,0,normal_info,0,3号线
ZZM_CN_e9b84f0b71ed,ZZS_973f67bf8a,同乐,0.35,line_propagated,3号线,0,normal_info,0,3号线
ZZM_CN_e9b84f0b71ed,ZZS_9a51a2fe83,兴隆铺,0.35,line_propagated,3号线,0,normal_info,0,3号线
ZZM_CN_e9b84f0b71ed,ZZS_a3cc0229f4,省骨科医院,0.35,line_propagated,3号线,0,normal_info,0,3号线
ZZM_CN_e9b84f0b71ed,ZZS_a9af1749e0,西周,0.35,line_propagated,3号线,0,normal_info,0,3号线
ZZM_CN_e9b84f0b71ed,ZZS_b5c4192440,圃田西,0.35,line_propagated,3号线,0,normal_info,0,3号线
ZZM_CN_e9b84f0b71ed,ZZS_b9cd9992ce,人民公园,0.35,line_propagated,3号线,0,normal_info,0,3号线
ZZM_CN_e9b84f0b71ed,ZZS_ba70aa715e,博览中心,0.35,line_propagated,3号线,0,normal_info,0,3号线
ZZM_CN_e9b84f0b71ed,ZZS_c5943bbf34,滨河新城,0.9,exact+line,3号线|滨河新城,0,normal_info,0,3号线
ZZM_CN_e9b84f0b71ed,ZZS_c8f4a267a6,大石桥,0.35,line_propagated,3号线,0,normal_info,0,3号线
ZZM_CN_e9b84f0b71ed,ZZS_e9c14949ec,滨河新城南,0.9,exact+line,3号线|滨河新城南,0,normal_info,0,3号线
ZZM_CN_e9b84f0b71ed,ZZS_ef6263ba13,潮河,0.9,exact+line,3号线|潮河,0,normal_info,0,3号线
ZZM_CN_e9e9a154622f,ZZS_001bf66fc1,陇海西路,0.35,line_propagated,5号线,2,safety_emergency,3,5号线
ZZM_CN_e9e9a154622f,ZZS_1236ed80e3,中央商务区,0.35,line_propagated,5号线,2,safety_emergency,3,5号线
ZZM_CN_e9e9a154622f,ZZS_1246e07d02,城东南路,0.35,line_propagated,5号线,2,safety_emergency,3,5号线
ZZM_CN_e9e9a154622f,ZZS_136c32a256,市中心医院,0.35,line_propagated,5号线,2,safety_emergency,3,5号线
ZZM_CN_e9e9a154622f,ZZS_14efbdcc1b,福塔东,0.35,line_propagated,5号线,2,safety_emergency,3,5号线
ZZM_CN_e9e9a154622f,ZZS_190cc56901,金水东路,0.35,line_propagated,5号线,2,safety_emergency,3,5号线
ZZM_CN_e9e9a154622f,ZZS_1da410d5c4,五龙口,0.9,exact,五龙口,2,safety_emergency,3,5号线
ZZM_CN_e9e9a154622f,ZZS_20262a52f0,南五里堡,0.35,line_propagated,5号线,2,safety_emergency,3,5号线
ZZM_CN_e9e9a154622f,ZZS_20dcf363fc,康宁街,0.35,line_propagated,5号线,2,safety_emergency,3,5号线
ZZM_CN_e9e9a154622f,ZZS_27d32a2e36,五一公园,0.35,line_propagated,5号线,2,safety_emergency,3,5号线
ZZM_CN_e9e9a154622f,ZZS_2db8e2eabe,经北二路,0.35,line_propagated,5号线,2,safety_emergency,3,5号线
ZZM_CN_e9e9a154622f,ZZS_31a002aa03,海滩寺,0.9,exact+line,5号线|海滩寺,2,safety_emergency,3,5号线
ZZM_CN_e9e9a154622f,ZZS_386438745b,祭城,0.35,line_propagated,5号线,2,safety_emergency,3,5号线
ZZM_CN_e9e9a154622f,ZZS_3ada9c57dc,众意西路,0.35,line_propagated,5号线,2,safety_emergency,3,5号线
ZZM_CN_e9e9a154622f,ZZS_45679e4fc0,七里河,0.35,line_propagated,5号线,2,safety_emergency,3,5号线
ZZM_CN_e9e9a154622f,ZZS_4dd2360957,京广南路,0.35,line_propagated,5号线,2,safety_emergency,3,5号线
ZZM_CN_e9e9a154622f,ZZS_5b6c4f8186,郑州人民医院,0.35,line_propagated,5号线,2,safety_emergency,3,5号线
ZZM_CN_e9e9a154622f,ZZS_5babce6145,中原福塔,0.35,line_propagated,5号线,2,safety_emergency,3,5号线
ZZM_CN_e9e9a154622f,ZZS_5dc87121c2,市第二人民医院,0.35,line_propagated,5号线,2,safety_emergency,3,5号线
ZZM_CN_e9e9a154622f,ZZS_7dd13fd23f,黄河路,0.35,line_propagated,5号线,2,safety_emergency,3,5号线
ZZM_CN_e9e9a154622f,ZZS_9a26907088,齐礼阎,0.35,line_propagated,5号线,2,safety_emergency,3,5号线
ZZM_CN_e9e9a154622f,ZZS_9d8185e03c,省人民医院,0.35,line_propagated,5号线,2,safety_emergency,3,5号线
ZZM_CN_e9e9a154622f,ZZS_a3cc0229f4,省骨科医院,0.35,line_propagated,5号线,2,safety_emergency,3,5号线
ZZM_CN_e9e9a154622f,ZZS_ae7cc361da,月季公园,0.35,line_propagated,5号线,2,safety_emergency,3,5号线
ZZM_CN_e9e9a154622f,ZZS_bd17c52fa6,儿童医院,0.35,line_propagated,5号线,2,safety_emergency,3,5号线
ZZM_CN_e9e9a154622f,ZZS_c720567666,桐淮,0.35,line_propagated,5号线,2,safety_emergency,3,5号线
ZZM_CN_e9e9a154622f,ZZS_c94675c30b,后河芦,0.35,line_propagated,5号线,2,safety_emergency,3,5号线
ZZM_CN_e9e9a154622f,ZZS_c995bf7092,经开中心广场,0.35,line_propagated,5号线,2,safety_emergency,3,5号线
ZZM_CN_e9e9a154622f,ZZS_cb2e15cfa0,姚砦,0.35,line_propagated,5号线,2,safety_emergency,3,5号线
ZZM_CN_e9e9a154622f,ZZS_deb2edc4a2,沙口路,0.9,exact+line,5号线|沙口路,2,safety_emergency,3,5号线
ZZM_CN_e9e9a154622f,ZZS_f095e9678f,航海广场,0.35,line_propagated,5号线,2,safety_emergency,3,5号线
ZZM_CN_e9e9a154622f,ZZS_f97030e2b9,冯庄,0.35,line_propagated,5号线,2,safety_emergency,3,5号线
ZZM_CN_e9e9a154622f,ZZS_ff6940526d,郑州东站,0.35,line_propagated,5号线,2,safety_emergency,3,5号线
ZZM_CN_ea3f2cc25306,ZZS_00f55fa149,碧沙岗,0.35,line_propagated,1号线,4,crowd_weather_external,0,1号线
ZZM_CN_ea3f2cc25306,ZZS_065e638aef,东风南路,0.35,line_propagated,1号线,4,crowd_weather_external,0,1号线
ZZM_CN_ea3f2cc25306,ZZS_0660d199a6,农业南路,0.35,line_propagated,1号线,4,crowd_weather_external,0,1号线
ZZM_CN_ea3f2cc25306,ZZS_0ccbb4888d,二七广场,0.35,line_propagated,1号线,4,crowd_weather_external,0,1号线
ZZM_CN_ea3f2cc25306,ZZS_1acdaac4ce,铁炉,0.35,line_propagated,1号线,4,crowd_weather_external,0,1号线
ZZM_CN_ea3f2cc25306,ZZS_27d32a2e36,五一公园,0.35,line_propagated,1号线,4,crowd_weather_external,0,1号线
ZZM_CN_ea3f2cc25306,ZZS_3813354d55,绿城广场,0.35,line_propagated,1号线,4,crowd_weather_external,0,1号线
ZZM_CN_ea3f2cc25306,ZZS_38180914a0,燕庄,0.35,line_propagated,1号线,4,crowd_weather_external,0,1号线
ZZM_CN_ea3f2cc25306,ZZS_52a5a7940c,兰寨,0.35,line_propagated,1号线,4,crowd_weather_external,0,1号线
ZZM_CN_ea3f2cc25306,ZZS_5d37b2006d,河南大学新区,0.35,line_propagated,1号线,4,crowd_weather_external,0,1号线
ZZM_CN_ea3f2cc25306,ZZS_6c89efbe2c,文苑北路,0.35,line_propagated,1号线,4,crowd_weather_external,0,1号线
ZZM_CN_ea3f2cc25306,ZZS_87213b5129,会展中心,0.35,line_propagated,1号线,4,crowd_weather_external,0,1号线
ZZM_CN_ea3f2cc25306,ZZS_881a48e5bb,西三环,0.35,line_propagated,1号线,4,crowd_weather_external,0,1号线
ZZM_CN_ea3f2cc25306,ZZS_89f2ce9b1d,秦岭路,0.35,line_propagated,1号线,4,crowd_weather_external,0,1号线
ZZM_CN_ea3f2cc25306,ZZS_90196f31d6,郑州火车站,0.35,line_propagated,1号线,4,crowd_weather_external,0,1号线
ZZM_CN_ea3f2cc25306,ZZS_a14df2d44f,紫荆山,0.35,line_propagated,1号线,4,crowd_weather_external,0,1号线
ZZM_CN_ea3f2cc25306,ZZS_ae1b2afcad,梧桐街,0.35,line_propagated,1号线,4,crowd_weather_external,0,1号线
ZZM_CN_ea3f2cc25306,ZZS_aed2ee7bb7,河南工业大学,0.35,line_propagated,1号线,4,crowd_weather_external,0,1号线
ZZM_CN_ea3f2cc25306,ZZS_b0ac143899,龙子湖,0.35,line_propagated,1号线,4,crowd_weather_external,0,1号线
ZZM_CN_ea3f2cc25306,ZZS_b37a0bcf35,郑大科技园,0.35,line_propagated,1号线,4,crowd_weather_external,0,1号线
ZZM_CN_ea3f2cc25306,ZZS_b8d795b006,黄河南路,0.35,line_propagated,1号线,4,crowd_weather_external,0,1号线
ZZM_CN_ea3f2cc25306,ZZS_bb3c17098a,人民路,0.35,line_propagated,1号线,4,crowd_weather_external,0,1号线
ZZM_CN_ea3f2cc25306,ZZS_bf7f2bfbd0,博学路,0.35,line_propagated,1号线,4,crowd_weather_external,0,1号线
ZZM_CN_ea3f2cc25306,ZZS_c9109d3d9f,医学院,0.35,line_propagated,1号线,4,crowd_weather_external,0,1号线
ZZM_CN_ea3f2cc25306,ZZS_cc61daaced,市体育中心,0.35,line_propagated,1号线,4,crowd_weather_external,0,1号线
ZZM_CN_ea3f2cc25306,ZZS_d61a964e41,市民中心,0.35,line_propagated,1号线,4,crowd_weather_external,0,1号线
ZZM_CN_ea3f2cc25306,ZZS_e4b35b2f4d,郑州大学,0.35,line_propagated,1号线,4,crowd_weather_external,0,1号线
ZZM_CN_ea3f2cc25306,ZZS_e67ffc082e,西流湖,0.35,line_propagated,1号线,4,crowd_weather_external,0,1号线
ZZM_CN_ea3f2cc25306,ZZS_ff2a277828,民航路,0.35,line_propagated,1号线,4,crowd_weather_external,0,1号线
ZZM_CN_ea3f2cc25306,ZZS_ff6940526d,郑州东站,0.35,line_propagated,1号线,4,crowd_weather_external,0,1号线
ZZM_CN_eaf70b8f1298,ZZS_05998450f4,龙王庙,0.35,line_propagated,8号线,1,service_disruption,3,8号线
ZZM_CN_eaf70b8f1298,ZZS_14975bb40b,大学科技园,0.35,line_propagated,8号线,1,service_disruption,3,8号线
ZZM_CN_eaf70b8f1298,ZZS_1798713287,枣庄,0.35,line_propagated,8号线,1,service_disruption,3,8号线
ZZM_CN_eaf70b8f1298,ZZS_183636a902,圃田,0.9,exact+line,8号线|圃田,1,service_disruption,3,8号线
ZZM_CN_eaf70b8f1298,ZZS_1da410d5c4,五龙口,0.35,line_propagated,8号线,1,service_disruption,3,8号线
ZZM_CN_eaf70b8f1298,ZZS_1f9e3949c9,小营,0.35,line_propagated,8号线,1,service_disruption,3,8号线
ZZM_CN_eaf70b8f1298,ZZS_2696ac305b,天健湖,0.35,line_propagated,8号线,1,service_disruption,3,8号线
ZZM_CN_eaf70b8f1298,ZZS_2dccccd192,李湖桥,0.35,line_propagated,8号线,1,service_disruption,3,8号线
ZZM_CN_eaf70b8f1298,ZZS_371844c59b,高铁公园,0.35,line_propagated,8号线,1,service_disruption,3,8号线
ZZM_CN_eaf70b8f1298,ZZS_479fe26d80,省中医院,0.35,line_propagated,8号线,1,service_disruption,3,8号线
ZZM_CN_eaf70b8f1298,ZZS_4b22562d02,祥营,0.35,line_propagated,8号线,1,service_disruption,3,8号线
ZZM_CN_eaf70b8f1298,ZZS_53800581f9,郑大一附院东区,0.35,line_propagated,8号线,1,service_disruption,3,8号线
ZZM_CN_eaf70b8f1298,ZZS_69db9cfc46,绿博园,0.35,line_propagated,8号线,1,service_disruption,3,8号线
ZZM_CN_eaf70b8f1298,ZZS_8613b32067,省社科院,0.35,line_propagated,8号线,1,service_disruption,3,8号线
ZZM_CN_eaf70b8f1298,ZZS_8e500de2da,南流,0.35,line_propagated,8号线,1,service_disruption,3,8号线
ZZM_CN_eaf70b8f1298,ZZS_92917e47af,福泽路,0.35,line_propagated,8号线,1,service_disruption,3,8号线
ZZM_CN_eaf70b8f1298,ZZS_973f67bf8a,同乐,0.35,line_propagated,8号线,1,service_disruption,3,8号线
ZZM_CN_eaf70b8f1298,ZZS_a6984fc653,冬青街,0.35,line_propagated,8号线,1,service_disruption,3,8号线
ZZM_CN_eaf70b8f1298,ZZS_afbafd2356,银屏路,0.35,line_propagated,8号线,1,service_disruption,3,8号线
ZZM_CN_eaf70b8f1298,ZZS_b2a66125f0,鲁庙,0.35,line_propagated,8号线,1,service_disruption,3,8号线
ZZM_CN_eaf70b8f1298,ZZS_b5c4192440,圃田西,0.9,exact+line,8号线|圃田西,1,service_disruption,3,8号线
ZZM_CN_eaf70b8f1298,ZZS_d42cc93ba3,畅和街,0.35,line_propagated,8号线,1,service_disruption,3,8号线
ZZM_CN_eaf70b8f1298,ZZS_d86aaedd03,白庙,0.35,line_propagated,8号线,1,service_disruption,3,8号线
ZZM_CN_eaf70b8f1298,ZZS_d9b30933bc,轻工业大学,0.35,line_propagated,8号线,1,service_disruption,3,8号线
ZZM_CN_eaf70b8f1298,ZZS_e4b35b2f4d,郑州大学,0.35,line_propagated,8号线,1,service_disruption,3,8号线
ZZM_CN_eaf70b8f1298,ZZS_eda0ec6e78,龙湖中环南,0.35,line_propagated,8号线,1,service_disruption,3,8号线
ZZM_CN_eaf70b8f1298,ZZS_ff491e6fdf,东风路,0.35,line_propagated,8号线,1,service_disruption,3,8号线
ZZM_CN_eaf70b8f1298,ZZS_ff6940526d,郑州东站,0.9,exact+line,8号线|郑州东站,1,service_disruption,3,8号线
ZZM_CN_eb75605be7a5,ZZS_05d97db6f2,司赵,0.35,line_propagated,3号线,0,normal_info,0,3号线
ZZM_CN_eb75605be7a5,ZZS_0ccbb4888d,二七广场,0.35,line_propagated,3号线,0,normal_info,0,3号线
ZZM_CN_eb75605be7a5,ZZS_1371fabdab,西大街,0.35,line_propagated,3号线,0,normal_info,0,3号线
ZZM_CN_eb75605be7a5,ZZS_13fc13c558,郑州文庙,0.35,line_propagated,3号线,0,normal_info,0,3号线
ZZM_CN_eb75605be7a5,ZZS_25a45ff011,东周,0.35,line_propagated,3号线,0,normal_info,0,3号线
ZZM_CN_eb75605be7a5,ZZS_28ee7061d7,东十里铺,0.35,line_propagated,3号线,0,normal_info,0,3号线
ZZM_CN_eb75605be7a5,ZZS_29284451da,凤凰台,0.35,line_propagated,3号线,0,normal_info,0,3号线
ZZM_CN_eb75605be7a5,ZZS_31a002aa03,海滩寺,0.35,line_propagated,3号线,0,normal_info,0,3号线
ZZM_CN_eb75605be7a5,ZZS_44eab6c022,南阳新村,0.35,line_propagated,3号线,0,normal_info,0,3号线
ZZM_CN_eb75605be7a5,ZZS_51e572c7c3,东大街,0.35,line_propagated,3号线,0,normal_info,0,3号线
ZZM_CN_eb75605be7a5,ZZS_5563728074,营岗,0.35,line_propagated,3号线,0,normal_info,0,3号线
ZZM_CN_eb75605be7a5,ZZS_6605be2a4e,省体育中心,0.35,line_propagated,3号线,0,normal_info,0,3号线
ZZM_CN_eb75605be7a5,ZZS_662c95b759,王砦,0.35,line_propagated,3号线,0,normal_info,0,3号线
ZZM_CN_eb75605be7a5,ZZS_6a0a21f658,通泰路,0.35,line_propagated,3号线,0,normal_info,0,3号线
ZZM_CN_eb75605be7a5,ZZS_973f67bf8a,同乐,0.35,line_propagated,3号线,0,normal_info,0,3号线
ZZM_CN_eb75605be7a5,ZZS_9a51a2fe83,兴隆铺,0.35,line_propagated,3号线,0,normal_info,0,3号线
ZZM_CN_eb75605be7a5,ZZS_a3cc0229f4,省骨科医院,0.35,line_propagated,3号线,0,normal_info,0,3号线
ZZM_CN_eb75605be7a5,ZZS_a9af1749e0,西周,0.35,line_propagated,3号线,0,normal_info,0,3号线
ZZM_CN_eb75605be7a5,ZZS_b5c4192440,圃田西,0.35,line_propagated,3号线,0,normal_info,0,3号线
ZZM_CN_eb75605be7a5,ZZS_b9cd9992ce,人民公园,0.35,line_propagated,3号线,0,normal_info,0,3号线
ZZM_CN_eb75605be7a5,ZZS_ba70aa715e,博览中心,0.35,line_propagated,3号线,0,normal_info,0,3号线
ZZM_CN_eb75605be7a5,ZZS_c5943bbf34,滨河新城,0.35,line_propagated,3号线,0,normal_info,0,3号线
ZZM_CN_eb75605be7a5,ZZS_c8f4a267a6,大石桥,0.35,line_propagated,3号线,0,normal_info,0,3号线
ZZM_CN_eb75605be7a5,ZZS_e9c14949ec,滨河新城南,0.35,line_propagated,3号线,0,normal_info,0,3号线
ZZM_CN_eb75605be7a5,ZZS_ef6263ba13,潮河,0.35,line_propagated,3号线,0,normal_info,0,3号线
ZZM_CN_ec4da00219b6,ZZS_02cf3e4cf5,南三环,0.35,line_propagated,2号线,4,crowd_weather_external,0,2号线
ZZM_CN_ec4da00219b6,ZZS_1a5721a427,毛庄,0.35,line_propagated,2号线,4,crowd_weather_external,0,2号线
ZZM_CN_ec4da00219b6,ZZS_20262a52f0,南五里堡,0.35,line_propagated,2号线,4,crowd_weather_external,0,2号线
ZZM_CN_ec4da00219b6,ZZS_2bd57be00d,关虎屯,0.35,line_propagated,2号线,4,crowd_weather_external,0,2号线
ZZM_CN_ec4da00219b6,ZZS_43a808507b,金洼,0.35,line_propagated,2号线,4,crowd_weather_external,0,2号线
ZZM_CN_ec4da00219b6,ZZS_4d258fdd50,金达路,0.35,line_propagated,2号线,4,crowd_weather_external,0,2号线
ZZM_CN_ec4da00219b6,ZZS_51e572c7c3,东大街,0.35,line_propagated,2号线,4,crowd_weather_external,0,2号线
ZZM_CN_ec4da00219b6,ZZS_54adf32b6c,南四环,0.35,line_propagated,2号线,4,crowd_weather_external,0,2号线
ZZM_CN_ec4da00219b6,ZZS_6b600b7696,刘庄,0.35,line_propagated,2号线,4,crowd_weather_external,0,2号线
ZZM_CN_ec4da00219b6,ZZS_72de4f5f66,惠济区政府,0.35,line_propagated,2号线,4,crowd_weather_external,0,2号线
ZZM_CN_ec4da00219b6,ZZS_7dd13fd23f,黄河路,0.35,line_propagated,2号线,4,crowd_weather_external,0,2号线
ZZM_CN_ec4da00219b6,ZZS_90c4ce1eb7,沙门,0.35,line_propagated,2号线,4,crowd_weather_external,0,2号线
ZZM_CN_ec4da00219b6,ZZS_93b9249040,二里岗,0.35,line_propagated,2号线,4,crowd_weather_external,0,2号线
ZZM_CN_ec4da00219b6,ZZS_9660c27c11,站马屯,0.35,line_propagated,2号线,4,crowd_weather_external,0,2号线
ZZM_CN_ec4da00219b6,ZZS_9f383e1427,花寨,0.35,line_propagated,2号线,4,crowd_weather_external,0,2号线
ZZM_CN_ec4da00219b6,ZZS_a14df2d44f,紫荆山,0.35,line_propagated,2号线,4,crowd_weather_external,0,2号线
ZZM_CN_ec4da00219b6,ZZS_a7b91da4c7,陇海东路,0.35,line_propagated,2号线,4,crowd_weather_external,0,2号线
ZZM_CN_ec4da00219b6,ZZS_abc078ccd5,黄河迎宾馆,0.35,line_propagated,2号线,4,crowd_weather_external,0,2号线
ZZM_CN_ec4da00219b6,ZZS_bdc2a71da9,柳林,0.35,line_propagated,2号线,4,crowd_weather_external,0,2号线
ZZM_CN_ec4da00219b6,ZZS_c180efc575,贾河,0.35,line_propagated,2号线,4,crowd_weather_external,0,2号线
ZZM_CN_ec4da00219b6,ZZS_ff256e6634,北三环,0.35,line_propagated,2号线,4,crowd_weather_external,0,2号线
ZZM_CN_ec4da00219b6,ZZS_ff491e6fdf,东风路,0.35,line_propagated,2号线,4,crowd_weather_external,0,2号线
ZZM_CN_edf7408fd3b0,ZZS_05998450f4,龙王庙,0.35,line_propagated,8号线,1,service_disruption,0,8号线
ZZM_CN_edf7408fd3b0,ZZS_14975bb40b,大学科技园,0.35,line_propagated,8号线,1,service_disruption,0,8号线
ZZM_CN_edf7408fd3b0,ZZS_1798713287,枣庄,0.35,line_propagated,8号线,1,service_disruption,0,8号线
ZZM_CN_edf7408fd3b0,ZZS_183636a902,圃田,0.35,line_propagated,8号线,1,service_disruption,0,8号线
ZZM_CN_edf7408fd3b0,ZZS_1da410d5c4,五龙口,0.35,line_propagated,8号线,1,service_disruption,0,8号线
ZZM_CN_edf7408fd3b0,ZZS_1f9e3949c9,小营,0.35,line_propagated,8号线,1,service_disruption,0,8号线
ZZM_CN_edf7408fd3b0,ZZS_2696ac305b,天健湖,0.35,line_propagated,8号线,1,service_disruption,0,8号线
ZZM_CN_edf7408fd3b0,ZZS_2dccccd192,李湖桥,0.35,line_propagated,8号线,1,service_disruption,0,8号线
ZZM_CN_edf7408fd3b0,ZZS_371844c59b,高铁公园,0.35,line_propagated,8号线,1,service_disruption,0,8号线
ZZM_CN_edf7408fd3b0,ZZS_479fe26d80,省中医院,0.35,line_propagated,8号线,1,service_disruption,0,8号线
ZZM_CN_edf7408fd3b0,ZZS_4b22562d02,祥营,0.35,line_propagated,8号线,1,service_disruption,0,8号线
ZZM_CN_edf7408fd3b0,ZZS_53800581f9,郑大一附院东区,0.35,line_propagated,8号线,1,service_disruption,0,8号线
ZZM_CN_edf7408fd3b0,ZZS_69db9cfc46,绿博园,0.35,line_propagated,8号线,1,service_disruption,0,8号线
ZZM_CN_edf7408fd3b0,ZZS_8613b32067,省社科院,0.35,line_propagated,8号线,1,service_disruption,0,8号线
ZZM_CN_edf7408fd3b0,ZZS_8e500de2da,南流,0.35,line_propagated,8号线,1,service_disruption,0,8号线
ZZM_CN_edf7408fd3b0,ZZS_92917e47af,福泽路,0.35,line_propagated,8号线,1,service_disruption,0,8号线
ZZM_CN_edf7408fd3b0,ZZS_973f67bf8a,同乐,0.35,line_propagated,8号线,1,service_disruption,0,8号线
ZZM_CN_edf7408fd3b0,ZZS_a6984fc653,冬青街,0.35,line_propagated,8号线,1,service_disruption,0,8号线
ZZM_CN_edf7408fd3b0,ZZS_ae1b2afcad,梧桐街,0.9,exact,梧桐街,1,service_disruption,0,8号线
ZZM_CN_edf7408fd3b0,ZZS_afbafd2356,银屏路,0.35,line_propagated,8号线,1,service_disruption,0,8号线
ZZM_CN_edf7408fd3b0,ZZS_b2a66125f0,鲁庙,0.9,exact+line,8号线|鲁庙,1,service_disruption,0,8号线
ZZM_CN_edf7408fd3b0,ZZS_b5c4192440,圃田西,0.35,line_propagated,8号线,1,service_disruption,0,8号线
ZZM_CN_edf7408fd3b0,ZZS_d42cc93ba3,畅和街,0.35,line_propagated,8号线,1,service_disruption,0,8号线
ZZM_CN_edf7408fd3b0,ZZS_d86aaedd03,白庙,0.35,line_propagated,8号线,1,service_disruption,0,8号线
ZZM_CN_edf7408fd3b0,ZZS_d9b30933bc,轻工业大学,0.35,line_propagated,8号线,1,service_disruption,0,8号线
ZZM_CN_edf7408fd3b0,ZZS_e4b35b2f4d,郑州大学,0.35,line_propagated,8号线,1,service_disruption,0,8号线
ZZM_CN_edf7408fd3b0,ZZS_eda0ec6e78,龙湖中环南,0.35,line_propagated,8号线,1,service_disruption,0,8号线
ZZM_CN_edf7408fd3b0,ZZS_ff491e6fdf,东风路,0.35,line_propagated,8号线,1,service_disruption,0,8号线
ZZM_CN_edf7408fd3b0,ZZS_ff6940526d,郑州东站,0.35,line_propagated,8号线,1,service_disruption,0,8号线
ZZM_CN_ee100f820f13,ZZS_00f55fa149,碧沙岗,0.35,line_propagated,1号线,4,crowd_weather_external,0,1号线
ZZM_CN_ee100f820f13,ZZS_065e638aef,东风南路,0.35,line_propagated,1号线,4,crowd_weather_external,0,1号线
ZZM_CN_ee100f820f13,ZZS_0660d199a6,农业南路,0.35,line_propagated,1号线,4,crowd_weather_external,0,1号线
ZZM_CN_ee100f820f13,ZZS_0ccbb4888d,二七广场,0.35,line_propagated,1号线,4,crowd_weather_external,0,1号线
ZZM_CN_ee100f820f13,ZZS_1acdaac4ce,铁炉,0.35,line_propagated,1号线,4,crowd_weather_external,0,1号线
ZZM_CN_ee100f820f13,ZZS_27d32a2e36,五一公园,0.35,line_propagated,1号线,4,crowd_weather_external,0,1号线
ZZM_CN_ee100f820f13,ZZS_3813354d55,绿城广场,0.35,line_propagated,1号线,4,crowd_weather_external,0,1号线
ZZM_CN_ee100f820f13,ZZS_38180914a0,燕庄,0.35,line_propagated,1号线,4,crowd_weather_external,0,1号线
ZZM_CN_ee100f820f13,ZZS_52a5a7940c,兰寨,0.35,line_propagated,1号线,4,crowd_weather_external,0,1号线
ZZM_CN_ee100f820f13,ZZS_5d37b2006d,河南大学新区,0.35,line_propagated,1号线,4,crowd_weather_external,0,1号线
ZZM_CN_ee100f820f13,ZZS_6c89efbe2c,文苑北路,0.35,line_propagated,1号线,4,crowd_weather_external,0,1号线
ZZM_CN_ee100f820f13,ZZS_87213b5129,会展中心,0.35,line_propagated,1号线,4,crowd_weather_external,0,1号线
ZZM_CN_ee100f820f13,ZZS_881a48e5bb,西三环,0.35,line_propagated,1号线,4,crowd_weather_external,0,1号线
ZZM_CN_ee100f820f13,ZZS_89f2ce9b1d,秦岭路,0.35,line_propagated,1号线,4,crowd_weather_external,0,1号线
ZZM_CN_ee100f820f13,ZZS_90196f31d6,郑州火车站,0.35,line_propagated,1号线,4,crowd_weather_external,0,1号线
ZZM_CN_ee100f820f13,ZZS_a14df2d44f,紫荆山,0.35,line_propagated,1号线,4,crowd_weather_external,0,1号线
ZZM_CN_ee100f820f13,ZZS_ae1b2afcad,梧桐街,0.35,line_propagated,1号线,4,crowd_weather_external,0,1号线
ZZM_CN_ee100f820f13,ZZS_aed2ee7bb7,河南工业大学,0.35,line_propagated,1号线,4,crowd_weather_external,0,1号线
ZZM_CN_ee100f820f13,ZZS_b0ac143899,龙子湖,0.35,line_propagated,1号线,4,crowd_weather_external,0,1号线
ZZM_CN_ee100f820f13,ZZS_b37a0bcf35,郑大科技园,0.35,line_propagated,1号线,4,crowd_weather_external,0,1号线
ZZM_CN_ee100f820f13,ZZS_b8d795b006,黄河南路,0.35,line_propagated,1号线,4,crowd_weather_external,0,1号线
ZZM_CN_ee100f820f13,ZZS_bb3c17098a,人民路,0.35,line_propagated,1号线,4,crowd_weather_external,0,1号线
ZZM_CN_ee100f820f13,ZZS_bf7f2bfbd0,博学路,0.35,line_propagated,1号线,4,crowd_weather_external,0,1号线
ZZM_CN_ee100f820f13,ZZS_c9109d3d9f,医学院,0.35,line_propagated,1号线,4,crowd_weather_external,0,1号线
ZZM_CN_ee100f820f13,ZZS_cc61daaced,市体育中心,0.35,line_propagated,1号线,4,crowd_weather_external,0,1号线
ZZM_CN_ee100f820f13,ZZS_d61a964e41,市民中心,0.35,line_propagated,1号线,4,crowd_weather_external,0,1号线
ZZM_CN_ee100f820f13,ZZS_e4b35b2f4d,郑州大学,0.35,line_propagated,1号线,4,crowd_weather_external,0,1号线
ZZM_CN_ee100f820f13,ZZS_e67ffc082e,西流湖,0.35,line_propagated,1号线,4,crowd_weather_external,0,1号线
ZZM_CN_ee100f820f13,ZZS_ff2a277828,民航路,0.35,line_propagated,1号线,4,crowd_weather_external,0,1号线
ZZM_CN_ee100f820f13,ZZS_ff6940526d,郑州东站,0.35,line_propagated,1号线,4,crowd_weather_external,0,1号线
ZZM_CN_ee1e344ad4b7,ZZS_02cf3e4cf5,南三环,0.35,line_propagated,2号线,0,normal_info,0,2号线
ZZM_CN_ee1e344ad4b7,ZZS_1a5721a427,毛庄,0.35,line_propagated,2号线,0,normal_info,0,2号线
ZZM_CN_ee1e344ad4b7,ZZS_20262a52f0,南五里堡,0.35,line_propagated,2号线,0,normal_info,0,2号线
ZZM_CN_ee1e344ad4b7,ZZS_2bd57be00d,关虎屯,0.35,line_propagated,2号线,0,normal_info,0,2号线
ZZM_CN_ee1e344ad4b7,ZZS_43a808507b,金洼,0.35,line_propagated,2号线,0,normal_info,0,2号线
ZZM_CN_ee1e344ad4b7,ZZS_4d258fdd50,金达路,0.35,line_propagated,2号线,0,normal_info,0,2号线
ZZM_CN_ee1e344ad4b7,ZZS_51e572c7c3,东大街,0.35,line_propagated,2号线,0,normal_info,0,2号线
ZZM_CN_ee1e344ad4b7,ZZS_54adf32b6c,南四环,0.35,line_propagated,2号线,0,normal_info,0,2号线
ZZM_CN_ee1e344ad4b7,ZZS_6b600b7696,刘庄,0.35,line_propagated,2号线,0,normal_info,0,2号线
ZZM_CN_ee1e344ad4b7,ZZS_72de4f5f66,惠济区政府,0.35,line_propagated,2号线,0,normal_info,0,2号线
ZZM_CN_ee1e344ad4b7,ZZS_7dd13fd23f,黄河路,0.35,line_propagated,2号线,0,normal_info,0,2号线
ZZM_CN_ee1e344ad4b7,ZZS_90c4ce1eb7,沙门,0.35,line_propagated,2号线,0,normal_info,0,2号线
ZZM_CN_ee1e344ad4b7,ZZS_93b9249040,二里岗,0.35,line_propagated,2号线,0,normal_info,0,2号线
ZZM_CN_ee1e344ad4b7,ZZS_9660c27c11,站马屯,0.35,line_propagated,2号线,0,normal_info,0,2号线
ZZM_CN_ee1e344ad4b7,ZZS_9f383e1427,花寨,0.35,line_propagated,2号线,0,normal_info,0,2号线
ZZM_CN_ee1e344ad4b7,ZZS_a14df2d44f,紫荆山,0.35,line_propagated,2号线,0,normal_info,0,2号线
ZZM_CN_ee1e344ad4b7,ZZS_a7b91da4c7,陇海东路,0.35,line_propagated,2号线,0,normal_info,0,2号线
ZZM_CN_ee1e344ad4b7,ZZS_abc078ccd5,黄河迎宾馆,0.35,line_propagated,2号线,0,normal_info,0,2号线
ZZM_CN_ee1e344ad4b7,ZZS_bdc2a71da9,柳林,0.35,line_propagated,2号线,0,normal_info,0,2号线
ZZM_CN_ee1e344ad4b7,ZZS_c180efc575,贾河,0.35,line_propagated,2号线,0,normal_info,0,2号线
ZZM_CN_ee1e344ad4b7,ZZS_ff256e6634,北三环,0.35,line_propagated,2号线,0,normal_info,0,2号线
ZZM_CN_ee1e344ad4b7,ZZS_ff491e6fdf,东风路,0.35,line_propagated,2号线,0,normal_info,0,2号线
ZZM_CN_ee7d42c45185,ZZS_00f55fa149,碧沙岗,0.35,line_propagated,1号线,0,normal_info,0,1号线
ZZM_CN_ee7d42c45185,ZZS_065e638aef,东风南路,0.35,line_propagated,1号线,0,normal_info,0,1号线
ZZM_CN_ee7d42c45185,ZZS_0660d199a6,农业南路,0.35,line_propagated,1号线,0,normal_info,0,1号线
ZZM_CN_ee7d42c45185,ZZS_0ccbb4888d,二七广场,0.35,line_propagated,1号线,0,normal_info,0,1号线
ZZM_CN_ee7d42c45185,ZZS_1acdaac4ce,铁炉,0.35,line_propagated,1号线,0,normal_info,0,1号线
ZZM_CN_ee7d42c45185,ZZS_27d32a2e36,五一公园,0.35,line_propagated,1号线,0,normal_info,0,1号线
ZZM_CN_ee7d42c45185,ZZS_3813354d55,绿城广场,0.35,line_propagated,1号线,0,normal_info,0,1号线
ZZM_CN_ee7d42c45185,ZZS_38180914a0,燕庄,0.35,line_propagated,1号线,0,normal_info,0,1号线
ZZM_CN_ee7d42c45185,ZZS_52a5a7940c,兰寨,0.35,line_propagated,1号线,0,normal_info,0,1号线
ZZM_CN_ee7d42c45185,ZZS_5d37b2006d,河南大学新区,0.35,line_propagated,1号线,0,normal_info,0,1号线
ZZM_CN_ee7d42c45185,ZZS_6c89efbe2c,文苑北路,0.35,line_propagated,1号线,0,normal_info,0,1号线
ZZM_CN_ee7d42c45185,ZZS_87213b5129,会展中心,0.35,line_propagated,1号线,0,normal_info,0,1号线
ZZM_CN_ee7d42c45185,ZZS_881a48e5bb,西三环,0.35,line_propagated,1号线,0,normal_info,0,1号线
ZZM_CN_ee7d42c45185,ZZS_89f2ce9b1d,秦岭路,0.35,line_propagated,1号线,0,normal_info,0,1号线
ZZM_CN_ee7d42c45185,ZZS_90196f31d6,郑州火车站,0.35,line_propagated,1号线,0,normal_info,0,1号线
ZZM_CN_ee7d42c45185,ZZS_a14df2d44f,紫荆山,0.35,line_propagated,1号线,0,normal_info,0,1号线
ZZM_CN_ee7d42c45185,ZZS_ae1b2afcad,梧桐街,0.35,line_propagated,1号线,0,normal_info,0,1号线
ZZM_CN_ee7d42c45185,ZZS_aed2ee7bb7,河南工业大学,0.35,line_propagated,1号线,0,normal_info,0,1号线
ZZM_CN_ee7d42c45185,ZZS_b0ac143899,龙子湖,0.35,line_propagated,1号线,0,normal_info,0,1号线
ZZM_CN_ee7d42c45185,ZZS_b37a0bcf35,郑大科技园,0.35,line_propagated,1号线,0,normal_info,0,1号线
ZZM_CN_ee7d42c45185,ZZS_b8d795b006,黄河南路,0.35,line_propagated,1号线,0,normal_info,0,1号线
ZZM_CN_ee7d42c45185,ZZS_bb3c17098a,人民路,0.35,line_propagated,1号线,0,normal_info,0,1号线
ZZM_CN_ee7d42c45185,ZZS_bf7f2bfbd0,博学路,0.35,line_propagated,1号线,0,normal_info,0,1号线
ZZM_CN_ee7d42c45185,ZZS_c9109d3d9f,医学院,0.35,line_propagated,1号线,0,normal_info,0,1号线
ZZM_CN_ee7d42c45185,ZZS_cc61daaced,市体育中心,0.35,line_propagated,1号线,0,normal_info,0,1号线
ZZM_CN_ee7d42c45185,ZZS_d61a964e41,市民中心,0.35,line_propagated,1号线,0,normal_info,0,1号线
ZZM_CN_ee7d42c45185,ZZS_e4b35b2f4d,郑州大学,0.35,line_propagated,1号线,0,normal_info,0,1号线
ZZM_CN_ee7d42c45185,ZZS_e67ffc082e,西流湖,0.35,line_propagated,1号线,0,normal_info,0,1号线
ZZM_CN_ee7d42c45185,ZZS_ff2a277828,民航路,0.35,line_propagated,1号线,0,normal_info,0,1号线
ZZM_CN_ee7d42c45185,ZZS_ff6940526d,郑州东站,0.35,line_propagated,1号线,0,normal_info,0,1号线
ZZM_CN_effddb23464a,ZZS_001bf66fc1,陇海西路,0.35,line_propagated,5号线,0,normal_info,0,1号线|2号线|3号线|4号线|5号线|6号线|10号线|14号线|城郊线
ZZM_CN_effddb23464a,ZZS_00f55fa149,碧沙岗,0.35,line_propagated,1号线,0,normal_info,0,1号线|2号线|3号线|4号线|5号线|6号线|10号线|14号线|城郊线
ZZM_CN_effddb23464a,ZZS_012609616a,金汇桥,0.35,line_propagated,6号线,0,normal_info,0,1号线|2号线|3号线|4号线|5号线|6号线|10号线|14号线|城郊线
ZZM_CN_effddb23464a,ZZS_02cf3e4cf5,南三环,0.35,line_propagated,2号线,0,normal_info,0,1号线|2号线|3号线|4号线|5号线|6号线|10号线|14号线|城郊线
ZZM_CN_effddb23464a,ZZS_047175b6e2,老鸦陈,0.35,line_propagated,4号线,0,normal_info,0,1号线|2号线|3号线|4号线|5号线|6号线|10号线|14号线|城郊线
ZZM_CN_effddb23464a,ZZS_05d97db6f2,司赵,0.35,line_propagated,3号线,0,normal_info,0,1号线|2号线|3号线|4号线|5号线|6号线|10号线|14号线|城郊线
ZZM_CN_effddb23464a,ZZS_065e638aef,东风南路,0.35,line_propagated,1号线,0,normal_info,0,1号线|2号线|3号线|4号线|5号线|6号线|10号线|14号线|城郊线
ZZM_CN_effddb23464a,ZZS_0660d199a6,农业南路,0.35,line_propagated,1号线,0,normal_info,0,1号线|2号线|3号线|4号线|5号线|6号线|10号线|14号线|城郊线
ZZM_CN_effddb23464a,ZZS_06c5d1c11c,商鼎路,0.35,line_propagated,4号线,0,normal_info,0,1号线|2号线|3号线|4号线|5号线|6号线|10号线|14号线|城郊线
ZZM_CN_effddb23464a,ZZS_0ccbb4888d,二七广场,0.35,line_propagated,1号线|3号线,0,normal_info,0,1号线|2号线|3号线|4号线|5号线|6号线|10号线|14号线|城郊线
ZZM_CN_effddb23464a,ZZS_1236ed80e3,中央商务区,0.35,line_propagated,4号线|5号线,0,normal_info,0,1号线|2号线|3号线|4号线|5号线|6号线|10号线|14号线|城郊线
ZZM_CN_effddb23464a,ZZS_1246e07d02,城东南路,0.35,line_propagated,5号线,0,normal_info,0,1号线|2号线|3号线|4号线|5号线|6号线|10号线|14号线|城郊线
ZZM_CN_effddb23464a,ZZS_136c32a256,市中心医院,0.35,line_propagated,10号线|5号线,0,normal_info,0,1号线|2号线|3号线|4号线|5号线|6号线|10号线|14号线|城郊线
ZZM_CN_effddb23464a,ZZS_1371fabdab,西大街,0.35,line_propagated,3号线,0,normal_info,0,1号线|2号线|3号线|4号线|5号线|6号线|10号线|14号线|城郊线
ZZM_CN_effddb23464a,ZZS_13fc13c558,郑州文庙,0.35,line_propagated,3号线,0,normal_info,0,1号线|2号线|3号线|4号线|5号线|6号线|10号线|14号线|城郊线
ZZM_CN_effddb23464a,ZZS_14efbdcc1b,福塔东,0.35,line_propagated,5号线,0,normal_info,0,1号线|2号线|3号线|4号线|5号线|6号线|10号线|14号线|城郊线
ZZM_CN_effddb23464a,ZZS_184971fb41,郎庄,0.35,line_propagated,4号线,0,normal_info,0,1号线|2号线|3号线|4号线|5号线|6号线|10号线|14号线|城郊线
ZZM_CN_effddb23464a,ZZS_190cc56901,金水东路,0.35,line_propagated,5号线,0,normal_info,0,1号线|2号线|3号线|4号线|5号线|6号线|10号线|14号线|城郊线
ZZM_CN_effddb23464a,ZZS_193238e3af,李商隐公园,0.35,line_propagated,10号线,0,normal_info,0,1号线|2号线|3号线|4号线|5号线|6号线|10号线|14号线|城郊线
ZZM_CN_effddb23464a,ZZS_1a5721a427,毛庄,0.35,line_propagated,2号线,0,normal_info,0,1号线|2号线|3号线|4号线|5号线|6号线|10号线|14号线|城郊线
ZZM_CN_effddb23464a,ZZS_1acd4fa835,金岱,0.35,line_propagated,4号线,0,normal_info,0,1号线|2号线|3号线|4号线|5号线|6号线|10号线|14号线|城郊线
ZZM_CN_effddb23464a,ZZS_1acdaac4ce,铁炉,0.35,line_propagated,14号线|1号线,0,normal_info,0,1号线|2号线|3号线|4号线|5号线|6号线|10号线|14号线|城郊线
ZZM_CN_effddb23464a,ZZS_1d568209e2,康平湖,0.35,line_propagated,城郊线,0,normal_info,0,1号线|2号线|3号线|4号线|5号线|6号线|10号线|14号线|城郊线
ZZM_CN_effddb23464a,ZZS_1e911360df,姚庄,0.35,line_propagated,4号线,0,normal_info,0,1号线|2号线|3号线|4号线|5号线|6号线|10号线|14号线|城郊线
ZZM_CN_effddb23464a,ZZS_1f9e3949c9,小营,0.35,line_propagated,6号线,0,normal_info,0,1号线|2号线|3号线|4号线|5号线|6号线|10号线|14号线|城郊线
ZZM_CN_effddb23464a,ZZS_20262a52f0,南五里堡,0.35,line_propagated,2号线|5号线,0,normal_info,0,1号线|2号线|3号线|4号线|5号线|6号线|10号线|14号线|城郊线
ZZM_CN_effddb23464a,ZZS_20d2a84fd8,火车头体育场,0.35,line_propagated,6号线,0,normal_info,0,1号线|2号线|3号线|4号线|5号线|6号线|10号线|14号线|城郊线
ZZM_CN_effddb23464a,ZZS_20dcf363fc,康宁街,0.35,line_propagated,5号线,0,normal_info,0,1号线|2号线|3号线|4号线|5号线|6号线|10号线|14号线|城郊线
ZZM_CN_effddb23464a,ZZS_21e3ae133c,华南城西,0.35,line_propagated,城郊线,0,normal_info,0,1号线|2号线|3号线|4号线|5号线|6号线|10号线|14号线|城郊线
ZZM_CN_effddb23464a,ZZS_25a45ff011,东周,0.35,line_propagated,3号线,0,normal_info,0,1号线|2号线|3号线|4号线|5号线|6号线|10号线|14号线|城郊线
ZZM_CN_effddb23464a,ZZS_25a4eab92b,龙湖南,0.35,line_propagated,4号线,0,normal_info,0,1号线|2号线|3号线|4号线|5号线|6号线|10号线|14号线|城郊线
ZZM_CN_effddb23464a,ZZS_27d32a2e36,五一公园,0.35,line_propagated,1号线|5号线,0,normal_info,0,1号线|2号线|3号线|4号线|5号线|6号线|10号线|14号线|城郊线
ZZM_CN_effddb23464a,ZZS_28ee7061d7,东十里铺,0.35,line_propagated,3号线|4号线,0,normal_info,0,1号线|2号线|3号线|4号线|5号线|6号线|10号线|14号线|城郊线
ZZM_CN_effddb23464a,ZZS_29284451da,凤凰台,0.35,line_propagated,3号线,0,normal_info,0,1号线|2号线|3号线|4号线|5号线|6号线|10号线|14号线|城郊线
ZZM_CN_effddb23464a,ZZS_2b74f7ecc4,综合保税区,0.35,line_propagated,城郊线,0,normal_info,0,1号线|2号线|3号线|4号线|5号线|6号线|10号线|14号线|城郊线
ZZM_CN_effddb23464a,ZZS_2bd57be00d,关虎屯,0.35,line_propagated,2号线,0,normal_info,0,1号线|2号线|3号线|4号线|5号线|6号线|10号线|14号线|城郊线
ZZM_CN_effddb23464a,ZZS_2db8e2eabe,经北二路,0.35,line_propagated,5号线,0,normal_info,0,1号线|2号线|3号线|4号线|5号线|6号线|10号线|14号线|城郊线
ZZM_CN_effddb23464a,ZZS_2f6e9b8cad,贾峪,0.35,line_propagated,6号线,0,normal_info,0,1号线|2号线|3号线|4号线|5号线|6号线|10号线|14号线|城郊线
ZZM_CN_effddb23464a,ZZS_311ece53d8,莲湖,0.35,line_propagated,14号线,0,normal_info,0,1号线|2号线|3号线|4号线|5号线|6号线|10号线|14号线|城郊线
ZZM_CN_effddb23464a,ZZS_31a002aa03,海滩寺,0.35,line_propagated,3号线|5号线,0,normal_info,0,1号线|2号线|3号线|4号线|5号线|6号线|10号线|14号线|城郊线
ZZM_CN_effddb23464a,ZZS_3258f191b1,港区会展,0.35,line_propagated,城郊线,0,normal_info,0,1号线|2号线|3号线|4号线|5号线|6号线|10号线|14号线|城郊线
ZZM_CN_effddb23464a,ZZS_3546d6d127,丰庆路,0.35,line_propagated,4号线,0,normal_info,0,1号线|2号线|3号线|4号线|5号线|6号线|10号线|14号线|城郊线
ZZM_CN_effddb23464a,ZZS_3813354d55,绿城广场,0.35,line_propagated,10号线|1号线,0,normal_info,0,1号线|2号线|3号线|4号线|5号线|6号线|10号线|14号线|城郊线
ZZM_CN_effddb23464a,ZZS_38180914a0,燕庄,0.35,line_propagated,1号线|6号线,0,normal_info,0,1号线|2号线|3号线|4号线|5号线|6号线|10号线|14号线|城郊线
ZZM_CN_effddb23464a,ZZS_386438745b,祭城,0.35,line_propagated,5号线,0,normal_info,0,1号线|2号线|3号线|4号线|5号线|6号线|10号线|14号线|城郊线
ZZM_CN_effddb23464a,ZZS_388ac52a0a,大学中路,0.35,line_propagated,6号线,0,normal_info,0,1号线|2号线|3号线|4号线|5号线|6号线|10号线|14号线|城郊线
ZZM_CN_effddb23464a,ZZS_3ada9c57dc,众意西路,0.35,line_propagated,5号线,0,normal_info,0,1号线|2号线|3号线|4号线|5号线|6号线|10号线|14号线|城郊线
ZZM_CN_effddb23464a,ZZS_3e49b8e765,恩平湖,0.35,line_propagated,城郊线,0,normal_info,0,1号线|2号线|3号线|4号线|5号线|6号线|10号线|14号线|城郊线
ZZM_CN_effddb23464a,ZZS_43a808507b,金洼,0.35,line_propagated,2号线,0,normal_info,0,1号线|2号线|3号线|4号线|5号线|6号线|10号线|14号线|城郊线
ZZM_CN_effddb23464a,ZZS_44eab6c022,南阳新村,0.35,line_propagated,3号线,0,normal_info,0,1号线|2号线|3号线|4号线|5号线|6号线|10号线|14号线|城郊线
ZZM_CN_effddb23464a,ZZS_45679e4fc0,七里河,0.35,line_propagated,4号线|5号线,0,normal_info,0,1号线|2号线|3号线|4号线|5号线|6号线|10号线|14号线|城郊线
ZZM_CN_effddb23464a,ZZS_485552a0e0,马寨,0.35,line_propagated,6号线,0,normal_info,0,1号线|2号线|3号线|4号线|5号线|6号线|10号线|14号线|城郊线
ZZM_CN_effddb23464a,ZZS_4c088f0629,港区北,0.35,line_propagated,城郊线,0,normal_info,0,1号线|2号线|3号线|4号线|5号线|6号线|10号线|14号线|城郊线
ZZM_CN_effddb23464a,ZZS_4d258fdd50,金达路,0.35,line_propagated,2号线,0,normal_info,0,1号线|2号线|3号线|4号线|5号线|6号线|10号线|14号线|城郊线
ZZM_CN_effddb23464a,ZZS_4db99ddb57,华南城,0.35,line_propagated,城郊线,0,normal_info,0,1号线|2号线|3号线|4号线|5号线|6号线|10号线|14号线|城郊线
ZZM_CN_effddb23464a,ZZS_4dd2360957,京广南路,0.35,line_propagated,5号线,0,normal_info,0,1号线|2号线|3号线|4号线|5号线|6号线|10号线|14号线|城郊线
ZZM_CN_effddb23464a,ZZS_4ff5935177,兰河公园,0.35,line_propagated,城郊线,0,normal_info,0,1号线|2号线|3号线|4号线|5号线|6号线|10号线|14号线|城郊线
ZZM_CN_effddb23464a,ZZS_50d016b586,二里岗东,0.35,line_propagated,6号线,0,normal_info,0,1号线|2号线|3号线|4号线|5号线|6号线|10号线|14号线|城郊线
ZZM_CN_effddb23464a,ZZS_51e572c7c3,东大街,0.35,line_propagated,2号线|3号线,0,normal_info,0,1号线|2号线|3号线|4号线|5号线|6号线|10号线|14号线|城郊线
ZZM_CN_effddb23464a,ZZS_52a5a7940c,兰寨,0.35,line_propagated,1号线,0,normal_info,0,1号线|2号线|3号线|4号线|5号线|6号线|10号线|14号线|城郊线
ZZM_CN_effddb23464a,ZZS_542d10f6f0,金融岛北,0.35,line_propagated,4号线,0,normal_info,0,1号线|2号线|3号线|4号线|5号线|6号线|10号线|14号线|城郊线
ZZM_CN_effddb23464a,ZZS_5479c586b4,奥体中心,0.35,line_propagated,14号线|6号线,0,normal_info,0,1号线|2号线|3号线|4号线|5号线|6号线|10号线|14号线|城郊线
ZZM_CN_effddb23464a,ZZS_548bc6fa98,陈寨东,0.35,line_propagated,4号线,0,normal_info,0,1号线|2号线|3号线|4号线|5号线|6号线|10号线|14号线|城郊线
ZZM_CN_effddb23464a,ZZS_54adf32b6c,南四环,0.35,line_propagated,2号线|城郊线,0,normal_info,0,1号线|2号线|3号线|4号线|5号线|6号线|10号线|14号线|城郊线
ZZM_CN_effddb23464a,ZZS_5563728074,营岗,0.35,line_propagated,3号线,0,normal_info,0,1号线|2号线|3号线|4号线|5号线|6号线|10号线|14号线|城郊线
ZZM_CN_effddb23464a,ZZS_55f9aea406,森林公园北,0.35,line_propagated,4号线,0,normal_info,0,1号线|2号线|3号线|4号线|5号线|6号线|10号线|14号线|城郊线
ZZM_CN_effddb23464a,ZZS_5925b9eaa7,柳湖,0.35,line_propagated,10号线,0,normal_info,0,1号线|2号线|3号线|4号线|5号线|6号线|10号线|14号线|城郊线
ZZM_CN_effddb23464a,ZZS_5b6c4f8186,郑州人民医院,0.35,line_propagated,5号线,0,normal_info,0,1号线|2号线|3号线|4号线|5号线|6号线|10号线|14号线|城郊线
ZZM_CN_effddb23464a,ZZS_5babce6145,中原福塔,0.35,line_propagated,5号线,0,normal_info,0,1号线|2号线|3号线|4号线|5号线|6号线|10号线|14号线|城郊线
ZZM_CN_effddb23464a,ZZS_5ce22f5450,小乔,0.35,line_propagated,城郊线,0,normal_info,0,1号线|2号线|3号线|4号线|5号线|6号线|10号线|14号线|城郊线
ZZM_CN_effddb23464a,ZZS_5d10963dfa,冯湾,0.35,line_propagated,6号线,0,normal_info,0,1号线|2号线|3号线|4号线|5号线|6号线|10号线|14号线|城郊线
ZZM_CN_effddb23464a,ZZS_5d37b2006d,河南大学新区,0.35,line_propagated,1号线,0,normal_info,0,1号线|2号线|3号线|4号线|5号线|6号线|10号线|14号线|城郊线
ZZM_CN_effddb23464a,ZZS_5d76a54f7e,卧龙岗,0.35,line_propagated,6号线,0,normal_info,0,1号线|2号线|3号线|4号线|5号线|6号线|10号线|14号线|城郊线
ZZM_CN_effddb23464a,ZZS_5dc87121c2,市第二人民医院,0.35,line_propagated,5号线,0,normal_info,0,1号线|2号线|3号线|4号线|5号线|6号线|10号线|14号线|城郊线
ZZM_CN_effddb23464a,ZZS_63fa0eb855,双湖大道,0.35,line_propagated,城郊线,0,normal_info,0,1号线|2号线|3号线|4号线|5号线|6号线|10号线|14号线|城郊线
ZZM_CN_effddb23464a,ZZS_6497dca4fb,庙王,0.35,line_propagated,10号线,0,normal_info,0,1号线|2号线|3号线|4号线|5号线|6号线|10号线|14号线|城郊线
ZZM_CN_effddb23464a,ZZS_6605be2a4e,省体育中心,0.35,line_propagated,3号线|4号线,0,normal_info,0,1号线|2号线|3号线|4号线|5号线|6号线|10号线|14号线|城郊线
ZZM_CN_effddb23464a,ZZS_662c95b759,王砦,0.35,line_propagated,3号线,0,normal_info,0,1号线|2号线|3号线|4号线|5号线|6号线|10号线|14号线|城郊线
ZZM_CN_effddb23464a,ZZS_6a0a21f658,通泰路,0.35,line_propagated,3号线,0,normal_info,0,1号线|2号线|3号线|4号线|5号线|6号线|10号线|14号线|城郊线
ZZM_CN_effddb23464a,ZZS_6a9a14f197,北二十里铺,0.35,line_propagated,4号线,0,normal_info,0,1号线|2号线|3号线|4号线|5号线|6号线|10号线|14号线|城郊线
ZZM_CN_effddb23464a,ZZS_6b600b7696,刘庄,0.35,line_propagated,2号线,0,normal_info,0,1号线|2号线|3号线|4号线|5号线|6号线|10号线|14号线|城郊线
ZZM_CN_effddb23464a,ZZS_6c89efbe2c,文苑北路,0.35,line_propagated,1号线,0,normal_info,0,1号线|2号线|3号线|4号线|5号线|6号线|10号线|14号线|城郊线
ZZM_CN_effddb23464a,ZZS_6e6f33dc37,华南城东,0.35,line_propagated,城郊线,0,normal_info,0,1号线|2号线|3号线|4号线|5号线|6号线|10号线|14号线|城郊线
ZZM_CN_effddb23464a,ZZS_6f9fa1c519,西流湖公园南,0.35,line_propagated,10号线,0,normal_info,0,1号线|2号线|3号线|4号线|5号线|6号线|10号线|14号线|城郊线
ZZM_CN_effddb23464a,ZZS_7027bf40e7,金融岛西,0.35,line_propagated,6号线,0,normal_info,0,1号线|2号线|3号线|4号线|5号线|6号线|10号线|14号线|城郊线
ZZM_CN_effddb23464a,ZZS_72de4f5f66,惠济区政府,0.35,line_propagated,2号线,0,normal_info,0,1号线|2号线|3号线|4号线|5号线|6号线|10号线|14号线|城郊线
ZZM_CN_effddb23464a,ZZS_77acb25c9b,洞林寺,0.35,line_propagated,6号线,0,normal_info,0,1号线|2号线|3号线|4号线|5号线|6号线|10号线|14号线|城郊线
ZZM_CN_effddb23464a,ZZS_7a33fc56d1,十八里河,0.35,line_propagated,城郊线,0,normal_info,0,1号线|2号线|3号线|4号线|5号线|6号线|10号线|14号线|城郊线
ZZM_CN_effddb23464a,ZZS_7af1d05702,奥体中心西,0.35,line_propagated,6号线,0,normal_info,0,1号线|2号线|3号线|4号线|5号线|6号线|10号线|14号线|城郊线
ZZM_CN_effddb23464a,ZZS_7dd13fd23f,黄河路,0.35,line_propagated,2号线|5号线,0,normal_info,0,1号线|2号线|3号线|4号线|5号线|6号线|10号线|14号线|城郊线
ZZM_CN_effddb23464a,ZZS_87213b5129,会展中心,0.35,line_propagated,1号线|4号线,0,normal_info,0,1号线|2号线|3号线|4号线|5号线|6号线|10号线|14号线|城郊线
ZZM_CN_effddb23464a,ZZS_881a48e5bb,西三环,0.35,line_propagated,1号线,0,normal_info,0,1号线|2号线|3号线|4号线|5号线|6号线|10号线|14号线|城郊线
ZZM_CN_effddb23464a,ZZS_89f2ce9b1d,秦岭路,0.35,line_propagated,1号线,0,normal_info,0,1号线|2号线|3号线|4号线|5号线|6号线|10号线|14号线|城郊线
ZZM_CN_effddb23464a,ZZS_8b4f322227,郑州一中,0.35,line_propagated,10号线,0,normal_info,0,1号线|2号线|3号线|4号线|5号线|6号线|10号线|14号线|城郊线
ZZM_CN_effddb23464a,ZZS_90196f31d6,郑州火车站,0.35,line_propagated,10号线|1号线,0,normal_info,0,1号线|2号线|3号线|4号线|5号线|6号线|10号线|14号线|城郊线
ZZM_CN_effddb23464a,ZZS_90377f53c5,二砂,0.35,line_propagated,10号线,0,normal_info,0,1号线|2号线|3号线|4号线|5号线|6号线|10号线|14号线|城郊线
ZZM_CN_effddb23464a,ZZS_90c4ce1eb7,沙门,0.35,line_propagated,2号线|4号线,0,normal_info,0,1号线|2号线|3号线|4号线|5号线|6号线|10号线|14号线|城郊线
ZZM_CN_effddb23464a,ZZS_90de6fab35,货站街,0.35,line_propagated,4号线,0,normal_info,0,1号线|2号线|3号线|4号线|5号线|6号线|10号线|14号线|城郊线
ZZM_CN_effddb23464a,ZZS_920af7f7b2,陇秀公园,0.35,line_propagated,6号线,0,normal_info,0,1号线|2号线|3号线|4号线|5号线|6号线|10号线|14号线|城郊线
ZZM_CN_effddb23464a,ZZS_93b9249040,二里岗,0.35,line_propagated,2号线|6号线,0,normal_info,0,1号线|2号线|3号线|4号线|5号线|6号线|10号线|14号线|城郊线
ZZM_CN_effddb23464a,ZZS_93f56b73b3,果树所,0.35,line_propagated,4号线,0,normal_info,0,1号线|2号线|3号线|4号线|5号线|6号线|10号线|14号线|城郊线
ZZM_CN_effddb23464a,ZZS_95fb90b688,杨君刘,0.35,line_propagated,4号线,0,normal_info,0,1号线|2号线|3号线|4号线|5号线|6号线|10号线|14号线|城郊线
ZZM_CN_effddb23464a,ZZS_9660c27c11,站马屯,0.35,line_propagated,2号线,0,normal_info,0,1号线|2号线|3号线|4号线|5号线|6号线|10号线|14号线|城郊线
ZZM_CN_effddb23464a,ZZS_973f67bf8a,同乐,0.35,line_propagated,3号线,0,normal_info,0,1号线|2号线|3号线|4号线|5号线|6号线|10号线|14号线|城郊线
ZZM_CN_effddb23464a,ZZS_9965eccc39,龙湖中环北,0.35,line_propagated,4号线,0,normal_info,0,1号线|2号线|3号线|4号线|5号线|6号线|10号线|14号线|城郊线
ZZM_CN_effddb23464a,ZZS_9a0290117b,新郑机场,0.35,line_propagated,城郊线,0,normal_info,0,1号线|2号线|3号线|4号线|5号线|6号线|10号线|14号线|城郊线
ZZM_CN_effddb23464a,ZZS_9a26907088,齐礼阎,0.35,line_propagated,5号线,0,normal_info,0,1号线|2号线|3号线|4号线|5号线|6号线|10号线|14号线|城郊线
ZZM_CN_effddb23464a,ZZS_9a51a2fe83,兴隆铺,0.35,line_propagated,3号线,0,normal_info,0,1号线|2号线|3号线|4号线|5号线|6号线|10号线|14号线|城郊线
ZZM_CN_effddb23464a,ZZS_9d546847d5,郑州西站,0.35,line_propagated,10号线,0,normal_info,0,1号线|2号线|3号线|4号线|5号线|6号线|10号线|14号线|城郊线
ZZM_CN_effddb23464a,ZZS_9d8185e03c,省人民医院,0.35,line_propagated,5号线,0,normal_info,0,1号线|2号线|3号线|4号线|5号线|6号线|10号线|14号线|城郊线
ZZM_CN_effddb23464a,ZZS_9e03ca5f4c,常庄,0.35,line_propagated,6号线,0,normal_info,0,1号线|2号线|3号线|4号线|5号线|6号线|10号线|14号线|城郊线
ZZM_CN_effddb23464a,ZZS_9f383e1427,花寨,0.35,line_propagated,2号线,0,normal_info,0,1号线|2号线|3号线|4号线|5号线|6号线|10号线|14号线|城郊线
ZZM_CN_effddb23464a,ZZS_a14df2d44f,紫荆山,0.35,line_propagated,1号线|2号线,0,normal_info,0,1号线|2号线|3号线|4号线|5号线|6号线|10号线|14号线|城郊线
ZZM_CN_effddb23464a,ZZS_a3cc0229f4,省骨科医院,0.35,line_propagated,3号线|5号线,0,normal_info,0,1号线|2号线|3号线|4号线|5号线|6号线|10号线|14号线|城郊线
ZZM_CN_effddb23464a,ZZS_a4bd95d57e,机场东,0.35,line_propagated,城郊线,0,normal_info,0,1号线|2号线|3号线|4号线|5号线|6号线|10号线|14号线|城郊线
ZZM_CN_effddb23464a,ZZS_a7b91da4c7,陇海东路,0.35,line_propagated,2号线,0,normal_info,0,1号线|2号线|3号线|4号线|5号线|6号线|10号线|14号线|城郊线
ZZM_CN_effddb23464a,ZZS_a9af1749e0,西周,0.35,line_propagated,3号线,0,normal_info,0,1号线|2号线|3号线|4号线|5号线|6号线|10号线|14号线|城郊线
ZZM_CN_effddb23464a,ZZS_aa3686fb6d,金融岛南,0.35,line_propagated,4号线,0,normal_info,0,1号线|2号线|3号线|4号线|5号线|6号线|10号线|14号线|城郊线
ZZM_CN_effddb23464a,ZZS_abc078ccd5,黄河迎宾馆,0.35,line_propagated,2号线,0,normal_info,0,1号线|2号线|3号线|4号线|5号线|6号线|10号线|14号线|城郊线
ZZM_CN_effddb23464a,ZZS_ae1b2afcad,梧桐街,0.35,line_propagated,1号线,0,normal_info,0,1号线|2号线|3号线|4号线|5号线|6号线|10号线|14号线|城郊线
ZZM_CN_effddb23464a,ZZS_ae7cc361da,月季公园,0.35,line_propagated,5号线,0,normal_info,0,1号线|2号线|3号线|4号线|5号线|6号线|10号线|14号线|城郊线
ZZM_CN_effddb23464a,ZZS_aed2ee7bb7,河南工业大学,0.35,line_propagated,1号线,0,normal_info,0,1号线|2号线|3号线|4号线|5号线|6号线|10号线|14号线|城郊线
ZZM_CN_effddb23464a,ZZS_afdeac8ac7,沙窝李,0.35,line_propagated,城郊线,0,normal_info,0,1号线|2号线|3号线|4号线|5号线|6号线|10号线|14号线|城郊线
ZZM_CN_effddb23464a,ZZS_b0ac143899,龙子湖,0.35,line_propagated,1号线,0,normal_info,0,1号线|2号线|3号线|4号线|5号线|6号线|10号线|14号线|城郊线
ZZM_CN_effddb23464a,ZZS_b37a0bcf35,郑大科技园,0.35,line_propagated,1号线,0,normal_info,0,1号线|2号线|3号线|4号线|5号线|6号线|10号线|14号线|城郊线
ZZM_CN_effddb23464a,ZZS_b5c4192440,圃田西,0.35,line_propagated,3号线,0,normal_info,0,1号线|2号线|3号线|4号线|5号线|6号线|10号线|14号线|城郊线
ZZM_CN_effddb23464a,ZZS_b8d795b006,黄河南路,0.35,line_propagated,1号线,0,normal_info,0,1号线|2号线|3号线|4号线|5号线|6号线|10号线|14号线|城郊线
ZZM_CN_effddb23464a,ZZS_b9cd9992ce,人民公园,0.35,line_propagated,3号线,0,normal_info,0,1号线|2号线|3号线|4号线|5号线|6号线|10号线|14号线|城郊线
ZZM_CN_effddb23464a,ZZS_ba70aa715e,博览中心,0.35,line_propagated,3号线|6号线,0,normal_info,0,1号线|2号线|3号线|4号线|5号线|6号线|10号线|14号线|城郊线
ZZM_CN_effddb23464a,ZZS_bb3c17098a,人民路,0.35,line_propagated,1号线,0,normal_info,0,1号线|2号线|3号线|4号线|5号线|6号线|10号线|14号线|城郊线
ZZM_CN_effddb23464a,ZZS_bd17c52fa6,儿童医院,0.35,line_propagated,5号线,0,normal_info,0,1号线|2号线|3号线|4号线|5号线|6号线|10号线|14号线|城郊线
ZZM_CN_effddb23464a,ZZS_bdc2a71da9,柳林,0.35,line_propagated,2号线,0,normal_info,0,1号线|2号线|3号线|4号线|5号线|6号线|10号线|14号线|城郊线
ZZM_CN_effddb23464a,ZZS_be7c73e65a,河南建院,0.35,line_propagated,6号线,0,normal_info,0,1号线|2号线|3号线|4号线|5号线|6号线|10号线|14号线|城郊线
ZZM_CN_effddb23464a,ZZS_bf7f2bfbd0,博学路,0.35,line_propagated,1号线,0,normal_info,0,1号线|2号线|3号线|4号线|5号线|6号线|10号线|14号线|城郊线
ZZM_CN_effddb23464a,ZZS_c180efc575,贾河,0.35,line_propagated,2号线,0,normal_info,0,1号线|2号线|3号线|4号线|5号线|6号线|10号线|14号线|城郊线
ZZM_CN_effddb23464a,ZZS_c5943bbf34,滨河新城,0.35,line_propagated,3号线,0,normal_info,0,1号线|2号线|3号线|4号线|5号线|6号线|10号线|14号线|城郊线
ZZM_CN_effddb23464a,ZZS_c684a04cd3,李江沟,0.35,line_propagated,6号线,0,normal_info,0,1号线|2号线|3号线|4号线|5号线|6号线|10号线|14号线|城郊线
ZZM_CN_effddb23464a,ZZS_c720567666,桐淮,0.35,line_propagated,5号线|6号线,0,normal_info,0,1号线|2号线|3号线|4号线|5号线|6号线|10号线|14号线|城郊线
ZZM_CN_effddb23464a,ZZS_c8f4a267a6,大石桥,0.35,line_propagated,3号线,0,normal_info,0,1号线|2号线|3号线|4号线|5号线|6号线|10号线|14号线|城郊线
ZZM_CN_effddb23464a,ZZS_c9109d3d9f,医学院,0.35,line_propagated,10号线|1号线,0,normal_info,0,1号线|2号线|3号线|4号线|5号线|6号线|10号线|14号线|城郊线
ZZM_CN_effddb23464a,ZZS_c94675c30b,后河芦,0.35,line_propagated,5号线,0,normal_info,0,1号线|2号线|3号线|4号线|5号线|6号线|10号线|14号线|城郊线
ZZM_CN_effddb23464a,ZZS_c995bf7092,经开中心广场,0.35,line_propagated,5号线,0,normal_info,0,1号线|2号线|3号线|4号线|5号线|6号线|10号线|14号线|城郊线
ZZM_CN_effddb23464a,ZZS_cb2e15cfa0,姚砦,0.35,line_propagated,5号线|6号线,0,normal_info,0,1号线|2号线|3号线|4号线|5号线|6号线|10号线|14号线|城郊线
ZZM_CN_effddb23464a,ZZS_cc61daaced,市体育中心,0.35,line_propagated,1号线,0,normal_info,0,1号线|2号线|3号线|4号线|5号线|6号线|10号线|14号线|城郊线
ZZM_CN_effddb23464a,ZZS_ccf9ac5267,清华附中,0.35,line_propagated,4号线|6号线,0,normal_info,0,1号线|2号线|3号线|4号线|5号线|6号线|10号线|14号线|城郊线
ZZM_CN_effddb23464a,ZZS_d0e428cc6b,孟庄,0.35,line_propagated,城郊线,0,normal_info,0,1号线|2号线|3号线|4号线|5号线|6号线|10号线|14号线|城郊线
ZZM_CN_effddb23464a,ZZS_d61a964e41,市民中心,0.35,line_propagated,1号线,0,normal_info,0,1号线|2号线|3号线|4号线|5号线|6号线|10号线|14号线|城郊线
ZZM_CN_effddb23464a,ZZS_d657129917,嵩淮,0.35,line_propagated,6号线,0,normal_info,0,1号线|2号线|3号线|4号线|5号线|6号线|10号线|14号线|城郊线
ZZM_CN_effddb23464a,ZZS_d86c49fbed,农业东路,0.35,line_propagated,4号线,0,normal_info,0,1号线|2号线|3号线|4号线|5号线|6号线|10号线|14号线|城郊线
ZZM_CN_effddb23464a,ZZS_dbb2385d18,龙湖北,0.35,line_propagated,4号线,0,normal_info,0,1号线|2号线|3号线|4号线|5号线|6号线|10号线|14号线|城郊线
ZZM_CN_effddb23464a,ZZS_deb2edc4a2,沙口路,0.35,line_propagated,5号线,0,normal_info,0,1号线|2号线|3号线|4号线|5号线|6号线|10号线|14号线|城郊线
ZZM_CN_effddb23464a,ZZS_e37b46cf08,市民大道,0.35,line_propagated,14号线,0,normal_info,0,1号线|2号线|3号线|4号线|5号线|6号线|10号线|14号线|城郊线
ZZM_CN_effddb23464a,ZZS_e4b35b2f4d,郑州大学,0.35,line_propagated,1号线,0,normal_info,0,1号线|2号线|3号线|4号线|5号线|6号线|10号线|14号线|城郊线
ZZM_CN_effddb23464a,ZZS_e67ffc082e,西流湖,0.35,line_propagated,1号线,0,normal_info,0,1号线|2号线|3号线|4号线|5号线|6号线|10号线|14号线|城郊线
ZZM_CN_effddb23464a,ZZS_e6a9c90243,安宁路,0.35,line_propagated,6号线,0,normal_info,0,1号线|2号线|3号线|4号线|5号线|6号线|10号线|14号线|城郊线
ZZM_CN_effddb23464a,ZZS_e9c14949ec,滨河新城南,0.35,line_propagated,3号线,0,normal_info,0,1号线|2号线|3号线|4号线|5号线|6号线|10号线|14号线|城郊线
ZZM_CN_effddb23464a,ZZS_eab04601b0,洞林湖,0.35,line_propagated,6号线,0,normal_info,0,1号线|2号线|3号线|4号线|5号线|6号线|10号线|14号线|城郊线
ZZM_CN_effddb23464a,ZZS_eca427650a,张家村,0.35,line_propagated,4号线,0,normal_info,0,1号线|2号线|3号线|4号线|5号线|6号线|10号线|14号线|城郊线
ZZM_CN_effddb23464a,ZZS_eda0ec6e78,龙湖中环南,0.35,line_propagated,4号线,0,normal_info,0,1号线|2号线|3号线|4号线|5号线|6号线|10号线|14号线|城郊线
ZZM_CN_effddb23464a,ZZS_eef68bcc4f,郑州航空港站,0.35,line_propagated,城郊线,0,normal_info,0,1号线|2号线|3号线|4号线|5号线|6号线|10号线|14号线|城郊线
ZZM_CN_effddb23464a,ZZS_ef6263ba13,潮河,0.35,line_propagated,3号线,0,normal_info,0,1号线|2号线|3号线|4号线|5号线|6号线|10号线|14号线|城郊线
ZZM_CN_effddb23464a,ZZS_f095e9678f,航海广场,0.35,line_propagated,5号线,0,normal_info,0,1号线|2号线|3号线|4号线|5号线|6号线|10号线|14号线|城郊线
ZZM_CN_effddb23464a,ZZS_f453749a84,市委党校,0.35,line_propagated,10号线|14号线,0,normal_info,0,1号线|2号线|3号线|4号线|5号线|6号线|10号线|14号线|城郊线
ZZM_CN_effddb23464a,ZZS_f593248d09,金桢路,0.35,line_propagated,6号线,0,normal_info,0,1号线|2号线|3号线|4号线|5号线|6号线|10号线|14号线|城郊线
ZZM_CN_effddb23464a,ZZS_f97030e2b9,冯庄,0.35,line_propagated,5号线,0,normal_info,0,1号线|2号线|3号线|4号线|5号线|6号线|10号线|14号线|城郊线
ZZM_CN_effddb23464a,ZZS_fab270f5e2,凤凰台南,0.35,line_propagated,6号线,0,normal_info,0,1号线|2号线|3号线|4号线|5号线|6号线|10号线|14号线|城郊线
ZZM_CN_effddb23464a,ZZS_ff256e6634,北三环,0.35,line_propagated,2号线,0,normal_info,0,1号线|2号线|3号线|4号线|5号线|6号线|10号线|14号线|城郊线
ZZM_CN_effddb23464a,ZZS_ff2a277828,民航路,0.35,line_propagated,1号线,0,normal_info,0,1号线|2号线|3号线|4号线|5号线|6号线|10号线|14号线|城郊线
ZZM_CN_effddb23464a,ZZS_ff491e6fdf,东风路,0.35,line_propagated,2号线,0,normal_info,0,1号线|2号线|3号线|4号线|5号线|6号线|10号线|14号线|城郊线
ZZM_CN_effddb23464a,ZZS_ff6940526d,郑州东站,0.35,line_propagated,1号线|5号线,0,normal_info,0,1号线|2号线|3号线|4号线|5号线|6号线|10号线|14号线|城郊线
ZZM_CN_f00f6ca079ed,ZZS_00f55fa149,碧沙岗,0.35,line_propagated,1号线,0,normal_info,0,1号线
ZZM_CN_f00f6ca079ed,ZZS_065e638aef,东风南路,0.35,line_propagated,1号线,0,normal_info,0,1号线
ZZM_CN_f00f6ca079ed,ZZS_0660d199a6,农业南路,0.35,line_propagated,1号线,0,normal_info,0,1号线
ZZM_CN_f00f6ca079ed,ZZS_0ccbb4888d,二七广场,0.35,line_propagated,1号线,0,normal_info,0,1号线
ZZM_CN_f00f6ca079ed,ZZS_1acdaac4ce,铁炉,0.35,line_propagated,1号线,0,normal_info,0,1号线
ZZM_CN_f00f6ca079ed,ZZS_27d32a2e36,五一公园,0.35,line_propagated,1号线,0,normal_info,0,1号线
ZZM_CN_f00f6ca079ed,ZZS_3813354d55,绿城广场,0.35,line_propagated,1号线,0,normal_info,0,1号线
ZZM_CN_f00f6ca079ed,ZZS_38180914a0,燕庄,0.35,line_propagated,1号线,0,normal_info,0,1号线
ZZM_CN_f00f6ca079ed,ZZS_52a5a7940c,兰寨,0.35,line_propagated,1号线,0,normal_info,0,1号线
ZZM_CN_f00f6ca079ed,ZZS_5d37b2006d,河南大学新区,0.35,line_propagated,1号线,0,normal_info,0,1号线
ZZM_CN_f00f6ca079ed,ZZS_6c89efbe2c,文苑北路,0.35,line_propagated,1号线,0,normal_info,0,1号线
ZZM_CN_f00f6ca079ed,ZZS_87213b5129,会展中心,0.35,line_propagated,1号线,0,normal_info,0,1号线
ZZM_CN_f00f6ca079ed,ZZS_881a48e5bb,西三环,0.35,line_propagated,1号线,0,normal_info,0,1号线
ZZM_CN_f00f6ca079ed,ZZS_89f2ce9b1d,秦岭路,0.35,line_propagated,1号线,0,normal_info,0,1号线
ZZM_CN_f00f6ca079ed,ZZS_90196f31d6,郑州火车站,0.35,line_propagated,1号线,0,normal_info,0,1号线
ZZM_CN_f00f6ca079ed,ZZS_a14df2d44f,紫荆山,0.35,line_propagated,1号线,0,normal_info,0,1号线
ZZM_CN_f00f6ca079ed,ZZS_ae1b2afcad,梧桐街,0.35,line_propagated,1号线,0,normal_info,0,1号线
ZZM_CN_f00f6ca079ed,ZZS_aed2ee7bb7,河南工业大学,0.35,line_propagated,1号线,0,normal_info,0,1号线
ZZM_CN_f00f6ca079ed,ZZS_b0ac143899,龙子湖,0.35,line_propagated,1号线,0,normal_info,0,1号线
ZZM_CN_f00f6ca079ed,ZZS_b37a0bcf35,郑大科技园,0.35,line_propagated,1号线,0,normal_info,0,1号线
ZZM_CN_f00f6ca079ed,ZZS_b8d795b006,黄河南路,0.35,line_propagated,1号线,0,normal_info,0,1号线
ZZM_CN_f00f6ca079ed,ZZS_bb3c17098a,人民路,0.35,line_propagated,1号线,0,normal_info,0,1号线
ZZM_CN_f00f6ca079ed,ZZS_bf7f2bfbd0,博学路,0.35,line_propagated,1号线,0,normal_info,0,1号线
ZZM_CN_f00f6ca079ed,ZZS_c9109d3d9f,医学院,0.35,line_propagated,1号线,0,normal_info,0,1号线
ZZM_CN_f00f6ca079ed,ZZS_cc61daaced,市体育中心,0.35,line_propagated,1号线,0,normal_info,0,1号线
ZZM_CN_f00f6ca079ed,ZZS_d61a964e41,市民中心,0.35,line_propagated,1号线,0,normal_info,0,1号线
ZZM_CN_f00f6ca079ed,ZZS_e4b35b2f4d,郑州大学,0.9,exact+line,1号线|郑州大学,0,normal_info,0,1号线
ZZM_CN_f00f6ca079ed,ZZS_e67ffc082e,西流湖,0.35,line_propagated,1号线,0,normal_info,0,1号线
ZZM_CN_f00f6ca079ed,ZZS_ff2a277828,民航路,0.35,line_propagated,1号线,0,normal_info,0,1号线
ZZM_CN_f00f6ca079ed,ZZS_ff6940526d,郑州东站,0.35,line_propagated,1号线,0,normal_info,0,1号线
ZZM_CN_f08d9f28e57a,ZZS_00f55fa149,碧沙岗,0.35,line_propagated,1号线,0,normal_info,0,1号线
ZZM_CN_f08d9f28e57a,ZZS_065e638aef,东风南路,0.35,line_propagated,1号线,0,normal_info,0,1号线
ZZM_CN_f08d9f28e57a,ZZS_0660d199a6,农业南路,0.35,line_propagated,1号线,0,normal_info,0,1号线
ZZM_CN_f08d9f28e57a,ZZS_0ccbb4888d,二七广场,0.35,line_propagated,1号线,0,normal_info,0,1号线
ZZM_CN_f08d9f28e57a,ZZS_1acdaac4ce,铁炉,0.35,line_propagated,1号线,0,normal_info,0,1号线
ZZM_CN_f08d9f28e57a,ZZS_27d32a2e36,五一公园,0.35,line_propagated,1号线,0,normal_info,0,1号线
ZZM_CN_f08d9f28e57a,ZZS_3813354d55,绿城广场,0.35,line_propagated,1号线,0,normal_info,0,1号线
ZZM_CN_f08d9f28e57a,ZZS_38180914a0,燕庄,0.35,line_propagated,1号线,0,normal_info,0,1号线
ZZM_CN_f08d9f28e57a,ZZS_52a5a7940c,兰寨,0.35,line_propagated,1号线,0,normal_info,0,1号线
ZZM_CN_f08d9f28e57a,ZZS_5d37b2006d,河南大学新区,0.35,line_propagated,1号线,0,normal_info,0,1号线
ZZM_CN_f08d9f28e57a,ZZS_6c89efbe2c,文苑北路,0.35,line_propagated,1号线,0,normal_info,0,1号线
ZZM_CN_f08d9f28e57a,ZZS_87213b5129,会展中心,0.35,line_propagated,1号线,0,normal_info,0,1号线
ZZM_CN_f08d9f28e57a,ZZS_881a48e5bb,西三环,0.35,line_propagated,1号线,0,normal_info,0,1号线
ZZM_CN_f08d9f28e57a,ZZS_89f2ce9b1d,秦岭路,0.35,line_propagated,1号线,0,normal_info,0,1号线
ZZM_CN_f08d9f28e57a,ZZS_90196f31d6,郑州火车站,0.35,line_propagated,1号线,0,normal_info,0,1号线
ZZM_CN_f08d9f28e57a,ZZS_a14df2d44f,紫荆山,0.35,line_propagated,1号线,0,normal_info,0,1号线
ZZM_CN_f08d9f28e57a,ZZS_ae1b2afcad,梧桐街,0.35,line_propagated,1号线,0,normal_info,0,1号线
ZZM_CN_f08d9f28e57a,ZZS_aed2ee7bb7,河南工业大学,0.35,line_propagated,1号线,0,normal_info,0,1号线
ZZM_CN_f08d9f28e57a,ZZS_b0ac143899,龙子湖,0.35,line_propagated,1号线,0,normal_info,0,1号线
ZZM_CN_f08d9f28e57a,ZZS_b37a0bcf35,郑大科技园,0.35,line_propagated,1号线,0,normal_info,0,1号线
ZZM_CN_f08d9f28e57a,ZZS_b8d795b006,黄河南路,0.35,line_propagated,1号线,0,normal_info,0,1号线
ZZM_CN_f08d9f28e57a,ZZS_bb3c17098a,人民路,0.35,line_propagated,1号线,0,normal_info,0,1号线
ZZM_CN_f08d9f28e57a,ZZS_bf7f2bfbd0,博学路,0.35,line_propagated,1号线,0,normal_info,0,1号线
ZZM_CN_f08d9f28e57a,ZZS_c87aa9753c,体育中心,0.9,exact,体育中心,0,normal_info,0,1号线
ZZM_CN_f08d9f28e57a,ZZS_c9109d3d9f,医学院,0.35,line_propagated,1号线,0,normal_info,0,1号线
ZZM_CN_f08d9f28e57a,ZZS_cc61daaced,市体育中心,0.35,line_propagated,1号线,0,normal_info,0,1号线
ZZM_CN_f08d9f28e57a,ZZS_d61a964e41,市民中心,0.35,line_propagated,1号线,0,normal_info,0,1号线
ZZM_CN_f08d9f28e57a,ZZS_e4b35b2f4d,郑州大学,0.35,line_propagated,1号线,0,normal_info,0,1号线
ZZM_CN_f08d9f28e57a,ZZS_e67ffc082e,西流湖,0.35,line_propagated,1号线,0,normal_info,0,1号线
ZZM_CN_f08d9f28e57a,ZZS_ff2a277828,民航路,0.35,line_propagated,1号线,0,normal_info,0,1号线
ZZM_CN_f08d9f28e57a,ZZS_ff6940526d,郑州东站,0.35,line_propagated,1号线,0,normal_info,0,1号线
ZZM_CN_f106b839172b,ZZS_3813354d55,绿城广场,0.9,exact,绿城广场,0,normal_info,0,
ZZM_CN_f12e7f0ccb2b,ZZS_00f55fa149,碧沙岗,0.35,line_propagated,1号线,3,facility_equipment,0,1号线
ZZM_CN_f12e7f0ccb2b,ZZS_065e638aef,东风南路,0.35,line_propagated,1号线,3,facility_equipment,0,1号线
ZZM_CN_f12e7f0ccb2b,ZZS_0660d199a6,农业南路,0.35,line_propagated,1号线,3,facility_equipment,0,1号线
ZZM_CN_f12e7f0ccb2b,ZZS_0ccbb4888d,二七广场,0.35,line_propagated,1号线,3,facility_equipment,0,1号线
ZZM_CN_f12e7f0ccb2b,ZZS_1acdaac4ce,铁炉,0.35,line_propagated,1号线,3,facility_equipment,0,1号线
ZZM_CN_f12e7f0ccb2b,ZZS_27d32a2e36,五一公园,0.35,line_propagated,1号线,3,facility_equipment,0,1号线
ZZM_CN_f12e7f0ccb2b,ZZS_3813354d55,绿城广场,0.35,line_propagated,1号线,3,facility_equipment,0,1号线
ZZM_CN_f12e7f0ccb2b,ZZS_38180914a0,燕庄,0.35,line_propagated,1号线,3,facility_equipment,0,1号线
ZZM_CN_f12e7f0ccb2b,ZZS_52a5a7940c,兰寨,0.35,line_propagated,1号线,3,facility_equipment,0,1号线
ZZM_CN_f12e7f0ccb2b,ZZS_5d37b2006d,河南大学新区,0.35,line_propagated,1号线,3,facility_equipment,0,1号线
ZZM_CN_f12e7f0ccb2b,ZZS_6c89efbe2c,文苑北路,0.35,line_propagated,1号线,3,facility_equipment,0,1号线
ZZM_CN_f12e7f0ccb2b,ZZS_87213b5129,会展中心,0.35,line_propagated,1号线,3,facility_equipment,0,1号线
ZZM_CN_f12e7f0ccb2b,ZZS_881a48e5bb,西三环,0.35,line_propagated,1号线,3,facility_equipment,0,1号线
ZZM_CN_f12e7f0ccb2b,ZZS_89f2ce9b1d,秦岭路,0.35,line_propagated,1号线,3,facility_equipment,0,1号线
ZZM_CN_f12e7f0ccb2b,ZZS_90196f31d6,郑州火车站,0.35,line_propagated,1号线,3,facility_equipment,0,1号线
ZZM_CN_f12e7f0ccb2b,ZZS_a14df2d44f,紫荆山,0.35,line_propagated,1号线,3,facility_equipment,0,1号线
ZZM_CN_f12e7f0ccb2b,ZZS_ae1b2afcad,梧桐街,0.35,line_propagated,1号线,3,facility_equipment,0,1号线
ZZM_CN_f12e7f0ccb2b,ZZS_aed2ee7bb7,河南工业大学,0.35,line_propagated,1号线,3,facility_equipment,0,1号线
ZZM_CN_f12e7f0ccb2b,ZZS_b0ac143899,龙子湖,0.35,line_propagated,1号线,3,facility_equipment,0,1号线
ZZM_CN_f12e7f0ccb2b,ZZS_b37a0bcf35,郑大科技园,0.35,line_propagated,1号线,3,facility_equipment,0,1号线
ZZM_CN_f12e7f0ccb2b,ZZS_b8d795b006,黄河南路,0.35,line_propagated,1号线,3,facility_equipment,0,1号线
ZZM_CN_f12e7f0ccb2b,ZZS_bb3c17098a,人民路,0.35,line_propagated,1号线,3,facility_equipment,0,1号线
ZZM_CN_f12e7f0ccb2b,ZZS_bf7f2bfbd0,博学路,0.35,line_propagated,1号线,3,facility_equipment,0,1号线
ZZM_CN_f12e7f0ccb2b,ZZS_c9109d3d9f,医学院,0.35,line_propagated,1号线,3,facility_equipment,0,1号线
ZZM_CN_f12e7f0ccb2b,ZZS_cc61daaced,市体育中心,0.35,line_propagated,1号线,3,facility_equipment,0,1号线
ZZM_CN_f12e7f0ccb2b,ZZS_d61a964e41,市民中心,0.35,line_propagated,1号线,3,facility_equipment,0,1号线
ZZM_CN_f12e7f0ccb2b,ZZS_e4b35b2f4d,郑州大学,0.35,line_propagated,1号线,3,facility_equipment,0,1号线
ZZM_CN_f12e7f0ccb2b,ZZS_e67ffc082e,西流湖,0.35,line_propagated,1号线,3,facility_equipment,0,1号线
ZZM_CN_f12e7f0ccb2b,ZZS_ff2a277828,民航路,0.35,line_propagated,1号线,3,facility_equipment,0,1号线
ZZM_CN_f12e7f0ccb2b,ZZS_ff6940526d,郑州东站,0.35,line_propagated,1号线,3,facility_equipment,0,1号线
ZZM_CN_f2102c21deff,ZZS_deb2edc4a2,沙口路,0.9,exact,沙口路,4,crowd_weather_external,0,
ZZM_CN_f3074d2f23ac,ZZS_0f8adc1496,苑陵故城西,0.35,line_propagated,郑许线,0,normal_info,0,郑许线
ZZM_CN_f3074d2f23ac,ZZS_102923cded,电气谷,0.35,line_propagated,郑许线,0,normal_info,0,郑许线
ZZM_CN_f3074d2f23ac,ZZS_1f7dc8a65a,文体中心,0.35,line_propagated,郑许线,0,normal_info,0,郑许线
ZZM_CN_f3074d2f23ac,ZZS_34069e58e5,双鹤湖南,0.35,line_propagated,郑许线,0,normal_info,0,郑许线
ZZM_CN_f3074d2f23ac,ZZS_34a20fb268,双鹤湖,0.35,line_propagated,郑许线,0,normal_info,0,郑许线
ZZM_CN_f3074d2f23ac,ZZS_45b435a34a,龙王,0.35,line_propagated,郑许线,0,normal_info,0,郑许线
ZZM_CN_f3074d2f23ac,ZZS_4c088f0629,港区北,0.35,line_propagated,郑许线,0,normal_info,0,郑许线
ZZM_CN_f3074d2f23ac,ZZS_559f31d846,许昌东,0.35,line_propagated,郑许线,0,normal_info,0,郑许线
ZZM_CN_f3074d2f23ac,ZZS_5c63070ae3,鹿鸣湖,0.35,line_propagated,郑许线,0,normal_info,0,郑许线
ZZM_CN_f3074d2f23ac,ZZS_5d8826907f,翱翔路,0.35,line_propagated,郑许线,0,normal_info,0,郑许线
ZZM_CN_f3074d2f23ac,ZZS_6183e5bf7e,农大路,0.35,line_propagated,郑许线,0,normal_info,0,郑许线
ZZM_CN_f3074d2f23ac,ZZS_6dc0109470,八千,0.35,line_propagated,郑许线,0,normal_info,0,郑许线
ZZM_CN_f3074d2f23ac,ZZS_721efabad4,遵大路,0.35,line_propagated,郑许线,0,normal_info,0,郑许线
ZZM_CN_f3074d2f23ac,ZZS_74b7b3e8db,芙蓉湖,0.35,line_propagated,郑许线,0,normal_info,0,郑许线
ZZM_CN_f3074d2f23ac,ZZS_7af2d857e7,双鹤湖北,0.35,line_propagated,郑许线,0,normal_info,0,郑许线
ZZM_CN_f3074d2f23ac,ZZS_8838532f74,龙王南,0.35,line_propagated,郑许线,0,normal_info,0,郑许线
ZZM_CN_f3074d2f23ac,ZZS_8a7aa5c8f9,大周,0.35,line_propagated,郑许线,0,normal_info,0,郑许线
ZZM_CN_f3074d2f23ac,ZZS_8fd42d1a04,洵美路,0.35,line_propagated,郑许线,0,normal_info,0,郑许线
ZZM_CN_f3074d2f23ac,ZZS_9148507447,颍川路,0.35,line_propagated,郑许线,0,normal_info,0,郑许线
ZZM_CN_f3074d2f23ac,ZZS_9a0290117b,新郑机场,0.35,line_propagated,郑许线,0,normal_info,0,郑许线
ZZM_CN_f3074d2f23ac,ZZS_b07727d50b,葛天源,0.35,line_propagated,郑许线,0,normal_info,0,郑许线
ZZM_CN_f3074d2f23ac,ZZS_bbbbcdb24d,长安路北,0.35,line_propagated,郑许线,0,normal_info,0,郑许线
ZZM_CN_f3074d2f23ac,ZZS_c87aa9753c,体育中心,0.35,line_propagated,郑许线,0,normal_info,0,郑许线
ZZM_CN_f3074d2f23ac,ZZS_e951174f12,长安路南,0.35,line_propagated,郑许线,0,normal_info,0,郑许线
ZZM_CN_f3074d2f23ac,ZZS_ebaef5d27b,枣园,0.35,line_propagated,郑许线,0,normal_info,0,郑许线
ZZM_CN_f3074d2f23ac,ZZS_f158b4d09f,永和路,0.35,line_propagated,郑许线,0,normal_info,0,郑许线
ZZM_CN_f3074d2f23ac,ZZS_f8022f5ac8,双庙李,0.35,line_propagated,郑许线,0,normal_info,0,郑许线
ZZM_CN_f31c2a91671d,ZZS_001bf66fc1,陇海西路,0.35,line_propagated,5号线,0,normal_info,0,5号线
ZZM_CN_f31c2a91671d,ZZS_1236ed80e3,中央商务区,0.35,line_propagated,5号线,0,normal_info,0,5号线
ZZM_CN_f31c2a91671d,ZZS_1246e07d02,城东南路,0.35,line_propagated,5号线,0,normal_info,0,5号线
ZZM_CN_f31c2a91671d,ZZS_136c32a256,市中心医院,0.35,line_propagated,5号线,0,normal_info,0,5号线
ZZM_CN_f31c2a91671d,ZZS_14efbdcc1b,福塔东,0.35,line_propagated,5号线,0,normal_info,0,5号线
ZZM_CN_f31c2a91671d,ZZS_190cc56901,金水东路,0.35,line_propagated,5号线,0,normal_info,0,5号线
ZZM_CN_f31c2a91671d,ZZS_20262a52f0,南五里堡,0.35,line_propagated,5号线,0,normal_info,0,5号线
ZZM_CN_f31c2a91671d,ZZS_20dcf363fc,康宁街,0.35,line_propagated,5号线,0,normal_info,0,5号线
ZZM_CN_f31c2a91671d,ZZS_27d32a2e36,五一公园,0.35,line_propagated,5号线,0,normal_info,0,5号线
ZZM_CN_f31c2a91671d,ZZS_2db8e2eabe,经北二路,0.35,line_propagated,5号线,0,normal_info,0,5号线
ZZM_CN_f31c2a91671d,ZZS_31a002aa03,海滩寺,0.35,line_propagated,5号线,0,normal_info,0,5号线
ZZM_CN_f31c2a91671d,ZZS_386438745b,祭城,0.35,line_propagated,5号线,0,normal_info,0,5号线
ZZM_CN_f31c2a91671d,ZZS_3ada9c57dc,众意西路,0.35,line_propagated,5号线,0,normal_info,0,5号线
ZZM_CN_f31c2a91671d,ZZS_45679e4fc0,七里河,0.35,line_propagated,5号线,0,normal_info,0,5号线
ZZM_CN_f31c2a91671d,ZZS_4dd2360957,京广南路,0.35,line_propagated,5号线,0,normal_info,0,5号线
ZZM_CN_f31c2a91671d,ZZS_5b6c4f8186,郑州人民医院,0.35,line_propagated,5号线,0,normal_info,0,5号线
ZZM_CN_f31c2a91671d,ZZS_5babce6145,中原福塔,0.35,line_propagated,5号线,0,normal_info,0,5号线
ZZM_CN_f31c2a91671d,ZZS_5dc87121c2,市第二人民医院,0.9,exact+line,5号线|市第二人民医院,0,normal_info,0,5号线
ZZM_CN_f31c2a91671d,ZZS_7dd13fd23f,黄河路,0.35,line_propagated,5号线,0,normal_info,0,5号线
ZZM_CN_f31c2a91671d,ZZS_9a26907088,齐礼阎,0.35,line_propagated,5号线,0,normal_info,0,5号线
ZZM_CN_f31c2a91671d,ZZS_9d8185e03c,省人民医院,0.35,line_propagated,5号线,0,normal_info,0,5号线
ZZM_CN_f31c2a91671d,ZZS_a3cc0229f4,省骨科医院,0.35,line_propagated,5号线,0,normal_info,0,5号线
ZZM_CN_f31c2a91671d,ZZS_ae7cc361da,月季公园,0.35,line_propagated,5号线,0,normal_info,0,5号线
ZZM_CN_f31c2a91671d,ZZS_bd17c52fa6,儿童医院,0.35,line_propagated,5号线,0,normal_info,0,5号线
ZZM_CN_f31c2a91671d,ZZS_c720567666,桐淮,0.35,line_propagated,5号线,0,normal_info,0,5号线
ZZM_CN_f31c2a91671d,ZZS_c94675c30b,后河芦,0.35,line_propagated,5号线,0,normal_info,0,5号线
ZZM_CN_f31c2a91671d,ZZS_c995bf7092,经开中心广场,0.35,line_propagated,5号线,0,normal_info,0,5号线
ZZM_CN_f31c2a91671d,ZZS_cb2e15cfa0,姚砦,0.35,line_propagated,5号线,0,normal_info,0,5号线
ZZM_CN_f31c2a91671d,ZZS_deb2edc4a2,沙口路,0.35,line_propagated,5号线,0,normal_info,0,5号线
ZZM_CN_f31c2a91671d,ZZS_f095e9678f,航海广场,0.35,line_propagated,5号线,0,normal_info,0,5号线
ZZM_CN_f31c2a91671d,ZZS_f97030e2b9,冯庄,0.35,line_propagated,5号线,0,normal_info,0,5号线
ZZM_CN_f31c2a91671d,ZZS_ff6940526d,郑州东站,0.35,line_propagated,5号线,0,normal_info,0,5号线
ZZM_CN_f627bb0237e2,ZZS_00f55fa149,碧沙岗,0.35,line_propagated,1号线,0,normal_info,0,1号线|2号线
ZZM_CN_f627bb0237e2,ZZS_02cf3e4cf5,南三环,0.35,line_propagated,2号线,0,normal_info,0,1号线|2号线
ZZM_CN_f627bb0237e2,ZZS_065e638aef,东风南路,0.35,line_propagated,1号线,0,normal_info,0,1号线|2号线
ZZM_CN_f627bb0237e2,ZZS_0660d199a6,农业南路,0.35,line_propagated,1号线,0,normal_info,0,1号线|2号线
ZZM_CN_f627bb0237e2,ZZS_0ccbb4888d,二七广场,0.35,line_propagated,1号线,0,normal_info,0,1号线|2号线
ZZM_CN_f627bb0237e2,ZZS_1a5721a427,毛庄,0.35,line_propagated,2号线,0,normal_info,0,1号线|2号线
ZZM_CN_f627bb0237e2,ZZS_1acdaac4ce,铁炉,0.35,line_propagated,1号线,0,normal_info,0,1号线|2号线
ZZM_CN_f627bb0237e2,ZZS_20262a52f0,南五里堡,0.35,line_propagated,2号线,0,normal_info,0,1号线|2号线
ZZM_CN_f627bb0237e2,ZZS_27d32a2e36,五一公园,0.35,line_propagated,1号线,0,normal_info,0,1号线|2号线
ZZM_CN_f627bb0237e2,ZZS_2bd57be00d,关虎屯,0.35,line_propagated,2号线,0,normal_info,0,1号线|2号线
ZZM_CN_f627bb0237e2,ZZS_3813354d55,绿城广场,0.35,line_propagated,1号线,0,normal_info,0,1号线|2号线
ZZM_CN_f627bb0237e2,ZZS_38180914a0,燕庄,0.35,line_propagated,1号线,0,normal_info,0,1号线|2号线
ZZM_CN_f627bb0237e2,ZZS_43a808507b,金洼,0.35,line_propagated,2号线,0,normal_info,0,1号线|2号线
ZZM_CN_f627bb0237e2,ZZS_4d258fdd50,金达路,0.35,line_propagated,2号线,0,normal_info,0,1号线|2号线
ZZM_CN_f627bb0237e2,ZZS_51e572c7c3,东大街,0.9,exact+line,2号线|东大街,0,normal_info,0,1号线|2号线
ZZM_CN_f627bb0237e2,ZZS_52a5a7940c,兰寨,0.35,line_propagated,1号线,0,normal_info,0,1号线|2号线
ZZM_CN_f627bb0237e2,ZZS_54adf32b6c,南四环,0.35,line_propagated,2号线,0,normal_info,0,1号线|2号线
ZZM_CN_f627bb0237e2,ZZS_5d37b2006d,河南大学新区,0.35,line_propagated,1号线,0,normal_info,0,1号线|2号线
ZZM_CN_f627bb0237e2,ZZS_6b600b7696,刘庄,0.35,line_propagated,2号线,0,normal_info,0,1号线|2号线
ZZM_CN_f627bb0237e2,ZZS_6c89efbe2c,文苑北路,0.35,line_propagated,1号线,0,normal_info,0,1号线|2号线
ZZM_CN_f627bb0237e2,ZZS_72de4f5f66,惠济区政府,0.35,line_propagated,2号线,0,normal_info,0,1号线|2号线
ZZM_CN_f627bb0237e2,ZZS_7dd13fd23f,黄河路,0.35,line_propagated,2号线,0,normal_info,0,1号线|2号线
ZZM_CN_f627bb0237e2,ZZS_87213b5129,会展中心,0.35,line_propagated,1号线,0,normal_info,0,1号线|2号线
ZZM_CN_f627bb0237e2,ZZS_881a48e5bb,西三环,0.35,line_propagated,1号线,0,normal_info,0,1号线|2号线
ZZM_CN_f627bb0237e2,ZZS_89f2ce9b1d,秦岭路,0.35,line_propagated,1号线,0,normal_info,0,1号线|2号线
ZZM_CN_f627bb0237e2,ZZS_90196f31d6,郑州火车站,0.35,line_propagated,1号线,0,normal_info,0,1号线|2号线
ZZM_CN_f627bb0237e2,ZZS_90c4ce1eb7,沙门,0.35,line_propagated,2号线,0,normal_info,0,1号线|2号线
ZZM_CN_f627bb0237e2,ZZS_93b9249040,二里岗,0.35,line_propagated,2号线,0,normal_info,0,1号线|2号线
ZZM_CN_f627bb0237e2,ZZS_9660c27c11,站马屯,0.35,line_propagated,2号线,0,normal_info,0,1号线|2号线
ZZM_CN_f627bb0237e2,ZZS_9f383e1427,花寨,0.35,line_propagated,2号线,0,normal_info,0,1号线|2号线
ZZM_CN_f627bb0237e2,ZZS_a14df2d44f,紫荆山,0.35,line_propagated,1号线|2号线,0,normal_info,0,1号线|2号线
ZZM_CN_f627bb0237e2,ZZS_a7b91da4c7,陇海东路,0.35,line_propagated,2号线,0,normal_info,0,1号线|2号线
ZZM_CN_f627bb0237e2,ZZS_abc078ccd5,黄河迎宾馆,0.35,line_propagated,2号线,0,normal_info,0,1号线|2号线
ZZM_CN_f627bb0237e2,ZZS_ae1b2afcad,梧桐街,0.35,line_propagated,1号线,0,normal_info,0,1号线|2号线
ZZM_CN_f627bb0237e2,ZZS_aed2ee7bb7,河南工业大学,0.35,line_propagated,1号线,0,normal_info,0,1号线|2号线
ZZM_CN_f627bb0237e2,ZZS_b0ac143899,龙子湖,0.35,line_propagated,1号线,0,normal_info,0,1号线|2号线
ZZM_CN_f627bb0237e2,ZZS_b37a0bcf35,郑大科技园,0.35,line_propagated,1号线,0,normal_info,0,1号线|2号线
ZZM_CN_f627bb0237e2,ZZS_b8d795b006,黄河南路,0.35,line_propagated,1号线,0,normal_info,0,1号线|2号线
ZZM_CN_f627bb0237e2,ZZS_bb3c17098a,人民路,0.35,line_propagated,1号线,0,normal_info,0,1号线|2号线
ZZM_CN_f627bb0237e2,ZZS_bdc2a71da9,柳林,0.35,line_propagated,2号线,0,normal_info,0,1号线|2号线
ZZM_CN_f627bb0237e2,ZZS_bf7f2bfbd0,博学路,0.35,line_propagated,1号线,0,normal_info,0,1号线|2号线
ZZM_CN_f627bb0237e2,ZZS_c180efc575,贾河,0.35,line_propagated,2号线,0,normal_info,0,1号线|2号线
ZZM_CN_f627bb0237e2,ZZS_c9109d3d9f,医学院,0.35,line_propagated,1号线,0,normal_info,0,1号线|2号线
ZZM_CN_f627bb0237e2,ZZS_cc61daaced,市体育中心,0.35,line_propagated,1号线,0,normal_info,0,1号线|2号线
ZZM_CN_f627bb0237e2,ZZS_d61a964e41,市民中心,0.35,line_propagated,1号线,0,normal_info,0,1号线|2号线
ZZM_CN_f627bb0237e2,ZZS_e4b35b2f4d,郑州大学,0.35,line_propagated,1号线,0,normal_info,0,1号线|2号线
ZZM_CN_f627bb0237e2,ZZS_e67ffc082e,西流湖,0.35,line_propagated,1号线,0,normal_info,0,1号线|2号线
ZZM_CN_f627bb0237e2,ZZS_ff256e6634,北三环,0.35,line_propagated,2号线,0,normal_info,0,1号线|2号线
ZZM_CN_f627bb0237e2,ZZS_ff2a277828,民航路,0.9,exact+line,1号线|民航路,0,normal_info,0,1号线|2号线
ZZM_CN_f627bb0237e2,ZZS_ff491e6fdf,东风路,0.35,line_propagated,2号线,0,normal_info,0,1号线|2号线
ZZM_CN_f627bb0237e2,ZZS_ff6940526d,郑州东站,0.35,line_propagated,1号线,0,normal_info,0,1号线|2号线
ZZM_CN_f62ccdce3b57,ZZS_00f55fa149,碧沙岗,0.35,line_propagated,1号线,0,normal_info,0,1号线
ZZM_CN_f62ccdce3b57,ZZS_065e638aef,东风南路,0.35,line_propagated,1号线,0,normal_info,0,1号线
ZZM_CN_f62ccdce3b57,ZZS_0660d199a6,农业南路,0.35,line_propagated,1号线,0,normal_info,0,1号线
ZZM_CN_f62ccdce3b57,ZZS_0ccbb4888d,二七广场,0.35,line_propagated,1号线,0,normal_info,0,1号线
ZZM_CN_f62ccdce3b57,ZZS_1acdaac4ce,铁炉,0.35,line_propagated,1号线,0,normal_info,0,1号线
ZZM_CN_f62ccdce3b57,ZZS_27d32a2e36,五一公园,0.35,line_propagated,1号线,0,normal_info,0,1号线
ZZM_CN_f62ccdce3b57,ZZS_3813354d55,绿城广场,0.35,line_propagated,1号线,0,normal_info,0,1号线
ZZM_CN_f62ccdce3b57,ZZS_38180914a0,燕庄,0.35,line_propagated,1号线,0,normal_info,0,1号线
ZZM_CN_f62ccdce3b57,ZZS_52a5a7940c,兰寨,0.35,line_propagated,1号线,0,normal_info,0,1号线
ZZM_CN_f62ccdce3b57,ZZS_5d37b2006d,河南大学新区,0.35,line_propagated,1号线,0,normal_info,0,1号线
ZZM_CN_f62ccdce3b57,ZZS_6c89efbe2c,文苑北路,0.35,line_propagated,1号线,0,normal_info,0,1号线
ZZM_CN_f62ccdce3b57,ZZS_87213b5129,会展中心,0.35,line_propagated,1号线,0,normal_info,0,1号线
ZZM_CN_f62ccdce3b57,ZZS_881a48e5bb,西三环,0.35,line_propagated,1号线,0,normal_info,0,1号线
ZZM_CN_f62ccdce3b57,ZZS_89f2ce9b1d,秦岭路,0.35,line_propagated,1号线,0,normal_info,0,1号线
ZZM_CN_f62ccdce3b57,ZZS_90196f31d6,郑州火车站,0.35,line_propagated,1号线,0,normal_info,0,1号线
ZZM_CN_f62ccdce3b57,ZZS_a14df2d44f,紫荆山,0.35,line_propagated,1号线,0,normal_info,0,1号线
ZZM_CN_f62ccdce3b57,ZZS_ae1b2afcad,梧桐街,0.35,line_propagated,1号线,0,normal_info,0,1号线
ZZM_CN_f62ccdce3b57,ZZS_aed2ee7bb7,河南工业大学,0.35,line_propagated,1号线,0,normal_info,0,1号线
ZZM_CN_f62ccdce3b57,ZZS_b0ac143899,龙子湖,0.35,line_propagated,1号线,0,normal_info,0,1号线
ZZM_CN_f62ccdce3b57,ZZS_b37a0bcf35,郑大科技园,0.35,line_propagated,1号线,0,normal_info,0,1号线
ZZM_CN_f62ccdce3b57,ZZS_b8d795b006,黄河南路,0.35,line_propagated,1号线,0,normal_info,0,1号线
ZZM_CN_f62ccdce3b57,ZZS_bb3c17098a,人民路,0.35,line_propagated,1号线,0,normal_info,0,1号线
ZZM_CN_f62ccdce3b57,ZZS_bf7f2bfbd0,博学路,0.35,line_propagated,1号线,0,normal_info,0,1号线
ZZM_CN_f62ccdce3b57,ZZS_c9109d3d9f,医学院,0.35,line_propagated,1号线,0,normal_info,0,1号线
ZZM_CN_f62ccdce3b57,ZZS_cc61daaced,市体育中心,0.35,line_propagated,1号线,0,normal_info,0,1号线
ZZM_CN_f62ccdce3b57,ZZS_d61a964e41,市民中心,0.35,line_propagated,1号线,0,normal_info,0,1号线
ZZM_CN_f62ccdce3b57,ZZS_e4b35b2f4d,郑州大学,0.35,line_propagated,1号线,0,normal_info,0,1号线
ZZM_CN_f62ccdce3b57,ZZS_e67ffc082e,西流湖,0.35,line_propagated,1号线,0,normal_info,0,1号线
ZZM_CN_f62ccdce3b57,ZZS_ff2a277828,民航路,0.35,line_propagated,1号线,0,normal_info,0,1号线
ZZM_CN_f62ccdce3b57,ZZS_ff6940526d,郑州东站,0.35,line_propagated,1号线,0,normal_info,0,1号线
ZZM_CN_f691e4fb92eb,ZZS_00f55fa149,碧沙岗,0.35,line_propagated,1号线,0,normal_info,0,1号线
ZZM_CN_f691e4fb92eb,ZZS_065e638aef,东风南路,0.35,line_propagated,1号线,0,normal_info,0,1号线
ZZM_CN_f691e4fb92eb,ZZS_0660d199a6,农业南路,0.35,line_propagated,1号线,0,normal_info,0,1号线
ZZM_CN_f691e4fb92eb,ZZS_0ccbb4888d,二七广场,0.35,line_propagated,1号线,0,normal_info,0,1号线
ZZM_CN_f691e4fb92eb,ZZS_1acdaac4ce,铁炉,0.35,line_propagated,1号线,0,normal_info,0,1号线
ZZM_CN_f691e4fb92eb,ZZS_27d32a2e36,五一公园,0.35,line_propagated,1号线,0,normal_info,0,1号线
ZZM_CN_f691e4fb92eb,ZZS_3813354d55,绿城广场,0.35,line_propagated,1号线,0,normal_info,0,1号线
ZZM_CN_f691e4fb92eb,ZZS_38180914a0,燕庄,0.35,line_propagated,1号线,0,normal_info,0,1号线
ZZM_CN_f691e4fb92eb,ZZS_52a5a7940c,兰寨,0.35,line_propagated,1号线,0,normal_info,0,1号线
ZZM_CN_f691e4fb92eb,ZZS_5d37b2006d,河南大学新区,0.35,line_propagated,1号线,0,normal_info,0,1号线
ZZM_CN_f691e4fb92eb,ZZS_6c89efbe2c,文苑北路,0.35,line_propagated,1号线,0,normal_info,0,1号线
ZZM_CN_f691e4fb92eb,ZZS_87213b5129,会展中心,0.35,line_propagated,1号线,0,normal_info,0,1号线
ZZM_CN_f691e4fb92eb,ZZS_881a48e5bb,西三环,0.35,line_propagated,1号线,0,normal_info,0,1号线
ZZM_CN_f691e4fb92eb,ZZS_89f2ce9b1d,秦岭路,0.35,line_propagated,1号线,0,normal_info,0,1号线
ZZM_CN_f691e4fb92eb,ZZS_90196f31d6,郑州火车站,0.35,line_propagated,1号线,0,normal_info,0,1号线
ZZM_CN_f691e4fb92eb,ZZS_a14df2d44f,紫荆山,0.35,line_propagated,1号线,0,normal_info,0,1号线
ZZM_CN_f691e4fb92eb,ZZS_ae1b2afcad,梧桐街,0.35,line_propagated,1号线,0,normal_info,0,1号线
ZZM_CN_f691e4fb92eb,ZZS_aed2ee7bb7,河南工业大学,0.35,line_propagated,1号线,0,normal_info,0,1号线
ZZM_CN_f691e4fb92eb,ZZS_b0ac143899,龙子湖,0.35,line_propagated,1号线,0,normal_info,0,1号线
ZZM_CN_f691e4fb92eb,ZZS_b37a0bcf35,郑大科技园,0.35,line_propagated,1号线,0,normal_info,0,1号线
ZZM_CN_f691e4fb92eb,ZZS_b8d795b006,黄河南路,0.35,line_propagated,1号线,0,normal_info,0,1号线
ZZM_CN_f691e4fb92eb,ZZS_bb3c17098a,人民路,0.35,line_propagated,1号线,0,normal_info,0,1号线
ZZM_CN_f691e4fb92eb,ZZS_bf7f2bfbd0,博学路,0.35,line_propagated,1号线,0,normal_info,0,1号线
ZZM_CN_f691e4fb92eb,ZZS_c9109d3d9f,医学院,0.35,line_propagated,1号线,0,normal_info,0,1号线
ZZM_CN_f691e4fb92eb,ZZS_cc61daaced,市体育中心,0.35,line_propagated,1号线,0,normal_info,0,1号线
ZZM_CN_f691e4fb92eb,ZZS_d61a964e41,市民中心,0.35,line_propagated,1号线,0,normal_info,0,1号线
ZZM_CN_f691e4fb92eb,ZZS_e4b35b2f4d,郑州大学,0.35,line_propagated,1号线,0,normal_info,0,1号线
ZZM_CN_f691e4fb92eb,ZZS_e67ffc082e,西流湖,0.35,line_propagated,1号线,0,normal_info,0,1号线
ZZM_CN_f691e4fb92eb,ZZS_ff2a277828,民航路,0.35,line_propagated,1号线,0,normal_info,0,1号线
ZZM_CN_f691e4fb92eb,ZZS_ff6940526d,郑州东站,0.35,line_propagated,1号线,0,normal_info,0,1号线
ZZM_CN_f80c9e11d8a4,ZZS_02cf3e4cf5,南三环,0.35,line_propagated,2号线,0,normal_info,0,2号线
ZZM_CN_f80c9e11d8a4,ZZS_1a5721a427,毛庄,0.35,line_propagated,2号线,0,normal_info,0,2号线
ZZM_CN_f80c9e11d8a4,ZZS_20262a52f0,南五里堡,0.35,line_propagated,2号线,0,normal_info,0,2号线
ZZM_CN_f80c9e11d8a4,ZZS_2bd57be00d,关虎屯,0.35,line_propagated,2号线,0,normal_info,0,2号线
ZZM_CN_f80c9e11d8a4,ZZS_43a808507b,金洼,0.35,line_propagated,2号线,0,normal_info,0,2号线
ZZM_CN_f80c9e11d8a4,ZZS_4d258fdd50,金达路,0.35,line_propagated,2号线,0,normal_info,0,2号线
ZZM_CN_f80c9e11d8a4,ZZS_51e572c7c3,东大街,0.35,line_propagated,2号线,0,normal_info,0,2号线
ZZM_CN_f80c9e11d8a4,ZZS_54adf32b6c,南四环,0.35,line_propagated,2号线,0,normal_info,0,2号线
ZZM_CN_f80c9e11d8a4,ZZS_6b600b7696,刘庄,0.35,line_propagated,2号线,0,normal_info,0,2号线
ZZM_CN_f80c9e11d8a4,ZZS_72de4f5f66,惠济区政府,0.35,line_propagated,2号线,0,normal_info,0,2号线
ZZM_CN_f80c9e11d8a4,ZZS_7dd13fd23f,黄河路,0.35,line_propagated,2号线,0,normal_info,0,2号线
ZZM_CN_f80c9e11d8a4,ZZS_90c4ce1eb7,沙门,0.35,line_propagated,2号线,0,normal_info,0,2号线
ZZM_CN_f80c9e11d8a4,ZZS_93b9249040,二里岗,0.35,line_propagated,2号线,0,normal_info,0,2号线
ZZM_CN_f80c9e11d8a4,ZZS_9660c27c11,站马屯,0.35,line_propagated,2号线,0,normal_info,0,2号线
ZZM_CN_f80c9e11d8a4,ZZS_9f383e1427,花寨,0.35,line_propagated,2号线,0,normal_info,0,2号线
ZZM_CN_f80c9e11d8a4,ZZS_a14df2d44f,紫荆山,0.35,line_propagated,2号线,0,normal_info,0,2号线
ZZM_CN_f80c9e11d8a4,ZZS_a7b91da4c7,陇海东路,0.35,line_propagated,2号线,0,normal_info,0,2号线
ZZM_CN_f80c9e11d8a4,ZZS_abc078ccd5,黄河迎宾馆,0.35,line_propagated,2号线,0,normal_info,0,2号线
ZZM_CN_f80c9e11d8a4,ZZS_bdc2a71da9,柳林,0.35,line_propagated,2号线,0,normal_info,0,2号线
ZZM_CN_f80c9e11d8a4,ZZS_c180efc575,贾河,0.35,line_propagated,2号线,0,normal_info,0,2号线
ZZM_CN_f80c9e11d8a4,ZZS_ff256e6634,北三环,0.35,line_propagated,2号线,0,normal_info,0,2号线
ZZM_CN_f80c9e11d8a4,ZZS_ff491e6fdf,东风路,0.35,line_propagated,2号线,0,normal_info,0,2号线
ZZM_CN_f862cf4bd671,ZZS_90196f31d6,郑州火车站,0.9,exact,郑州火车站,0,normal_info,0,
ZZM_CN_f87d17995dff,ZZS_00f55fa149,碧沙岗,0.35,line_propagated,1号线,3,facility_equipment,0,1号线
ZZM_CN_f87d17995dff,ZZS_065e638aef,东风南路,0.35,line_propagated,1号线,3,facility_equipment,0,1号线
ZZM_CN_f87d17995dff,ZZS_0660d199a6,农业南路,0.35,line_propagated,1号线,3,facility_equipment,0,1号线
ZZM_CN_f87d17995dff,ZZS_0ccbb4888d,二七广场,0.35,line_propagated,1号线,3,facility_equipment,0,1号线
ZZM_CN_f87d17995dff,ZZS_1acdaac4ce,铁炉,0.35,line_propagated,1号线,3,facility_equipment,0,1号线
ZZM_CN_f87d17995dff,ZZS_27d32a2e36,五一公园,0.35,line_propagated,1号线,3,facility_equipment,0,1号线
ZZM_CN_f87d17995dff,ZZS_3813354d55,绿城广场,0.35,line_propagated,1号线,3,facility_equipment,0,1号线
ZZM_CN_f87d17995dff,ZZS_38180914a0,燕庄,0.35,line_propagated,1号线,3,facility_equipment,0,1号线
ZZM_CN_f87d17995dff,ZZS_52a5a7940c,兰寨,0.35,line_propagated,1号线,3,facility_equipment,0,1号线
ZZM_CN_f87d17995dff,ZZS_5d37b2006d,河南大学新区,0.35,line_propagated,1号线,3,facility_equipment,0,1号线
ZZM_CN_f87d17995dff,ZZS_6c89efbe2c,文苑北路,0.35,line_propagated,1号线,3,facility_equipment,0,1号线
ZZM_CN_f87d17995dff,ZZS_87213b5129,会展中心,0.35,line_propagated,1号线,3,facility_equipment,0,1号线
ZZM_CN_f87d17995dff,ZZS_881a48e5bb,西三环,0.35,line_propagated,1号线,3,facility_equipment,0,1号线
ZZM_CN_f87d17995dff,ZZS_89f2ce9b1d,秦岭路,0.35,line_propagated,1号线,3,facility_equipment,0,1号线
ZZM_CN_f87d17995dff,ZZS_90196f31d6,郑州火车站,0.35,line_propagated,1号线,3,facility_equipment,0,1号线
ZZM_CN_f87d17995dff,ZZS_a14df2d44f,紫荆山,0.35,line_propagated,1号线,3,facility_equipment,0,1号线
ZZM_CN_f87d17995dff,ZZS_ae1b2afcad,梧桐街,0.35,line_propagated,1号线,3,facility_equipment,0,1号线
ZZM_CN_f87d17995dff,ZZS_aed2ee7bb7,河南工业大学,0.35,line_propagated,1号线,3,facility_equipment,0,1号线
ZZM_CN_f87d17995dff,ZZS_b0ac143899,龙子湖,0.35,line_propagated,1号线,3,facility_equipment,0,1号线
ZZM_CN_f87d17995dff,ZZS_b37a0bcf35,郑大科技园,0.35,line_propagated,1号线,3,facility_equipment,0,1号线
ZZM_CN_f87d17995dff,ZZS_b8d795b006,黄河南路,0.35,line_propagated,1号线,3,facility_equipment,0,1号线
ZZM_CN_f87d17995dff,ZZS_bb3c17098a,人民路,0.35,line_propagated,1号线,3,facility_equipment,0,1号线
ZZM_CN_f87d17995dff,ZZS_bf7f2bfbd0,博学路,0.35,line_propagated,1号线,3,facility_equipment,0,1号线
ZZM_CN_f87d17995dff,ZZS_c9109d3d9f,医学院,0.35,line_propagated,1号线,3,facility_equipment,0,1号线
ZZM_CN_f87d17995dff,ZZS_cc61daaced,市体育中心,0.35,line_propagated,1号线,3,facility_equipment,0,1号线
ZZM_CN_f87d17995dff,ZZS_d61a964e41,市民中心,0.35,line_propagated,1号线,3,facility_equipment,0,1号线
ZZM_CN_f87d17995dff,ZZS_e4b35b2f4d,郑州大学,0.35,line_propagated,1号线,3,facility_equipment,0,1号线
ZZM_CN_f87d17995dff,ZZS_e67ffc082e,西流湖,0.35,line_propagated,1号线,3,facility_equipment,0,1号线
ZZM_CN_f87d17995dff,ZZS_ff2a277828,民航路,0.35,line_propagated,1号线,3,facility_equipment,0,1号线
ZZM_CN_f87d17995dff,ZZS_ff6940526d,郑州东站,0.35,line_propagated,1号线,3,facility_equipment,0,1号线
ZZM_CN_f91f1b367a34,ZZS_001bf66fc1,陇海西路,0.35,line_propagated,5号线,0,normal_info,3,2号线|5号线
ZZM_CN_f91f1b367a34,ZZS_02cf3e4cf5,南三环,0.35,line_propagated,2号线,0,normal_info,3,2号线|5号线
ZZM_CN_f91f1b367a34,ZZS_1236ed80e3,中央商务区,0.35,line_propagated,5号线,0,normal_info,3,2号线|5号线
ZZM_CN_f91f1b367a34,ZZS_1246e07d02,城东南路,0.35,line_propagated,5号线,0,normal_info,3,2号线|5号线
ZZM_CN_f91f1b367a34,ZZS_136c32a256,市中心医院,0.35,line_propagated,5号线,0,normal_info,3,2号线|5号线
ZZM_CN_f91f1b367a34,ZZS_14efbdcc1b,福塔东,0.35,line_propagated,5号线,0,normal_info,3,2号线|5号线
ZZM_CN_f91f1b367a34,ZZS_190cc56901,金水东路,0.35,line_propagated,5号线,0,normal_info,3,2号线|5号线
ZZM_CN_f91f1b367a34,ZZS_1a5721a427,毛庄,0.35,line_propagated,2号线,0,normal_info,3,2号线|5号线
ZZM_CN_f91f1b367a34,ZZS_20262a52f0,南五里堡,0.35,line_propagated,2号线|5号线,0,normal_info,3,2号线|5号线
ZZM_CN_f91f1b367a34,ZZS_20dcf363fc,康宁街,0.35,line_propagated,5号线,0,normal_info,3,2号线|5号线
ZZM_CN_f91f1b367a34,ZZS_27d32a2e36,五一公园,0.35,line_propagated,5号线,0,normal_info,3,2号线|5号线
ZZM_CN_f91f1b367a34,ZZS_2bd57be00d,关虎屯,0.35,line_propagated,2号线,0,normal_info,3,2号线|5号线
ZZM_CN_f91f1b367a34,ZZS_2db8e2eabe,经北二路,0.35,line_propagated,5号线,0,normal_info,3,2号线|5号线
ZZM_CN_f91f1b367a34,ZZS_31a002aa03,海滩寺,0.35,line_propagated,5号线,0,normal_info,3,2号线|5号线
ZZM_CN_f91f1b367a34,ZZS_386438745b,祭城,0.35,line_propagated,5号线,0,normal_info,3,2号线|5号线
ZZM_CN_f91f1b367a34,ZZS_3ada9c57dc,众意西路,0.35,line_propagated,5号线,0,normal_info,3,2号线|5号线
ZZM_CN_f91f1b367a34,ZZS_43a808507b,金洼,0.35,line_propagated,2号线,0,normal_info,3,2号线|5号线
ZZM_CN_f91f1b367a34,ZZS_45679e4fc0,七里河,0.35,line_propagated,5号线,0,normal_info,3,2号线|5号线
ZZM_CN_f91f1b367a34,ZZS_4d258fdd50,金达路,0.35,line_propagated,2号线,0,normal_info,3,2号线|5号线
ZZM_CN_f91f1b367a34,ZZS_4dd2360957,京广南路,0.35,line_propagated,5号线,0,normal_info,3,2号线|5号线
ZZM_CN_f91f1b367a34,ZZS_51e572c7c3,东大街,0.35,line_propagated,2号线,0,normal_info,3,2号线|5号线
ZZM_CN_f91f1b367a34,ZZS_54adf32b6c,南四环,0.35,line_propagated,2号线,0,normal_info,3,2号线|5号线
ZZM_CN_f91f1b367a34,ZZS_5b6c4f8186,郑州人民医院,0.35,line_propagated,5号线,0,normal_info,3,2号线|5号线
ZZM_CN_f91f1b367a34,ZZS_5babce6145,中原福塔,0.35,line_propagated,5号线,0,normal_info,3,2号线|5号线
ZZM_CN_f91f1b367a34,ZZS_5dc87121c2,市第二人民医院,0.35,line_propagated,5号线,0,normal_info,3,2号线|5号线
ZZM_CN_f91f1b367a34,ZZS_6b600b7696,刘庄,0.35,line_propagated,2号线,0,normal_info,3,2号线|5号线
ZZM_CN_f91f1b367a34,ZZS_72de4f5f66,惠济区政府,0.35,line_propagated,2号线,0,normal_info,3,2号线|5号线
ZZM_CN_f91f1b367a34,ZZS_7dd13fd23f,黄河路,0.35,line_propagated,2号线|5号线,0,normal_info,3,2号线|5号线
ZZM_CN_f91f1b367a34,ZZS_90c4ce1eb7,沙门,0.35,line_propagated,2号线,0,normal_info,3,2号线|5号线
ZZM_CN_f91f1b367a34,ZZS_93b9249040,二里岗,0.35,line_propagated,2号线,0,normal_info,3,2号线|5号线
ZZM_CN_f91f1b367a34,ZZS_9660c27c11,站马屯,0.35,line_propagated,2号线,0,normal_info,3,2号线|5号线
ZZM_CN_f91f1b367a34,ZZS_9a26907088,齐礼阎,0.35,line_propagated,5号线,0,normal_info,3,2号线|5号线
ZZM_CN_f91f1b367a34,ZZS_9d8185e03c,省人民医院,0.35,line_propagated,5号线,0,normal_info,3,2号线|5号线
ZZM_CN_f91f1b367a34,ZZS_9f383e1427,花寨,0.35,line_propagated,2号线,0,normal_info,3,2号线|5号线
ZZM_CN_f91f1b367a34,ZZS_a14df2d44f,紫荆山,0.35,line_propagated,2号线,0,normal_info,3,2号线|5号线
ZZM_CN_f91f1b367a34,ZZS_a3cc0229f4,省骨科医院,0.35,line_propagated,5号线,0,normal_info,3,2号线|5号线
ZZM_CN_f91f1b367a34,ZZS_a7b91da4c7,陇海东路,0.35,line_propagated,2号线,0,normal_info,3,2号线|5号线
ZZM_CN_f91f1b367a34,ZZS_abc078ccd5,黄河迎宾馆,0.35,line_propagated,2号线,0,normal_info,3,2号线|5号线
ZZM_CN_f91f1b367a34,ZZS_ae7cc361da,月季公园,0.35,line_propagated,5号线,0,normal_info,3,2号线|5号线
ZZM_CN_f91f1b367a34,ZZS_bd17c52fa6,儿童医院,0.35,line_propagated,5号线,0,normal_info,3,2号线|5号线
ZZM_CN_f91f1b367a34,ZZS_bdc2a71da9,柳林,0.35,line_propagated,2号线,0,normal_info,3,2号线|5号线
ZZM_CN_f91f1b367a34,ZZS_c180efc575,贾河,0.35,line_propagated,2号线,0,normal_info,3,2号线|5号线
ZZM_CN_f91f1b367a34,ZZS_c720567666,桐淮,0.35,line_propagated,5号线,0,normal_info,3,2号线|5号线
ZZM_CN_f91f1b367a34,ZZS_c94675c30b,后河芦,0.35,line_propagated,5号线,0,normal_info,3,2号线|5号线
ZZM_CN_f91f1b367a34,ZZS_c995bf7092,经开中心广场,0.35,line_propagated,5号线,0,normal_info,3,2号线|5号线
ZZM_CN_f91f1b367a34,ZZS_cb2e15cfa0,姚砦,0.35,line_propagated,5号线,0,normal_info,3,2号线|5号线
ZZM_CN_f91f1b367a34,ZZS_deb2edc4a2,沙口路,0.35,line_propagated,5号线,0,normal_info,3,2号线|5号线
ZZM_CN_f91f1b367a34,ZZS_f095e9678f,航海广场,0.35,line_propagated,5号线,0,normal_info,3,2号线|5号线
ZZM_CN_f91f1b367a34,ZZS_f97030e2b9,冯庄,0.35,line_propagated,5号线,0,normal_info,3,2号线|5号线
ZZM_CN_f91f1b367a34,ZZS_ff256e6634,北三环,0.35,line_propagated,2号线,0,normal_info,3,2号线|5号线
ZZM_CN_f91f1b367a34,ZZS_ff491e6fdf,东风路,0.35,line_propagated,2号线,0,normal_info,3,2号线|5号线
ZZM_CN_f91f1b367a34,ZZS_ff6940526d,郑州东站,0.35,line_propagated,5号线,0,normal_info,3,2号线|5号线
ZZM_CN_fa257d2141b9,ZZS_001bf66fc1,陇海西路,0.35,line_propagated,5号线,0,normal_info,0,5号线
ZZM_CN_fa257d2141b9,ZZS_1236ed80e3,中央商务区,0.35,line_propagated,5号线,0,normal_info,0,5号线
ZZM_CN_fa257d2141b9,ZZS_1246e07d02,城东南路,0.35,line_propagated,5号线,0,normal_info,0,5号线
ZZM_CN_fa257d2141b9,ZZS_136c32a256,市中心医院,0.35,line_propagated,5号线,0,normal_info,0,5号线
ZZM_CN_fa257d2141b9,ZZS_14efbdcc1b,福塔东,0.35,line_propagated,5号线,0,normal_info,0,5号线
ZZM_CN_fa257d2141b9,ZZS_190cc56901,金水东路,0.35,line_propagated,5号线,0,normal_info,0,5号线
ZZM_CN_fa257d2141b9,ZZS_20262a52f0,南五里堡,0.35,line_propagated,5号线,0,normal_info,0,5号线
ZZM_CN_fa257d2141b9,ZZS_20dcf363fc,康宁街,0.35,line_propagated,5号线,0,normal_info,0,5号线
ZZM_CN_fa257d2141b9,ZZS_27d32a2e36,五一公园,0.35,line_propagated,5号线,0,normal_info,0,5号线
ZZM_CN_fa257d2141b9,ZZS_2db8e2eabe,经北二路,0.35,line_propagated,5号线,0,normal_info,0,5号线
ZZM_CN_fa257d2141b9,ZZS_31a002aa03,海滩寺,0.35,line_propagated,5号线,0,normal_info,0,5号线
ZZM_CN_fa257d2141b9,ZZS_386438745b,祭城,0.35,line_propagated,5号线,0,normal_info,0,5号线
ZZM_CN_fa257d2141b9,ZZS_3ada9c57dc,众意西路,0.35,line_propagated,5号线,0,normal_info,0,5号线
ZZM_CN_fa257d2141b9,ZZS_45679e4fc0,七里河,0.35,line_propagated,5号线,0,normal_info,0,5号线
ZZM_CN_fa257d2141b9,ZZS_4dd2360957,京广南路,0.35,line_propagated,5号线,0,normal_info,0,5号线
ZZM_CN_fa257d2141b9,ZZS_5b6c4f8186,郑州人民医院,0.35,line_propagated,5号线,0,normal_info,0,5号线
ZZM_CN_fa257d2141b9,ZZS_5babce6145,中原福塔,0.35,line_propagated,5号线,0,normal_info,0,5号线
ZZM_CN_fa257d2141b9,ZZS_5dc87121c2,市第二人民医院,0.35,line_propagated,5号线,0,normal_info,0,5号线
ZZM_CN_fa257d2141b9,ZZS_7dd13fd23f,黄河路,0.35,line_propagated,5号线,0,normal_info,0,5号线
ZZM_CN_fa257d2141b9,ZZS_9a26907088,齐礼阎,0.35,line_propagated,5号线,0,normal_info,0,5号线
ZZM_CN_fa257d2141b9,ZZS_9d8185e03c,省人民医院,0.35,line_propagated,5号线,0,normal_info,0,5号线
ZZM_CN_fa257d2141b9,ZZS_a3cc0229f4,省骨科医院,0.35,line_propagated,5号线,0,normal_info,0,5号线
ZZM_CN_fa257d2141b9,ZZS_ae7cc361da,月季公园,0.35,line_propagated,5号线,0,normal_info,0,5号线
ZZM_CN_fa257d2141b9,ZZS_bd17c52fa6,儿童医院,0.35,line_propagated,5号线,0,normal_info,0,5号线
ZZM_CN_fa257d2141b9,ZZS_c720567666,桐淮,0.35,line_propagated,5号线,0,normal_info,0,5号线
ZZM_CN_fa257d2141b9,ZZS_c94675c30b,后河芦,0.35,line_propagated,5号线,0,normal_info,0,5号线
ZZM_CN_fa257d2141b9,ZZS_c995bf7092,经开中心广场,0.35,line_propagated,5号线,0,normal_info,0,5号线
ZZM_CN_fa257d2141b9,ZZS_cb2e15cfa0,姚砦,0.35,line_propagated,5号线,0,normal_info,0,5号线
ZZM_CN_fa257d2141b9,ZZS_deb2edc4a2,沙口路,0.35,line_propagated,5号线,0,normal_info,0,5号线
ZZM_CN_fa257d2141b9,ZZS_f095e9678f,航海广场,0.35,line_propagated,5号线,0,normal_info,0,5号线
ZZM_CN_fa257d2141b9,ZZS_f97030e2b9,冯庄,0.35,line_propagated,5号线,0,normal_info,0,5号线
ZZM_CN_fa257d2141b9,ZZS_ff6940526d,郑州东站,0.35,line_propagated,5号线,0,normal_info,0,5号线
ZZM_CN_fa722ccabf70,ZZS_00f55fa149,碧沙岗,0.35,line_propagated,1号线,0,normal_info,0,1号线
ZZM_CN_fa722ccabf70,ZZS_065e638aef,东风南路,0.35,line_propagated,1号线,0,normal_info,0,1号线
ZZM_CN_fa722ccabf70,ZZS_0660d199a6,农业南路,0.35,line_propagated,1号线,0,normal_info,0,1号线
ZZM_CN_fa722ccabf70,ZZS_0ccbb4888d,二七广场,0.35,line_propagated,1号线,0,normal_info,0,1号线
ZZM_CN_fa722ccabf70,ZZS_1acdaac4ce,铁炉,0.35,line_propagated,1号线,0,normal_info,0,1号线
ZZM_CN_fa722ccabf70,ZZS_27d32a2e36,五一公园,0.35,line_propagated,1号线,0,normal_info,0,1号线
ZZM_CN_fa722ccabf70,ZZS_3813354d55,绿城广场,0.35,line_propagated,1号线,0,normal_info,0,1号线
ZZM_CN_fa722ccabf70,ZZS_38180914a0,燕庄,0.35,line_propagated,1号线,0,normal_info,0,1号线
ZZM_CN_fa722ccabf70,ZZS_52a5a7940c,兰寨,0.35,line_propagated,1号线,0,normal_info,0,1号线
ZZM_CN_fa722ccabf70,ZZS_5d37b2006d,河南大学新区,0.35,line_propagated,1号线,0,normal_info,0,1号线
ZZM_CN_fa722ccabf70,ZZS_6c89efbe2c,文苑北路,0.35,line_propagated,1号线,0,normal_info,0,1号线
ZZM_CN_fa722ccabf70,ZZS_87213b5129,会展中心,0.35,line_propagated,1号线,0,normal_info,0,1号线
ZZM_CN_fa722ccabf70,ZZS_881a48e5bb,西三环,0.35,line_propagated,1号线,0,normal_info,0,1号线
ZZM_CN_fa722ccabf70,ZZS_89f2ce9b1d,秦岭路,0.35,line_propagated,1号线,0,normal_info,0,1号线
ZZM_CN_fa722ccabf70,ZZS_90196f31d6,郑州火车站,0.35,line_propagated,1号线,0,normal_info,0,1号线
ZZM_CN_fa722ccabf70,ZZS_a14df2d44f,紫荆山,0.35,line_propagated,1号线,0,normal_info,0,1号线
ZZM_CN_fa722ccabf70,ZZS_ae1b2afcad,梧桐街,0.35,line_propagated,1号线,0,normal_info,0,1号线
ZZM_CN_fa722ccabf70,ZZS_aed2ee7bb7,河南工业大学,0.35,line_propagated,1号线,0,normal_info,0,1号线
ZZM_CN_fa722ccabf70,ZZS_b0ac143899,龙子湖,0.35,line_propagated,1号线,0,normal_info,0,1号线
ZZM_CN_fa722ccabf70,ZZS_b37a0bcf35,郑大科技园,0.35,line_propagated,1号线,0,normal_info,0,1号线
ZZM_CN_fa722ccabf70,ZZS_b8d795b006,黄河南路,0.35,line_propagated,1号线,0,normal_info,0,1号线
ZZM_CN_fa722ccabf70,ZZS_bb3c17098a,人民路,0.35,line_propagated,1号线,0,normal_info,0,1号线
ZZM_CN_fa722ccabf70,ZZS_bf7f2bfbd0,博学路,0.35,line_propagated,1号线,0,normal_info,0,1号线
ZZM_CN_fa722ccabf70,ZZS_c9109d3d9f,医学院,0.35,line_propagated,1号线,0,normal_info,0,1号线
ZZM_CN_fa722ccabf70,ZZS_cc61daaced,市体育中心,0.35,line_propagated,1号线,0,normal_info,0,1号线
ZZM_CN_fa722ccabf70,ZZS_d61a964e41,市民中心,0.35,line_propagated,1号线,0,normal_info,0,1号线
ZZM_CN_fa722ccabf70,ZZS_e4b35b2f4d,郑州大学,0.35,line_propagated,1号线,0,normal_info,0,1号线
ZZM_CN_fa722ccabf70,ZZS_e67ffc082e,西流湖,0.35,line_propagated,1号线,0,normal_info,0,1号线
ZZM_CN_fa722ccabf70,ZZS_ff2a277828,民航路,0.35,line_propagated,1号线,0,normal_info,0,1号线
ZZM_CN_fa722ccabf70,ZZS_ff6940526d,郑州东站,0.35,line_propagated,1号线,0,normal_info,0,1号线
ZZM_CN_faadb37e8208,ZZS_012609616a,金汇桥,0.35,line_propagated,6号线,0,normal_info,0,6号线
ZZM_CN_faadb37e8208,ZZS_1f9e3949c9,小营,0.9,exact+line,6号线|小营,0,normal_info,0,6号线
ZZM_CN_faadb37e8208,ZZS_20d2a84fd8,火车头体育场,0.35,line_propagated,6号线,0,normal_info,0,6号线
ZZM_CN_faadb37e8208,ZZS_2f6e9b8cad,贾峪,0.35,line_propagated,6号线,0,normal_info,0,6号线
ZZM_CN_faadb37e8208,ZZS_38180914a0,燕庄,0.35,line_propagated,6号线,0,normal_info,0,6号线
ZZM_CN_faadb37e8208,ZZS_388ac52a0a,大学中路,0.35,line_propagated,6号线,0,normal_info,0,6号线
ZZM_CN_faadb37e8208,ZZS_485552a0e0,马寨,0.35,line_propagated,6号线,0,normal_info,0,6号线
ZZM_CN_faadb37e8208,ZZS_50d016b586,二里岗东,0.35,line_propagated,6号线,0,normal_info,0,6号线
ZZM_CN_faadb37e8208,ZZS_5479c586b4,奥体中心,0.35,line_propagated,6号线,0,normal_info,0,6号线
ZZM_CN_faadb37e8208,ZZS_5d10963dfa,冯湾,0.35,line_propagated,6号线,0,normal_info,0,6号线
ZZM_CN_faadb37e8208,ZZS_5d76a54f7e,卧龙岗,0.35,line_propagated,6号线,0,normal_info,0,6号线
ZZM_CN_faadb37e8208,ZZS_7027bf40e7,金融岛西,0.35,line_propagated,6号线,0,normal_info,0,6号线
ZZM_CN_faadb37e8208,ZZS_77acb25c9b,洞林寺,0.35,line_propagated,6号线,0,normal_info,0,6号线
ZZM_CN_faadb37e8208,ZZS_7af1d05702,奥体中心西,0.35,line_propagated,6号线,0,normal_info,0,6号线
ZZM_CN_faadb37e8208,ZZS_920af7f7b2,陇秀公园,0.35,line_propagated,6号线,0,normal_info,0,6号线
ZZM_CN_faadb37e8208,ZZS_93b9249040,二里岗,0.35,line_propagated,6号线,0,normal_info,0,6号线
ZZM_CN_faadb37e8208,ZZS_9e03ca5f4c,常庄,0.35,line_propagated,6号线,0,normal_info,0,6号线
ZZM_CN_faadb37e8208,ZZS_ba70aa715e,博览中心,0.35,line_propagated,6号线,0,normal_info,0,6号线
ZZM_CN_faadb37e8208,ZZS_be7c73e65a,河南建院,0.35,line_propagated,6号线,0,normal_info,0,6号线
ZZM_CN_faadb37e8208,ZZS_c684a04cd3,李江沟,0.35,line_propagated,6号线,0,normal_info,0,6号线
ZZM_CN_faadb37e8208,ZZS_c720567666,桐淮,0.35,line_propagated,6号线,0,normal_info,0,6号线
ZZM_CN_faadb37e8208,ZZS_cb2e15cfa0,姚砦,0.35,line_propagated,6号线,0,normal_info,0,6号线
ZZM_CN_faadb37e8208,ZZS_ccf9ac5267,清华附中,0.35,line_propagated,6号线,0,normal_info,0,6号线
ZZM_CN_faadb37e8208,ZZS_d657129917,嵩淮,0.35,line_propagated,6号线,0,normal_info,0,6号线
ZZM_CN_faadb37e8208,ZZS_e6a9c90243,安宁路,0.35,line_propagated,6号线,0,normal_info,0,6号线
ZZM_CN_faadb37e8208,ZZS_eab04601b0,洞林湖,0.35,line_propagated,6号线,0,normal_info,0,6号线
ZZM_CN_faadb37e8208,ZZS_f593248d09,金桢路,0.35,line_propagated,6号线,0,normal_info,0,6号线
ZZM_CN_faadb37e8208,ZZS_fab270f5e2,凤凰台南,0.35,line_propagated,6号线,0,normal_info,0,6号线
ZZM_CN_facbb67f8387,ZZS_00f55fa149,碧沙岗,0.35,line_propagated,1号线,0,normal_info,0,1号线|2号线
ZZM_CN_facbb67f8387,ZZS_02cf3e4cf5,南三环,0.35,line_propagated,2号线,0,normal_info,0,1号线|2号线
ZZM_CN_facbb67f8387,ZZS_065e638aef,东风南路,0.35,line_propagated,1号线,0,normal_info,0,1号线|2号线
ZZM_CN_facbb67f8387,ZZS_0660d199a6,农业南路,0.35,line_propagated,1号线,0,normal_info,0,1号线|2号线
ZZM_CN_facbb67f8387,ZZS_0ccbb4888d,二七广场,0.35,line_propagated,1号线,0,normal_info,0,1号线|2号线
ZZM_CN_facbb67f8387,ZZS_1a5721a427,毛庄,0.35,line_propagated,2号线,0,normal_info,0,1号线|2号线
ZZM_CN_facbb67f8387,ZZS_1acdaac4ce,铁炉,0.35,line_propagated,1号线,0,normal_info,0,1号线|2号线
ZZM_CN_facbb67f8387,ZZS_20262a52f0,南五里堡,0.35,line_propagated,2号线,0,normal_info,0,1号线|2号线
ZZM_CN_facbb67f8387,ZZS_27d32a2e36,五一公园,0.35,line_propagated,1号线,0,normal_info,0,1号线|2号线
ZZM_CN_facbb67f8387,ZZS_2bd57be00d,关虎屯,0.35,line_propagated,2号线,0,normal_info,0,1号线|2号线
ZZM_CN_facbb67f8387,ZZS_3813354d55,绿城广场,0.35,line_propagated,1号线,0,normal_info,0,1号线|2号线
ZZM_CN_facbb67f8387,ZZS_38180914a0,燕庄,0.35,line_propagated,1号线,0,normal_info,0,1号线|2号线
ZZM_CN_facbb67f8387,ZZS_43a808507b,金洼,0.35,line_propagated,2号线,0,normal_info,0,1号线|2号线
ZZM_CN_facbb67f8387,ZZS_4d258fdd50,金达路,0.35,line_propagated,2号线,0,normal_info,0,1号线|2号线
ZZM_CN_facbb67f8387,ZZS_51e572c7c3,东大街,0.35,line_propagated,2号线,0,normal_info,0,1号线|2号线
ZZM_CN_facbb67f8387,ZZS_52a5a7940c,兰寨,0.35,line_propagated,1号线,0,normal_info,0,1号线|2号线
ZZM_CN_facbb67f8387,ZZS_54adf32b6c,南四环,0.35,line_propagated,2号线,0,normal_info,0,1号线|2号线
ZZM_CN_facbb67f8387,ZZS_5d37b2006d,河南大学新区,0.35,line_propagated,1号线,0,normal_info,0,1号线|2号线
ZZM_CN_facbb67f8387,ZZS_6b600b7696,刘庄,0.35,line_propagated,2号线,0,normal_info,0,1号线|2号线
ZZM_CN_facbb67f8387,ZZS_6c89efbe2c,文苑北路,0.35,line_propagated,1号线,0,normal_info,0,1号线|2号线
ZZM_CN_facbb67f8387,ZZS_72de4f5f66,惠济区政府,0.35,line_propagated,2号线,0,normal_info,0,1号线|2号线
ZZM_CN_facbb67f8387,ZZS_7dd13fd23f,黄河路,0.35,line_propagated,2号线,0,normal_info,0,1号线|2号线
ZZM_CN_facbb67f8387,ZZS_87213b5129,会展中心,0.35,line_propagated,1号线,0,normal_info,0,1号线|2号线
ZZM_CN_facbb67f8387,ZZS_881a48e5bb,西三环,0.35,line_propagated,1号线,0,normal_info,0,1号线|2号线
ZZM_CN_facbb67f8387,ZZS_89f2ce9b1d,秦岭路,0.35,line_propagated,1号线,0,normal_info,0,1号线|2号线
ZZM_CN_facbb67f8387,ZZS_90196f31d6,郑州火车站,0.35,line_propagated,1号线,0,normal_info,0,1号线|2号线
ZZM_CN_facbb67f8387,ZZS_90c4ce1eb7,沙门,0.35,line_propagated,2号线,0,normal_info,0,1号线|2号线
ZZM_CN_facbb67f8387,ZZS_93b9249040,二里岗,0.35,line_propagated,2号线,0,normal_info,0,1号线|2号线
ZZM_CN_facbb67f8387,ZZS_9660c27c11,站马屯,0.35,line_propagated,2号线,0,normal_info,0,1号线|2号线
ZZM_CN_facbb67f8387,ZZS_9f383e1427,花寨,0.35,line_propagated,2号线,0,normal_info,0,1号线|2号线
ZZM_CN_facbb67f8387,ZZS_a14df2d44f,紫荆山,0.35,line_propagated,1号线|2号线,0,normal_info,0,1号线|2号线
ZZM_CN_facbb67f8387,ZZS_a7b91da4c7,陇海东路,0.35,line_propagated,2号线,0,normal_info,0,1号线|2号线
ZZM_CN_facbb67f8387,ZZS_abc078ccd5,黄河迎宾馆,0.35,line_propagated,2号线,0,normal_info,0,1号线|2号线
ZZM_CN_facbb67f8387,ZZS_ae1b2afcad,梧桐街,0.35,line_propagated,1号线,0,normal_info,0,1号线|2号线
ZZM_CN_facbb67f8387,ZZS_aed2ee7bb7,河南工业大学,0.35,line_propagated,1号线,0,normal_info,0,1号线|2号线
ZZM_CN_facbb67f8387,ZZS_b0ac143899,龙子湖,0.35,line_propagated,1号线,0,normal_info,0,1号线|2号线
ZZM_CN_facbb67f8387,ZZS_b37a0bcf35,郑大科技园,0.35,line_propagated,1号线,0,normal_info,0,1号线|2号线
ZZM_CN_facbb67f8387,ZZS_b8d795b006,黄河南路,0.35,line_propagated,1号线,0,normal_info,0,1号线|2号线
ZZM_CN_facbb67f8387,ZZS_bb3c17098a,人民路,0.35,line_propagated,1号线,0,normal_info,0,1号线|2号线
ZZM_CN_facbb67f8387,ZZS_bdc2a71da9,柳林,0.35,line_propagated,2号线,0,normal_info,0,1号线|2号线
ZZM_CN_facbb67f8387,ZZS_bf7f2bfbd0,博学路,0.35,line_propagated,1号线,0,normal_info,0,1号线|2号线
ZZM_CN_facbb67f8387,ZZS_c180efc575,贾河,0.35,line_propagated,2号线,0,normal_info,0,1号线|2号线
ZZM_CN_facbb67f8387,ZZS_c9109d3d9f,医学院,0.35,line_propagated,1号线,0,normal_info,0,1号线|2号线
ZZM_CN_facbb67f8387,ZZS_cc61daaced,市体育中心,0.35,line_propagated,1号线,0,normal_info,0,1号线|2号线
ZZM_CN_facbb67f8387,ZZS_d61a964e41,市民中心,0.35,line_propagated,1号线,0,normal_info,0,1号线|2号线
ZZM_CN_facbb67f8387,ZZS_e4b35b2f4d,郑州大学,0.35,line_propagated,1号线,0,normal_info,0,1号线|2号线
ZZM_CN_facbb67f8387,ZZS_e67ffc082e,西流湖,0.35,line_propagated,1号线,0,normal_info,0,1号线|2号线
ZZM_CN_facbb67f8387,ZZS_ff256e6634,北三环,0.35,line_propagated,2号线,0,normal_info,0,1号线|2号线
ZZM_CN_facbb67f8387,ZZS_ff2a277828,民航路,0.35,line_propagated,1号线,0,normal_info,0,1号线|2号线
ZZM_CN_facbb67f8387,ZZS_ff491e6fdf,东风路,0.35,line_propagated,2号线,0,normal_info,0,1号线|2号线
ZZM_CN_facbb67f8387,ZZS_ff6940526d,郑州东站,0.35,line_propagated,1号线,0,normal_info,0,1号线|2号线
ZZM_CN_fbfc4fd642d2,ZZS_05d97db6f2,司赵,0.35,line_propagated,3号线,0,normal_info,0,3号线
ZZM_CN_fbfc4fd642d2,ZZS_0ccbb4888d,二七广场,0.35,line_propagated,3号线,0,normal_info,0,3号线
ZZM_CN_fbfc4fd642d2,ZZS_1371fabdab,西大街,0.35,line_propagated,3号线,0,normal_info,0,3号线
ZZM_CN_fbfc4fd642d2,ZZS_13fc13c558,郑州文庙,0.35,line_propagated,3号线,0,normal_info,0,3号线
ZZM_CN_fbfc4fd642d2,ZZS_25a45ff011,东周,0.35,line_propagated,3号线,0,normal_info,0,3号线
ZZM_CN_fbfc4fd642d2,ZZS_28ee7061d7,东十里铺,0.35,line_propagated,3号线,0,normal_info,0,3号线
ZZM_CN_fbfc4fd642d2,ZZS_29284451da,凤凰台,0.35,line_propagated,3号线,0,normal_info,0,3号线
ZZM_CN_fbfc4fd642d2,ZZS_31a002aa03,海滩寺,0.35,line_propagated,3号线,0,normal_info,0,3号线
ZZM_CN_fbfc4fd642d2,ZZS_44eab6c022,南阳新村,0.35,line_propagated,3号线,0,normal_info,0,3号线
ZZM_CN_fbfc4fd642d2,ZZS_51e572c7c3,东大街,0.35,line_propagated,3号线,0,normal_info,0,3号线
ZZM_CN_fbfc4fd642d2,ZZS_5563728074,营岗,0.35,line_propagated,3号线,0,normal_info,0,3号线
ZZM_CN_fbfc4fd642d2,ZZS_6605be2a4e,省体育中心,0.35,line_propagated,3号线,0,normal_info,0,3号线
ZZM_CN_fbfc4fd642d2,ZZS_662c95b759,王砦,0.35,line_propagated,3号线,0,normal_info,0,3号线
ZZM_CN_fbfc4fd642d2,ZZS_6a0a21f658,通泰路,0.35,line_propagated,3号线,0,normal_info,0,3号线
ZZM_CN_fbfc4fd642d2,ZZS_973f67bf8a,同乐,0.35,line_propagated,3号线,0,normal_info,0,3号线
ZZM_CN_fbfc4fd642d2,ZZS_9a51a2fe83,兴隆铺,0.35,line_propagated,3号线,0,normal_info,0,3号线
ZZM_CN_fbfc4fd642d2,ZZS_a3cc0229f4,省骨科医院,0.35,line_propagated,3号线,0,normal_info,0,3号线
ZZM_CN_fbfc4fd642d2,ZZS_a9af1749e0,西周,0.35,line_propagated,3号线,0,normal_info,0,3号线
ZZM_CN_fbfc4fd642d2,ZZS_b5c4192440,圃田西,0.35,line_propagated,3号线,0,normal_info,0,3号线
ZZM_CN_fbfc4fd642d2,ZZS_b9cd9992ce,人民公园,0.35,line_propagated,3号线,0,normal_info,0,3号线
ZZM_CN_fbfc4fd642d2,ZZS_ba70aa715e,博览中心,0.35,line_propagated,3号线,0,normal_info,0,3号线
ZZM_CN_fbfc4fd642d2,ZZS_c5943bbf34,滨河新城,0.35,line_propagated,3号线,0,normal_info,0,3号线
ZZM_CN_fbfc4fd642d2,ZZS_c8f4a267a6,大石桥,0.35,line_propagated,3号线,0,normal_info,0,3号线
ZZM_CN_fbfc4fd642d2,ZZS_e9c14949ec,滨河新城南,0.35,line_propagated,3号线,0,normal_info,0,3号线
ZZM_CN_fbfc4fd642d2,ZZS_ef6263ba13,潮河,0.35,line_propagated,3号线,0,normal_info,0,3号线
ZZM_CN_fcf13ca392c2,ZZS_00f55fa149,碧沙岗,0.35,line_propagated,1号线,0,normal_info,0,1号线
ZZM_CN_fcf13ca392c2,ZZS_065e638aef,东风南路,0.35,line_propagated,1号线,0,normal_info,0,1号线
ZZM_CN_fcf13ca392c2,ZZS_0660d199a6,农业南路,0.35,line_propagated,1号线,0,normal_info,0,1号线
ZZM_CN_fcf13ca392c2,ZZS_0ccbb4888d,二七广场,0.9,exact+line,1号线|二七广场,0,normal_info,0,1号线
ZZM_CN_fcf13ca392c2,ZZS_1acdaac4ce,铁炉,0.35,line_propagated,1号线,0,normal_info,0,1号线
ZZM_CN_fcf13ca392c2,ZZS_27d32a2e36,五一公园,0.35,line_propagated,1号线,0,normal_info,0,1号线
ZZM_CN_fcf13ca392c2,ZZS_3813354d55,绿城广场,0.35,line_propagated,1号线,0,normal_info,0,1号线
ZZM_CN_fcf13ca392c2,ZZS_38180914a0,燕庄,0.35,line_propagated,1号线,0,normal_info,0,1号线
ZZM_CN_fcf13ca392c2,ZZS_52a5a7940c,兰寨,0.35,line_propagated,1号线,0,normal_info,0,1号线
ZZM_CN_fcf13ca392c2,ZZS_5d37b2006d,河南大学新区,0.35,line_propagated,1号线,0,normal_info,0,1号线
ZZM_CN_fcf13ca392c2,ZZS_6c89efbe2c,文苑北路,0.35,line_propagated,1号线,0,normal_info,0,1号线
ZZM_CN_fcf13ca392c2,ZZS_87213b5129,会展中心,0.35,line_propagated,1号线,0,normal_info,0,1号线
ZZM_CN_fcf13ca392c2,ZZS_881a48e5bb,西三环,0.35,line_propagated,1号线,0,normal_info,0,1号线
ZZM_CN_fcf13ca392c2,ZZS_89f2ce9b1d,秦岭路,0.35,line_propagated,1号线,0,normal_info,0,1号线
ZZM_CN_fcf13ca392c2,ZZS_90196f31d6,郑州火车站,0.35,line_propagated,1号线,0,normal_info,0,1号线
ZZM_CN_fcf13ca392c2,ZZS_a14df2d44f,紫荆山,0.9,exact+line,1号线|紫荆山,0,normal_info,0,1号线
ZZM_CN_fcf13ca392c2,ZZS_ae1b2afcad,梧桐街,0.35,line_propagated,1号线,0,normal_info,0,1号线
ZZM_CN_fcf13ca392c2,ZZS_aed2ee7bb7,河南工业大学,0.35,line_propagated,1号线,0,normal_info,0,1号线
ZZM_CN_fcf13ca392c2,ZZS_b0ac143899,龙子湖,0.35,line_propagated,1号线,0,normal_info,0,1号线
ZZM_CN_fcf13ca392c2,ZZS_b37a0bcf35,郑大科技园,0.35,line_propagated,1号线,0,normal_info,0,1号线
ZZM_CN_fcf13ca392c2,ZZS_b8d795b006,黄河南路,0.35,line_propagated,1号线,0,normal_info,0,1号线
ZZM_CN_fcf13ca392c2,ZZS_bb3c17098a,人民路,0.35,line_propagated,1号线,0,normal_info,0,1号线
ZZM_CN_fcf13ca392c2,ZZS_bf7f2bfbd0,博学路,0.35,line_propagated,1号线,0,normal_info,0,1号线
ZZM_CN_fcf13ca392c2,ZZS_c9109d3d9f,医学院,0.35,line_propagated,1号线,0,normal_info,0,1号线
ZZM_CN_fcf13ca392c2,ZZS_cc61daaced,市体育中心,0.35,line_propagated,1号线,0,normal_info,0,1号线
ZZM_CN_fcf13ca392c2,ZZS_d61a964e41,市民中心,0.35,line_propagated,1号线,0,normal_info,0,1号线
ZZM_CN_fcf13ca392c2,ZZS_e4b35b2f4d,郑州大学,0.35,line_propagated,1号线,0,normal_info,0,1号线
ZZM_CN_fcf13ca392c2,ZZS_e67ffc082e,西流湖,0.35,line_propagated,1号线,0,normal_info,0,1号线
ZZM_CN_fcf13ca392c2,ZZS_ff2a277828,民航路,0.35,line_propagated,1号线,0,normal_info,0,1号线
ZZM_CN_fcf13ca392c2,ZZS_ff6940526d,郑州东站,0.35,line_propagated,1号线,0,normal_info,0,1号线
ZZM_CN_fcffa0bda05c,ZZS_00f55fa149,碧沙岗,0.35,line_propagated,1号线,0,normal_info,0,1号线
ZZM_CN_fcffa0bda05c,ZZS_065e638aef,东风南路,0.35,line_propagated,1号线,0,normal_info,0,1号线
ZZM_CN_fcffa0bda05c,ZZS_0660d199a6,农业南路,0.35,line_propagated,1号线,0,normal_info,0,1号线
ZZM_CN_fcffa0bda05c,ZZS_0ccbb4888d,二七广场,0.35,line_propagated,1号线,0,normal_info,0,1号线
ZZM_CN_fcffa0bda05c,ZZS_1acdaac4ce,铁炉,0.35,line_propagated,1号线,0,normal_info,0,1号线
ZZM_CN_fcffa0bda05c,ZZS_27d32a2e36,五一公园,0.35,line_propagated,1号线,0,normal_info,0,1号线
ZZM_CN_fcffa0bda05c,ZZS_3813354d55,绿城广场,0.35,line_propagated,1号线,0,normal_info,0,1号线
ZZM_CN_fcffa0bda05c,ZZS_38180914a0,燕庄,0.35,line_propagated,1号线,0,normal_info,0,1号线
ZZM_CN_fcffa0bda05c,ZZS_52a5a7940c,兰寨,0.35,line_propagated,1号线,0,normal_info,0,1号线
ZZM_CN_fcffa0bda05c,ZZS_5d37b2006d,河南大学新区,0.35,line_propagated,1号线,0,normal_info,0,1号线
ZZM_CN_fcffa0bda05c,ZZS_6c89efbe2c,文苑北路,0.35,line_propagated,1号线,0,normal_info,0,1号线
ZZM_CN_fcffa0bda05c,ZZS_87213b5129,会展中心,0.35,line_propagated,1号线,0,normal_info,0,1号线
ZZM_CN_fcffa0bda05c,ZZS_881a48e5bb,西三环,0.9,exact+line,1号线|西三环,0,normal_info,0,1号线
ZZM_CN_fcffa0bda05c,ZZS_89f2ce9b1d,秦岭路,0.35,line_propagated,1号线,0,normal_info,0,1号线
ZZM_CN_fcffa0bda05c,ZZS_90196f31d6,郑州火车站,0.35,line_propagated,1号线,0,normal_info,0,1号线
ZZM_CN_fcffa0bda05c,ZZS_a14df2d44f,紫荆山,0.35,line_propagated,1号线,0,normal_info,0,1号线
ZZM_CN_fcffa0bda05c,ZZS_ae1b2afcad,梧桐街,0.35,line_propagated,1号线,0,normal_info,0,1号线
ZZM_CN_fcffa0bda05c,ZZS_aed2ee7bb7,河南工业大学,0.35,line_propagated,1号线,0,normal_info,0,1号线
ZZM_CN_fcffa0bda05c,ZZS_b0ac143899,龙子湖,0.35,line_propagated,1号线,0,normal_info,0,1号线
ZZM_CN_fcffa0bda05c,ZZS_b37a0bcf35,郑大科技园,0.35,line_propagated,1号线,0,normal_info,0,1号线
ZZM_CN_fcffa0bda05c,ZZS_b8d795b006,黄河南路,0.35,line_propagated,1号线,0,normal_info,0,1号线
ZZM_CN_fcffa0bda05c,ZZS_bb3c17098a,人民路,0.35,line_propagated,1号线,0,normal_info,0,1号线
ZZM_CN_fcffa0bda05c,ZZS_bf7f2bfbd0,博学路,0.35,line_propagated,1号线,0,normal_info,0,1号线
ZZM_CN_fcffa0bda05c,ZZS_c9109d3d9f,医学院,0.35,line_propagated,1号线,0,normal_info,0,1号线
ZZM_CN_fcffa0bda05c,ZZS_cc61daaced,市体育中心,0.35,line_propagated,1号线,0,normal_info,0,1号线
ZZM_CN_fcffa0bda05c,ZZS_d61a964e41,市民中心,0.35,line_propagated,1号线,0,normal_info,0,1号线
ZZM_CN_fcffa0bda05c,ZZS_e4b35b2f4d,郑州大学,0.35,line_propagated,1号线,0,normal_info,0,1号线
ZZM_CN_fcffa0bda05c,ZZS_e67ffc082e,西流湖,0.35,line_propagated,1号线,0,normal_info,0,1号线
ZZM_CN_fcffa0bda05c,ZZS_ff2a277828,民航路,0.35,line_propagated,1号线,0,normal_info,0,1号线
ZZM_CN_fcffa0bda05c,ZZS_ff6940526d,郑州东站,0.35,line_propagated,1号线,0,normal_info,0,1号线
ZZM_CN_fdc1ae785427,ZZS_00f55fa149,碧沙岗,0.35,line_propagated,1号线,0,normal_info,0,1号线
ZZM_CN_fdc1ae785427,ZZS_065e638aef,东风南路,0.35,line_propagated,1号线,0,normal_info,0,1号线
ZZM_CN_fdc1ae785427,ZZS_0660d199a6,农业南路,0.35,line_propagated,1号线,0,normal_info,0,1号线
ZZM_CN_fdc1ae785427,ZZS_0ccbb4888d,二七广场,0.35,line_propagated,1号线,0,normal_info,0,1号线
ZZM_CN_fdc1ae785427,ZZS_1acdaac4ce,铁炉,0.35,line_propagated,1号线,0,normal_info,0,1号线
ZZM_CN_fdc1ae785427,ZZS_27d32a2e36,五一公园,0.35,line_propagated,1号线,0,normal_info,0,1号线
ZZM_CN_fdc1ae785427,ZZS_3813354d55,绿城广场,0.35,line_propagated,1号线,0,normal_info,0,1号线
ZZM_CN_fdc1ae785427,ZZS_38180914a0,燕庄,0.35,line_propagated,1号线,0,normal_info,0,1号线
ZZM_CN_fdc1ae785427,ZZS_52a5a7940c,兰寨,0.35,line_propagated,1号线,0,normal_info,0,1号线
ZZM_CN_fdc1ae785427,ZZS_5d37b2006d,河南大学新区,0.35,line_propagated,1号线,0,normal_info,0,1号线
ZZM_CN_fdc1ae785427,ZZS_6c89efbe2c,文苑北路,0.35,line_propagated,1号线,0,normal_info,0,1号线
ZZM_CN_fdc1ae785427,ZZS_87213b5129,会展中心,0.35,line_propagated,1号线,0,normal_info,0,1号线
ZZM_CN_fdc1ae785427,ZZS_881a48e5bb,西三环,0.35,line_propagated,1号线,0,normal_info,0,1号线
ZZM_CN_fdc1ae785427,ZZS_89f2ce9b1d,秦岭路,0.35,line_propagated,1号线,0,normal_info,0,1号线
ZZM_CN_fdc1ae785427,ZZS_90196f31d6,郑州火车站,0.35,line_propagated,1号线,0,normal_info,0,1号线
ZZM_CN_fdc1ae785427,ZZS_a14df2d44f,紫荆山,0.35,line_propagated,1号线,0,normal_info,0,1号线
ZZM_CN_fdc1ae785427,ZZS_ae1b2afcad,梧桐街,0.35,line_propagated,1号线,0,normal_info,0,1号线
ZZM_CN_fdc1ae785427,ZZS_aed2ee7bb7,河南工业大学,0.35,line_propagated,1号线,0,normal_info,0,1号线
ZZM_CN_fdc1ae785427,ZZS_b0ac143899,龙子湖,0.35,line_propagated,1号线,0,normal_info,0,1号线
ZZM_CN_fdc1ae785427,ZZS_b37a0bcf35,郑大科技园,0.35,line_propagated,1号线,0,normal_info,0,1号线
ZZM_CN_fdc1ae785427,ZZS_b8d795b006,黄河南路,0.35,line_propagated,1号线,0,normal_info,0,1号线
ZZM_CN_fdc1ae785427,ZZS_bb3c17098a,人民路,0.35,line_propagated,1号线,0,normal_info,0,1号线
ZZM_CN_fdc1ae785427,ZZS_bf7f2bfbd0,博学路,0.35,line_propagated,1号线,0,normal_info,0,1号线
ZZM_CN_fdc1ae785427,ZZS_c9109d3d9f,医学院,0.35,line_propagated,1号线,0,normal_info,0,1号线
ZZM_CN_fdc1ae785427,ZZS_cc61daaced,市体育中心,0.35,line_propagated,1号线,0,normal_info,0,1号线
ZZM_CN_fdc1ae785427,ZZS_d61a964e41,市民中心,0.35,line_propagated,1号线,0,normal_info,0,1号线
ZZM_CN_fdc1ae785427,ZZS_e4b35b2f4d,郑州大学,0.35,line_propagated,1号线,0,normal_info,0,1号线
ZZM_CN_fdc1ae785427,ZZS_e67ffc082e,西流湖,0.35,line_propagated,1号线,0,normal_info,0,1号线
ZZM_CN_fdc1ae785427,ZZS_ff2a277828,民航路,0.35,line_propagated,1号线,0,normal_info,0,1号线
ZZM_CN_fdc1ae785427,ZZS_ff6940526d,郑州东站,0.35,line_propagated,1号线,0,normal_info,0,1号线
ZZM_CN_fe210f193d0d,ZZS_02cf3e4cf5,南三环,0.35,line_propagated,2号线,0,normal_info,0,2号线
ZZM_CN_fe210f193d0d,ZZS_1a5721a427,毛庄,0.35,line_propagated,2号线,0,normal_info,0,2号线
ZZM_CN_fe210f193d0d,ZZS_20262a52f0,南五里堡,0.35,line_propagated,2号线,0,normal_info,0,2号线
ZZM_CN_fe210f193d0d,ZZS_2bd57be00d,关虎屯,0.35,line_propagated,2号线,0,normal_info,0,2号线
ZZM_CN_fe210f193d0d,ZZS_43a808507b,金洼,0.35,line_propagated,2号线,0,normal_info,0,2号线
ZZM_CN_fe210f193d0d,ZZS_4d258fdd50,金达路,0.35,line_propagated,2号线,0,normal_info,0,2号线
ZZM_CN_fe210f193d0d,ZZS_51e572c7c3,东大街,0.35,line_propagated,2号线,0,normal_info,0,2号线
ZZM_CN_fe210f193d0d,ZZS_54adf32b6c,南四环,0.35,line_propagated,2号线,0,normal_info,0,2号线
ZZM_CN_fe210f193d0d,ZZS_6b600b7696,刘庄,0.35,line_propagated,2号线,0,normal_info,0,2号线
ZZM_CN_fe210f193d0d,ZZS_72de4f5f66,惠济区政府,0.35,line_propagated,2号线,0,normal_info,0,2号线
ZZM_CN_fe210f193d0d,ZZS_7dd13fd23f,黄河路,0.35,line_propagated,2号线,0,normal_info,0,2号线
ZZM_CN_fe210f193d0d,ZZS_90c4ce1eb7,沙门,0.35,line_propagated,2号线,0,normal_info,0,2号线
ZZM_CN_fe210f193d0d,ZZS_93b9249040,二里岗,0.35,line_propagated,2号线,0,normal_info,0,2号线
ZZM_CN_fe210f193d0d,ZZS_9660c27c11,站马屯,0.35,line_propagated,2号线,0,normal_info,0,2号线
ZZM_CN_fe210f193d0d,ZZS_9f383e1427,花寨,0.35,line_propagated,2号线,0,normal_info,0,2号线
ZZM_CN_fe210f193d0d,ZZS_a14df2d44f,紫荆山,0.9,exact+line,2号线|紫荆山,0,normal_info,0,2号线
ZZM_CN_fe210f193d0d,ZZS_a7b91da4c7,陇海东路,0.35,line_propagated,2号线,0,normal_info,0,2号线
ZZM_CN_fe210f193d0d,ZZS_abc078ccd5,黄河迎宾馆,0.35,line_propagated,2号线,0,normal_info,0,2号线
ZZM_CN_fe210f193d0d,ZZS_bdc2a71da9,柳林,0.35,line_propagated,2号线,0,normal_info,0,2号线
ZZM_CN_fe210f193d0d,ZZS_c180efc575,贾河,0.35,line_propagated,2号线,0,normal_info,0,2号线
ZZM_CN_fe210f193d0d,ZZS_ff256e6634,北三环,0.35,line_propagated,2号线,0,normal_info,0,2号线
ZZM_CN_fe210f193d0d,ZZS_ff491e6fdf,东风路,0.35,line_propagated,2号线,0,normal_info,0,2号线
ZZM_CN_fed93c044d1d,ZZS_00f55fa149,碧沙岗,0.35,line_propagated,1号线,0,normal_info,0,1号线
ZZM_CN_fed93c044d1d,ZZS_065e638aef,东风南路,0.35,line_propagated,1号线,0,normal_info,0,1号线
ZZM_CN_fed93c044d1d,ZZS_0660d199a6,农业南路,0.35,line_propagated,1号线,0,normal_info,0,1号线
ZZM_CN_fed93c044d1d,ZZS_0ccbb4888d,二七广场,0.35,line_propagated,1号线,0,normal_info,0,1号线
ZZM_CN_fed93c044d1d,ZZS_1acdaac4ce,铁炉,0.35,line_propagated,1号线,0,normal_info,0,1号线
ZZM_CN_fed93c044d1d,ZZS_27d32a2e36,五一公园,0.35,line_propagated,1号线,0,normal_info,0,1号线
ZZM_CN_fed93c044d1d,ZZS_3813354d55,绿城广场,0.35,line_propagated,1号线,0,normal_info,0,1号线
ZZM_CN_fed93c044d1d,ZZS_38180914a0,燕庄,0.35,line_propagated,1号线,0,normal_info,0,1号线
ZZM_CN_fed93c044d1d,ZZS_52a5a7940c,兰寨,0.35,line_propagated,1号线,0,normal_info,0,1号线
ZZM_CN_fed93c044d1d,ZZS_5d37b2006d,河南大学新区,0.35,line_propagated,1号线,0,normal_info,0,1号线
ZZM_CN_fed93c044d1d,ZZS_6c89efbe2c,文苑北路,0.35,line_propagated,1号线,0,normal_info,0,1号线
ZZM_CN_fed93c044d1d,ZZS_87213b5129,会展中心,0.35,line_propagated,1号线,0,normal_info,0,1号线
ZZM_CN_fed93c044d1d,ZZS_881a48e5bb,西三环,0.35,line_propagated,1号线,0,normal_info,0,1号线
ZZM_CN_fed93c044d1d,ZZS_89f2ce9b1d,秦岭路,0.35,line_propagated,1号线,0,normal_info,0,1号线
ZZM_CN_fed93c044d1d,ZZS_90196f31d6,郑州火车站,0.35,line_propagated,1号线,0,normal_info,0,1号线
ZZM_CN_fed93c044d1d,ZZS_a14df2d44f,紫荆山,0.35,line_propagated,1号线,0,normal_info,0,1号线
ZZM_CN_fed93c044d1d,ZZS_ae1b2afcad,梧桐街,0.35,line_propagated,1号线,0,normal_info,0,1号线
ZZM_CN_fed93c044d1d,ZZS_aed2ee7bb7,河南工业大学,0.35,line_propagated,1号线,0,normal_info,0,1号线
ZZM_CN_fed93c044d1d,ZZS_b0ac143899,龙子湖,0.35,line_propagated,1号线,0,normal_info,0,1号线
ZZM_CN_fed93c044d1d,ZZS_b37a0bcf35,郑大科技园,0.35,line_propagated,1号线,0,normal_info,0,1号线
ZZM_CN_fed93c044d1d,ZZS_b8d795b006,黄河南路,0.35,line_propagated,1号线,0,normal_info,0,1号线
ZZM_CN_fed93c044d1d,ZZS_bb3c17098a,人民路,0.35,line_propagated,1号线,0,normal_info,0,1号线
ZZM_CN_fed93c044d1d,ZZS_bf7f2bfbd0,博学路,0.35,line_propagated,1号线,0,normal_info,0,1号线
ZZM_CN_fed93c044d1d,ZZS_c9109d3d9f,医学院,0.35,line_propagated,1号线,0,normal_info,0,1号线
ZZM_CN_fed93c044d1d,ZZS_cc61daaced,市体育中心,0.35,line_propagated,1号线,0,normal_info,0,1号线
ZZM_CN_fed93c044d1d,ZZS_d61a964e41,市民中心,0.35,line_propagated,1号线,0,normal_info,0,1号线
ZZM_CN_fed93c044d1d,ZZS_e4b35b2f4d,郑州大学,0.35,line_propagated,1号线,0,normal_info,0,1号线
ZZM_CN_fed93c044d1d,ZZS_e67ffc082e,西流湖,0.35,line_propagated,1号线,0,normal_info,0,1号线
ZZM_CN_fed93c044d1d,ZZS_ff2a277828,民航路,0.35,line_propagated,1号线,0,normal_info,0,1号线
ZZM_CN_fed93c044d1d,ZZS_ff6940526d,郑州东站,0.35,line_propagated,1号线,0,normal_info,0,1号线
ZZM_CN_ff52240b0945,ZZS_00f55fa149,碧沙岗,0.35,line_propagated,1号线,0,normal_info,0,1号线
ZZM_CN_ff52240b0945,ZZS_065e638aef,东风南路,0.35,line_propagated,1号线,0,normal_info,0,1号线
ZZM_CN_ff52240b0945,ZZS_0660d199a6,农业南路,0.35,line_propagated,1号线,0,normal_info,0,1号线
ZZM_CN_ff52240b0945,ZZS_0ccbb4888d,二七广场,0.35,line_propagated,1号线,0,normal_info,0,1号线
ZZM_CN_ff52240b0945,ZZS_1acdaac4ce,铁炉,0.35,line_propagated,1号线,0,normal_info,0,1号线
ZZM_CN_ff52240b0945,ZZS_27d32a2e36,五一公园,0.35,line_propagated,1号线,0,normal_info,0,1号线
ZZM_CN_ff52240b0945,ZZS_3813354d55,绿城广场,0.35,line_propagated,1号线,0,normal_info,0,1号线
ZZM_CN_ff52240b0945,ZZS_38180914a0,燕庄,0.35,line_propagated,1号线,0,normal_info,0,1号线
ZZM_CN_ff52240b0945,ZZS_52a5a7940c,兰寨,0.35,line_propagated,1号线,0,normal_info,0,1号线
ZZM_CN_ff52240b0945,ZZS_5d37b2006d,河南大学新区,0.35,line_propagated,1号线,0,normal_info,0,1号线
ZZM_CN_ff52240b0945,ZZS_6c89efbe2c,文苑北路,0.35,line_propagated,1号线,0,normal_info,0,1号线
ZZM_CN_ff52240b0945,ZZS_87213b5129,会展中心,0.35,line_propagated,1号线,0,normal_info,0,1号线
ZZM_CN_ff52240b0945,ZZS_881a48e5bb,西三环,0.35,line_propagated,1号线,0,normal_info,0,1号线
ZZM_CN_ff52240b0945,ZZS_89f2ce9b1d,秦岭路,0.35,line_propagated,1号线,0,normal_info,0,1号线
ZZM_CN_ff52240b0945,ZZS_90196f31d6,郑州火车站,0.35,line_propagated,1号线,0,normal_info,0,1号线
ZZM_CN_ff52240b0945,ZZS_a14df2d44f,紫荆山,0.35,line_propagated,1号线,0,normal_info,0,1号线
ZZM_CN_ff52240b0945,ZZS_ae1b2afcad,梧桐街,0.35,line_propagated,1号线,0,normal_info,0,1号线
ZZM_CN_ff52240b0945,ZZS_aed2ee7bb7,河南工业大学,0.35,line_propagated,1号线,0,normal_info,0,1号线
ZZM_CN_ff52240b0945,ZZS_b0ac143899,龙子湖,0.35,line_propagated,1号线,0,normal_info,0,1号线
ZZM_CN_ff52240b0945,ZZS_b37a0bcf35,郑大科技园,0.35,line_propagated,1号线,0,normal_info,0,1号线
ZZM_CN_ff52240b0945,ZZS_b8d795b006,黄河南路,0.35,line_propagated,1号线,0,normal_info,0,1号线
ZZM_CN_ff52240b0945,ZZS_bb3c17098a,人民路,0.35,line_propagated,1号线,0,normal_info,0,1号线
ZZM_CN_ff52240b0945,ZZS_bf7f2bfbd0,博学路,0.35,line_propagated,1号线,0,normal_info,0,1号线
ZZM_CN_ff52240b0945,ZZS_c9109d3d9f,医学院,0.35,line_propagated,1号线,0,normal_info,0,1号线
ZZM_CN_ff52240b0945,ZZS_cc61daaced,市体育中心,0.35,line_propagated,1号线,0,normal_info,0,1号线
ZZM_CN_ff52240b0945,ZZS_d61a964e41,市民中心,0.35,line_propagated,1号线,0,normal_info,0,1号线
ZZM_CN_ff52240b0945,ZZS_e4b35b2f4d,郑州大学,0.35,line_propagated,1号线,0,normal_info,0,1号线
ZZM_CN_ff52240b0945,ZZS_e67ffc082e,西流湖,0.35,line_propagated,1号线,0,normal_info,0,1号线
ZZM_CN_ff52240b0945,ZZS_ff2a277828,民航路,0.35,line_propagated,1号线,0,normal_info,0,1号线
ZZM_CN_ff52240b0945,ZZS_ff6940526d,郑州东站,0.35,line_propagated,1号线,0,normal_info,0,1号线
ZZM_COM_024605bb8d59,ZZS_a14df2d44f,紫荆山,0.9,exact,紫荆山,4,crowd_weather_external,0,
ZZM_COM_1c6442de5efe,ZZS_02cf3e4cf5,南三环,0.35,line_propagated,2号线,0,normal_info,0,2号线|城郊线
ZZM_COM_1c6442de5efe,ZZS_1a5721a427,毛庄,0.35,line_propagated,2号线,0,normal_info,0,2号线|城郊线
ZZM_COM_1c6442de5efe,ZZS_1d568209e2,康平湖,0.35,line_propagated,城郊线,0,normal_info,0,2号线|城郊线
ZZM_COM_1c6442de5efe,ZZS_20262a52f0,南五里堡,0.35,line_propagated,2号线,0,normal_info,0,2号线|城郊线
ZZM_COM_1c6442de5efe,ZZS_21e3ae133c,华南城西,0.35,line_propagated,城郊线,0,normal_info,0,2号线|城郊线
ZZM_COM_1c6442de5efe,ZZS_2b74f7ecc4,综合保税区,0.35,line_propagated,城郊线,0,normal_info,0,2号线|城郊线
ZZM_COM_1c6442de5efe,ZZS_2bd57be00d,关虎屯,0.35,line_propagated,2号线,0,normal_info,0,2号线|城郊线
ZZM_COM_1c6442de5efe,ZZS_3258f191b1,港区会展,0.35,line_propagated,城郊线,0,normal_info,0,2号线|城郊线
ZZM_COM_1c6442de5efe,ZZS_3e49b8e765,恩平湖,0.35,line_propagated,城郊线,0,normal_info,0,2号线|城郊线
ZZM_COM_1c6442de5efe,ZZS_43a808507b,金洼,0.35,line_propagated,2号线,0,normal_info,0,2号线|城郊线
ZZM_COM_1c6442de5efe,ZZS_4c088f0629,港区北,0.35,line_propagated,城郊线,0,normal_info,0,2号线|城郊线
ZZM_COM_1c6442de5efe,ZZS_4d258fdd50,金达路,0.35,line_propagated,2号线,0,normal_info,0,2号线|城郊线
ZZM_COM_1c6442de5efe,ZZS_4db99ddb57,华南城,0.35,line_propagated,城郊线,0,normal_info,0,2号线|城郊线
ZZM_COM_1c6442de5efe,ZZS_4ff5935177,兰河公园,0.35,line_propagated,城郊线,0,normal_info,0,2号线|城郊线
ZZM_COM_1c6442de5efe,ZZS_51e572c7c3,东大街,0.35,line_propagated,2号线,0,normal_info,0,2号线|城郊线
ZZM_COM_1c6442de5efe,ZZS_54adf32b6c,南四环,0.35,line_propagated,2号线|城郊线,0,normal_info,0,2号线|城郊线
ZZM_COM_1c6442de5efe,ZZS_5ce22f5450,小乔,0.35,line_propagated,城郊线,0,normal_info,0,2号线|城郊线
ZZM_COM_1c6442de5efe,ZZS_63fa0eb855,双湖大道,0.35,line_propagated,城郊线,0,normal_info,0,2号线|城郊线
ZZM_COM_1c6442de5efe,ZZS_6b600b7696,刘庄,0.35,line_propagated,2号线,0,normal_info,0,2号线|城郊线
ZZM_COM_1c6442de5efe,ZZS_6e6f33dc37,华南城东,0.35,line_propagated,城郊线,0,normal_info,0,2号线|城郊线
ZZM_COM_1c6442de5efe,ZZS_72de4f5f66,惠济区政府,0.35,line_propagated,2号线,0,normal_info,0,2号线|城郊线
ZZM_COM_1c6442de5efe,ZZS_7a33fc56d1,十八里河,0.35,line_propagated,城郊线,0,normal_info,0,2号线|城郊线
ZZM_COM_1c6442de5efe,ZZS_7dd13fd23f,黄河路,0.35,line_propagated,2号线,0,normal_info,0,2号线|城郊线
ZZM_COM_1c6442de5efe,ZZS_90c4ce1eb7,沙门,0.35,line_propagated,2号线,0,normal_info,0,2号线|城郊线
ZZM_COM_1c6442de5efe,ZZS_93b9249040,二里岗,0.35,line_propagated,2号线,0,normal_info,0,2号线|城郊线
ZZM_COM_1c6442de5efe,ZZS_9660c27c11,站马屯,0.35,line_propagated,2号线,0,normal_info,0,2号线|城郊线
ZZM_COM_1c6442de5efe,ZZS_9a0290117b,新郑机场,0.35,line_propagated,城郊线,0,normal_info,0,2号线|城郊线
ZZM_COM_1c6442de5efe,ZZS_9f383e1427,花寨,0.35,line_propagated,2号线,0,normal_info,0,2号线|城郊线
ZZM_COM_1c6442de5efe,ZZS_a14df2d44f,紫荆山,0.35,line_propagated,2号线,0,normal_info,0,2号线|城郊线
ZZM_COM_1c6442de5efe,ZZS_a4bd95d57e,机场东,0.35,line_propagated,城郊线,0,normal_info,0,2号线|城郊线
ZZM_COM_1c6442de5efe,ZZS_a7b91da4c7,陇海东路,0.35,line_propagated,2号线,0,normal_info,0,2号线|城郊线
ZZM_COM_1c6442de5efe,ZZS_abc078ccd5,黄河迎宾馆,0.35,line_propagated,2号线,0,normal_info,0,2号线|城郊线
ZZM_COM_1c6442de5efe,ZZS_afdeac8ac7,沙窝李,0.35,line_propagated,城郊线,0,normal_info,0,2号线|城郊线
ZZM_COM_1c6442de5efe,ZZS_bdc2a71da9,柳林,0.35,line_propagated,2号线,0,normal_info,0,2号线|城郊线
ZZM_COM_1c6442de5efe,ZZS_c180efc575,贾河,0.35,line_propagated,2号线,0,normal_info,0,2号线|城郊线
ZZM_COM_1c6442de5efe,ZZS_d0e428cc6b,孟庄,0.35,line_propagated,城郊线,0,normal_info,0,2号线|城郊线
ZZM_COM_1c6442de5efe,ZZS_eef68bcc4f,郑州航空港站,0.35,line_propagated,城郊线,0,normal_info,0,2号线|城郊线
ZZM_COM_1c6442de5efe,ZZS_ff256e6634,北三环,0.35,line_propagated,2号线,0,normal_info,0,2号线|城郊线
ZZM_COM_1c6442de5efe,ZZS_ff491e6fdf,东风路,0.35,line_propagated,2号线,0,normal_info,0,2号线|城郊线
ZZM_COM_259edb8efe52,ZZS_00f55fa149,碧沙岗,0.35,line_propagated,1号线,0,normal_info,0,1号线
ZZM_COM_259edb8efe52,ZZS_065e638aef,东风南路,0.35,line_propagated,1号线,0,normal_info,0,1号线
ZZM_COM_259edb8efe52,ZZS_0660d199a6,农业南路,0.35,line_propagated,1号线,0,normal_info,0,1号线
ZZM_COM_259edb8efe52,ZZS_0ccbb4888d,二七广场,0.35,line_propagated,1号线,0,normal_info,0,1号线
ZZM_COM_259edb8efe52,ZZS_1acdaac4ce,铁炉,0.35,line_propagated,1号线,0,normal_info,0,1号线
ZZM_COM_259edb8efe52,ZZS_27d32a2e36,五一公园,0.35,line_propagated,1号线,0,normal_info,0,1号线
ZZM_COM_259edb8efe52,ZZS_3813354d55,绿城广场,0.35,line_propagated,1号线,0,normal_info,0,1号线
ZZM_COM_259edb8efe52,ZZS_38180914a0,燕庄,0.35,line_propagated,1号线,0,normal_info,0,1号线
ZZM_COM_259edb8efe52,ZZS_52a5a7940c,兰寨,0.35,line_propagated,1号线,0,normal_info,0,1号线
ZZM_COM_259edb8efe52,ZZS_54adf32b6c,南四环,0.9,exact,南四环,0,normal_info,0,1号线
ZZM_COM_259edb8efe52,ZZS_5d37b2006d,河南大学新区,0.35,line_propagated,1号线,0,normal_info,0,1号线
ZZM_COM_259edb8efe52,ZZS_6c89efbe2c,文苑北路,0.35,line_propagated,1号线,0,normal_info,0,1号线
ZZM_COM_259edb8efe52,ZZS_87213b5129,会展中心,0.35,line_propagated,1号线,0,normal_info,0,1号线
ZZM_COM_259edb8efe52,ZZS_881a48e5bb,西三环,0.35,line_propagated,1号线,0,normal_info,0,1号线
ZZM_COM_259edb8efe52,ZZS_89f2ce9b1d,秦岭路,0.35,line_propagated,1号线,0,normal_info,0,1号线
ZZM_COM_259edb8efe52,ZZS_90196f31d6,郑州火车站,0.35,line_propagated,1号线,0,normal_info,0,1号线
ZZM_COM_259edb8efe52,ZZS_a14df2d44f,紫荆山,0.35,line_propagated,1号线,0,normal_info,0,1号线
ZZM_COM_259edb8efe52,ZZS_ae1b2afcad,梧桐街,0.35,line_propagated,1号线,0,normal_info,0,1号线
ZZM_COM_259edb8efe52,ZZS_aed2ee7bb7,河南工业大学,0.35,line_propagated,1号线,0,normal_info,0,1号线
ZZM_COM_259edb8efe52,ZZS_b0ac143899,龙子湖,0.35,line_propagated,1号线,0,normal_info,0,1号线
ZZM_COM_259edb8efe52,ZZS_b37a0bcf35,郑大科技园,0.35,line_propagated,1号线,0,normal_info,0,1号线
ZZM_COM_259edb8efe52,ZZS_b8d795b006,黄河南路,0.35,line_propagated,1号线,0,normal_info,0,1号线
ZZM_COM_259edb8efe52,ZZS_bb3c17098a,人民路,0.35,line_propagated,1号线,0,normal_info,0,1号线
ZZM_COM_259edb8efe52,ZZS_bf7f2bfbd0,博学路,0.35,line_propagated,1号线,0,normal_info,0,1号线
ZZM_COM_259edb8efe52,ZZS_c9109d3d9f,医学院,0.35,line_propagated,1号线,0,normal_info,0,1号线
ZZM_COM_259edb8efe52,ZZS_cc61daaced,市体育中心,0.35,line_propagated,1号线,0,normal_info,0,1号线
ZZM_COM_259edb8efe52,ZZS_d61a964e41,市民中心,0.35,line_propagated,1号线,0,normal_info,0,1号线
ZZM_COM_259edb8efe52,ZZS_e4b35b2f4d,郑州大学,0.35,line_propagated,1号线,0,normal_info,0,1号线
ZZM_COM_259edb8efe52,ZZS_e67ffc082e,西流湖,0.35,line_propagated,1号线,0,normal_info,0,1号线
ZZM_COM_259edb8efe52,ZZS_ff2a277828,民航路,0.35,line_propagated,1号线,0,normal_info,0,1号线
ZZM_COM_259edb8efe52,ZZS_ff6940526d,郑州东站,0.35,line_propagated,1号线,0,normal_info,0,1号线
ZZM_COM_27133e985dc7,ZZS_02cf3e4cf5,南三环,0.35,line_propagated,2号线,0,normal_info,0,2号线
ZZM_COM_27133e985dc7,ZZS_1a5721a427,毛庄,0.35,line_propagated,2号线,0,normal_info,0,2号线
ZZM_COM_27133e985dc7,ZZS_20262a52f0,南五里堡,0.35,line_propagated,2号线,0,normal_info,0,2号线
ZZM_COM_27133e985dc7,ZZS_2bd57be00d,关虎屯,0.35,line_propagated,2号线,0,normal_info,0,2号线
ZZM_COM_27133e985dc7,ZZS_43a808507b,金洼,0.35,line_propagated,2号线,0,normal_info,0,2号线
ZZM_COM_27133e985dc7,ZZS_4d258fdd50,金达路,0.35,line_propagated,2号线,0,normal_info,0,2号线
ZZM_COM_27133e985dc7,ZZS_51e572c7c3,东大街,0.35,line_propagated,2号线,0,normal_info,0,2号线
ZZM_COM_27133e985dc7,ZZS_54adf32b6c,南四环,0.35,line_propagated,2号线,0,normal_info,0,2号线
ZZM_COM_27133e985dc7,ZZS_6b600b7696,刘庄,0.35,line_propagated,2号线,0,normal_info,0,2号线
ZZM_COM_27133e985dc7,ZZS_72de4f5f66,惠济区政府,0.35,line_propagated,2号线,0,normal_info,0,2号线
ZZM_COM_27133e985dc7,ZZS_7dd13fd23f,黄河路,0.35,line_propagated,2号线,0,normal_info,0,2号线
ZZM_COM_27133e985dc7,ZZS_90c4ce1eb7,沙门,0.35,line_propagated,2号线,0,normal_info,0,2号线
ZZM_COM_27133e985dc7,ZZS_93b9249040,二里岗,0.35,line_propagated,2号线,0,normal_info,0,2号线
ZZM_COM_27133e985dc7,ZZS_9660c27c11,站马屯,0.35,line_propagated,2号线,0,normal_info,0,2号线
ZZM_COM_27133e985dc7,ZZS_9f383e1427,花寨,0.35,line_propagated,2号线,0,normal_info,0,2号线
ZZM_COM_27133e985dc7,ZZS_a14df2d44f,紫荆山,0.35,line_propagated,2号线,0,normal_info,0,2号线
ZZM_COM_27133e985dc7,ZZS_a7b91da4c7,陇海东路,0.35,line_propagated,2号线,0,normal_info,0,2号线
ZZM_COM_27133e985dc7,ZZS_abc078ccd5,黄河迎宾馆,0.35,line_propagated,2号线,0,normal_info,0,2号线
ZZM_COM_27133e985dc7,ZZS_bdc2a71da9,柳林,0.35,line_propagated,2号线,0,normal_info,0,2号线
ZZM_COM_27133e985dc7,ZZS_c180efc575,贾河,0.35,line_propagated,2号线,0,normal_info,0,2号线
ZZM_COM_27133e985dc7,ZZS_ff256e6634,北三环,0.35,line_propagated,2号线,0,normal_info,0,2号线
ZZM_COM_27133e985dc7,ZZS_ff491e6fdf,东风路,0.35,line_propagated,2号线,0,normal_info,0,2号线
ZZM_COM_346ee1c06444,ZZS_00f55fa149,碧沙岗,0.35,line_propagated,1号线,0,normal_info,3,1号线
ZZM_COM_346ee1c06444,ZZS_065e638aef,东风南路,0.35,line_propagated,1号线,0,normal_info,3,1号线
ZZM_COM_346ee1c06444,ZZS_0660d199a6,农业南路,0.35,line_propagated,1号线,0,normal_info,3,1号线
ZZM_COM_346ee1c06444,ZZS_0ccbb4888d,二七广场,0.35,line_propagated,1号线,0,normal_info,3,1号线
ZZM_COM_346ee1c06444,ZZS_1acdaac4ce,铁炉,0.35,line_propagated,1号线,0,normal_info,3,1号线
ZZM_COM_346ee1c06444,ZZS_27d32a2e36,五一公园,0.35,line_propagated,1号线,0,normal_info,3,1号线
ZZM_COM_346ee1c06444,ZZS_3813354d55,绿城广场,0.35,line_propagated,1号线,0,normal_info,3,1号线
ZZM_COM_346ee1c06444,ZZS_38180914a0,燕庄,0.35,line_propagated,1号线,0,normal_info,3,1号线
ZZM_COM_346ee1c06444,ZZS_52a5a7940c,兰寨,0.35,line_propagated,1号线,0,normal_info,3,1号线
ZZM_COM_346ee1c06444,ZZS_5d37b2006d,河南大学新区,0.35,line_propagated,1号线,0,normal_info,3,1号线
ZZM_COM_346ee1c06444,ZZS_6c89efbe2c,文苑北路,0.35,line_propagated,1号线,0,normal_info,3,1号线
ZZM_COM_346ee1c06444,ZZS_87213b5129,会展中心,0.9,exact+line,1号线|会展中心,0,normal_info,3,1号线
ZZM_COM_346ee1c06444,ZZS_881a48e5bb,西三环,0.35,line_propagated,1号线,0,normal_info,3,1号线
ZZM_COM_346ee1c06444,ZZS_89f2ce9b1d,秦岭路,0.35,line_propagated,1号线,0,normal_info,3,1号线
ZZM_COM_346ee1c06444,ZZS_90196f31d6,郑州火车站,0.35,line_propagated,1号线,0,normal_info,3,1号线
ZZM_COM_346ee1c06444,ZZS_a14df2d44f,紫荆山,0.35,line_propagated,1号线,0,normal_info,3,1号线
ZZM_COM_346ee1c06444,ZZS_ae1b2afcad,梧桐街,0.35,line_propagated,1号线,0,normal_info,3,1号线
ZZM_COM_346ee1c06444,ZZS_aed2ee7bb7,河南工业大学,0.35,line_propagated,1号线,0,normal_info,3,1号线
ZZM_COM_346ee1c06444,ZZS_b0ac143899,龙子湖,0.35,line_propagated,1号线,0,normal_info,3,1号线
ZZM_COM_346ee1c06444,ZZS_b37a0bcf35,郑大科技园,0.35,line_propagated,1号线,0,normal_info,3,1号线
ZZM_COM_346ee1c06444,ZZS_b8d795b006,黄河南路,0.35,line_propagated,1号线,0,normal_info,3,1号线
ZZM_COM_346ee1c06444,ZZS_bb3c17098a,人民路,0.35,line_propagated,1号线,0,normal_info,3,1号线
ZZM_COM_346ee1c06444,ZZS_bf7f2bfbd0,博学路,0.35,line_propagated,1号线,0,normal_info,3,1号线
ZZM_COM_346ee1c06444,ZZS_c9109d3d9f,医学院,0.35,line_propagated,1号线,0,normal_info,3,1号线
ZZM_COM_346ee1c06444,ZZS_cc61daaced,市体育中心,0.35,line_propagated,1号线,0,normal_info,3,1号线
ZZM_COM_346ee1c06444,ZZS_d61a964e41,市民中心,0.35,line_propagated,1号线,0,normal_info,3,1号线
ZZM_COM_346ee1c06444,ZZS_e4b35b2f4d,郑州大学,0.35,line_propagated,1号线,0,normal_info,3,1号线
ZZM_COM_346ee1c06444,ZZS_e67ffc082e,西流湖,0.35,line_propagated,1号线,0,normal_info,3,1号线
ZZM_COM_346ee1c06444,ZZS_ff2a277828,民航路,0.35,line_propagated,1号线,0,normal_info,3,1号线
ZZM_COM_346ee1c06444,ZZS_ff6940526d,郑州东站,0.35,line_propagated,1号线,0,normal_info,3,1号线
ZZM_COM_5361f9ca4fd5,ZZS_001bf66fc1,陇海西路,0.35,line_propagated,5号线,4,crowd_weather_external,0,5号线
ZZM_COM_5361f9ca4fd5,ZZS_1236ed80e3,中央商务区,0.35,line_propagated,5号线,4,crowd_weather_external,0,5号线
ZZM_COM_5361f9ca4fd5,ZZS_1246e07d02,城东南路,0.35,line_propagated,5号线,4,crowd_weather_external,0,5号线
ZZM_COM_5361f9ca4fd5,ZZS_136c32a256,市中心医院,0.35,line_propagated,5号线,4,crowd_weather_external,0,5号线
ZZM_COM_5361f9ca4fd5,ZZS_14efbdcc1b,福塔东,0.35,line_propagated,5号线,4,crowd_weather_external,0,5号线
ZZM_COM_5361f9ca4fd5,ZZS_190cc56901,金水东路,0.35,line_propagated,5号线,4,crowd_weather_external,0,5号线
ZZM_COM_5361f9ca4fd5,ZZS_20262a52f0,南五里堡,0.35,line_propagated,5号线,4,crowd_weather_external,0,5号线
ZZM_COM_5361f9ca4fd5,ZZS_20dcf363fc,康宁街,0.35,line_propagated,5号线,4,crowd_weather_external,0,5号线
ZZM_COM_5361f9ca4fd5,ZZS_27d32a2e36,五一公园,0.35,line_propagated,5号线,4,crowd_weather_external,0,5号线
ZZM_COM_5361f9ca4fd5,ZZS_2db8e2eabe,经北二路,0.35,line_propagated,5号线,4,crowd_weather_external,0,5号线
ZZM_COM_5361f9ca4fd5,ZZS_31a002aa03,海滩寺,0.35,line_propagated,5号线,4,crowd_weather_external,0,5号线
ZZM_COM_5361f9ca4fd5,ZZS_386438745b,祭城,0.35,line_propagated,5号线,4,crowd_weather_external,0,5号线
ZZM_COM_5361f9ca4fd5,ZZS_3ada9c57dc,众意西路,0.35,line_propagated,5号线,4,crowd_weather_external,0,5号线
ZZM_COM_5361f9ca4fd5,ZZS_45679e4fc0,七里河,0.35,line_propagated,5号线,4,crowd_weather_external,0,5号线
ZZM_COM_5361f9ca4fd5,ZZS_4dd2360957,京广南路,0.35,line_propagated,5号线,4,crowd_weather_external,0,5号线
ZZM_COM_5361f9ca4fd5,ZZS_5b6c4f8186,郑州人民医院,0.35,line_propagated,5号线,4,crowd_weather_external,0,5号线
ZZM_COM_5361f9ca4fd5,ZZS_5babce6145,中原福塔,0.35,line_propagated,5号线,4,crowd_weather_external,0,5号线
ZZM_COM_5361f9ca4fd5,ZZS_5dc87121c2,市第二人民医院,0.35,line_propagated,5号线,4,crowd_weather_external,0,5号线
ZZM_COM_5361f9ca4fd5,ZZS_7dd13fd23f,黄河路,0.35,line_propagated,5号线,4,crowd_weather_external,0,5号线
ZZM_COM_5361f9ca4fd5,ZZS_9a26907088,齐礼阎,0.35,line_propagated,5号线,4,crowd_weather_external,0,5号线
ZZM_COM_5361f9ca4fd5,ZZS_9d8185e03c,省人民医院,0.35,line_propagated,5号线,4,crowd_weather_external,0,5号线
ZZM_COM_5361f9ca4fd5,ZZS_a3cc0229f4,省骨科医院,0.35,line_propagated,5号线,4,crowd_weather_external,0,5号线
ZZM_COM_5361f9ca4fd5,ZZS_ae7cc361da,月季公园,0.35,line_propagated,5号线,4,crowd_weather_external,0,5号线
ZZM_COM_5361f9ca4fd5,ZZS_bd17c52fa6,儿童医院,0.35,line_propagated,5号线,4,crowd_weather_external,0,5号线
ZZM_COM_5361f9ca4fd5,ZZS_c720567666,桐淮,0.35,line_propagated,5号线,4,crowd_weather_external,0,5号线
ZZM_COM_5361f9ca4fd5,ZZS_c94675c30b,后河芦,0.35,line_propagated,5号线,4,crowd_weather_external,0,5号线
ZZM_COM_5361f9ca4fd5,ZZS_c995bf7092,经开中心广场,0.35,line_propagated,5号线,4,crowd_weather_external,0,5号线
ZZM_COM_5361f9ca4fd5,ZZS_cb2e15cfa0,姚砦,0.35,line_propagated,5号线,4,crowd_weather_external,0,5号线
ZZM_COM_5361f9ca4fd5,ZZS_deb2edc4a2,沙口路,0.35,line_propagated,5号线,4,crowd_weather_external,0,5号线
ZZM_COM_5361f9ca4fd5,ZZS_f095e9678f,航海广场,0.35,line_propagated,5号线,4,crowd_weather_external,0,5号线
ZZM_COM_5361f9ca4fd5,ZZS_f97030e2b9,冯庄,0.35,line_propagated,5号线,4,crowd_weather_external,0,5号线
ZZM_COM_5361f9ca4fd5,ZZS_ff6940526d,郑州东站,0.35,line_propagated,5号线,4,crowd_weather_external,0,5号线
ZZM_COM_5926df255722,ZZS_00f55fa149,碧沙岗,0.35,line_propagated,1号线,0,normal_info,0,1号线
ZZM_COM_5926df255722,ZZS_065e638aef,东风南路,0.35,line_propagated,1号线,0,normal_info,0,1号线
ZZM_COM_5926df255722,ZZS_0660d199a6,农业南路,0.35,line_propagated,1号线,0,normal_info,0,1号线
ZZM_COM_5926df255722,ZZS_0ccbb4888d,二七广场,0.9,exact+line,1号线|二七广场,0,normal_info,0,1号线
ZZM_COM_5926df255722,ZZS_1acdaac4ce,铁炉,0.35,line_propagated,1号线,0,normal_info,0,1号线
ZZM_COM_5926df255722,ZZS_27d32a2e36,五一公园,0.35,line_propagated,1号线,0,normal_info,0,1号线
ZZM_COM_5926df255722,ZZS_3813354d55,绿城广场,0.35,line_propagated,1号线,0,normal_info,0,1号线
ZZM_COM_5926df255722,ZZS_38180914a0,燕庄,0.35,line_propagated,1号线,0,normal_info,0,1号线
ZZM_COM_5926df255722,ZZS_52a5a7940c,兰寨,0.35,line_propagated,1号线,0,normal_info,0,1号线
ZZM_COM_5926df255722,ZZS_5d37b2006d,河南大学新区,0.35,line_propagated,1号线,0,normal_info,0,1号线
ZZM_COM_5926df255722,ZZS_6c89efbe2c,文苑北路,0.35,line_propagated,1号线,0,normal_info,0,1号线
ZZM_COM_5926df255722,ZZS_87213b5129,会展中心,0.35,line_propagated,1号线,0,normal_info,0,1号线
ZZM_COM_5926df255722,ZZS_881a48e5bb,西三环,0.35,line_propagated,1号线,0,normal_info,0,1号线
ZZM_COM_5926df255722,ZZS_89f2ce9b1d,秦岭路,0.35,line_propagated,1号线,0,normal_info,0,1号线
ZZM_COM_5926df255722,ZZS_90196f31d6,郑州火车站,0.35,line_propagated,1号线,0,normal_info,0,1号线
ZZM_COM_5926df255722,ZZS_a14df2d44f,紫荆山,0.35,line_propagated,1号线,0,normal_info,0,1号线
ZZM_COM_5926df255722,ZZS_ae1b2afcad,梧桐街,0.35,line_propagated,1号线,0,normal_info,0,1号线
ZZM_COM_5926df255722,ZZS_aed2ee7bb7,河南工业大学,0.35,line_propagated,1号线,0,normal_info,0,1号线
ZZM_COM_5926df255722,ZZS_b0ac143899,龙子湖,0.35,line_propagated,1号线,0,normal_info,0,1号线
ZZM_COM_5926df255722,ZZS_b37a0bcf35,郑大科技园,0.35,line_propagated,1号线,0,normal_info,0,1号线
ZZM_COM_5926df255722,ZZS_b8d795b006,黄河南路,0.35,line_propagated,1号线,0,normal_info,0,1号线
ZZM_COM_5926df255722,ZZS_bb3c17098a,人民路,0.35,line_propagated,1号线,0,normal_info,0,1号线
ZZM_COM_5926df255722,ZZS_bf7f2bfbd0,博学路,0.35,line_propagated,1号线,0,normal_info,0,1号线
ZZM_COM_5926df255722,ZZS_c9109d3d9f,医学院,0.35,line_propagated,1号线,0,normal_info,0,1号线
ZZM_COM_5926df255722,ZZS_cc61daaced,市体育中心,0.35,line_propagated,1号线,0,normal_info,0,1号线
ZZM_COM_5926df255722,ZZS_d61a964e41,市民中心,0.35,line_propagated,1号线,0,normal_info,0,1号线
ZZM_COM_5926df255722,ZZS_e4b35b2f4d,郑州大学,0.35,line_propagated,1号线,0,normal_info,0,1号线
ZZM_COM_5926df255722,ZZS_e67ffc082e,西流湖,0.35,line_propagated,1号线,0,normal_info,0,1号线
ZZM_COM_5926df255722,ZZS_ff2a277828,民航路,0.35,line_propagated,1号线,0,normal_info,0,1号线
ZZM_COM_5926df255722,ZZS_ff6940526d,郑州东站,0.35,line_propagated,1号线,0,normal_info,0,1号线
ZZM_COM_719fd782bed1,ZZS_a14df2d44f,紫荆山,0.9,exact,紫荆山,4,crowd_weather_external,0,
ZZM_COM_7c913fbf266d,ZZS_00f55fa149,碧沙岗,0.35,line_propagated,1号线,0,normal_info,0,1号线
ZZM_COM_7c913fbf266d,ZZS_065e638aef,东风南路,0.35,line_propagated,1号线,0,normal_info,0,1号线
ZZM_COM_7c913fbf266d,ZZS_0660d199a6,农业南路,0.35,line_propagated,1号线,0,normal_info,0,1号线
ZZM_COM_7c913fbf266d,ZZS_0ccbb4888d,二七广场,0.9,exact+line,1号线|二七广场,0,normal_info,0,1号线
ZZM_COM_7c913fbf266d,ZZS_1acdaac4ce,铁炉,0.35,line_propagated,1号线,0,normal_info,0,1号线
ZZM_COM_7c913fbf266d,ZZS_27d32a2e36,五一公园,0.35,line_propagated,1号线,0,normal_info,0,1号线
ZZM_COM_7c913fbf266d,ZZS_3813354d55,绿城广场,0.35,line_propagated,1号线,0,normal_info,0,1号线
ZZM_COM_7c913fbf266d,ZZS_38180914a0,燕庄,0.35,line_propagated,1号线,0,normal_info,0,1号线
ZZM_COM_7c913fbf266d,ZZS_52a5a7940c,兰寨,0.35,line_propagated,1号线,0,normal_info,0,1号线
ZZM_COM_7c913fbf266d,ZZS_5d37b2006d,河南大学新区,0.35,line_propagated,1号线,0,normal_info,0,1号线
ZZM_COM_7c913fbf266d,ZZS_6c89efbe2c,文苑北路,0.35,line_propagated,1号线,0,normal_info,0,1号线
ZZM_COM_7c913fbf266d,ZZS_87213b5129,会展中心,0.35,line_propagated,1号线,0,normal_info,0,1号线
ZZM_COM_7c913fbf266d,ZZS_881a48e5bb,西三环,0.35,line_propagated,1号线,0,normal_info,0,1号线
ZZM_COM_7c913fbf266d,ZZS_89f2ce9b1d,秦岭路,0.35,line_propagated,1号线,0,normal_info,0,1号线
ZZM_COM_7c913fbf266d,ZZS_90196f31d6,郑州火车站,0.35,line_propagated,1号线,0,normal_info,0,1号线
ZZM_COM_7c913fbf266d,ZZS_a14df2d44f,紫荆山,0.35,line_propagated,1号线,0,normal_info,0,1号线
ZZM_COM_7c913fbf266d,ZZS_ae1b2afcad,梧桐街,0.35,line_propagated,1号线,0,normal_info,0,1号线
ZZM_COM_7c913fbf266d,ZZS_aed2ee7bb7,河南工业大学,0.35,line_propagated,1号线,0,normal_info,0,1号线
ZZM_COM_7c913fbf266d,ZZS_b0ac143899,龙子湖,0.35,line_propagated,1号线,0,normal_info,0,1号线
ZZM_COM_7c913fbf266d,ZZS_b37a0bcf35,郑大科技园,0.35,line_propagated,1号线,0,normal_info,0,1号线
ZZM_COM_7c913fbf266d,ZZS_b8d795b006,黄河南路,0.35,line_propagated,1号线,0,normal_info,0,1号线
ZZM_COM_7c913fbf266d,ZZS_bb3c17098a,人民路,0.35,line_propagated,1号线,0,normal_info,0,1号线
ZZM_COM_7c913fbf266d,ZZS_bf7f2bfbd0,博学路,0.35,line_propagated,1号线,0,normal_info,0,1号线
ZZM_COM_7c913fbf266d,ZZS_c9109d3d9f,医学院,0.35,line_propagated,1号线,0,normal_info,0,1号线
ZZM_COM_7c913fbf266d,ZZS_cc61daaced,市体育中心,0.35,line_propagated,1号线,0,normal_info,0,1号线
ZZM_COM_7c913fbf266d,ZZS_d61a964e41,市民中心,0.35,line_propagated,1号线,0,normal_info,0,1号线
ZZM_COM_7c913fbf266d,ZZS_e4b35b2f4d,郑州大学,0.35,line_propagated,1号线,0,normal_info,0,1号线
ZZM_COM_7c913fbf266d,ZZS_e67ffc082e,西流湖,0.35,line_propagated,1号线,0,normal_info,0,1号线
ZZM_COM_7c913fbf266d,ZZS_ff2a277828,民航路,0.35,line_propagated,1号线,0,normal_info,0,1号线
ZZM_COM_7c913fbf266d,ZZS_ff6940526d,郑州东站,0.35,line_propagated,1号线,0,normal_info,0,1号线
ZZM_COM_950dafa8e45c,ZZS_00f55fa149,碧沙岗,0.35,line_propagated,1号线,0,normal_info,3,1号线
ZZM_COM_950dafa8e45c,ZZS_065e638aef,东风南路,0.35,line_propagated,1号线,0,normal_info,3,1号线
ZZM_COM_950dafa8e45c,ZZS_0660d199a6,农业南路,0.35,line_propagated,1号线,0,normal_info,3,1号线
ZZM_COM_950dafa8e45c,ZZS_0ccbb4888d,二七广场,0.35,line_propagated,1号线,0,normal_info,3,1号线
ZZM_COM_950dafa8e45c,ZZS_1acdaac4ce,铁炉,0.35,line_propagated,1号线,0,normal_info,3,1号线
ZZM_COM_950dafa8e45c,ZZS_27d32a2e36,五一公园,0.35,line_propagated,1号线,0,normal_info,3,1号线
ZZM_COM_950dafa8e45c,ZZS_3813354d55,绿城广场,0.35,line_propagated,1号线,0,normal_info,3,1号线
ZZM_COM_950dafa8e45c,ZZS_38180914a0,燕庄,0.35,line_propagated,1号线,0,normal_info,3,1号线
ZZM_COM_950dafa8e45c,ZZS_52a5a7940c,兰寨,0.35,line_propagated,1号线,0,normal_info,3,1号线
ZZM_COM_950dafa8e45c,ZZS_5d37b2006d,河南大学新区,0.35,line_propagated,1号线,0,normal_info,3,1号线
ZZM_COM_950dafa8e45c,ZZS_6c89efbe2c,文苑北路,0.35,line_propagated,1号线,0,normal_info,3,1号线
ZZM_COM_950dafa8e45c,ZZS_87213b5129,会展中心,0.35,line_propagated,1号线,0,normal_info,3,1号线
ZZM_COM_950dafa8e45c,ZZS_881a48e5bb,西三环,0.35,line_propagated,1号线,0,normal_info,3,1号线
ZZM_COM_950dafa8e45c,ZZS_89f2ce9b1d,秦岭路,0.35,line_propagated,1号线,0,normal_info,3,1号线
ZZM_COM_950dafa8e45c,ZZS_90196f31d6,郑州火车站,0.35,line_propagated,1号线,0,normal_info,3,1号线
ZZM_COM_950dafa8e45c,ZZS_a14df2d44f,紫荆山,0.35,line_propagated,1号线,0,normal_info,3,1号线
ZZM_COM_950dafa8e45c,ZZS_ae1b2afcad,梧桐街,0.35,line_propagated,1号线,0,normal_info,3,1号线
ZZM_COM_950dafa8e45c,ZZS_aed2ee7bb7,河南工业大学,0.35,line_propagated,1号线,0,normal_info,3,1号线
ZZM_COM_950dafa8e45c,ZZS_b0ac143899,龙子湖,0.35,line_propagated,1号线,0,normal_info,3,1号线
ZZM_COM_950dafa8e45c,ZZS_b37a0bcf35,郑大科技园,0.35,line_propagated,1号线,0,normal_info,3,1号线
ZZM_COM_950dafa8e45c,ZZS_b8d795b006,黄河南路,0.35,line_propagated,1号线,0,normal_info,3,1号线
ZZM_COM_950dafa8e45c,ZZS_bb3c17098a,人民路,0.35,line_propagated,1号线,0,normal_info,3,1号线
ZZM_COM_950dafa8e45c,ZZS_bf7f2bfbd0,博学路,0.35,line_propagated,1号线,0,normal_info,3,1号线
ZZM_COM_950dafa8e45c,ZZS_c9109d3d9f,医学院,0.35,line_propagated,1号线,0,normal_info,3,1号线
ZZM_COM_950dafa8e45c,ZZS_cc61daaced,市体育中心,0.35,line_propagated,1号线,0,normal_info,3,1号线
ZZM_COM_950dafa8e45c,ZZS_d61a964e41,市民中心,0.35,line_propagated,1号线,0,normal_info,3,1号线
ZZM_COM_950dafa8e45c,ZZS_e4b35b2f4d,郑州大学,0.35,line_propagated,1号线,0,normal_info,3,1号线
ZZM_COM_950dafa8e45c,ZZS_e67ffc082e,西流湖,0.35,line_propagated,1号线,0,normal_info,3,1号线
ZZM_COM_950dafa8e45c,ZZS_ff2a277828,民航路,0.35,line_propagated,1号线,0,normal_info,3,1号线
ZZM_COM_950dafa8e45c,ZZS_ff6940526d,郑州东站,0.35,line_propagated,1号线,0,normal_info,3,1号线
ZZM_COM_9b83c83d6c8d,ZZS_00f55fa149,碧沙岗,0.35,line_propagated,1号线,0,normal_info,0,1号线
ZZM_COM_9b83c83d6c8d,ZZS_065e638aef,东风南路,0.35,line_propagated,1号线,0,normal_info,0,1号线
ZZM_COM_9b83c83d6c8d,ZZS_0660d199a6,农业南路,0.35,line_propagated,1号线,0,normal_info,0,1号线
ZZM_COM_9b83c83d6c8d,ZZS_0ccbb4888d,二七广场,0.35,line_propagated,1号线,0,normal_info,0,1号线
ZZM_COM_9b83c83d6c8d,ZZS_1acdaac4ce,铁炉,0.35,line_propagated,1号线,0,normal_info,0,1号线
ZZM_COM_9b83c83d6c8d,ZZS_27d32a2e36,五一公园,0.35,line_propagated,1号线,0,normal_info,0,1号线
ZZM_COM_9b83c83d6c8d,ZZS_3813354d55,绿城广场,0.35,line_propagated,1号线,0,normal_info,0,1号线
ZZM_COM_9b83c83d6c8d,ZZS_38180914a0,燕庄,0.35,line_propagated,1号线,0,normal_info,0,1号线
ZZM_COM_9b83c83d6c8d,ZZS_52a5a7940c,兰寨,0.35,line_propagated,1号线,0,normal_info,0,1号线
ZZM_COM_9b83c83d6c8d,ZZS_5d37b2006d,河南大学新区,0.35,line_propagated,1号线,0,normal_info,0,1号线
ZZM_COM_9b83c83d6c8d,ZZS_6c89efbe2c,文苑北路,0.35,line_propagated,1号线,0,normal_info,0,1号线
ZZM_COM_9b83c83d6c8d,ZZS_87213b5129,会展中心,0.35,line_propagated,1号线,0,normal_info,0,1号线
ZZM_COM_9b83c83d6c8d,ZZS_881a48e5bb,西三环,0.35,line_propagated,1号线,0,normal_info,0,1号线
ZZM_COM_9b83c83d6c8d,ZZS_89f2ce9b1d,秦岭路,0.35,line_propagated,1号线,0,normal_info,0,1号线
ZZM_COM_9b83c83d6c8d,ZZS_90196f31d6,郑州火车站,0.35,line_propagated,1号线,0,normal_info,0,1号线
ZZM_COM_9b83c83d6c8d,ZZS_a14df2d44f,紫荆山,0.35,line_propagated,1号线,0,normal_info,0,1号线
ZZM_COM_9b83c83d6c8d,ZZS_ae1b2afcad,梧桐街,0.35,line_propagated,1号线,0,normal_info,0,1号线
ZZM_COM_9b83c83d6c8d,ZZS_aed2ee7bb7,河南工业大学,0.35,line_propagated,1号线,0,normal_info,0,1号线
ZZM_COM_9b83c83d6c8d,ZZS_b0ac143899,龙子湖,0.35,line_propagated,1号线,0,normal_info,0,1号线
ZZM_COM_9b83c83d6c8d,ZZS_b37a0bcf35,郑大科技园,0.35,line_propagated,1号线,0,normal_info,0,1号线
ZZM_COM_9b83c83d6c8d,ZZS_b8d795b006,黄河南路,0.35,line_propagated,1号线,0,normal_info,0,1号线
ZZM_COM_9b83c83d6c8d,ZZS_bb3c17098a,人民路,0.35,line_propagated,1号线,0,normal_info,0,1号线
ZZM_COM_9b83c83d6c8d,ZZS_bf7f2bfbd0,博学路,0.35,line_propagated,1号线,0,normal_info,0,1号线
ZZM_COM_9b83c83d6c8d,ZZS_c9109d3d9f,医学院,0.35,line_propagated,1号线,0,normal_info,0,1号线
ZZM_COM_9b83c83d6c8d,ZZS_cc61daaced,市体育中心,0.35,line_propagated,1号线,0,normal_info,0,1号线
ZZM_COM_9b83c83d6c8d,ZZS_d61a964e41,市民中心,0.35,line_propagated,1号线,0,normal_info,0,1号线
ZZM_COM_9b83c83d6c8d,ZZS_e4b35b2f4d,郑州大学,0.35,line_propagated,1号线,0,normal_info,0,1号线
ZZM_COM_9b83c83d6c8d,ZZS_e67ffc082e,西流湖,0.35,line_propagated,1号线,0,normal_info,0,1号线
ZZM_COM_9b83c83d6c8d,ZZS_ff2a277828,民航路,0.35,line_propagated,1号线,0,normal_info,0,1号线
ZZM_COM_9b83c83d6c8d,ZZS_ff6940526d,郑州东站,0.35,line_propagated,1号线,0,normal_info,0,1号线
ZZM_COM_a1ebfd664560,ZZS_001bf66fc1,陇海西路,0.35,line_propagated,5号线,0,normal_info,0,5号线
ZZM_COM_a1ebfd664560,ZZS_1236ed80e3,中央商务区,0.35,line_propagated,5号线,0,normal_info,0,5号线
ZZM_COM_a1ebfd664560,ZZS_1246e07d02,城东南路,0.35,line_propagated,5号线,0,normal_info,0,5号线
ZZM_COM_a1ebfd664560,ZZS_136c32a256,市中心医院,0.35,line_propagated,5号线,0,normal_info,0,5号线
ZZM_COM_a1ebfd664560,ZZS_14efbdcc1b,福塔东,0.35,line_propagated,5号线,0,normal_info,0,5号线
ZZM_COM_a1ebfd664560,ZZS_190cc56901,金水东路,0.35,line_propagated,5号线,0,normal_info,0,5号线
ZZM_COM_a1ebfd664560,ZZS_20262a52f0,南五里堡,0.35,line_propagated,5号线,0,normal_info,0,5号线
ZZM_COM_a1ebfd664560,ZZS_20dcf363fc,康宁街,0.35,line_propagated,5号线,0,normal_info,0,5号线
ZZM_COM_a1ebfd664560,ZZS_27d32a2e36,五一公园,0.35,line_propagated,5号线,0,normal_info,0,5号线
ZZM_COM_a1ebfd664560,ZZS_2db8e2eabe,经北二路,0.35,line_propagated,5号线,0,normal_info,0,5号线
ZZM_COM_a1ebfd664560,ZZS_31a002aa03,海滩寺,0.35,line_propagated,5号线,0,normal_info,0,5号线
ZZM_COM_a1ebfd664560,ZZS_386438745b,祭城,0.35,line_propagated,5号线,0,normal_info,0,5号线
ZZM_COM_a1ebfd664560,ZZS_3ada9c57dc,众意西路,0.35,line_propagated,5号线,0,normal_info,0,5号线
ZZM_COM_a1ebfd664560,ZZS_45679e4fc0,七里河,0.35,line_propagated,5号线,0,normal_info,0,5号线
ZZM_COM_a1ebfd664560,ZZS_4dd2360957,京广南路,0.35,line_propagated,5号线,0,normal_info,0,5号线
ZZM_COM_a1ebfd664560,ZZS_5b6c4f8186,郑州人民医院,0.35,line_propagated,5号线,0,normal_info,0,5号线
ZZM_COM_a1ebfd664560,ZZS_5babce6145,中原福塔,0.35,line_propagated,5号线,0,normal_info,0,5号线
ZZM_COM_a1ebfd664560,ZZS_5dc87121c2,市第二人民医院,0.35,line_propagated,5号线,0,normal_info,0,5号线
ZZM_COM_a1ebfd664560,ZZS_7dd13fd23f,黄河路,0.35,line_propagated,5号线,0,normal_info,0,5号线
ZZM_COM_a1ebfd664560,ZZS_9a26907088,齐礼阎,0.35,line_propagated,5号线,0,normal_info,0,5号线
ZZM_COM_a1ebfd664560,ZZS_9d8185e03c,省人民医院,0.35,line_propagated,5号线,0,normal_info,0,5号线
ZZM_COM_a1ebfd664560,ZZS_a3cc0229f4,省骨科医院,0.35,line_propagated,5号线,0,normal_info,0,5号线
ZZM_COM_a1ebfd664560,ZZS_ae7cc361da,月季公园,0.35,line_propagated,5号线,0,normal_info,0,5号线
ZZM_COM_a1ebfd664560,ZZS_bd17c52fa6,儿童医院,0.35,line_propagated,5号线,0,normal_info,0,5号线
ZZM_COM_a1ebfd664560,ZZS_c720567666,桐淮,0.35,line_propagated,5号线,0,normal_info,0,5号线
ZZM_COM_a1ebfd664560,ZZS_c94675c30b,后河芦,0.35,line_propagated,5号线,0,normal_info,0,5号线
ZZM_COM_a1ebfd664560,ZZS_c995bf7092,经开中心广场,0.35,line_propagated,5号线,0,normal_info,0,5号线
ZZM_COM_a1ebfd664560,ZZS_cb2e15cfa0,姚砦,0.35,line_propagated,5号线,0,normal_info,0,5号线
ZZM_COM_a1ebfd664560,ZZS_deb2edc4a2,沙口路,0.35,line_propagated,5号线,0,normal_info,0,5号线
ZZM_COM_a1ebfd664560,ZZS_f095e9678f,航海广场,0.35,line_propagated,5号线,0,normal_info,0,5号线
ZZM_COM_a1ebfd664560,ZZS_f97030e2b9,冯庄,0.35,line_propagated,5号线,0,normal_info,0,5号线
ZZM_COM_a1ebfd664560,ZZS_ff6940526d,郑州东站,0.35,line_propagated,5号线,0,normal_info,0,5号线
ZZM_COM_a421561e0992,ZZS_00f55fa149,碧沙岗,0.35,line_propagated,1号线,0,normal_info,0,1号线
ZZM_COM_a421561e0992,ZZS_065e638aef,东风南路,0.35,line_propagated,1号线,0,normal_info,0,1号线
ZZM_COM_a421561e0992,ZZS_0660d199a6,农业南路,0.35,line_propagated,1号线,0,normal_info,0,1号线
ZZM_COM_a421561e0992,ZZS_0ccbb4888d,二七广场,0.35,line_propagated,1号线,0,normal_info,0,1号线
ZZM_COM_a421561e0992,ZZS_1acdaac4ce,铁炉,0.35,line_propagated,1号线,0,normal_info,0,1号线
ZZM_COM_a421561e0992,ZZS_27d32a2e36,五一公园,0.35,line_propagated,1号线,0,normal_info,0,1号线
ZZM_COM_a421561e0992,ZZS_3813354d55,绿城广场,0.35,line_propagated,1号线,0,normal_info,0,1号线
ZZM_COM_a421561e0992,ZZS_38180914a0,燕庄,0.35,line_propagated,1号线,0,normal_info,0,1号线
ZZM_COM_a421561e0992,ZZS_52a5a7940c,兰寨,0.35,line_propagated,1号线,0,normal_info,0,1号线
ZZM_COM_a421561e0992,ZZS_5d37b2006d,河南大学新区,0.35,line_propagated,1号线,0,normal_info,0,1号线
ZZM_COM_a421561e0992,ZZS_6c89efbe2c,文苑北路,0.35,line_propagated,1号线,0,normal_info,0,1号线
ZZM_COM_a421561e0992,ZZS_87213b5129,会展中心,0.35,line_propagated,1号线,0,normal_info,0,1号线
ZZM_COM_a421561e0992,ZZS_881a48e5bb,西三环,0.35,line_propagated,1号线,0,normal_info,0,1号线
ZZM_COM_a421561e0992,ZZS_89f2ce9b1d,秦岭路,0.35,line_propagated,1号线,0,normal_info,0,1号线
ZZM_COM_a421561e0992,ZZS_90196f31d6,郑州火车站,0.35,line_propagated,1号线,0,normal_info,0,1号线
ZZM_COM_a421561e0992,ZZS_a14df2d44f,紫荆山,0.35,line_propagated,1号线,0,normal_info,0,1号线
ZZM_COM_a421561e0992,ZZS_ae1b2afcad,梧桐街,0.35,line_propagated,1号线,0,normal_info,0,1号线
ZZM_COM_a421561e0992,ZZS_aed2ee7bb7,河南工业大学,0.35,line_propagated,1号线,0,normal_info,0,1号线
ZZM_COM_a421561e0992,ZZS_b0ac143899,龙子湖,0.35,line_propagated,1号线,0,normal_info,0,1号线
ZZM_COM_a421561e0992,ZZS_b37a0bcf35,郑大科技园,0.35,line_propagated,1号线,0,normal_info,0,1号线
ZZM_COM_a421561e0992,ZZS_b8d795b006,黄河南路,0.35,line_propagated,1号线,0,normal_info,0,1号线
ZZM_COM_a421561e0992,ZZS_bb3c17098a,人民路,0.35,line_propagated,1号线,0,normal_info,0,1号线
ZZM_COM_a421561e0992,ZZS_bf7f2bfbd0,博学路,0.35,line_propagated,1号线,0,normal_info,0,1号线
ZZM_COM_a421561e0992,ZZS_c9109d3d9f,医学院,0.35,line_propagated,1号线,0,normal_info,0,1号线
ZZM_COM_a421561e0992,ZZS_cc61daaced,市体育中心,0.35,line_propagated,1号线,0,normal_info,0,1号线
ZZM_COM_a421561e0992,ZZS_d61a964e41,市民中心,0.35,line_propagated,1号线,0,normal_info,0,1号线
ZZM_COM_a421561e0992,ZZS_e4b35b2f4d,郑州大学,0.35,line_propagated,1号线,0,normal_info,0,1号线
ZZM_COM_a421561e0992,ZZS_e67ffc082e,西流湖,0.35,line_propagated,1号线,0,normal_info,0,1号线
ZZM_COM_a421561e0992,ZZS_ff2a277828,民航路,0.35,line_propagated,1号线,0,normal_info,0,1号线
ZZM_COM_a421561e0992,ZZS_ff6940526d,郑州东站,0.35,line_propagated,1号线,0,normal_info,0,1号线
ZZM_COM_aadae54a9dae,ZZS_00f55fa149,碧沙岗,0.35,line_propagated,1号线,0,normal_info,0,1号线
ZZM_COM_aadae54a9dae,ZZS_065e638aef,东风南路,0.35,line_propagated,1号线,0,normal_info,0,1号线
ZZM_COM_aadae54a9dae,ZZS_0660d199a6,农业南路,0.35,line_propagated,1号线,0,normal_info,0,1号线
ZZM_COM_aadae54a9dae,ZZS_0ccbb4888d,二七广场,0.35,line_propagated,1号线,0,normal_info,0,1号线
ZZM_COM_aadae54a9dae,ZZS_1acdaac4ce,铁炉,0.35,line_propagated,1号线,0,normal_info,0,1号线
ZZM_COM_aadae54a9dae,ZZS_27d32a2e36,五一公园,0.35,line_propagated,1号线,0,normal_info,0,1号线
ZZM_COM_aadae54a9dae,ZZS_3813354d55,绿城广场,0.35,line_propagated,1号线,0,normal_info,0,1号线
ZZM_COM_aadae54a9dae,ZZS_38180914a0,燕庄,0.9,exact+line,1号线|燕庄,0,normal_info,0,1号线
ZZM_COM_aadae54a9dae,ZZS_52a5a7940c,兰寨,0.35,line_propagated,1号线,0,normal_info,0,1号线
ZZM_COM_aadae54a9dae,ZZS_5d37b2006d,河南大学新区,0.35,line_propagated,1号线,0,normal_info,0,1号线
ZZM_COM_aadae54a9dae,ZZS_6c89efbe2c,文苑北路,0.35,line_propagated,1号线,0,normal_info,0,1号线
ZZM_COM_aadae54a9dae,ZZS_87213b5129,会展中心,0.35,line_propagated,1号线,0,normal_info,0,1号线
ZZM_COM_aadae54a9dae,ZZS_881a48e5bb,西三环,0.35,line_propagated,1号线,0,normal_info,0,1号线
ZZM_COM_aadae54a9dae,ZZS_89f2ce9b1d,秦岭路,0.35,line_propagated,1号线,0,normal_info,0,1号线
ZZM_COM_aadae54a9dae,ZZS_90196f31d6,郑州火车站,0.35,line_propagated,1号线,0,normal_info,0,1号线
ZZM_COM_aadae54a9dae,ZZS_a14df2d44f,紫荆山,0.35,line_propagated,1号线,0,normal_info,0,1号线
ZZM_COM_aadae54a9dae,ZZS_ae1b2afcad,梧桐街,0.35,line_propagated,1号线,0,normal_info,0,1号线
ZZM_COM_aadae54a9dae,ZZS_aed2ee7bb7,河南工业大学,0.35,line_propagated,1号线,0,normal_info,0,1号线
ZZM_COM_aadae54a9dae,ZZS_b0ac143899,龙子湖,0.35,line_propagated,1号线,0,normal_info,0,1号线
ZZM_COM_aadae54a9dae,ZZS_b37a0bcf35,郑大科技园,0.35,line_propagated,1号线,0,normal_info,0,1号线
ZZM_COM_aadae54a9dae,ZZS_b8d795b006,黄河南路,0.35,line_propagated,1号线,0,normal_info,0,1号线
ZZM_COM_aadae54a9dae,ZZS_bb3c17098a,人民路,0.35,line_propagated,1号线,0,normal_info,0,1号线
ZZM_COM_aadae54a9dae,ZZS_bf7f2bfbd0,博学路,0.35,line_propagated,1号线,0,normal_info,0,1号线
ZZM_COM_aadae54a9dae,ZZS_c9109d3d9f,医学院,0.35,line_propagated,1号线,0,normal_info,0,1号线
ZZM_COM_aadae54a9dae,ZZS_cc61daaced,市体育中心,0.35,line_propagated,1号线,0,normal_info,0,1号线
ZZM_COM_aadae54a9dae,ZZS_d61a964e41,市民中心,0.35,line_propagated,1号线,0,normal_info,0,1号线
ZZM_COM_aadae54a9dae,ZZS_e4b35b2f4d,郑州大学,0.35,line_propagated,1号线,0,normal_info,0,1号线
ZZM_COM_aadae54a9dae,ZZS_e67ffc082e,西流湖,0.35,line_propagated,1号线,0,normal_info,0,1号线
ZZM_COM_aadae54a9dae,ZZS_ff2a277828,民航路,0.35,line_propagated,1号线,0,normal_info,0,1号线
ZZM_COM_aadae54a9dae,ZZS_ff6940526d,郑州东站,0.35,line_propagated,1号线,0,normal_info,0,1号线
ZZM_COM_b14412309d9d,ZZS_00f55fa149,碧沙岗,0.35,line_propagated,1号线,0,normal_info,0,1号线
ZZM_COM_b14412309d9d,ZZS_065e638aef,东风南路,0.35,line_propagated,1号线,0,normal_info,0,1号线
ZZM_COM_b14412309d9d,ZZS_0660d199a6,农业南路,0.35,line_propagated,1号线,0,normal_info,0,1号线
ZZM_COM_b14412309d9d,ZZS_0ccbb4888d,二七广场,0.35,line_propagated,1号线,0,normal_info,0,1号线
ZZM_COM_b14412309d9d,ZZS_1acdaac4ce,铁炉,0.35,line_propagated,1号线,0,normal_info,0,1号线
ZZM_COM_b14412309d9d,ZZS_27d32a2e36,五一公园,0.35,line_propagated,1号线,0,normal_info,0,1号线
ZZM_COM_b14412309d9d,ZZS_3813354d55,绿城广场,0.35,line_propagated,1号线,0,normal_info,0,1号线
ZZM_COM_b14412309d9d,ZZS_38180914a0,燕庄,0.35,line_propagated,1号线,0,normal_info,0,1号线
ZZM_COM_b14412309d9d,ZZS_52a5a7940c,兰寨,0.35,line_propagated,1号线,0,normal_info,0,1号线
ZZM_COM_b14412309d9d,ZZS_5d37b2006d,河南大学新区,0.35,line_propagated,1号线,0,normal_info,0,1号线
ZZM_COM_b14412309d9d,ZZS_6c89efbe2c,文苑北路,0.35,line_propagated,1号线,0,normal_info,0,1号线
ZZM_COM_b14412309d9d,ZZS_87213b5129,会展中心,0.35,line_propagated,1号线,0,normal_info,0,1号线
ZZM_COM_b14412309d9d,ZZS_881a48e5bb,西三环,0.35,line_propagated,1号线,0,normal_info,0,1号线
ZZM_COM_b14412309d9d,ZZS_89f2ce9b1d,秦岭路,0.35,line_propagated,1号线,0,normal_info,0,1号线
ZZM_COM_b14412309d9d,ZZS_90196f31d6,郑州火车站,0.35,line_propagated,1号线,0,normal_info,0,1号线
ZZM_COM_b14412309d9d,ZZS_a14df2d44f,紫荆山,0.35,line_propagated,1号线,0,normal_info,0,1号线
ZZM_COM_b14412309d9d,ZZS_ae1b2afcad,梧桐街,0.35,line_propagated,1号线,0,normal_info,0,1号线
ZZM_COM_b14412309d9d,ZZS_aed2ee7bb7,河南工业大学,0.35,line_propagated,1号线,0,normal_info,0,1号线
ZZM_COM_b14412309d9d,ZZS_b0ac143899,龙子湖,0.35,line_propagated,1号线,0,normal_info,0,1号线
ZZM_COM_b14412309d9d,ZZS_b37a0bcf35,郑大科技园,0.35,line_propagated,1号线,0,normal_info,0,1号线
ZZM_COM_b14412309d9d,ZZS_b8d795b006,黄河南路,0.35,line_propagated,1号线,0,normal_info,0,1号线
ZZM_COM_b14412309d9d,ZZS_bb3c17098a,人民路,0.35,line_propagated,1号线,0,normal_info,0,1号线
ZZM_COM_b14412309d9d,ZZS_bf7f2bfbd0,博学路,0.35,line_propagated,1号线,0,normal_info,0,1号线
ZZM_COM_b14412309d9d,ZZS_c9109d3d9f,医学院,0.35,line_propagated,1号线,0,normal_info,0,1号线
ZZM_COM_b14412309d9d,ZZS_cc61daaced,市体育中心,0.35,line_propagated,1号线,0,normal_info,0,1号线
ZZM_COM_b14412309d9d,ZZS_d61a964e41,市民中心,0.35,line_propagated,1号线,0,normal_info,0,1号线
ZZM_COM_b14412309d9d,ZZS_e4b35b2f4d,郑州大学,0.35,line_propagated,1号线,0,normal_info,0,1号线
ZZM_COM_b14412309d9d,ZZS_e67ffc082e,西流湖,0.35,line_propagated,1号线,0,normal_info,0,1号线
ZZM_COM_b14412309d9d,ZZS_ff2a277828,民航路,0.35,line_propagated,1号线,0,normal_info,0,1号线
ZZM_COM_b14412309d9d,ZZS_ff6940526d,郑州东站,0.35,line_propagated,1号线,0,normal_info,0,1号线
ZZM_COM_d0539bec4223,ZZS_00f55fa149,碧沙岗,0.35,line_propagated,1号线,0,normal_info,3,1号线
ZZM_COM_d0539bec4223,ZZS_065e638aef,东风南路,0.35,line_propagated,1号线,0,normal_info,3,1号线
ZZM_COM_d0539bec4223,ZZS_0660d199a6,农业南路,0.35,line_propagated,1号线,0,normal_info,3,1号线
ZZM_COM_d0539bec4223,ZZS_0ccbb4888d,二七广场,0.35,line_propagated,1号线,0,normal_info,3,1号线
ZZM_COM_d0539bec4223,ZZS_1acdaac4ce,铁炉,0.35,line_propagated,1号线,0,normal_info,3,1号线
ZZM_COM_d0539bec4223,ZZS_27d32a2e36,五一公园,0.35,line_propagated,1号线,0,normal_info,3,1号线
ZZM_COM_d0539bec4223,ZZS_3813354d55,绿城广场,0.35,line_propagated,1号线,0,normal_info,3,1号线
ZZM_COM_d0539bec4223,ZZS_38180914a0,燕庄,0.35,line_propagated,1号线,0,normal_info,3,1号线
ZZM_COM_d0539bec4223,ZZS_52a5a7940c,兰寨,0.35,line_propagated,1号线,0,normal_info,3,1号线
ZZM_COM_d0539bec4223,ZZS_5d37b2006d,河南大学新区,0.35,line_propagated,1号线,0,normal_info,3,1号线
ZZM_COM_d0539bec4223,ZZS_6c89efbe2c,文苑北路,0.35,line_propagated,1号线,0,normal_info,3,1号线
ZZM_COM_d0539bec4223,ZZS_87213b5129,会展中心,0.35,line_propagated,1号线,0,normal_info,3,1号线
ZZM_COM_d0539bec4223,ZZS_881a48e5bb,西三环,0.35,line_propagated,1号线,0,normal_info,3,1号线
ZZM_COM_d0539bec4223,ZZS_89f2ce9b1d,秦岭路,0.35,line_propagated,1号线,0,normal_info,3,1号线
ZZM_COM_d0539bec4223,ZZS_90196f31d6,郑州火车站,0.35,line_propagated,1号线,0,normal_info,3,1号线
ZZM_COM_d0539bec4223,ZZS_a14df2d44f,紫荆山,0.35,line_propagated,1号线,0,normal_info,3,1号线
ZZM_COM_d0539bec4223,ZZS_ae1b2afcad,梧桐街,0.35,line_propagated,1号线,0,normal_info,3,1号线
ZZM_COM_d0539bec4223,ZZS_aed2ee7bb7,河南工业大学,0.35,line_propagated,1号线,0,normal_info,3,1号线
ZZM_COM_d0539bec4223,ZZS_b0ac143899,龙子湖,0.35,line_propagated,1号线,0,normal_info,3,1号线
ZZM_COM_d0539bec4223,ZZS_b37a0bcf35,郑大科技园,0.35,line_propagated,1号线,0,normal_info,3,1号线
ZZM_COM_d0539bec4223,ZZS_b8d795b006,黄河南路,0.35,line_propagated,1号线,0,normal_info,3,1号线
ZZM_COM_d0539bec4223,ZZS_bb3c17098a,人民路,0.35,line_propagated,1号线,0,normal_info,3,1号线
ZZM_COM_d0539bec4223,ZZS_bf7f2bfbd0,博学路,0.35,line_propagated,1号线,0,normal_info,3,1号线
ZZM_COM_d0539bec4223,ZZS_c9109d3d9f,医学院,0.35,line_propagated,1号线,0,normal_info,3,1号线
ZZM_COM_d0539bec4223,ZZS_cc61daaced,市体育中心,0.35,line_propagated,1号线,0,normal_info,3,1号线
ZZM_COM_d0539bec4223,ZZS_d61a964e41,市民中心,0.35,line_propagated,1号线,0,normal_info,3,1号线
ZZM_COM_d0539bec4223,ZZS_e4b35b2f4d,郑州大学,0.35,line_propagated,1号线,0,normal_info,3,1号线
ZZM_COM_d0539bec4223,ZZS_e67ffc082e,西流湖,0.35,line_propagated,1号线,0,normal_info,3,1号线
ZZM_COM_d0539bec4223,ZZS_ff2a277828,民航路,0.35,line_propagated,1号线,0,normal_info,3,1号线
ZZM_COM_d0539bec4223,ZZS_ff6940526d,郑州东站,0.35,line_propagated,1号线,0,normal_info,3,1号线
ZZM_COM_df3faf705bfa,ZZS_001bf66fc1,陇海西路,0.35,line_propagated,5号线,0,normal_info,0,4号线|5号线
ZZM_COM_df3faf705bfa,ZZS_047175b6e2,老鸦陈,0.35,line_propagated,4号线,0,normal_info,0,4号线|5号线
ZZM_COM_df3faf705bfa,ZZS_06c5d1c11c,商鼎路,0.35,line_propagated,4号线,0,normal_info,0,4号线|5号线
ZZM_COM_df3faf705bfa,ZZS_1236ed80e3,中央商务区,0.35,line_propagated,4号线|5号线,0,normal_info,0,4号线|5号线
ZZM_COM_df3faf705bfa,ZZS_1246e07d02,城东南路,0.35,line_propagated,5号线,0,normal_info,0,4号线|5号线
ZZM_COM_df3faf705bfa,ZZS_136c32a256,市中心医院,0.35,line_propagated,5号线,0,normal_info,0,4号线|5号线
ZZM_COM_df3faf705bfa,ZZS_14efbdcc1b,福塔东,0.35,line_propagated,5号线,0,normal_info,0,4号线|5号线
ZZM_COM_df3faf705bfa,ZZS_184971fb41,郎庄,0.35,line_propagated,4号线,0,normal_info,0,4号线|5号线
ZZM_COM_df3faf705bfa,ZZS_190cc56901,金水东路,0.35,line_propagated,5号线,0,normal_info,0,4号线|5号线
ZZM_COM_df3faf705bfa,ZZS_1acd4fa835,金岱,0.35,line_propagated,4号线,0,normal_info,0,4号线|5号线
ZZM_COM_df3faf705bfa,ZZS_1e911360df,姚庄,0.35,line_propagated,4号线,0,normal_info,0,4号线|5号线
ZZM_COM_df3faf705bfa,ZZS_20262a52f0,南五里堡,0.35,line_propagated,5号线,0,normal_info,0,4号线|5号线
ZZM_COM_df3faf705bfa,ZZS_20dcf363fc,康宁街,0.35,line_propagated,5号线,0,normal_info,0,4号线|5号线
ZZM_COM_df3faf705bfa,ZZS_25a4eab92b,龙湖南,0.35,line_propagated,4号线,0,normal_info,0,4号线|5号线
ZZM_COM_df3faf705bfa,ZZS_27d32a2e36,五一公园,0.35,line_propagated,5号线,0,normal_info,0,4号线|5号线
ZZM_COM_df3faf705bfa,ZZS_28ee7061d7,东十里铺,0.35,line_propagated,4号线,0,normal_info,0,4号线|5号线
ZZM_COM_df3faf705bfa,ZZS_2db8e2eabe,经北二路,0.35,line_propagated,5号线,0,normal_info,0,4号线|5号线
ZZM_COM_df3faf705bfa,ZZS_31a002aa03,海滩寺,0.35,line_propagated,5号线,0,normal_info,0,4号线|5号线
ZZM_COM_df3faf705bfa,ZZS_3546d6d127,丰庆路,0.35,line_propagated,4号线,0,normal_info,0,4号线|5号线
ZZM_COM_df3faf705bfa,ZZS_386438745b,祭城,0.35,line_propagated,5号线,0,normal_info,0,4号线|5号线
ZZM_COM_df3faf705bfa,ZZS_3ada9c57dc,众意西路,0.35,line_propagated,5号线,0,normal_info,0,4号线|5号线
ZZM_COM_df3faf705bfa,ZZS_45679e4fc0,七里河,0.35,line_propagated,4号线|5号线,0,normal_info,0,4号线|5号线
ZZM_COM_df3faf705bfa,ZZS_4dd2360957,京广南路,0.35,line_propagated,5号线,0,normal_info,0,4号线|5号线
ZZM_COM_df3faf705bfa,ZZS_542d10f6f0,金融岛北,0.35,line_propagated,4号线,0,normal_info,0,4号线|5号线
ZZM_COM_df3faf705bfa,ZZS_548bc6fa98,陈寨东,0.35,line_propagated,4号线,0,normal_info,0,4号线|5号线
ZZM_COM_df3faf705bfa,ZZS_55f9aea406,森林公园北,0.35,line_propagated,4号线,0,normal_info,0,4号线|5号线
ZZM_COM_df3faf705bfa,ZZS_5b6c4f8186,郑州人民医院,0.35,line_propagated,5号线,0,normal_info,0,4号线|5号线
ZZM_COM_df3faf705bfa,ZZS_5babce6145,中原福塔,0.35,line_propagated,5号线,0,normal_info,0,4号线|5号线
ZZM_COM_df3faf705bfa,ZZS_5dc87121c2,市第二人民医院,0.35,line_propagated,5号线,0,normal_info,0,4号线|5号线
ZZM_COM_df3faf705bfa,ZZS_6605be2a4e,省体育中心,0.35,line_propagated,4号线,0,normal_info,0,4号线|5号线
ZZM_COM_df3faf705bfa,ZZS_6a9a14f197,北二十里铺,0.35,line_propagated,4号线,0,normal_info,0,4号线|5号线
ZZM_COM_df3faf705bfa,ZZS_7dd13fd23f,黄河路,0.35,line_propagated,5号线,0,normal_info,0,4号线|5号线
ZZM_COM_df3faf705bfa,ZZS_87213b5129,会展中心,0.35,line_propagated,4号线,0,normal_info,0,4号线|5号线
ZZM_COM_df3faf705bfa,ZZS_90c4ce1eb7,沙门,0.35,line_propagated,4号线,0,normal_info,0,4号线|5号线
ZZM_COM_df3faf705bfa,ZZS_90de6fab35,货站街,0.35,line_propagated,4号线,0,normal_info,0,4号线|5号线
ZZM_COM_df3faf705bfa,ZZS_93f56b73b3,果树所,0.35,line_propagated,4号线,0,normal_info,0,4号线|5号线
ZZM_COM_df3faf705bfa,ZZS_95fb90b688,杨君刘,0.35,line_propagated,4号线,0,normal_info,0,4号线|5号线
ZZM_COM_df3faf705bfa,ZZS_9965eccc39,龙湖中环北,0.35,line_propagated,4号线,0,normal_info,0,4号线|5号线
ZZM_COM_df3faf705bfa,ZZS_9a26907088,齐礼阎,0.35,line_propagated,5号线,0,normal_info,0,4号线|5号线
ZZM_COM_df3faf705bfa,ZZS_9d8185e03c,省人民医院,0.35,line_propagated,5号线,0,normal_info,0,4号线|5号线
ZZM_COM_df3faf705bfa,ZZS_a3cc0229f4,省骨科医院,0.35,line_propagated,5号线,0,normal_info,0,4号线|5号线
ZZM_COM_df3faf705bfa,ZZS_aa3686fb6d,金融岛南,0.35,line_propagated,4号线,0,normal_info,0,4号线|5号线
ZZM_COM_df3faf705bfa,ZZS_ae7cc361da,月季公园,0.35,line_propagated,5号线,0,normal_info,0,4号线|5号线
ZZM_COM_df3faf705bfa,ZZS_bd17c52fa6,儿童医院,0.35,line_propagated,5号线,0,normal_info,0,4号线|5号线
ZZM_COM_df3faf705bfa,ZZS_c720567666,桐淮,0.35,line_propagated,5号线,0,normal_info,0,4号线|5号线
ZZM_COM_df3faf705bfa,ZZS_c94675c30b,后河芦,0.35,line_propagated,5号线,0,normal_info,0,4号线|5号线
ZZM_COM_df3faf705bfa,ZZS_c995bf7092,经开中心广场,0.35,line_propagated,5号线,0,normal_info,0,4号线|5号线
ZZM_COM_df3faf705bfa,ZZS_cb2e15cfa0,姚砦,0.35,line_propagated,5号线,0,normal_info,0,4号线|5号线
ZZM_COM_df3faf705bfa,ZZS_ccf9ac5267,清华附中,0.35,line_propagated,4号线,0,normal_info,0,4号线|5号线
ZZM_COM_df3faf705bfa,ZZS_d86c49fbed,农业东路,0.35,line_propagated,4号线,0,normal_info,0,4号线|5号线
ZZM_COM_df3faf705bfa,ZZS_dbb2385d18,龙湖北,0.35,line_propagated,4号线,0,normal_info,0,4号线|5号线
ZZM_COM_df3faf705bfa,ZZS_deb2edc4a2,沙口路,0.35,line_propagated,5号线,0,normal_info,0,4号线|5号线
ZZM_COM_df3faf705bfa,ZZS_eca427650a,张家村,0.35,line_propagated,4号线,0,normal_info,0,4号线|5号线
ZZM_COM_df3faf705bfa,ZZS_eda0ec6e78,龙湖中环南,0.35,line_propagated,4号线,0,normal_info,0,4号线|5号线
ZZM_COM_df3faf705bfa,ZZS_f095e9678f,航海广场,0.35,line_propagated,5号线,0,normal_info,0,4号线|5号线
ZZM_COM_df3faf705bfa,ZZS_f97030e2b9,冯庄,0.35,line_propagated,5号线,0,normal_info,0,4号线|5号线
ZZM_COM_df3faf705bfa,ZZS_ff6940526d,郑州东站,0.35,line_propagated,5号线,0,normal_info,0,4号线|5号线
ZZM_COM_ebb1dd160bf2,ZZS_02cf3e4cf5,南三环,0.35,line_propagated,2号线,0,normal_info,0,2号线
ZZM_COM_ebb1dd160bf2,ZZS_1a5721a427,毛庄,0.35,line_propagated,2号线,0,normal_info,0,2号线
ZZM_COM_ebb1dd160bf2,ZZS_20262a52f0,南五里堡,0.35,line_propagated,2号线,0,normal_info,0,2号线
ZZM_COM_ebb1dd160bf2,ZZS_2bd57be00d,关虎屯,0.35,line_propagated,2号线,0,normal_info,0,2号线
ZZM_COM_ebb1dd160bf2,ZZS_43a808507b,金洼,0.35,line_propagated,2号线,0,normal_info,0,2号线
ZZM_COM_ebb1dd160bf2,ZZS_4d258fdd50,金达路,0.35,line_propagated,2号线,0,normal_info,0,2号线
ZZM_COM_ebb1dd160bf2,ZZS_51e572c7c3,东大街,0.35,line_propagated,2号线,0,normal_info,0,2号线
ZZM_COM_ebb1dd160bf2,ZZS_54adf32b6c,南四环,0.35,line_propagated,2号线,0,normal_info,0,2号线
ZZM_COM_ebb1dd160bf2,ZZS_6b600b7696,刘庄,0.35,line_propagated,2号线,0,normal_info,0,2号线
ZZM_COM_ebb1dd160bf2,ZZS_72de4f5f66,惠济区政府,0.35,line_propagated,2号线,0,normal_info,0,2号线
ZZM_COM_ebb1dd160bf2,ZZS_7dd13fd23f,黄河路,0.35,line_propagated,2号线,0,normal_info,0,2号线
ZZM_COM_ebb1dd160bf2,ZZS_90c4ce1eb7,沙门,0.35,line_propagated,2号线,0,normal_info,0,2号线
ZZM_COM_ebb1dd160bf2,ZZS_93b9249040,二里岗,0.35,line_propagated,2号线,0,normal_info,0,2号线
ZZM_COM_ebb1dd160bf2,ZZS_9660c27c11,站马屯,0.35,line_propagated,2号线,0,normal_info,0,2号线
ZZM_COM_ebb1dd160bf2,ZZS_9f383e1427,花寨,0.35,line_propagated,2号线,0,normal_info,0,2号线
ZZM_COM_ebb1dd160bf2,ZZS_a14df2d44f,紫荆山,0.35,line_propagated,2号线,0,normal_info,0,2号线
ZZM_COM_ebb1dd160bf2,ZZS_a7b91da4c7,陇海东路,0.35,line_propagated,2号线,0,normal_info,0,2号线
ZZM_COM_ebb1dd160bf2,ZZS_abc078ccd5,黄河迎宾馆,0.35,line_propagated,2号线,0,normal_info,0,2号线
ZZM_COM_ebb1dd160bf2,ZZS_bdc2a71da9,柳林,0.35,line_propagated,2号线,0,normal_info,0,2号线
ZZM_COM_ebb1dd160bf2,ZZS_c180efc575,贾河,0.35,line_propagated,2号线,0,normal_info,0,2号线
ZZM_COM_ebb1dd160bf2,ZZS_ff256e6634,北三环,0.35,line_propagated,2号线,0,normal_info,0,2号线
ZZM_COM_ebb1dd160bf2,ZZS_ff491e6fdf,东风路,0.35,line_propagated,2号线,0,normal_info,0,2号线
